phase,video_time_s,valid,suit_time_s,non_suit_time_s,reference_left_wrist_x,reference_left_wrist_y,suit_left_wrist_x,suit_left_wrist_y,non_suit_left_wrist_x,non_suit_left_wrist_y,frontal_assumption_suit_left_wrist_x,frontal_assumption_suit_left_wrist_y,frontal_assumption_non_suit_left_wrist_x,frontal_assumption_non_suit_left_wrist_y,suit_left_wrist_error,non_suit_left_wrist_error,reference_right_wrist_x,reference_right_wrist_y,suit_right_wrist_x,suit_right_wrist_y,non_suit_right_wrist_x,non_suit_right_wrist_y,frontal_assumption_suit_right_wrist_x,frontal_assumption_suit_right_wrist_y,frontal_assumption_non_suit_right_wrist_x,frontal_assumption_non_suit_right_wrist_y,suit_right_wrist_error,non_suit_right_wrist_error,reference_left_elbow_x,reference_left_elbow_y,suit_left_elbow_x,suit_left_elbow_y,non_suit_left_elbow_x,non_suit_left_elbow_y,frontal_assumption_suit_left_elbow_x,frontal_assumption_suit_left_elbow_y,frontal_assumption_non_suit_left_elbow_x,frontal_assumption_non_suit_left_elbow_y,suit_left_elbow_error,non_suit_left_elbow_error,reference_right_elbow_x,reference_right_elbow_y,suit_right_elbow_x,suit_right_elbow_y,non_suit_right_elbow_x,non_suit_right_elbow_y,frontal_assumption_suit_right_elbow_x,frontal_assumption_suit_right_elbow_y,frontal_assumption_non_suit_right_elbow_x,frontal_assumption_non_suit_right_elbow_y,suit_right_elbow_error,non_suit_right_elbow_error,reference_left_elbow_angle,suit_left_elbow_angle,non_suit_left_elbow_angle,reference_right_elbow_angle,suit_right_elbow_angle,non_suit_right_elbow_angle
0.0,0.63,1,0.45,0.2,0.612426788195932,1.5990781508160037,0.43306882661273505,1.626435234484333,0.836298084914801,1.6421003007249255,0.6138688754121976,1.2925976986871819,0.9363775180213021,1.8124130002445376,0.1814323246009804,0.22796767945779858,-0.7351551382481367,1.5308716094127026,-0.9485338161260062,1.6333388366687225,-0.5495403422926727,0.9221042130902286,-0.6703215929599049,1.3475905784992324,-0.5192876612669627,1.37644783142441,0.23670655427014353,0.6364358532506106,0.6749353350550075,0.8075938654886843,0.6080458467483177,0.7896477514954215,0.6671484619204462,0.8962239556706976,0.610201269155405,0.6140855330445633,0.7374698236365943,0.9862917850007604,0.06925508395338181,0.0889715026223878,-0.7296878098294584,0.7546498142730942,-0.7104861981209609,0.7989641100304888,-0.68267406523159,0.8701210313346723,-0.610398412698888,0.6687018519851451,-0.710152029283876,0.9990564049783693,0.048295534997324044,0.12467515450479975,163.91485988237645,162.9673380219058,179.99994694224378,164.43464609716622,176.63031534029548,97.3747056505315
0.01,0.6775,1,0.47400000000000003,0.2235,0.61519640312286,1.5319560618572503,0.4029277129554154,1.6080855775623166,0.8344281302090567,1.6323857118062612,0.5993282701753602,1.2787113725192771,0.9362677391184401,1.8162892715464263,0.2255076495085932,0.24114034243584695,-0.7518112540714208,1.4978796032902069,-0.9666786289775773,1.6290115139874422,-0.5502695660548289,0.910373576921484,-0.6770842358216745,1.3446204662970844,-0.5196019485376527,1.3685256268852672,0.25172120848702934,0.6211138245347174,0.6864684146051616,0.7790905734895023,0.6147775804184447,0.7837594541848196,0.6661185044920306,0.890834704493376,0.6167651517824988,0.6090949569314597,0.7374165353659786,0.9884396232726369,0.07184270424569535,0.11358199529601247,-0.7345030269276007,0.736519309496035,-0.7137985638030826,0.8027873666360208,-0.694815349540972,0.8631344574629551,-0.6127362215577674,0.6718921016044985,-0.7225698622387936,0.9969024160257497,0.0694271574413281,0.13268951515108576,161.79322956033928,159.90382895128778,179.99994163034864,164.5983513801686,175.75176811103694,93.27984655583379
0.02,0.725,1,0.498,0.247,0.6201627780678729,1.4624375210821263,0.36692709814935126,1.5853109672027381,0.8285799638547299,1.623315695819554,0.5853987782657986,1.2613894228301494,0.9318868148517808,1.8208576864951027,0.2814714787422535,0.26328598602690495,-0.7645990191315833,1.4524652688735475,-0.9881287866253029,1.6209287482800805,-0.5498083380058157,0.8935244166038746,-0.6863694037835747,1.3387347023679652,-0.5186479145501051,1.355639213733576,0.2799026631698092,0.5987903748678828,0.699077409503661,0.7430708420626899,0.6206947335644812,0.7792538594517344,0.6629208891395102,0.8858042661770109,0.6245387897906045,0.6052223054485549,0.7350387785292526,0.9909911669538509,0.08633107571878375,0.14724172073241296,-0.7421984994149639,0.711964395182116,-0.7218837981215632,0.8034985127017276,-0.7072371605115617,0.855565727813117,-0.6193466098203652,0.6727427321837024,-0.7352548258668183,0.9944345418712562,0.09376130203199058,0.14779593347354977,159.39484134650306,156.4402257363467,179.99993598974788,163.91752083761872,175.28617124595198,87.83899482260924
0.03,0.7725,1,0.522,0.2705,0.619929873445718,1.4136027716672606,0.32131429002884637,1.5536293111482933,0.8133545843287445,1.6157650303153173,0.5724587329495268,1.2371033436960335,0.9174381907990282,1.827057582896921,0.3298161585162738,0.27979045302130334,-0.7775991898116811,1.3828796515336952,-1.0122635685804138,1.6055029813557256,-0.5465410449733321,0.864610163649656,-0.698403594829969,1.3270301119329038,-0.51470426616814,1.3310514517094498,0.3234633173081049,0.5674426212118047,0.7050578038801355,0.7179431418552901,0.6237086105185179,0.7782951945036833,0.6546137943944577,0.8816196010329029,0.6329835271764142,0.6042683145552025,0.727181917215267,0.9944943019570782,0.10129196177121008,0.17127341119365821,-0.7490744825821681,0.6829153660806545,-0.7362143810975676,0.7977406687119352,-0.7203202128978562,0.846624773829137,-0.6327335448494005,0.6686156975672704,-0.7485694546528818,0.9912267954552035,0.11554320548850724,0.16621545719468164,157.6287237405831,152.4116421367032,179.99992961673163,163.10872672268684,175.4774447908737,79.21805364039771
0.04,0.8200000000000001,1,0.546,0.294,0.6184465633038015,1.3311165384297945,0.2721388637251729,1.5140023080964986,0.7884409966254737,1.6102137477897929,0.5613318047277674,1.2064743180135251,0.8924640998818382,1.8344978533927314,0.3916327712717929,0.32679253301275907,-0.785036418636477,1.3113872534550368,-1.0401475295121334,1.5839766877860597,-0.5349281653421526,0.8067499452313741,-0.7135198780763474,1.3105376163918927,-0.5021017212045182,1.276663066335849,0.37334525388856693,0.5632166112759476,0.7086785877675698,0.6871739340154815,0.6243226905731277,0.7787187753890505,0.641032810910861,0.8785072434724798,0.6415857984451836,0.6044831061375895,0.713595091676059,0.9986552434356838,0.12448443827881131,0.20293936639872287,-0.7543262996042688,0.6490083146857478,-0.7545971384207687,0.7878617246903286,-0.73180203740189,0.8364596314505637,-0.6508801261479094,0.6613251250793608,-0.7600007997512648,0.9879539892187328,0.13885367414499597,0.18879973131502292,155.4780590240555,148.0912930971286,179.99992287158014,161.83292552579948,175.9452873029631,63.8172966173883
0.05,0.8675,1,0.5700000000000001,0.3175,0.6231909800852089,1.2360754496976971,0.2212507142375178,1.4664150235968454,0.7569532676590447,1.6060191894283962,0.5525203690076927,1.1694399819265076,0.8603477278780652,1.8427798063094654,0.4632626648174379,0.3933836805752378,-0.7843034137155441,1.2500831842678253,-1.07191976184887,1.5562079783634029,-0.5176522090904299,0.7292478216767643,-0.7313635879981922,1.2891415301279538,-0.48362349641762997,1.2020528294036772,0.4200423231932829,0.5851259179470574,0.7126159217887622,0.6463063966160073,0.6225266188040933,0.7797751768544565,0.6238731172118238,0.8761225232009866,0.6502416684907445,0.6052642712273257,0.6961200761268788,1.0032625535940114,0.16102794108664162,0.24635490131658414,-0.7537362730688686,0.6197117781914091,-0.7763665815278709,0.7745009633011494,-0.7421973144143899,0.82546378980423,-0.6730880379334683,0.6513614043238719,-0.7701542023472933,0.9846370352469781,0.15643472340847803,0.20607532081632712,153.4532254313217,143.5109302375041,179.9999157961007,160.89732515284314,176.5731828108581,48.33009925130422
0.06,0.915,1,0.594,0.34099999999999997,0.6252859043026348,1.1107431043190295,0.1746593477375124,1.4090578826012794,0.7204947458697079,1.6014619353051724,0.5485059423557371,1.1243673289138525,0.822788050795171,1.8500800866386522,0.5404220576765232,0.49986967761302625,-0.7826831045448418,1.2117071899050942,-1.1083550725738425,1.5198750383282893,-0.4842409629084342,0.568753305938453,-0.7504061918076688,1.2609689845690049,-0.4506694909548627,1.0284710578059018,0.4483633053246706,0.7088423017937874,0.7160461195050501,0.6078290057248624,0.6176360230229864,0.7788759777825051,0.6040001493313674,0.8733691032467998,0.6586943920553002,0.6045451837552938,0.6756820151614377,1.0072276624341765,0.19733629605244213,0.28821145505361484,-0.7593573124621873,0.5985770791789257,-0.7998041406595865,0.7591518424867847,-0.7471550271386771,0.8103003903565367,-0.6974901420131697,0.6398632068767188,-0.7738789354276523,0.9813187831183592,0.16559046024033172,0.2120746478557205,150.42316736504813,139.03269111300844,179.99996579573494,159.0043072772191,176.9954184650973,28.301313047273613
0.07,0.9625,1,0.618,0.3645,0.6273906410121232,1.0204619270992576,0.1354777057616519,1.34761695919989,0.6864737026507605,1.5956051281564307,0.5473526180076114,1.075790660528454,0.7878956948265396,1.8564423215560202,0.5907696259080185,0.5781699662684727,-0.7726938529922392,1.0974403188549238,-1.1465949892192295,1.4751711048973377,-0.4513466827320474,0.39535420197788435,-0.7670998543773587,1.2260618494116695,-0.41967751258178954,0.8329101801273083,0.5314909278586553,0.772132708377072,0.7263243386328293,0.6016980756692136,0.6133347057138158,0.7757305920801123,0.5854493314134914,0.8698847041185385,0.6675557273420786,0.601996485969381,0.6566945926352143,1.0106854493634592,0.20749451538651123,0.3029353649511141,-0.7612958701949372,0.5732891463459385,-0.8224355354645634,0.7439850298131764,-0.7505626254226537,0.7922795857978292,-0.7205787589672941,0.6284757515770873,-0.7756810207623247,0.977031456166694,0.18131503881902017,0.2192533126652228,146.21595311670964,134.51854234680545,179.99998926823167,156.91745582209666,176.9395064760458,17.248430732616544
0.08,1.01,1,0.642,0.388,0.6288615487840602,0.9410519668613645,0.10234989072885929,1.2860260394371184,0.6652427822749201,1.5844436267379083,0.5477209420941985,1.026929998001738,0.7670014141578981,1.8593373536013653,0.6294613862799991,0.6444194458184908,-0.7466288876643642,0.9654556058672499,-1.1857024106329634,1.4229418913788339,-0.4287454788300093,0.2091848115416099,-0.7811997512579514,1.1850763687974164,-0.4042458346414389,0.5942962291193045,0.6340972007533573,0.8203629537967227,0.7295574122658858,0.5972941613128019,0.6095342487253196,0.7706477988244732,0.5738447395134693,0.8634992737148613,0.6764625783141226,0.5978738647935241,0.6453214494160852,1.0123240100511726,0.2108483896661614,0.30840168340120044,-0.760604198347678,0.5370637406450164,-0.8441239371454098,0.7298206862136738,-0.75015846330458,0.7642889860673875,-0.7418799468023404,0.6178506441040315,-0.7725966018796984,0.9686531324748903,0.21007328919641283,0.2274652183034747,142.58130352383546,130.07038642834678,179.999995563662,152.32797976731524,176.3530754279436,9.650279412785684
0.09,1.0575,1,0.666,0.4115,0.6185488453303636,0.8535641620471337,0.07556285505546315,1.2265781259922592,0.6542045539632027,1.570955507151344,0.5490940966681499,0.9796333549063603,0.7571211802449219,1.860304646664861,0.6587664251712209,0.7182768766906936,-0.7323531851740778,0.8839022761309248,-1.2252803934017313,1.3623354604773352,-0.41557442265314454,0.08055687591731166,-0.7920959511120658,1.137308573419973,-0.3956393589559773,0.4334054886735225,0.6869319795255968,0.8635465340262006,0.730821334291748,0.6090968794263829,0.6062724060258505,0.7634619586797643,0.5677747572259587,0.8559493824823161,0.6852089808931466,0.5920456108821078,0.6399375530268593,1.0130695694570588,0.19834569121885756,0.2958383757355524,-0.7633413242887489,0.5453901995325258,-0.8646193966198449,0.7173224266879126,-0.7520992749517258,0.7303666861222955,-0.7607933806546148,0.6085089963909948,-0.7720041640642439,0.954850618204565,0.1995443275809018,0.1853177926276679,134.61796033989626,125.87532007839788,179.999967221318,148.94324835659376,175.05274645896637,5.9423502097193275
0.1,1.105,1,0.69,0.435,0.6081777282255418,0.768114782116694,0.05339917625492068,1.1713185314522891,0.6538021782401351,1.5550396120850851,0.549849884431445,0.9356109550532411,0.758733864685683,1.8592603860081676,0.6858225026965072,0.7882463310792606,-0.7138854531644429,0.795230862184873,-1.262792333081802,1.2881771023847308,-0.4122435206242865,0.011972197488121228,-0.7982419887833107,1.0785076636869395,-0.3941548334495304,0.3536172288144104,0.7377633486069812,0.8393342548050204,0.7318387397370563,0.6371315797675325,0.6024309730649834,0.7551389786265409,0.5674800197515039,0.8471844016892142,0.6927333155217511,0.5853305035801446,0.6408033055036201,1.012883301438431,0.1751345661499258,0.26671328581934367,-0.7718385365957627,0.5685446304198036,-0.884169940780565,0.7061830687735129,-0.7564870157451882,0.6902547859532243,-0.7759338423382866,0.6001910556717571,-0.7740120543188821,0.9353880789827436,0.17765889811258326,0.12267449267225472,116.83705360633076,122.11255379406434,179.99989747959432,139.8982655571011,172.82864136745252,4.024454274691729
0.11,1.1524999999999999,1,0.714,0.45849999999999996,0.6128233168226175,0.7419175886596637,0.033733509155852576,1.117293813975267,0.6501248098978832,1.5391865521541737,0.5510702405121429,0.8925186446692864,0.7566743787237992,1.8572645327630564,0.6901103649965862,0.7981410912471893,-0.6894382092509885,0.7341670021520932,-1.2965789466324575,1.2058559334281567,-0.3976548309252817,-0.04047583316535208,-0.8008402920560453,1.0129934539761052,-0.3794394747401809,0.29686026948080035,0.7688369936966281,0.8277735573064733,0.7310592546534119,0.6528471169178883,0.597639912760476,0.746347114092929,0.5680432097682521,0.8423400705891179,0.6989827669778309,0.5782765771060798,0.6420370208001076,1.0125982229875419,0.16292013461471463,0.24996361811481124,-0.782696480010122,0.614336718534834,-0.9033381573449666,0.6958842019784217,-0.757531645465038,0.6464915104377246,-0.7889848949050464,0.5925142503947021,-0.7726338951414868,0.9109816689484531,0.14561732852290266,0.040831354863629654,107.68452320383282,118.54352182904728,179.68092078634274,117.07487293871598,169.81550262524038,3.288835011312144
0.12,1.2,1,0.738,0.482,0.6125644648688724,0.7171155683555074,0.015893182909123452,1.0631498483491328,0.6455703178433293,1.5235954782013517,0.552290972036952,0.8492870184385354,0.7535881816256788,1.8549492118078381,0.6897509272528722,0.8071550230999821,-0.6582647436821636,0.6609053451340611,-1.3258676383470673,1.1161655003498034,-0.38103816615703023,-0.08733514712106169,-0.7997325780469088,0.9413851650363874,-0.36223582792140063,0.24752885536732488,0.8080565783978374,0.7979463700879197,0.7337368652811767,0.6703319552555393,0.5922081273597164,0.7372266485128577,0.5688679225468762,0.8387163669762853,0.7041685133737465,0.5709868324594762,0.6433809719041712,1.0122939806785005,0.1565416354955834,0.23565881776175426,-0.7821493527315926,0.669368419698798,-0.9222476409286539,0.6862536645100686,-0.7575913682311187,0.6028718512069154,-0.7999803088500567,0.5853431898835351,-0.7703446471420551,0.8856833432205342,0.1411121605251772,0.07088644598173295,92.28432340583143,115.0061740302824,179.26144947827066,63.07766689164308,165.80485492986725,2.684334117538282
0.13,1.2475,1,0.762,0.5055,0.6075584742132769,0.6517468200432591,-0.00138619633034875,1.0052117410596164,0.6411019271399682,1.5106381919710974,0.5520863187991027,0.8030027520460509,0.750133983550428,1.8519643752190917,0.7040959183041644,0.8595461314009443,-0.630301671872908,0.5804601865723108,-1.3473713266878151,1.0189547256427036,-0.3753292065441312,-0.12099926024850786,-0.7933681443691042,0.8634630352130325,-0.35672401823197175,0.21110678732997964,0.8405155267161496,0.746362052632637,0.7362542942855415,0.6929735014907257,0.5868830278902649,0.7280362080150801,0.5700113778452792,0.8368233320407744,0.7086167716036451,0.5636477732011468,0.6448408767742557,1.0120708112583228,0.1534313156214913,0.21983967116023836,-0.7985819731540136,0.7015332366468187,-0.9411367175169275,0.6770196449248813,-0.7567764342283226,0.5714047927051873,-0.8083234533468787,0.5784566726415549,-0.7680990406285302,0.8651608727682583,0.1446470577629755,0.13667887549851204,53.738790702533876,111.05794828946412,178.79583490385474,31.055659201729696,160.61331981779347,1.7222622301768151
0.14,1.295,1,0.786,0.5289999999999999,0.6022903179389452,0.6086378812876714,-0.019260654004790864,0.9420095754520817,0.6382551421380318,1.4989209075440515,0.5483583213912671,0.752535840175795,0.7482342491464175,1.8488416254438877,0.7053100716665345,0.8910091668551394,-0.5865378371417791,0.5087058549991939,-1.3599439488071825,0.9198978743241997,-0.3756115763828559,-0.1524891655830851,-0.7825331910564215,0.7837834221828309,-0.35761037881058655,0.17710963299668492,0.8759200250696261,0.6940235894553884,0.7469425796345298,0.7005653240613391,0.5829480096383051,0.7181270457590269,0.5719736943786365,0.835469297143193,0.7132166384846609,0.5556945767411817,0.6471024068118592,1.011809967127321,0.1649322074588032,0.22093707873727192,-0.8114347595568239,0.7105820613413382,-0.9597020293765507,0.6684255666430179,-0.7564898714206441,0.543870906811467,-0.8143744341786331,0.5720484000702022,-0.7666617836365844,0.8467309784685889,0.15414393710115615,0.17553219014465665,38.316677630297654,106.44714665982801,178.32940696550406,24.134226108993133,154.15871836804791,0.3693761571540996
0.15,1.3425,1,0.81,0.5525,0.594088158922856,0.5353202588893671,-0.03715411387769457,0.878754974630013,0.6380209440995026,1.4892014037999513,0.5405247751078986,0.702080601574537,0.7488389284349598,1.8454966822016123,0.7186196566656544,0.9548923123731305,-0.571917918042584,0.47289270724769594,-1.365329591887965,0.8258280445382132,-0.3855466436714189,-0.18047618058470674,-0.7686100101176674,0.7079128272458179,-0.36880490259882787,0.14701928407547138,0.8683694124636707,0.6794300225174649,0.7620713980222269,0.7157674853730216,0.5809579972195414,0.7091927874779963,0.5752552873460862,0.83498365119561,0.7174555993211913,0.548485783467705,0.6506554440637982,1.0114884248511036,0.181232697388537,0.2216139738409989,-0.8207007631448667,0.7456208955900359,-0.9756702820214465,0.6618241511562996,-0.7570545733162101,0.5226737990084236,-0.8172841731708782,0.5671437491266219,-0.7665268675405166,0.8316724568592274,0.17617447646731213,0.2318539310727255,23.103430100353783,101.49003579534023,177.87435502332056,18.86517675389392,146.11206905972105,1.5072313745637225
0.16,1.3900000000000001,1,0.8340000000000001,0.576,0.5706404664716217,0.46180004749037074,-0.05484410929277404,0.8172573064133575,0.6385755496450318,1.4829687166629197,0.5279974563121526,0.6530977150989127,0.7499377870618996,1.843023492335161,0.7194308983079677,1.0234259262034615,-0.552061642272462,0.4329123039904014,-1.3638183436186313,0.7394834064862871,-0.3983655928279359,-0.20449574489851616,-0.7521142768321154,0.6380716942351748,-0.3830646508416551,0.12097698736324798,0.8677181472494145,0.6556763655975644,0.7756124381780337,0.717134827039347,0.5812721091286301,0.7019306083801528,0.5783942333129636,0.8356459457789674,0.7211116346363017,0.5425776827179178,0.6539354222190789,1.0114356893298688,0.1949341728893809,0.2300867349394945,-0.8173355259794239,0.7733630689141129,-0.9880948550009092,0.6577872065182142,-0.7588977567823351,0.5052659491034018,-0.8165320633907532,0.5641743888047116,-0.7679845373805138,0.8187298565235462,0.20619536468219543,0.27439212546924696,18.146810588180937,96.36577217931341,177.49508886313376,15.429819628303187,136.52457820694937,3.458924247722437
0.17,1.4375,1,0.8580000000000001,0.5994999999999999,0.5444951880293679,0.40013806295134186,-0.07152008244878301,0.7575605013438944,0.6394999068705888,1.4783704748104507,0.5106873375772781,0.6056045628783804,0.7512682922537132,1.8409589368636257,0.7121977344310689,1.0824098256139447,-0.5151139745600342,0.37437222593043074,-1.367444915332908,0.6573217937672242,-0.4125363616100563,-0.2266555667024144,-0.7440269087149571,0.5718330579451073,-0.39876122304756967,0.09683221512398764,0.8980693127692319,0.6097184384579704,0.7839364615695207,0.7225088508163057,0.5833665921203601,0.6969201623630379,0.581466313498323,0.8368463374862026,0.7238428372722568,0.5384543034642101,0.6570874039228014,1.011508956975032,0.20219558231477686,0.23252359389524663,-0.8157512998353723,0.7887394094987558,-0.999917185972936,0.65343522555256,-0.7613402284846597,0.4896343138380778,-0.8144253333646604,0.5609192205502201,-0.7701887318780416,0.8067790942849024,0.22852635692667939,0.304013853197047,15.456966146342845,91.20988604351699,177.15191510213998,13.916948414567784,125.81362583808674,5.462179578360688
0.18,1.4849999999999999,1,0.882,0.623,0.5178962540549084,0.3299180186924192,-0.0873611656448902,0.7009724775001741,0.6410247967989914,1.4799579892767205,0.4917842313248561,0.5606179617003185,0.752707525826935,1.8410752211427597,0.7099422198339622,1.1566125418565296,-0.4901802827345618,0.3420093868512746,-1.3748996934225401,0.5790539200502479,-0.41857438581836653,-0.24066973807464112,-0.7427479583105502,0.5089119261786019,-0.40562021367959983,0.08101323741339278,0.91592496765161,0.5870624899425986,0.790568913266097,0.7392322700807746,0.5846501646178958,0.693663289917448,0.5829636523494425,0.8393467460724089,0.7251602849494363,0.5357818471045394,0.6584258665240671,1.012003967825704,0.2109005998046633,0.2304839531580273,-0.8149554415106742,0.796451935007179,-1.0105019296717426,0.648607746255051,-0.7636294785819744,0.4775703195185933,-0.8123859326808016,0.5572524052049944,-0.7723694560325643,0.7972493529919988,0.24514553469296904,0.3229858188329149,12.160314104834002,86.45105994667904,177.07934245058652,13.588891049098233,115.28029692471452,6.628071415253884
0.19,1.5325,1,0.9059999999999999,0.6465,0.5097076817828001,0.27836435338482785,-0.1033966741029068,0.6471327995772428,0.6439249705642838,1.483124162005323,0.47087373853126807,0.5178771744934739,0.7554704455381475,1.8416131614221296,0.7154628698354623,1.2122130493750445,-0.47054803584482174,0.34576758996159945,-1.38529920360387,0.5057891614440299,-0.4220159547836643,-0.2526429583288973,-0.747304308095062,0.4501688267058619,-0.4096490236540791,0.06737953869466984,0.9286423435619598,0.6003753385986634,0.8017493208373655,0.7632767028703492,0.5845331312191148,0.6918011783631822,0.584614424196106,0.841977847419544,0.7250438786216519,0.5342853429032797,0.6599020579478089,1.0124341651039077,0.22867361814570233,0.23095764436961963,-0.8105223614701962,0.8133794007972093,-1.0200172660272646,0.6432456107494805,-0.7652714045415874,0.466539153735567,-0.8108805363177748,0.5531363237350126,-0.7738708775960829,0.7885819923637055,0.26987704895262926,0.3497796536174394,8.880083712818303,82.14649454602099,177.09573155038902,14.076155664215904,106.27828924837,7.546662627810033
0.2,1.58,1,0.9299999999999999,0.6699999999999999,0.5140078497371826,0.2487691914077133,-0.12143114132212944,0.5962667477730225,0.650387896518537,1.4900674347463885,0.44664223886133464,0.47762359047608727,0.7616891317290404,1.8431299000841903,0.7242494480759634,1.2487677310355858,-0.46773446129078394,0.3730324519901882,-1.3980416035977314,0.440931321166549,-0.41912919150053085,-0.25974143705500863,-0.7578218501507931,0.39833449035707374,-0.40677829387120495,0.058987812098547095,0.9327816654838086,0.6346379021999603,0.8137494448184805,0.7943177881220209,0.5815893022737189,0.6911498986442114,0.5867560161270423,0.844876846599805,0.7230231469482085,0.5338564346177963,0.6618415729966945,1.01267087125113,0.2540510681058232,0.23255587514241613,-0.8192926955031424,0.8409516213652883,-1.028422897903171,0.6370857863998209,-0.7652290405065587,0.4580063893553209,-0.8108629857717117,0.5483704541750473,-0.773596996048116,0.782032438837913,0.29205602240331247,0.3867427174631184,6.413239790218762,78.45062295981931,177.32557925569893,14.515140682827115,99.68054702300648,7.813603484783335
0.21,1.6275,1,0.954,0.6934999999999999,0.5201814679688317,0.19950522854417552,-0.14347274011852323,0.5467178398981217,0.658909779861589,1.4988632760889753,0.41780981278546947,0.43858635111067173,0.7698849353840916,1.8447598553912719,0.748994996909379,1.3067428516123778,-0.4837142478085444,0.3872155222398269,-1.410863591827732,0.39012077534193934,-0.4163963710074285,-0.2650548562416706,-0.7717836607107887,0.3578684883955217,-0.4040011651251867,0.05279294631536145,0.9271538958613058,0.6557349641291108,0.8199135200378295,0.7947034269429327,0.5740754428533013,0.69054210683764,0.5897669753964125,0.8480213656663852,0.718762770651491,0.5335999143460425,0.6646403058422877,1.012612715055926,0.2669942710993315,0.23624189848564447,-0.828964018850078,0.8409121469277099,-1.0347416453691678,0.631328755016889,-0.7648230694595389,0.45147700132713847,-0.8124341727062958,0.5439005256719407,-0.7729652721569376,0.7771586805727069,0.2937169211003594,0.3946818896499533,3.865149235753908,75.46570449360298,177.5878793719101,14.284233438215875,95.49535632773018,7.9752498529913955
0.22,1.6749999999999998,1,0.978,0.7169999999999999,0.5258146181830894,0.1441053755976749,-0.16644432819117927,0.49751471979882517,0.6689568168259736,1.5090313904697272,0.38691471754229884,0.39987668515327457,0.7795452704940754,1.8464736748798518,0.7772519626246689,1.372411277681301,-0.5311612108621134,0.39254085323052773,-1.4239825603384713,0.35033152535814666,-0.41377758221064564,-0.2690460091028118,-0.7870625788649921,0.3263094158246164,-0.40129337048054325,0.048225384838058175,0.8938185439115832,0.6719197070241792,0.829485737383388,0.7780994712491347,0.5645621885165617,0.6897875947248627,0.5934219104720303,0.8513477513154263,0.7136264959622396,0.5332838747048532,0.6680754963150718,1.0123361423107788,0.27925521352238347,0.24716682809128201,-0.8396971455098807,0.8226191725459405,-1.039790152040798,0.6260467858160071,-0.7641477598851183,0.4464315957819664,-0.8148198416737981,0.5397940259994984,-0.7720684798633803,0.7735262521301581,0.28049583684483476,0.38369884359980805,1.3110619385636368,72.9019340850855,177.86885762475742,11.891966501576189,92.90439479024532,8.055107759951067
0.23,1.7225000000000001,1,1.002,0.7404999999999999,0.5390120384534505,0.11840673712786497,-0.1894919312812056,0.4484921048766991,0.6713321742641278,1.52062253027187,0.3545888371030376,0.36133293784814796,0.7808443769517104,1.8488340054428376,0.7997964640588477,1.408445152955353,-0.5961496119115678,0.4372263245116369,-1.4373808341280405,0.3218325151745524,-0.41788797049808074,-0.2715878278557897,-0.8031830890003321,0.3038674181509534,-0.40574095744615507,0.04564830287780369,0.8491087683360383,0.7308862533908981,0.8434186134694472,0.7585550749879857,0.5535276643211973,0.6887821222283627,0.5943125574941679,0.8558655597695439,0.7079091179115644,0.5328091457024975,0.6684188381761763,1.0123931700497386,0.2981694607683185,0.2674381378412228,-0.8543289755591063,0.8000441191756184,-1.0435981484261692,0.621338212173692,-0.7674306237447004,0.44428202965969676,-0.8179057621729892,0.5361294236252793,-0.775594437340604,0.7715350606796043,0.26030486164334943,0.36622122806412366,0.28260411951599307,70.6962055691702,177.91418814913436,10.391023721974635,91.58621779999909,8.54175825314353
0.24,1.77,1,1.026,0.764,0.561560382873412,0.1338399640557748,-0.20988813215670293,0.39981568524882083,0.6704617080817696,1.532446999641424,0.3227597378004552,0.32299898651642134,0.7786526052918855,1.8514387783062751,0.8160121908441873,1.4028403824462048,-0.6443348031727588,0.494328240310398,-1.4503581727548833,0.30988372713964113,-0.4233279643912728,-0.2733775061367922,-0.8191981516949619,0.29475292919072815,-0.4115940362385581,0.04396538787053059,0.8268575758565193,0.7988843069657979,0.8534532416781437,0.7538091183110562,0.5412779531163459,0.6869061153636039,0.5938452259405135,0.8607382244618758,0.7021269597237468,0.5316624038770659,0.6672763101378062,1.0126224412536515,0.3192638761150854,0.28076708421295204,-0.8694963637121401,0.7778883132933458,-1.0452388920011322,0.6178952264360058,-0.7717565509061118,0.44305379273843215,-0.8218314544088309,0.5334444828228694,-0.7802940181742054,0.7700709046788404,0.2376619954716099,0.348808295719291,0.8595957817007371,68.7987065360724,177.89220817556938,11.997663765112954,91.65200479008269,9.088927594804113
0.25,1.8175,1,1.05,0.7874999999999999,0.5781607529335923,0.2111038251132297,-0.22605765860458069,0.35198610615248815,0.659240940191911,1.5443937434917225,0.2941858177082987,0.285205114517962,0.7654078256894766,1.8547739769227922,0.8164649842876343,1.335752972377592,-0.6942242010685324,0.5562983750114829,-1.4606952093810048,0.3097928818506387,-0.43044909220488575,-0.2725344757794555,-0.8332201930865539,0.29510703430833796,-0.41919413373291003,0.045221499542599186,0.8051352462425236,0.8697937701583419,0.8534826378730498,0.7702686345015322,0.5284758575603579,0.6843857047840196,0.5887298323802215,0.8664908348508975,0.6963819392411457,0.5300088871778804,0.6610959363856335,1.0134534038818839,0.3361625869517392,0.2816962191020618,-0.883124709713474,0.7572316955347729,-1.0439864890503134,0.6162901452170023,-0.7783435928116339,0.4442511014496242,-0.8254372524969456,0.5321681813216579,-0.7875597584605076,0.7700051640076048,0.21387153306924853,0.33005444207447004,1.380872219231797,67.09645375767964,177.70958393910072,15.960828247614819,92.36223597168842,9.642320820872685
0.26,1.8650000000000002,1,1.074,0.8109999999999999,0.6084239654751197,0.3343804450936419,-0.23812383222070513,0.304758624738039,0.6541023961529412,1.5549889539272939,0.2690538200683423,0.24775455446018615,0.7587547781516868,1.8571275927844522,0.8470658923748675,1.2214629142410751,-0.7286233214209277,0.5786448063785461,-1.4677488998766322,0.3191662961527503,-0.4341349407597396,-0.268687395637877,-0.8447531220457587,0.3029788345135947,-0.4231284205969747,0.04911529741993458,0.7833490396984464,0.8970480850648138,0.8398901902947088,0.7743800307112277,0.5152228832836193,0.6813841163958398,0.5854476507297176,0.8709869477289394,0.6905624796620179,0.527979200579422,0.6570034813306282,1.013877557484588,0.33772340801488426,0.27216521150938655,-0.90031490094748,0.7362581563466573,-1.0400908364030952,0.6162779203554617,-0.7838409438968216,0.44728418084711213,-0.8286169776337661,0.5321075509359833,-0.7936814121675629,0.7714875002360976,0.18420795086259248,0.311564024218218,4.688208612914703,65.5197081981773,177.75633414194465,19.464138554542796,93.48573203653666,9.789832839909296
0.27,1.9125,1,1.098,0.8345,0.6540382186849824,0.45086528282983596,-0.24509087837409801,0.25805270661450286,0.6558754701263458,1.5640483309370397,0.24848919424568952,0.21054416947978424,0.7595923352327827,1.8583657736974122,0.9195704555525209,1.1131845642507374,-0.7310418594234752,0.5701380471784502,-1.4699807420764002,0.33819144859783723,-0.43391706288418486,-0.26142662255965865,-0.8526219985980297,0.31846771129475054,-0.42289701356298537,0.056006465985074874,0.7744868603723818,0.8830531947029945,0.8322724696272549,0.770722851119402,0.5014975689926744,0.677933345793853,0.5842486644312462,0.8740552225263225,0.6845367026128406,0.5256013572654548,0.655283661158768,1.0138394281037375,0.34354319552041296,0.2686882709097764,-0.909662847045058,0.7256804771856492,-1.0330809446080218,0.6180479190603734,-0.7881000099589014,0.45240336329720787,-0.8311482493017341,0.5334011701480512,-0.7985029674891102,0.7747290147597355,0.163758341389537,0.2990951426145727,7.003126741778078,63.99442914534493,178.05651869082942,20.668518598894632,94.96111310786902,9.482870054618902
0.28,1.96,1,1.122,0.8579999999999999,0.7043970373613594,0.5657238424110236,-0.24571787922098912,0.21348964432197784,0.6895723737845447,1.566475176469396,0.23499884570261015,0.17481863138185658,0.7948801427006776,1.85387151932641,1.0133051292753412,1.0008611308617084,-0.7221205609003982,0.550785988968698,-1.4622704129199615,0.3661937885885881,-0.42770456952760516,-0.25446299833625347,-0.8524195979034193,0.3408514023989453,-0.4159979539147831,0.06409387837938556,0.7628211349233528,0.8573836408117865,0.8324922811642911,0.7702816961790928,0.48730851025364486,0.674113114272172,0.5984498153569981,0.8725873928089841,0.6780158785226503,0.5229431674808217,0.670360024345061,1.0109861443215573,0.358329780852892,0.2554257844542818,-0.911222311159069,0.7210339929276577,-1.0217997868552513,0.6219267812865736,-0.7881590944069925,0.45622474597094276,-0.8318507993905911,0.5362695384164949,-0.7986780566897945,0.7775984167078158,0.14849113620216664,0.2920076926917355,9.808879351894005,62.51359265048685,178.69023432725942,19.56859019569534,96.48386560258322,8.765707441079345
0.29,2.0075,1,1.146,0.8815,0.7219160818193304,0.6578303374303647,-0.24235827180411823,0.17269206287336414,0.7356738104516344,1.5658591717953192,0.2268903300539396,0.14196346208438557,0.8435519828938584,1.8466914248676738,1.0794369710622584,0.908133051449675,-0.7104672102702065,0.4889655599203597,-1.4480878323249307,0.3966071899197332,-0.41970195853367803,-0.2477259664126035,-0.8465646581614803,0.3649514961839156,-0.4071169616595087,0.07234403755341526,0.7433802866565474,0.7919967402636187,0.8233906134056638,0.7615001063824399,0.47440480423537185,0.6704822773025779,0.6188935178819004,0.8694260866130602,0.6721248949139231,0.5203989960444161,0.6921987865802689,1.00681244705702,0.3606595904903326,0.23122949484526287,-0.911249661819633,0.7265588409322155,-1.0090789287282682,0.6261559798860794,-0.7868069366384599,0.45959378298312403,-0.8316330951327922,0.5393742016147685,-0.7972893082277763,0.7803450283631029,0.14018309445197272,0.29454428192765636,22.592575437511183,61.07866406401384,179.3929072946683,12.2117336484104,97.96356344241177,7.930123901968928
0.3,2.055,1,1.17,0.9049999999999998,0.7144763114451403,0.7134648873431702,-0.2354335827149427,0.13643736535427847,0.8206423463654147,1.5503382644181476,0.22415589280897827,0.11261529625062555,0.9341348105837212,1.8258088116910425,1.111435813781372,0.8435806281722988,-0.6694333083556778,0.39069929463993475,-1.427837316026296,0.42818424850558556,-0.4123090471254706,-0.2429806211286096,-0.8352761837346533,0.38977505498995424,-0.3990485862160574,0.07762020492889207,0.7593298101728689,0.6838589923088014,0.8199224979806228,0.7585676468057273,0.4632590647916913,0.6671419290214969,0.6618792140783759,0.8617555937786836,0.6671314527936271,0.518035647873642,0.7379476168537586,0.9958887477016657,0.36819487563853615,0.1887470052400828,-0.9086815589883755,0.7322761330533872,-0.9954060562744437,0.6305211571108033,-0.7835786995184275,0.4621444826236004,-0.8305713888160845,0.5425549313532575,-0.7937873259210981,0.7829583313404576,0.13369821823269404,0.297694195461514,44.914215306041235,59.68201076904653,179.95806653897625,7.268559706600639,99.39851148325877,7.1682685792298875
0.31,2.1025,1,1.194,0.9284999999999999,0.7130554093553264,0.7370677961249003,-0.22532324776323187,0.10854069419903559,0.9040208135020604,1.5312169802684223,0.22845333385595043,0.08983637617017819,1.023075876806835,1.8019806910681713,1.1294249961776812,0.8167868217942471,-0.6223984618020226,0.27167349037554533,-1.4008556627526987,0.4581281880479313,-0.40707468907884103,-0.23971215911437924,-0.817586115551733,0.41303967664697894,-0.3933109051278762,0.08144182954500122,0.8004754637064537,0.5548690022013992,0.8131133541955858,0.7555662436814303,0.45564852380772575,0.6643656478119437,0.7044858901226027,0.8537956227157161,0.6639591554023961,0.5160195216964649,0.7831437782355896,0.98369184270388,0.36891551017973073,0.146454555601349,-0.9026038378209053,0.7344756663020997,-0.981663217395756,0.6348494698689738,-0.7809022081632092,0.46406424462992274,-0.8284596239689612,0.5456906143535099,-0.7908653501549904,0.7850671018036016,0.1271839790008636,0.29653604103398107,57.59783434008124,58.398041182273616,179.31358280294506,3.469866820918803,100.55063291394829,6.611996176043517
0.32,2.15,1,1.218,0.952,0.711399887902993,0.7373591246391323,-0.21472212459569578,0.09048358697789793,0.9845932769143494,1.5057420900494864,0.23784134651423638,0.07490983531809031,1.1091197169121547,1.7729546161284087,1.1296680677345592,0.8155041442766061,-0.5935230904289462,0.15585482114793361,-1.3696777878628823,0.48400348546131594,-0.4056495428467608,-0.2390499616938492,-0.7955976556639185,0.4328698174239538,-0.3916862140784074,0.08269661399752033,0.8426729260154391,0.437317113079778,0.8068815518653017,0.7523508593636012,0.45189584554287676,0.6628747998074129,0.7464237070746248,0.8453248077199443,0.6627764826209326,0.5149221794341744,0.827364641573316,0.9692481042194544,0.36608853700564503,0.1109022365405745,-0.89376116862214,0.7307059270830661,-0.9693729765211533,0.6385040593550696,-0.7791993858047211,0.4648705872818558,-0.826233664148943,0.5483161941261231,-0.7889669153428298,0.7862855207710808,0.11924063865263498,0.28946991202805583,59.09580456447358,57.32096894900745,178.6279289140206,0.0711744932181797,101.37691401111894,6.41807636981813
0.33,2.1975000000000002,1,1.242,0.9755,0.7063442676918971,0.7144274493212898,-0.2045776216752417,0.08200930437878944,1.0275269628460004,1.4849531033331405,0.25079888724485583,0.06767098969448009,1.1554675751383285,1.754058359345569,1.1089325491573918,0.8347862643556397,-0.5855049466959372,0.08665510855018776,-1.3366570249406198,0.5042012138501902,-0.40687850474300913,-0.23695054536900068,-0.7712001341098432,0.4480490546568976,-0.3929896637167003,0.08483004078844855,0.8594033946305463,0.3696322835105564,0.7941559526175805,0.7499253677018884,0.45177839002501013,0.6626641827629695,0.7675279642845493,0.8419847013314427,0.6634322715658325,0.51474666688764,0.8494314913999914,0.9615732561867779,0.3533226708884864,0.09583303538436848,-0.8917025576448678,0.7227970603383879,-0.9594909520892908,0.6413428317238468,-0.7812861992326464,0.4664974086724884,-0.8244509267615886,0.550347027368216,-0.7912805230838834,0.7873711843531879,0.10597196695608986,0.2790721835817349,46.378154127488955,56.476961347779145,177.79030423843946,2.5107522668820326,101.76730386993744,6.403724797897955
0.34,2.245,1,1.266,0.9989999999999999,0.6840444504811218,0.658682664307798,-0.1955304245499816,0.08468643020110868,1.0510341829811938,1.4665826474568429,0.26706961489677994,0.0694025606994022,1.181327184652685,1.7403903958050146,1.0502969282801138,0.8873465199868096,-0.5845484474083061,0.04815174572547755,-1.3028504626064144,0.516753468040983,-0.40947732889903976,-0.23410933864192215,-0.7450753754850133,0.4570252333181218,-0.3958044117744829,0.08741696039920226,0.8576394109383741,0.33214637779802136,0.785729071159354,0.7548953433866625,0.45581733263540597,0.6639605137321305,0.7778794164662941,0.8412927026112105,0.6661673552054648,0.5156602369140495,0.8600640116725755,0.9573920290324252,0.34221469644098074,0.08675321757592543,-0.8933656099669389,0.7026791961518088,-0.9530129579255049,0.6431355593275635,-0.7853289537116239,0.46854770296051573,-0.8235196978929605,0.5516264468572244,-0.7957680882717568,0.788388329026718,0.08428078550148824,0.2578555316428438,25.230441130048302,55.930987625321734,176.8497133270772,4.1741607630724245,101.42363169523793,6.479621347038305
0.35000000000000003,2.2925,1,1.29,1.0225,0.6471796590966102,0.5040601901689274,-0.1882999195024585,0.1031548524588018,1.0120611481372281,1.4626278797825305,0.2864001602459629,0.08386444720201688,1.1412537681580595,1.7495961150961585,0.9266883057752199,1.0256658893692718,-0.584438715262114,0.04612821477882136,-1.2716985076839966,0.5179786927781802,-0.4034535312557678,-0.22663452243889182,-0.7197386302521551,0.45694535422369736,-0.38913404309644783,0.09581478735230926,0.8336479447992375,0.3273456088666995,0.780518465350124,0.7559625311203889,0.4636952922363626,0.6677372655287419,0.7607420292783348,0.8471293160997316,0.6700885697884299,0.5184666184992403,0.841827487321095,0.9644094196116652,0.32887782003441507,0.09328713795144149,-0.893796674659741,0.691963026161649,-0.9522038655183519,0.6433471207198024,-0.7929805045061404,0.4682769451750633,-0.824365658340951,0.5517888285219708,-0.8041579228173886,0.7870755197983277,0.07599280364563982,0.24535558479801736,6.763580460286076,55.91525541456822,177.09427350363435,4.411444332952643,99.83627006693648,5.9575153826075935
0.36,2.34,1,1.314,1.0459999999999998,0.6249431909528226,0.3861533601892241,-0.18198102965547494,0.12932522779280323,0.962321974705583,1.4581885103300711,0.3068733543408344,0.10454050292593921,1.0898737189476035,1.760292511394894,0.8468101247591114,1.1238700133307233,-0.5852071371652418,0.06345098826921775,-1.2432318001041118,0.5146650035441996,-0.3947506423061538,-0.21598629758980345,-0.695397887888472,0.4532838130965937,-0.3795394009320573,0.10751149520528241,0.7978662448157493,0.3381698880182357,0.7744862344049139,0.7588489640598596,0.47203773845692937,0.671987510363223,0.7396775234488323,0.8535384190486125,0.6737640616313085,0.5216468251372517,0.8194659479806804,0.9726787847832473,0.3146744426220391,0.10088478202628533,-0.8991621525649082,0.6912946802266442,-0.9549420924808045,0.6426173051280346,-0.8020849886880753,0.4682541201834223,-0.8261500434233221,0.5512886782545237,-0.8141626542057833,0.7856482725929362,0.07403302333088758,0.24325103734776454,1.2913478296142513,56.313963891903015,177.69840917837885,3.7647373063482323,97.56665913447495,5.161867437217497
0.37,2.3875,1,1.338,1.0695,0.5988199792525629,0.2848136730468982,-0.17689729568459725,0.16216547345227586,0.8892808560386498,1.4504670187022035,0.32795770813858316,0.13061349004076533,1.014062864724544,1.772371608598699,0.7853533418148394,1.201297316729189,-0.5935315775701563,0.10415838784979203,-1.2176567486871588,0.5077550340490539,-0.37935148431665544,-0.1966829506032609,-0.672350132715001,0.4468090907120889,-0.36264517993525386,0.12807667324959843,0.7432512913174922,0.3692947647453219,0.7777743590558927,0.7658022768449546,0.4799031428839926,0.6761443567702827,0.7107222896479384,0.8607709813409298,0.6767720539635295,0.52477174240706,0.7888153984849192,0.9831480698466625,0.31107202390418054,0.11625418205610055,-0.9088150003906791,0.6985981249847776,-0.9607239272835526,0.6410966702173876,-0.8149593883201882,0.46925530962770096,-0.8286562589537902,0.5502325964575948,-0.8283716516540077,0.7841892790159859,0.07746582466827474,0.24780436411216936,0.11307367319537207,57.20629094736084,179.17590144160397,2.8948796506867494,94.53293032565506,3.6502411803164128
0.38,2.435,1,1.3619999999999999,1.093,0.5719188621706222,0.2154953373638295,-0.17438659711211488,0.20118166942273474,0.8148472834994906,1.4332577211378226,0.3484514035518943,0.16173264886486455,0.936802785299504,1.7757606483106294,0.7464427102230586,1.2417565949992995,-0.6095401348266505,0.21345781483044526,-1.1963397175903117,0.49841999042992813,-0.36273627394660807,-0.1735156143936144,-0.651778308367904,0.43851288355058193,-0.34443764130550203,0.15234992945346432,0.6523321177544437,0.45897775618293707,0.781596329725025,0.7878033737567903,0.484742311699551,0.6787228288484636,0.6874270662790568,0.8660244199978194,0.6778421150243222,0.5267214203601812,0.7641752636693397,0.9911637504594853,0.316260767872599,0.12241888029628999,-0.9123637688129937,0.7308966063775688,-0.9690971199051033,0.6389518066376622,-0.8279066535041756,0.47111830701661617,-0.8315262020441122,0.5487394799985046,-0.8427027769165445,0.7832494998086362,0.10803943412176918,0.27316253246950933,0.13350981859840447,58.88958757985747,178.15476554075397,0.1791914596984323,90.86682183560518,1.8647994129051924
0.39,2.4825,1,1.386,1.1164999999999998,0.5620909878739516,0.16786133809939405,-0.17384206881291714,0.24545680915191506,0.7392890366789188,1.4083851957016422,0.36835265420889957,0.1971445674551255,0.8583721778267115,1.7721307954329684,0.7400125141187415,1.253115553243455,-0.6379493947768723,0.3423210063277486,-1.1779245157250853,0.48519699039754616,-0.3451388674230408,-0.1472273638114626,-0.6345436480688912,0.42719528625019215,-0.3251693461260614,0.17961817186311857,0.5585576765804497,0.5704345813808863,0.7894869046110252,0.7999308174141015,0.48619849839580875,0.6790869945221464,0.66870338979757,0.8696793357184015,0.6772771910610834,0.5269878188793983,0.7443896945569838,0.9971976736314447,0.3264767784631985,0.13947585187528846,-0.9048215016792186,0.7618343356994578,-0.9777282462130998,0.636612233888942,-0.8409127716339075,0.4736773800531206,-0.8347603255076292,0.5471002843865673,-0.8571325438752562,0.7827290860536542,0.14489985569479294,0.29515886716033046,0.2709446288031529,61.40869769803016,174.17193774427992,3.947001476601426,86.15121936635875,0.15231021312691698
0.4,2.5300000000000002,1,1.41,1.14,0.570300760514245,0.12638790049116116,-0.174196571468276,0.2922440531090199,0.6760290289768853,1.367358437354006,0.387125940778824,0.23461711810052638,0.7926987853498849,1.7497984227649375,0.7627480191323283,1.2454663143231797,-0.657280419404383,0.42396808575656586,-1.1628335156272678,0.4683951102958422,-0.3348752021873085,-0.12415355884493293,-0.620588416676061,0.4131146469306272,-0.313825425264631,0.20362159103696525,0.5075014222738286,0.6359107338058076,0.7996507392285869,0.7925151976952353,0.48556222470465654,0.6783367500531098,0.6716487380434302,0.8674501028334642,0.6758175506980368,0.5264172248851755,0.7478119494061406,0.9968104302150306,0.3341980144492405,0.1483231347952174,-0.8943186491327235,0.7759233436902191,-0.9862982695755778,0.6340386915828263,-0.8507348223231767,0.4788008820358647,-0.8379299927272511,0.5452702324206216,-0.8681295284866555,0.784685729468542,0.16909022763142584,0.30030202659806987,1.8147586879590356,64.47632977709627,166.98876715494427,6.8553513056633495,80.72005856783663,1.710068105741442
0.41000000000000003,2.5775,1,1.434,1.1635,0.5762852249669359,0.09880499718827528,-0.17516080720935437,0.3406651267879851,0.6184716333711605,1.3218428544286591,0.40438772996063077,0.273440594611841,0.7329279423844427,1.7215628715250912,0.7894095651583395,1.223765211671421,-0.6717537758325139,0.48328830518226745,-1.1516529658245311,0.4477567088743295,-0.3282356626704483,-0.1032972968383001,-0.6102913706130464,0.39608212591799347,-0.30638537161759216,0.22549638945441855,0.4812127667583067,0.6797700806657038,0.8041041842030783,0.7800895129183618,0.48311211339542026,0.6767726094967461,0.682433341666524,0.8625835143029189,0.6736571850753432,0.5252427196630788,0.7596704869525592,0.9938940747743582,0.3372095669669234,0.1470001843127766,-0.8887703183238287,0.77206901780136,-0.9946973106244388,0.6311747976050132,-0.8599155278228975,0.48469265397534256,-0.8408744880808413,0.5431991879969339,-0.8784398795350394,0.7873478180707423,0.17627169081446448,0.2888213520858805,2.917481039556109,68.0339534174892,157.80730411509472,10.02704089739754,75.0805123331871,2.9946896080913157
0.42,2.625,1,1.458,1.1869999999999998,0.578381352972932,0.09358262036459473,-0.1766682325820235,0.3853777442273164,0.5812023534829435,1.2668310782564254,0.4170101593972903,0.3093484919281122,0.6941287387738009,1.678297391093815,0.8094715998457086,1.1732518493441364,-0.6802547592143232,0.5110431378525303,-1.1487739251413176,0.42222004500991717,-0.33497167168787934,-0.0918982632725958,-0.6068093901559198,0.37538705225528973,-0.31332875630620866,0.2384724639282921,0.4768644992689789,0.6948084223169175,0.8054212136789876,0.7733093927874222,0.4796957317839108,0.6751383029894699,0.716344665575034,0.8485304706887071,0.6714746126368901,0.524034822009136,0.7965285302361026,0.9829468172120168,0.3401979606462943,0.11658834411186712,-0.8830751540740673,0.7691742421767298,-1.0031567479391914,0.6273101639486773,-0.8686154711085202,0.49241011100705345,-0.8434036988330036,0.5403176051254343,-0.8882593925706491,0.7915639648591372,0.18586286847211733,0.2771416005105873,3.227459097619869,71.6135595068991,145.4811748039713,11.461225674032173,70.5450814432112,3.1232699018862493
0.43,2.6725,1,1.482,1.2104999999999997,0.5864660491021833,0.11968827931143788,-0.1782398968484704,0.42623534899775406,0.5520924759354391,1.2078675361366058,0.4265295046068191,0.342191341991887,0.663806400949779,1.6291545155563139,0.823860600894078,1.088722020314104,-0.6763542979694792,0.510993821279215,-1.1506261200626597,0.39487510051061037,-0.35110157109369616,-0.0852083627472211,-0.6076054181900747,0.3534022818722099,-0.330349372231804,0.24720811073446275,0.488279959187885,0.6791512206997975,0.8115522079760228,0.7671043813896,0.47691573797932246,0.673982367273538,0.7527032667916268,0.8317088975445291,0.6696984227456038,0.5231921170091127,0.8360363771075293,0.9694693853284779,0.34735180518443337,0.08738959541122156,-0.8796231478796622,0.7665032336076677,-1.0102899783235637,0.6239826883895567,-0.8815248788829261,0.4992987218613069,-0.8450001594777954,0.5378254116715009,-0.9027433336600758,0.7940740244267803,0.19335440617561037,0.2672112791003026,3.041363733908619,75.00731551270984,132.73535445075,11.877743876491081,67.1963078780689,2.4489974261769305
0.44,2.7199999999999998,1,1.506,1.2339999999999998,0.6075866811938662,0.15882266986969548,-0.17993407508911585,0.46344894983223717,0.5330847155716748,1.1440113314150118,0.4326342863671587,0.37214464673125675,0.6439792302901447,1.5727348651253898,0.8443850496191514,0.9880016405447016,-0.6733189551649161,0.5002818018204109,-1.1571809347555457,0.3664435992668858,-0.3788620014565625,-0.0843488174146363,-0.6125719972784279,0.3307074194207658,-0.3598465601650878,0.25069370423776227,0.5020309549779987,0.6545974782523671,0.8134043246591549,0.7675086410056997,0.4755187644199017,0.6738003619953985,0.7920918303896558,0.8114596211727734,0.6685557660074856,0.5230933765570979,0.8788249331830026,0.9528593566663133,0.3506392638785144,0.04884578865812215,-0.8801639938254683,0.7663225440797051,-1.016127935921961,0.6213191502410735,-0.8996460045958258,0.5051611422101356,-0.8456600171520262,0.5358254688502014,-0.9230022809113719,0.7944717855306339,0.19877670330081376,0.2618870492600485,3.422409838214021,78.0827572562546,120.02797363101446,11.293486406603423,65.10184850284749,0.8019113998803705
0.45,2.7675,1,1.53,1.2574999999999998,0.6456266089229058,0.2843677280376047,-0.18188686843247512,0.49626729947132503,0.5025635060790732,1.066824570556425,0.4337571292954976,0.3986265695342501,0.6108767823793898,1.4975470295484523,0.8542130785574458,0.7954280368454628,-0.6523234787031739,0.45811610832270255,-1.1698210788249088,0.33781864277950946,-0.41860948141808,-0.0888139536057493,-0.6227962151311196,0.30806915781182154,-0.4022897114964763,0.24882034706339676,0.5312958181163021,0.5947728349277874,0.8132491620056953,0.7662186639269449,0.4771917592277203,0.6757289975583582,0.832089040129423,0.7879213695510537,0.6686246252793233,0.524607290031595,0.9222198445431473,0.9327810950179665,0.3480272369820734,0.028739318696232807,-0.8827196457556541,0.7694883103078716,-1.0203288608269974,0.6197365910292282,-0.9269279742868223,0.5062335726598437,-0.8450916856618574,0.5346420089144097,-0.9533599522745574,0.7886737993427099,0.20337618714948127,0.2669408796075484,2.7298154008954096,80.50262990927001,105.15567322254718,10.055129885180849,64.37689378353627,1.8020399204172206
0.46,2.815,1,1.554,1.281,0.6712408262235322,0.40280443209587025,-0.18771202549137248,0.5219702168107534,0.4669949172219548,0.9836087597075359,0.4261185596895555,0.4195795139836218,0.5719591883448356,1.4139869409206696,0.8671796156021432,0.6156704137087632,-0.6279757748202586,0.3723292527896713,-1.189267210571743,0.31391136263136893,-0.46300974223721303,-0.09497010825295422,-0.6387581042700476,0.28946899076016974,-0.4497673468864984,0.2451591447800354,0.5643232457896008,0.4955627959573201,0.8077223257580755,0.7661167993165771,0.4807289237403324,0.6793493105542967,0.8718871133745665,0.7631598542372113,0.668630965569876,0.527441324653994,0.9653997240471673,0.9115336248534921,0.3383094472066215,0.06423288483379666,-0.8907792574834633,0.7716727283153961,-1.0224192022559953,0.6202687224927383,-0.957680929666947,0.5057518024322668,-0.8432524566029167,0.5350963997132108,-0.9875694039586682,0.7806010576558718,0.200629629015414,0.2742075355702083,0.7303745618636125,82.16743677452945,90.38601377007348,6.879862643805844,65.133868335401,4.679450607976642
0.47000000000000003,2.8625,1,1.578,1.3044999999999998,0.7014206870733934,0.5202349989227827,-0.19594913159079658,0.5409223459388702,0.4066783287999516,0.8675750428479375,0.41306317704114554,0.4352192334967093,0.5046100881762994,1.2868343012038312,0.8976082429300465,0.45554161596336995,-0.6032637608892044,0.2651538552361834,-1.2129352627200283,0.2952960145291866,-0.519626046877388,-0.0980980635508476,-0.6579369457674041,0.2752757493646119,-0.5106520130961125,0.24261190420053563,0.6104161612469784,0.372756252405754,0.8105736860316486,0.7654803016807301,0.48461220337621824,0.683985955699923,0.9025093452544017,0.7362470006360602,0.6679007938400707,0.5310958870994325,0.9990637888780514,0.8907339032552848,0.3359943698959343,0.09647150525772102,-0.8925970605577498,0.7699908214935899,-1.0232907340941386,0.6220993974805947,-0.9958616952214318,0.5072518676161523,-0.840662229194928,0.536558736993035,-1.0305394697147439,0.7691420820657731,0.19736440813639045,0.28230363557140736,2.4434795423894218,83.19326584378906,73.97738944665666,3.2359445750514393,66.698979047405,7.9721687245756705
0.48,2.9099999999999997,1,1.6019999999999999,1.3279999999999998,0.7169655117194803,0.6054147037161556,-0.20640061643953736,0.5526502387543002,0.35034649061910633,0.7437127767710101,0.3950159098509668,0.4451539353398192,0.4408069824495504,1.1471003765183923,0.9248724752062234,0.3918365266833636,-0.5856472165936317,0.1548889306249402,-1.2403126816495096,0.28240633064384885,-0.5766618167334425,-0.0952206817808752,-0.6798679308976244,0.2658208189879957,-0.5719401282445941,0.2461139344952356,0.6669689336426482,0.2502709644134427,0.8122223905820892,0.7637105250574237,0.48852194863112486,0.6894761245905473,0.9283883824100811,0.7100764549277465,0.6662634470339467,0.5354495486644983,1.0277284422203965,0.8713761447123128,0.33210348136074425,0.12794979928103137,-0.8927571462863988,0.7609031032372457,-1.0230688163238812,0.6251201499501178,-1.0316795211472558,0.5132097905082917,-0.8374257165089298,0.5389459323854168,-1.071229366972285,0.7601099722481272,0.18819708220727568,0.28399190729248586,9.241559242008409,83.57523585961722,60.040243949404754,0.03302860506565105,68.85736921001772,10.867289943911091
0.49,2.9575,1,1.626,1.3514999999999997,0.7324436363397059,0.6899552507140516,-0.21923607825025423,0.5537971679327596,0.3017351060305069,0.6046826965855123,0.3712796500899776,0.44669132133816086,0.38387424095376654,0.9829902122062941,0.9613705334930467,0.43906861259797975,-0.5805086672376103,0.10007718184574059,-1.270084093126533,0.2767941031414376,-0.6345103004452622,-0.08070795944191088,-0.7039002610061527,0.2623152746898505,-0.6340099257121301,0.2613364271086999,0.711858931433833,0.1886781484419695,0.8084113689622479,0.7574336108052606,0.4921641391446509,0.695214612398451,0.9450774797877075,0.6853441307618063,0.6635779695391042,0.5400233324887247,1.0467067358036954,0.8548121895888601,0.3223096556574912,0.15451381485515273,-0.8967435862454488,0.7351567085999754,-1.021618018528538,0.6294605749485261,-1.0629191515425487,0.5278048127101755,-0.8337928368162567,0.5423624849800647,-1.1075014377639145,0.7557799148646118,0.16360102844080424,0.2657237799499794,26.4072685627469,83.16013853656261,47.65096293260941,1.667729018632524,71.45300527061676,13.20159204341529
0.5,3.005,1,1.65,1.3749999999999998,0.7279661729526145,0.6979699117891988,-0.23090554405318162,0.5479791996182487,0.28844822716206736,0.47751985227052174,0.34657538426896106,0.44260028095549486,0.3656797919134542,0.8350864237163702,0.9705319074668242,0.49170545391904136,-0.5796173842699125,0.04701106897340015,-1.298667191014006,0.2765188173464813,-0.7131243724598488,-0.03971322498243611,-0.727028084114482,0.26307119304495785,-0.715273970654065,0.32356290127525533,0.7547889977616259,0.1592018186381239,0.8017836134164269,0.7552960461788532,0.49683405091194943,0.7008123721693192,0.9592592796278852,0.660693516607219,0.6615503616310343,0.5444508008880282,1.0629380008360185,0.8379954386364983,0.3097784795708852,0.18370689712173174,-0.8989865278406215,0.703668371818713,-1.018851638209528,0.6345591119778043,-1.0843543906146538,0.5460104687957132,-0.8295286246096342,0.5463506855158854,-1.133155178645875,0.7553285285258567,0.13836088493323676,0.24334596552033086,30.315312806175662,82.16061152220067,37.726160925407996,3.5763689617519954,73.97892634225576,16.015665301160137
0.51,3.0524999999999998,1,1.674,1.3984999999999999,0.7235014994485952,0.6888745991419737,-0.24120855021637044,0.5363741050334555,0.29517856820171995,0.35708177494882015,0.32177762497913304,0.43381391561418553,0.36943704193124405,0.6963662481923468,0.976689244656622,0.5417997892376706,-0.5765569237041123,0.014561568660029922,-1.3251750758515406,0.2809692453486492,-0.8035056111793372,0.016287983011994703,-0.7483253235757792,0.2675628926573825,-0.8074147558314925,0.4124249649885631,0.7946081977448118,0.22695525385688248,0.7973646866500602,0.7496314201955853,0.5021633554157713,0.7060319880720093,0.972020277530175,0.6360892047923998,0.6602541043949468,0.5485483660050189,1.0776126163561217,0.8210354367144229,0.29840364683427495,0.20831805035652906,-0.89856727040422,0.6789831263243816,-1.015183121585376,0.6399395361212518,-1.100233807936952,0.5662621507486552,-0.824921449913868,0.5505402569426052,-1.1527918659123553,0.7570750557791328,0.12297828541110599,0.23103118987527274,28.651635223276816,80.742113532435,28.84313589085673,4.696086090676025,76.38968099593463,19.733255418543077
0.52,3.1,1,1.698,1.4219999999999997,0.7116730972663536,0.6684512515488753,-0.2495719622970322,0.5185813482364482,0.3166073262779024,0.2644571461463245,0.2977353865929442,0.4199847835660611,0.39054307031288843,0.594650543149712,0.9728581872266346,0.5650559269724607,-0.5743553855697555,0.0052606147750915155,-1.348154880983309,0.2908229902731887,-0.8775774681013003,0.08795879076010209,-0.7663666526576564,0.27628354156500173,-0.8815767692941069,0.5191146543561524,0.8248099959399051,0.3142970245580043,0.7961481735090984,0.7483941458165301,0.507963558521558,0.7105329141295148,0.9765656620604365,0.613597638092493,0.6599621381902302,0.5520424663598599,1.0835860068407268,0.8070719835292921,0.29066104861225345,0.2252122746871684,-0.8962365319167228,0.6642152328404813,-1.0107798777004755,0.6452025007660338,-1.1065223735597587,0.5684849813613031,-0.8201661475294523,0.5546158415438335,-1.1601253778980463,0.7553024502973028,0.11611055957263776,0.23105067895114845,24.42161576253459,78.93217989405439,22.12207522953791,5.202186026877102,78.7164480307719,22.79348750540709
0.53,3.1475,1,1.722,1.4454999999999998,0.688063447115815,0.6463176824972315,-0.2535528878928747,0.49137392975174554,0.33904701341057525,0.1798614372482407,0.27742780174465426,0.39841541924632684,0.4133235671482759,0.5046216922026856,0.9542792509900082,0.5825752309600115,-0.5796726389862175,0.015579747553620838,-1.3645962125471651,0.3083603122800968,-0.9348946962857504,0.1552102564606616,-0.7781342215279129,0.2909603786631112,-0.9382935008357043,0.6175211627395536,0.8377502464417678,0.3816796942591416,0.7894153452816625,0.7495603923982428,0.5133912395665401,0.7139254996323658,0.9768876770941033,0.5936865207528823,0.6608624681530681,0.5546365709857252,1.0850624043184096,0.7959062740468328,0.27831484422910074,0.24380840645250162,-0.8951369573359667,0.6584653471774268,-1.0056732546046607,0.6496381446958858,-1.1120641396785367,0.566549277964178,-0.8156606297017743,0.5580112440418133,-1.166283856222168,0.7521299067679131,0.11088819827882149,0.23559704204149373,22.634793886148106,76.56357200143937,16.099496847665158,5.351926932595155,81.06732464367384,25.328153574097044
0.54,3.1950000000000003,1,1.746,1.4689999999999999,0.6590035838804995,0.5695233977454229,-0.2541597464504865,0.4584812081258798,0.3615153835712135,0.11533588679751121,0.26121841176344857,0.3721306737006663,0.4377129275527389,0.44458353149421265,0.9198900128475579,0.542941547889197,-0.583404065478904,0.029936327819102913,-1.3748108756621444,0.3300788414767442,-0.9410178775981126,0.20450189865561913,-0.7847953339116933,0.30879321453982783,-0.9419283744895053,0.684841013582427,0.846410224246576,0.39794569621986287,0.7837669991850935,0.7546811623447284,0.5175187542615435,0.7162754002873736,0.9652209916351544,0.5817490714180231,0.6621124432785642,0.5564165285067164,1.0737629658061545,0.7932281653111564,0.26900395997843013,0.25066124440836285,-0.893871788827607,0.6655670704293183,-0.9997563298800599,0.6536000935599534,-1.1173019420972419,0.5550267937267114,-0.8116149295729689,0.5610116787287478,-1.1713421064686032,0.745161008833692,0.10655864380368447,0.24927933360706306,12.66585854954747,73.98176592342304,11.494984857326916,5.208986302719079,83.28248638638136,22.768478363984848
0.55,3.2425,1,1.77,1.4925,0.6375211482137769,0.49740112784696855,-0.2514192870260964,0.4207531937934164,0.39441228689262975,0.06127640230235931,0.2494141876712895,0.34181225684933336,0.47318948883095435,0.39355086909636655,0.8922387590769262,0.49930621334430186,-0.5955359976343608,0.1347428819570646,-1.3785029213404922,0.35545336591440635,-0.9126516114351354,0.23700606917605763,-0.786348978587206,0.3293517308985789,-0.9098083572910518,0.7267105383400204,0.813480375514079,0.33319674664742577,0.7826488132771432,0.7688963847601381,0.5201135668519064,0.7175752629990854,0.9641538353093384,0.570644252271983,0.6635264080340709,0.5573843347772797,1.073203293961359,0.7867183022220363,0.26750441707450856,0.2687898455280792,-0.8912175143518629,0.7052589257262667,-0.9927955036255056,0.6572561235941211,-1.1217486537237433,0.5415189097217743,-0.8079443390740573,0.5637457345442402,-1.175396923570433,0.7373489251932601,0.1123492630924395,0.282763857416836,7.336034975156381,71.25186572720003,6.92613208667099,1.7588321943433372,85.38390480253696,15.898531667421741
0.56,3.29,1,1.794,1.5159999999999998,0.6114264236886643,0.4209531616293894,-0.24443253385791983,0.3798369633402645,0.4364862993955304,0.01642705584811631,0.244071204311294,0.30873958752921493,0.5184227868780718,0.35044304521187253,0.8568460170733575,0.4407328185491283,-0.6112006437015824,0.2592321083634586,-1.3729989699431646,0.3841752398353585,-0.8539346314938595,0.2547372646229203,-0.7813998226299106,0.3523057210371532,-0.8462240361426143,0.7461837761425681,0.771976344175442,0.24277560101829254,0.7793078538116797,0.7821654314774807,0.5202302629530933,0.717590104424702,0.9724142646206793,0.5602721476921033,0.6646187803352299,0.5573793037906798,1.0820946167839278,0.7768364953018856,0.2670040654167319,0.2941542372371885,-0.8948410769108379,0.7365882576872892,-0.983502811041156,0.6612259949495078,-1.1254992054531052,0.5262638739214638,-0.8041746180039789,0.5666762532536569,-1.17856871950501,0.7287948381313634,0.1163631116116856,0.312153037257521,4.925899307318659,68.50482147540244,2.335323984236228,2.807272244010357,87.19088286254087,6.34749114595267
0.5700000000000001,3.3375000000000004,1,1.818,1.5394999999999999,0.5995969779919963,0.3773894168699402,-0.23471732739365941,0.33992117536644745,0.48906905196204964,-0.008653983219343448,0.24373736698235293,0.2763434047008384,0.5746715566395414,0.32410703648710787,0.8351552126955283,0.401554391315767,-0.633594162925491,0.3547908862973013,-1.3603762065029041,0.41370254796537803,-0.7714338641239,0.2519434912791107,-0.7714820801178589,0.3756756474091624,-0.7587851046381155,0.7340573591129642,0.7291657717879075,0.1719807253400637,0.7814388671754505,0.7885286239274077,0.5184957183810904,0.7168938674495948,0.9981041209857436,0.5528582496325368,0.6649508509772267,0.5568548900553895,1.1085258029831444,0.7613381198983568,0.27252639841587556,0.32013178150406013,-0.8931572051022281,0.7629242442479697,-0.9730481720772081,0.6652351853236504,-1.1232520414373157,0.5125846062662838,-0.8005584867298206,0.5696129619168362,-1.1750280325677713,0.7235063034666238,0.1261971427478311,0.3400199524334893,4.086626359647962,65.93913214041221,1.848948054661089,5.711354488589943,88.73275545812368,1.4862086464553355
0.58,3.385,1,1.8419999999999999,1.5629999999999997,0.589276404899793,0.33200371917119226,-0.22317697187749747,0.3022943968292938,0.5447744311054418,-0.02582490949621154,0.2471237099724548,0.24570041481591492,0.634469893867795,0.3065991047680453,0.8129963919174776,0.36058529249761123,-0.6461996679885769,0.42346632836171544,-1.342816508853992,0.44323425198548483,-0.6859625465859156,0.24236835223592426,-0.7579549734790558,0.3988852507543982,-0.6686718902339946,0.7118643339810219,0.6968972619990025,0.1854118752162448,0.7877204116891908,0.7965721436689452,0.5155571510112118,0.7160747383318122,1.0264019093369887,0.5479290012265621,0.6645015891015246,0.5562701050137828,1.1374444030503201,0.745998408048456,0.2838180274909969,0.3446625445316317,-0.8897113868672374,0.7910156636465375,-0.9621165966933585,0.6690962711955809,-1.1188778614196542,0.5001804904965077,-0.7970232054162497,0.5724200693229624,-1.169151410493995,0.7197505208574663,0.14179863421618347,0.37027337333379956,3.4718082627087403,63.55800869811098,5.784851713262608,7.636528703473698,90.14918294477579,6.768799995406877
0.59,3.4324999999999997,1,1.8659999999999999,1.5864999999999996,0.5867516434253147,0.3025651808539741,-0.21001659434155862,0.268127399679449,0.6070875587768432,-0.016652820690643,0.2541377986881906,0.21776027425889333,0.7030831185194721,0.32590715492815314,0.7975121224698426,0.319865099633148,-0.6485086761573228,0.46851647299418614,-1.3207205090663774,0.4722987336878351,-0.6135304280134691,0.21522392263732817,-0.740972260840601,0.42156590994023985,-0.5937216409593247,0.6651763534187519,0.6722224734408285,0.255696292326452,0.7960368248681494,0.7954940135908185,0.511580146780562,0.7154575385825438,1.0480895744928582,0.5558316462283973,0.663118352724271,0.5558848118461264,1.1587745398154763,0.7396156939968289,0.29550201190579994,0.3478054613187324,-0.8849302920415535,0.7973153300250899,-0.9510264611494453,0.6726721378858705,-1.1083761266046233,0.49428114358637426,-0.7935403877430478,0.5749942317118275,-1.1567215153374513,0.7218911884645752,0.14108376560537855,0.3765073161761416,3.1151557050893985,61.38208077043027,8.905128860348688,10.128115373954074,91.47369869417896,8.293417593632045
0.6,3.48,1,1.89,1.6099999999999997,0.5870000081534293,0.2840309513737118,-0.19644380461602381,0.2425731499589627,0.6719289650521039,0.004953270543027955,0.2648148553540525,0.19670419865896782,0.7754490665647351,0.36416378996337395,0.7845399652438891,0.2917143802724335,-0.6465078802526137,0.486126143951872,-1.2938287460343045,0.49757281242065865,-0.5575276180585836,0.18245372465967988,-0.720242595754038,0.44102933238730424,-0.5365222554784844,0.6126852969770623,0.6474220644180982,0.3164402396960464,0.8054444265522269,0.7875186646143321,0.5079950224051165,0.7148736407046694,1.0529486583475502,0.5730305573371899,0.6617116449962158,0.5555173896070645,1.1625956433933138,0.7462687254576978,0.3061918475830251,0.3275110577063376,-0.8788600758897123,0.7939788730574893,-0.9410796147471431,0.6755224555260362,-1.0987082513453843,0.4904839216141881,-0.7905163675527412,0.5770166652267273,-1.1454098441781246,0.7245120437313549,0.1338028171228741,0.3747564619893294,2.983339478523165,59.66096253298849,12.069360872596198,11.509341775760648,92.37875995261231,8.325160685986194
0.61,3.5275,1,1.914,1.6334999999999997,0.5928711769216517,0.28938880750219037,-0.1829621822639637,0.223819439296843,0.7401835474425749,0.043345265054635214,0.2776055795959718,0.18110371927701466,0.8528811911913388,0.4280010145799955,0.7785992186433818,0.2867723126256013,-0.6449421434523459,0.5045244189187704,-1.265001668735418,0.519340026951305,-0.5237043747374077,0.14208873937030972,-0.6976586231067209,0.45759639565878746,-0.5032865361193166,0.5523600880981544,0.6202365009701076,0.38217563812039523,0.8138879212309325,0.7851585959158754,0.5059834956747534,0.7143365843978887,1.035089157445651,0.6027794276903744,0.6611881717752016,0.5551389703517019,1.1427795521682682,0.7705200133604362,0.3159444454212393,0.28669172974738105,-0.8707569323589701,0.7927971893050455,-0.932516076915364,0.677964702274015,-1.0901660864864633,0.48952456830822805,-0.7877626986615952,0.578746470844462,-1.1356077754150398,0.7277811523386871,0.13038670182986206,0.37431892760214697,3.0668792654720853,58.23907783242545,15.829246853446692,12.924282416504697,92.97393230043431,6.830876691021219
0.62,3.5749999999999997,1,1.938,1.6569999999999998,0.5984901465364048,0.2996951482961508,-0.16994271369027494,0.2121506305855986,0.774733576294922,0.08346990575202144,0.2923069085723942,0.171199447448341,0.8932399922880206,0.4880358508442996,0.7734035836853415,0.2789535840356115,-0.6401556750343196,0.5027908132071268,-1.2350731573815803,0.5372976660309415,-0.519603137289593,0.0981140371529111,-0.6738239240845008,0.47105072511180657,-0.5015278895757691,0.4921739268934364,0.5959173883133531,0.4222513557519118,0.8172514226422176,0.7848232328799531,0.5054647133664371,0.7138150542668833,0.9942423546340577,0.6359303466323356,0.6614565557786238,0.554727419077717,1.0993698030116852,0.8059552334600193,0.31977040749726315,0.23128960543545002,-0.8646003899817335,0.7944440747225717,-0.925668007759584,0.6799720324369782,-1.0883125512925689,0.4885786211247605,-0.7854263375239418,0.5801717878610924,-1.1335127824794755,0.7275679190970202,0.1297424464317532,0.3789469709906124,3.133256341131539,57.14625634437975,18.327365954682563,12.891286695609478,93.19082158590604,3.9356545298106775
0.63,3.6225,1,1.962,1.6804999999999997,0.6066167700319748,0.3530007518808088,-0.158533232526178,0.21043770584929666,0.7948052529911579,0.12370646074952708,0.3089785664368202,0.169331673158227,0.9176622538207925,0.5457588559036324,0.778317896818854,0.2966323938208296,-0.6389358492198849,0.4860921736281205,-1.2059030397730455,0.5495297621461759,-0.5276291880471292,0.05291091809087751,-0.6499780832967739,0.4799082905466157,-0.5125925329098276,0.43241588916154716,0.5705051470414005,0.4472529183473808,0.8166530699540707,0.7811332648637275,0.506506726188649,0.7132220496617919,0.9447463494158873,0.6700727731947581,0.6623898535491146,0.5542126597279691,1.0470907840190593,0.8453795245729735,0.3174943900311669,0.1695356040866822,-0.8646664783473876,0.7950613618171188,-0.9219300790545862,0.6813237782436989,-1.0892334813173221,0.48763778019496623,-0.7840575941007701,0.5811549441666706,-1.1346134283780949,0.7259186015984637,0.12733953778412324,0.3807093344801134,5.142380905047221,56.592819776165605,20.475730916988784,11.744350263418468,92.75255341000455,0.5848267791861355
0.64,3.67,1,1.986,1.7039999999999997,0.6329022060326982,0.46978807891767127,-0.14902464713550115,0.21869666648810118,0.7416763486179773,0.13861688475554695,0.32680288425785176,0.17553083007371295,0.8610580327928942,0.5640149265543998,0.8212530067533386,0.34857735717904864,-0.6251954889169599,0.4460592119660698,-1.1789950227892456,0.5560797677821222,-0.5707528635369898,0.01468917485083805,-0.6272674927380636,0.48425463661684537,-0.5599023475625728,0.3899059279688962,0.5646223927716949,0.43479202888169444,0.8236772490149704,0.7835224793021611,0.5088925861150234,0.7125107393697712,0.9016931082597665,0.6899885192369531,0.6638229324023409,0.553564234024293,1.0017961597172749,0.8715954513094062,0.3226949816858927,0.12179932667787514,-0.8602819614044622,0.7989437608718666,-0.9210998624094046,0.6824410507482702,-1.1001386190561278,0.4866960368973223,-0.7834012872703777,0.5820272238070261,-1.147159597565135,0.7194576560976909,0.13142183436853136,0.39373831074345744,9.824989211044615,56.61749043546165,16.364689874395896,9.701616607804063,91.45907120309825,3.910291606353692
0.65,3.7175,1,2.0100000000000002,1.7274999999999998,0.6390691584463951,0.5842729796836155,-0.14129203588987946,0.23392694022409907,0.6736743090548291,0.14741674731231322,0.34483024774580495,0.18738798623152453,0.7877763700634366,0.571856194030171,0.855398118416744,0.4382246960296528,-0.6035932989751512,0.3583814766254608,-1.1545988847264292,0.5591253334980213,-0.6233839284315166,-0.016506096663447517,-0.6058161171865172,0.48585239283245896,-0.6167179901054082,0.35911193815539305,0.5864343540424453,0.3754095918070365,0.8233306172379422,0.782726638104551,0.5115985968600519,0.711596448834821,0.8693531714854729,0.7024152963918139,0.6653103329920008,0.5527439291395583,0.9679555493741115,0.8901378917570673,0.31974420456738384,0.09256342208003619,-0.8531450525815194,0.7966295817560439,-0.9224222293091101,0.6833171899651688,-1.1125819047447958,0.4865456904336061,-0.7831084656564365,0.5827608410747606,-1.161544859055401,0.7124861808791146,0.13281199248830894,0.4043012489692001,21.078438775361708,57.118942782534056,10.718786340889887,6.00752843141845,89.49028588713425,8.527722705584894
0.66,3.765,1,2.0340000000000003,1.751,0.641170414361412,0.6752715886307781,-0.13551071744360565,0.2558275282199164,0.5739429144197487,0.14318074544400403,0.3627141490469584,0.2046692115497162,0.6789161650373183,0.5574792147326159,0.8827043108062143,0.5363209879835195,-0.5906577588195484,0.2597452021512905,-1.1331097954628628,0.5590708011520436,-0.696297424055998,-0.03271156182945528,-0.585851832964342,0.4850397645972874,-0.6938127321471028,0.3533120206174088,0.6195563140471085,0.3109512786102652,0.8224336777433425,0.7794775779853821,0.5142532497179223,0.7104146650611712,0.8598682840590792,0.6988656065870287,0.666680655895293,0.5517107756818763,0.9585501688093415,0.8923102281220163,0.3158241000296025,0.08887991720711233,-0.8527788216851356,0.7853448001338611,-0.9258366678901114,0.6839191799718379,-1.1283065727265034,0.488083657215602,-0.7830975642918786,0.58332669165498,-1.179853517459216,0.7044255755958907,0.1249984212594739,0.40531435785447273,37.940679262276745,58.137857956332105,2.4454371418072682,2.3406282781468524,86.79261154565697,13.640161588338165
0.67,3.8125,1,2.0580000000000003,1.7744999999999997,0.6077418941162409,0.7171859573733714,-0.13348492249723037,0.2875381074663209,0.48833289347677805,0.1419431656185447,0.3792608211349858,0.2299632188666132,0.5845370934019263,0.5409884926823021,0.856746443585669,0.5875055564840236,-0.5833954385016221,0.16883044194738006,-1.1170405371925458,0.5550249777434815,-0.7745576040667472,-0.03178002206388193,-0.5696614798691872,0.4811877475280082,-0.7757883134754973,0.369861025440978,0.6587285562624502,0.2771056329531432,0.8158655851191243,0.7717791102881095,0.5153174538846014,0.7084173791257264,0.8675734299744189,0.6840769750181473,0.6672026985311218,0.5500690517189154,0.9675442774443465,0.883054775569502,0.3071545021067706,0.10181044028236964,-0.855502897645482,0.7653398214843214,-0.9313882366693162,0.6839682255220106,-1.142452116598777,0.48923650241782185,-0.7835695012676817,0.5835037611143249,-1.196375967561728,0.6965933937476025,0.11126509474321142,0.3982121257036799,53.006539079557264,60.08649382755574,4.28621644502923,0.7468817152160976,83.4562650754308,18.61252861112123
0.68,3.8600000000000003,1,2.0820000000000003,1.7979999999999998,0.5497893964270518,0.7412787983016982,-0.13226807384076064,0.3257405733153258,0.41148786310132307,0.14256667533692421,0.3958775135237684,0.26050767173349826,0.49914631145732863,0.5231857923716563,0.7986704008368865,0.6144782504737122,-0.5811312601612689,0.12141608864233902,-1.1037040995297331,0.5458936998790394,-0.8561364157655259,-0.02021172061663789,-0.5565669431090656,0.4733420586277302,-0.8607933812577067,0.40028177517861474,0.6732485535720326,0.30933197695100767,0.8067212936924206,0.7647565085800917,0.5156358436542449,0.7060945992050798,0.8859482517570423,0.6623124485612055,0.6674265991237255,0.5481865277361927,0.987958758686109,0.866706212654423,0.29693763458923395,0.12950558411638655,-0.8564762017405259,0.7441787452311578,-0.9369355075521362,0.6837553966402992,-1.155617514472092,0.4901503066394903,-0.7843619558244891,0.5834738435794413,-1.2117897366496382,0.6889029919623769,0.10062147358600274,0.3924486878511447,62.61619127666398,62.653034691190214,9.729650826743825,2.4617172507109775,79.0440824558668,23.913217761500892
0.6900000000000001,3.9075,1,2.1060000000000003,1.8215,0.5194052210775075,0.7396539554577584,-0.1313090366302138,0.3690482034509728,0.38435387527430803,0.13115234814915822,0.4123227072689233,0.2951750273759384,0.46741856688792727,0.49495233003363576,0.7488508987806757,0.6233081678434875,-0.5856887666925481,0.09497460088997801,-1.0930207724896766,0.5321566125272109,-0.9149042773835592,0.002371630228789089,-0.546317285764111,0.46188411778071015,-0.9222256326488406,0.43441024756496915,0.66971178532658,0.34199146576313894,0.7999172256710678,0.7566344547094807,0.5155926194874056,0.7036447453192158,0.9080109078356045,0.6372200650808013,0.6676162711071044,0.5462105914629592,1.0121691400769557,0.845989083107635,0.2892203156466698,0.16107153868476548,-0.8558428680610599,0.7255310975943644,-0.9423626893531788,0.6832695451825977,-1.1628613234902894,0.49402354886070055,-0.7852533494333378,0.583222326994055,-1.2205488011060905,0.6859621994467289,0.09628976211764513,0.38452058084687674,64.55038813571886,65.76235959911261,10.946189703781197,3.874764509236706,73.91547312273114,27.647905469670402
0.7000000000000001,3.955,1,2.1300000000000003,1.845,0.5170504743804543,0.7178445884850178,-0.12975174222238714,0.4166633448160467,0.36916902633556453,0.11501821724623694,0.42813467500799307,0.3333081619341925,0.4488269643229808,0.4641076979350401,0.7134866844870597,0.6207000535981689,-0.5864731316776878,0.10342229211265143,-1.0856628641138613,0.513225258616671,-0.9631808518306152,0.025121585800630328,-0.5393528389661285,0.44636129941559155,-0.9728360700143037,0.4654422665191427,0.645855138808381,0.38475928452966235,0.7975319705727167,0.7565850060853482,0.5157291953147771,0.7013655941212997,0.9277625347449435,0.6141100281540434,0.6682088024665309,0.5443627313951773,1.03385244971533,0.826888533311602,0.28716195360933894,0.19302621371498296,-0.8550147193633578,0.7197064720219376,-0.9474368916462408,0.6824086739466356,-1.1679727408927723,0.499886033575891,-0.7858980738653047,0.5826569912038894,-1.2269690131991957,0.6852142374122074,0.09966435506615642,0.3824444383151853,60.233273607161436,69.33963086231668,10.99896285777671,3.6579632085559712,68.6041125490743,30.981994413985035
0.71,4.0024999999999995,1,2.154,1.8684999999999996,0.5150835308313206,0.648134855469899,-0.12779785843645583,0.4628192963298372,0.38108614408070496,0.08556406809051581,0.4418613910824237,0.37028302428715554,0.4603690184965415,0.4271918604666189,0.6690577980460732,0.5783089057490411,-0.5992229374919423,0.11668786081580101,-1.0821152833896155,0.49106951908650165,-0.9804908744705209,0.04469675255570517,-0.5356690986099985,0.4283726700727657,-0.9915192299635723,0.4837412613742138,0.6110209847264476,0.38800510233296953,0.7912590241542877,0.7571252440586367,0.5152752176983978,0.6992664767971071,0.9376940526216447,0.5994800754280334,0.6687473048810142,0.5426746525926497,1.0448790980042861,0.8152729282712481,0.2819835072746382,0.2151632328136176,-0.8587787999563612,0.7241415066637452,-0.951736279572104,0.6813280620922068,-1.1672324375742198,0.5120901182538411,-0.7857164710059575,0.5818854500327273,-1.2270259280257194,0.6909449989208739,0.10234297265856333,0.3743119526361097,47.00245801250906,73.02990186665637,8.814889201448938,4.123330118000084,64.06893807677172,31.877837502012273
0.72,4.05,1,2.178,1.8919999999999997,0.4925219118997055,0.5302122927166871,-0.1245162466073838,0.507436237133278,0.3964215207165143,0.058250787026505116,0.4547299691786327,0.4059972580180762,0.4763227224560958,0.39736183778956835,0.617458369253959,0.4816460817227792,-0.6043698233636761,0.22402392748092004,-1.0816664121407396,0.46803734646102,-0.9829563594964909,0.0601559159839019,-0.5343459589349896,0.40978176068957517,-0.9947514659130579,0.49447237926925336,0.5360546448829439,0.4125293814178936,0.7910913306599224,0.7726565251338444,0.5152523690168606,0.6978887586434198,0.942332401604727,0.5892926921442221,0.6694357800245743,0.5415558363333325,1.050218902891537,0.807964384940465,0.2857924975682343,0.23768920208788938,-0.8593267643535778,0.7476469318251819,-0.9552020419258306,0.6803378928811749,-1.163179336042716,0.5270085643689985,-0.7845906111844861,0.5811547710750379,-1.223425831834441,0.6998862439417419,0.11714339747985107,0.3755098860427416,29.680602831069308,76.67615574606556,6.573740763671767,0.19420427322468026,60.65543647134334,31.616764387514085
0.73,4.0975,1,2.202,1.9154999999999998,0.4854127710386145,0.42239114282536966,-0.11960027906969106,0.5504450271480565,0.4150327287892146,0.03298917121705315,0.466971368928479,0.4403848729331795,0.49650425746056076,0.3743223876209181,0.6184161932642799,0.3957110635798189,-0.6136958125112598,0.34959362647907655,-1.0844731243551482,0.4449437070011612,-0.9711958293091044,0.07167057622384217,-0.5353919877450571,0.3912492273012482,-0.9831765663627497,0.49795094841093124,0.4803362522260065,0.45282169103702696,0.7926923447662355,0.786678391396864,0.5159621531400017,0.6974033440941116,0.9418981303980909,0.5833627712425214,0.6703640816205622,0.5411357186035443,1.050108816185488,0.8047834424146907,0.2907741959466155,0.2521896267984948,-0.8590053518991172,0.770950705002753,-0.9577251415778595,0.6795264604841169,-1.1559514695571338,0.5445282735281453,-0.7824185352562167,0.5805322071429733,-1.2163211000844354,0.7119042023284692,0.13455106599361621,0.3734221662770464,19.102936690615085,80.20288976605887,4.272112688587041,5.231957092420976,58.409404877309534,30.194540359962524
0.74,4.1450000000000005,1,2.226,1.9389999999999996,0.49148188130632636,0.33998624324357113,-0.1122432376202241,0.5917914772688886,0.42234643330866306,0.01781847732072467,0.4787289643092631,0.4733812337921007,0.5051124962342758,0.36494810488370477,0.6541329338180599,0.32950232103819177,-0.618985527305131,0.4453056858433313,-1.0925509391153068,0.42555519811651205,-0.956750998844096,0.07996883459669878,-0.539982753038479,0.3758738201976355,-0.9689310066833209,0.49685713291910444,0.4739770891386931,0.49755052873325684,0.7953969172620935,0.7902482516990272,0.5182595267340526,0.6982212960854651,0.9411236370863818,0.5742382280465196,0.6719795566237214,0.5417195378384901,1.049824658974868,0.7998863003065768,0.2920172833723928,0.2605697741279743,-0.8573702024706856,0.7803611390034231,-0.9585912457581477,0.6791334919917187,-1.1469220948983847,0.5625773074216941,-0.7787083456031931,0.580187654405079,-1.2072565721837774,0.7245673740666818,0.14315284182903423,0.36231215230361885,13.132177688867708,83.4629487650342,3.1224748437742447,10.785933503548375,57.9013915669064,28.762410346875228
0.75,4.1925,1,2.25,1.9624999999999997,0.5032428096199479,0.23774009475740135,-0.10326357578679067,0.6328326196134691,0.4259288117856396,0.005796092904571181,0.49039988997598144,0.5060942537543811,0.5098356567866378,0.35947931937783417,0.723842592513241,0.24449023345857623,-0.6177147958297552,0.5120861088273411,-1.1031708766640165,0.4119120189069565,-0.9425904622985212,0.08716818603484229,-0.5462410721616833,0.36521081850406456,-0.9550024542360858,0.49464144650343617,0.4956838253467003,0.5348826411221594,0.7992974228587262,0.7948021287590206,0.5212859555653403,0.699840609425938,0.9405698970103378,0.5639627514817216,0.6737188782849182,0.5429303552082189,1.049821981454828,0.7941957201598238,0.2937823447735905,0.27063763606469987,-0.8530480466160105,0.7892791056031189,-0.9578460696773776,0.6793497062955804,-1.137716747334564,0.58018608260536,-0.7741108501467527,0.5802843852362887,-1.1979822898046943,0.7369515249101862,0.15187856487894222,0.3532083824530934,7.1864576007371195,86.67317226931667,2.3317197449547216,15.777560259400223,58.4819838169578,27.4378882573005
0.76,4.24,1,2.274,1.9859999999999998,0.5235026324101045,0.16109294187097545,-0.09281472990041031,0.6730041481995326,0.4206441375223227,0.00014388452632140976,0.5018567015737215,0.5380744155538366,0.5049489285702836,0.3596302196200851,0.8011867287032087,0.19100908101635528,-0.6059974299068741,0.5329610418968823,-1.1156890348983752,0.40415648001604504,-0.9361583394390474,0.09153566609380352,-0.5537233318735312,0.3593539004090789,-0.949049970585635,0.49209868322994565,0.5257148917047403,0.5512373251023567,0.8063878682894781,0.7869230890091649,0.5253129188771231,0.7022318739781791,0.942547347038704,0.550375051604553,0.6757216852520176,0.5447362228773308,1.0525300420236945,0.7852545943944356,0.29355702868536904,0.27293658174241603,-0.8477974887582467,0.7896716747321691,-0.9559126384461101,0.680041511976451,-1.130617280470555,0.5930436069965209,-0.7690914927057368,0.5807308055648444,-1.1908450326749818,0.7457082652546695,0.15397291377990596,0.3444555582446713,2.8485783754816936,89.75293708771032,2.332935120860587,18.80145385226897,59.85877779001471,26.922069267220735
0.77,4.2875000000000005,1,2.298,2.0094999999999996,0.5461984505252498,0.12349189114761061,-0.08064944973220758,0.7115045896561263,0.4146471660059619,-0.004578399213469311,0.512913560001486,0.5686723315162392,0.49921762181805573,0.3601299782625762,0.8594749697719241,0.18359667679957054,-0.5897882425475977,0.5217971698842625,-1.1299792082661142,0.4040366121742297,-0.9329599142718427,0.09478249302508182,-0.5623197209116052,0.35970749417356235,-0.9464082628445959,0.48966329872391307,0.5528777698516024,0.5478214403682677,0.8275511314589724,0.7747907433798938,0.5308847689527934,0.7055762117535039,0.9434657111694543,0.5382177669726045,0.6781994758017654,0.5472674794557137,1.0540644708362028,0.777444084780441,0.30463352085893003,0.26344442099930976,-0.8421626275991133,0.7880242026200851,-0.9528899075884085,0.681205024354261,-1.1254622290303016,0.6031279652111491,-0.7640006638304684,0.5815306911818989,-1.1857523822872782,0.7521595303728335,0.15385339573507528,0.3382976245542551,0.13108508892187004,92.544821364428,2.410763591675235,19.18952198410445,62.09707042151847,26.681624813649744
0.78,4.335,1,2.322,2.033,0.5651386570747337,0.12608636549314486,-0.06631526900226083,0.747790049156547,0.4076004932745889,-0.007930267696584146,0.5233810017735188,0.5974414026409915,0.49224167301296146,0.36114384402121014,0.8861430646564323,0.20683019853259246,-0.5721274384400701,0.5031011133316128,-1.1454119751299567,0.4167386616114229,-0.9345269383353509,0.0963778311366136,-0.5711939205840658,0.37042572363599957,-0.9486455932858473,0.487386156612025,0.5797530794009291,0.5447542802069779,0.8468315108110541,0.7698467759440818,0.5388113118277916,0.7097737383420983,0.9428233171352951,0.5281684627020311,0.6813194569890882,0.5504222774754187,1.053869337060393,0.771299746336919,0.31382353772210575,0.2600439077788852,-0.8374549962338242,0.7878237276644562,-0.9487331319820186,0.6833886169175275,-1.123172631898741,0.6091255522182559,-0.7591018633393921,0.5831283837943628,-1.1836728365720095,0.7552132530522122,0.15260902939314183,0.33699793061345507,0.9514283227830048,94.9205856664021,2.615786027051627,18.90449124940872,65.5843713998567,26.850037548754333
0.79,4.3825,1,2.346,2.0564999999999998,0.5763929031242255,0.16164602620715865,-0.04966048815090606,0.7841521321403844,0.402261100609371,-0.009294421558881456,0.5343091976239104,0.6262113038299161,0.48710622779317675,0.36406827513251305,0.8828684503657618,0.244013363014255,-0.5342517632955506,0.4302534077242241,-1.1612560622592203,0.4379067626120054,-0.9364621961163982,0.09558796476122434,-0.5804073328743476,0.387981420307497,-0.9510752393859276,0.4842455720273079,0.6270510065058195,0.5232343556988154,0.8564449270448035,0.7791434147222026,0.5487549127198905,0.7145608872023596,0.9389216017952136,0.5238270904402658,0.6851471853662338,0.5539953293954152,1.0500563293154672,0.7698364800273325,0.31439473242425103,0.2683073374373576,-0.8366056941850972,0.7976827721411011,-0.9438153590848931,0.6861667161016005,-1.1238726447049274,0.6105633332054973,-0.754556533840418,0.5851918197333402,-1.1846710530822266,0.7548948856645462,0.15469241417254936,0.34283521593987065,0.48316843429377554,97.13679757655791,2.8524663155482095,15.560921964693025,69.97644493886945,27.018038109885467
0.8,4.430000000000001,1,2.37,2.08,0.5982665866548655,0.22770696983268038,-0.030408838544696414,0.8209598625490014,0.3976460085782794,-0.009815302551741317,0.5460901093255466,0.6552678094015585,0.48275160227625064,0.36780324912070544,0.8643967751942003,0.3109106724228729,-0.5252261209527997,0.3254721428624033,-1.1774242588899475,0.4672223838920556,-0.9385536742624625,0.09378619345198964,-0.5900942806451359,0.4121175459711417,-0.9535864739473294,0.48073867851472374,0.6674245590032235,0.4738333520122416,0.8525990475098567,0.7903166060691116,0.5605590214334444,0.7197948516289536,0.9336371440829212,0.5219072650913269,0.6896096082985551,0.5578761953370058,1.04470846594728,0.7703591231078989,0.30043417695067504,0.280376082111713,-0.8396782571492608,0.8078755128414282,-0.9381258783218572,0.6895601017134068,-1.125840976878643,0.610066651032795,-0.750388170937889,0.5877377993177872,-1.1869749869002257,0.7531459346120725,0.1539170901002738,0.3478756214122282,0.1435530960662921,99.2555504135703,3.108157541652854,9.443146353462598,75.39665249765237,27.186416512506433
0.81,4.4775,1,2.394,2.1035,0.6303096733726943,0.38866376509397416,-0.006836036445731398,0.8589885191211277,0.39640827683110097,-0.0064132941082608586,0.560304640195012,0.6851743596470509,0.4821144117556579,0.37583672004896673,0.7919343595214997,0.459124978640886,-0.527197372691815,0.20227336853484135,-1.1938964063855413,0.5065544964484101,-0.9363172659144395,0.08788324057519491,-0.6009755126618701,0.4443493319620782,-0.9512659891887577,0.4745186624456766,0.7328537414331061,0.42481076776032406,0.84937424931285,0.7894035583140726,0.5738964009176264,0.7249584890220526,0.9266432409534139,0.526305389074758,0.6944048637950632,0.5616597555613605,1.0373182516038448,0.7755028807384814,0.28291555615150443,0.2742100357868555,-0.8440124401535196,0.8040619061022467,-0.9313014353086844,0.6939847487053198,-1.1302692089620157,0.6043493926296643,-0.7466930082225589,0.5910942387125553,-1.1916537197661443,0.7483111686808432,0.14048611766215977,0.3490387166579335,4.780799108543894,101.46814893633754,3.4058091480491464,4.058191120297074,82.21751074931268,26.992766234446133
0.8200000000000001,4.525,1,2.418,2.127,0.6459283758378933,0.5488408432883182,0.02026878348934797,0.898027716050897,0.396398394017741,-0.002451562224898923,0.5766811454650252,0.7157836074288968,0.4827640637333672,0.38416219959772835,0.7165063835078215,0.6051351321843039,-0.5388391002747902,0.1523595908044057,-1.2098497341321621,0.5528863261138958,-0.9329746587277576,0.08080632807508123,-0.6130064369406537,0.4822253199292023,-0.947718871565996,0.4674279486679433,0.7814582115809843,0.4005779672476311,0.8427747823293225,0.7796473363516596,0.5877774093710986,0.7299746054344991,0.9201544466540136,0.5315327494125736,0.6991128622312958,0.5653126898365535,1.0304068294625912,0.78098818266902,0.25979037782867204,0.25990086706849436,-0.8498160933986906,0.7839890225519875,-0.9239566112348667,0.698687765474474,-1.1347592163850677,0.5977216769757009,-0.7438671902668605,0.5946740425228637,-1.1963126999742355,0.7432044147570921,0.11301823235222011,0.34042342364365213,16.600631317287004,103.87183579379544,3.6604564140617453,1.59802228203497,90.12490780854304,26.746960597530784
0.8300000000000001,4.572500000000001,1,2.442,2.1505,0.6366455968254987,0.6902480240351841,0.049331878434882036,0.9393774535644477,0.39928272654838165,0.0028295177667599465,0.5937276746261081,0.7481999860249379,0.4864469873142172,0.3931759851805323,0.6379677707121174,0.7272450308847102,-0.5546141720606209,0.14074193769331786,-1.224997553885099,0.6037526804358461,-0.9270245828499509,0.07096222503428856,-0.6257206932459288,0.5237457985459456,-0.9412804050490714,0.45828487600545187,0.8147348197551223,0.37889143875661035,0.8234361459113835,0.7627748899978564,0.6013938811247133,0.735100888329778,0.9148562660255791,0.5387147383000137,0.7031192659454358,0.5690698149364247,1.0246239889407645,0.787278553306602,0.2237601790308512,0.2419929543200674,-0.8602016305706908,0.7578012326597379,-0.9165759475395143,0.7033338517998914,-1.1393948371087912,0.5889478835162085,-0.7418223452175146,0.5982172883225809,-1.2009251203460196,0.7374565462795456,0.07838851441016699,0.32628254641340076,45.719550950934824,106.62784435457539,3.8081818587126506,0.04433095593699817,98.66811397450755,26.378531948966423
0.84,4.62,1,2.466,2.1739999999999995,0.5985534779479685,0.8048177423087455,0.07977662890582173,0.9842191108742803,0.4038566360180618,0.008587322307756745,0.6106846201274806,0.783399184693882,0.4917394330600764,0.401200251740584,0.5489210053780829,0.8196888080195008,-0.5786573459227794,0.13848070162977139,-1.2390262147319353,0.6585136170087145,-0.9197912361481742,0.06116437401118513,-0.6389658979563496,0.5683855902234892,-0.9333529871112868,0.4499273199666329,0.8405481996707905,0.34978585674200185,0.810245478542006,0.7628567815194195,0.6142217247095113,0.7405090807089088,0.9112140589271803,0.546725638131428,0.7059358459816761,0.5730883134653556,1.0204913758965402,0.7934449005834684,0.19729351686788543,0.2385525631117761,-0.8685442206443921,0.743249465631268,-0.9094387666777216,0.7077150482408335,-1.1425014810621628,0.5805338360907499,-0.7406465309647503,0.6015641268328524,-1.2037567096708337,0.7329814771039798,0.05417618217030176,0.318636088088555,78.98050033071385,109.86473564173738,3.864532282599113,1.6900336116819237,107.51655483816646,25.984521125812098
0.85,4.6674999999999995,1,2.49,2.1975,0.46827478384283694,0.9828684893414539,0.1117996589367827,1.0317949852565285,0.40957704412494783,0.014668618507230766,0.6272418885682508,0.8207699101294875,0.49812405456076375,0.4085530589637656,0.359817060017052,0.9699775330034173,-0.597146126075879,0.16170363309640576,-1.251723699948054,0.7152842831033067,-0.9116870985301311,0.05139790828579808,-0.6531240041178481,0.6146255337663966,-0.9244152092807745,0.4421027930653044,0.8572766976177795,0.33332173088243144,0.7729144565498698,0.8177075965670672,0.6255010652412285,0.7461134236540146,0.908695548152735,0.5552990132462543,0.7071188037402754,0.5773228329761606,1.0174785600692609,0.799527089151278,0.16387932612815648,0.29545688253500146,-0.870852881994945,0.7477712903738767,-0.9025294496160808,0.7114974978891514,-1.1445706050642241,0.5723639020455276,-0.739801847686913,0.6044381051172502,-1.2053798779280607,0.7293700931690428,0.04815799993231967,0.32509866779549074,99.76694152910325,113.60115236228226,3.8523019844435047,2.006414977783739,116.1016328506513,25.58028872482506
0.86,4.715,1,2.5140000000000002,2.2209999999999996,0.7114828963054168,1.0666136472835845,0.14421009656251682,1.078806587525796,0.414987838110413,0.025653492037188922,0.6437605017775325,0.8576771884106092,0.5039842446905198,0.41925631425216053,0.5674038219116069,1.08236193777528,-0.6333290319952106,0.27895745080537593,-1.2633987088790395,0.7723462192580982,-0.9023263048075164,0.047753228307565766,-0.6675892056073282,0.6610800308437378,-0.9138469800648478,0.4420215715784971,0.800262628493788,0.35470399670891073,0.7525619781182851,0.7338539147261852,0.6351997541704135,0.7513733544157936,0.9092550120342541,0.565117204214136,0.7074055396543109,0.5813288551315579,1.0175394000333524,0.8051409157856596,0.11866264103342794,0.2302711105462822,-0.8718012826033303,0.7589745347391461,-0.8957619218754135,0.7148769497437465,-1.1424940998373052,0.5681955344312245,-0.7389048116215564,0.60698995642266,-1.2024652288172921,0.7300862182946801,0.050186743635679196,0.33116646608700595,153.52141167211167,117.5238327542468,4.0865600405295295,0.09147860335525175,123.85444299571222,25.00212278956346
0.87,4.7625,1,2.5380000000000003,2.2445,0.7749496692079867,1.1536293068759211,0.17686056478940082,1.1250927765417138,0.4199536676536732,0.039853143108528305,0.6600812433843617,0.8939967081810011,0.5094049835149758,0.4332930350929958,0.5987694968748335,1.168982251403314,-0.6839876505421053,0.367484476631738,-1.2735714081906033,0.8295893216541894,-0.8924782514200336,0.04725333421685962,-0.6819140606530605,0.7076431565038209,-0.9026441294167615,0.4456936395159829,0.749099389317697,0.3821208123444439,0.7388198601198599,0.7020040435440158,0.6435107225631445,0.7563112444151816,0.9110316151124194,0.5753035520748161,0.7069709248128533,0.5851175661140975,1.0188191970877438,0.8104757102065573,0.10969550477693267,0.21379874437459656,-0.8706531318593684,0.7640053194554441,-0.8891826697448069,0.7178158184977325,-1.1390571187039913,0.565658826802339,-0.7379439178063671,0.6091903387738268,-1.1980929469486326,0.7323081396377591,0.049767597621046024,0.33373946620361933,165.38433003700112,121.5606785235448,4.498980716435366,0.7995289410133382,130.6910043499416,24.307359984232164
0.88,4.81,1,2.5620000000000003,2.268,0.7975799459877473,1.243312669995101,0.2094924758232205,1.1702746397756032,0.4231963845866444,0.06516153826254903,0.6756628272014488,0.9294362521329829,0.5132338643426535,0.45972030061453384,0.5926056246972834,1.236205136799741,-0.7218775540389313,0.4875863634379203,-1.280433400117095,0.8868909671229162,-0.8812045319868856,0.05695433691063464,-0.6948259130387786,0.7541567013555085,-0.8895813051112751,0.46132079182493535,0.6866067285660147,0.459161222418689,0.7270815987473415,0.6988319465339616,0.6506190784361432,0.7609507286102833,0.9164001202361215,0.5864186390593801,0.7060618222239523,0.588700417760136,1.0237007425965197,0.8148677886344222,0.09851527850534635,0.2201777787972085,-0.8637975365910214,0.764330979097123,-0.8829831013789567,0.7200713359913022,-1.1319596878534846,0.5679999808529644,-0.736901388466667,0.6108478889184124,-1.189847129149618,0.738712664265311,0.04823900811673775,0.3323504178442686,169.4283974856546,125.61385046098302,5.587743379862532,1.8925994970158484,136.78423150521942,23.183844662250376
0.89,4.8575,1,2.5860000000000003,2.2915,0.8029342251515825,1.3298253650089265,0.2418069008218476,1.2144608495426623,0.42616116379822366,0.09965711014796311,0.6899182511179919,0.9640981279955221,0.5171316159077125,0.49743279447337324,0.5728637233567975,1.2865736959184462,-0.7605224147582772,0.6149364306645317,-1.2778192412157152,0.9492205867370719,-0.8674299087705002,0.07403193849554192,-0.7027259940690778,0.8044330326129009,-0.8736885986459151,0.4849204694476819,0.6159073823750346,0.5513681908893242,0.7171671433943969,0.7011381018047053,0.6567197090134932,0.7652208016079117,0.9235009746596949,0.5975788836736814,0.7046451882470858,0.5920160003920394,1.0303242180144137,0.8184550589109929,0.08809361348759363,0.23086394604728877,-0.852281842654142,0.7634055575910906,-0.8738938125642894,0.723082376333857,-1.1236477362866815,0.5725926808800249,-0.7343569767854635,0.6130264031550792,-1.1803974232829801,0.7465468031016465,0.04574971245921486,0.3317363443244335,170.87002817322866,129.6249580474167,7.224025815806216,7.224536893543645,142.57714913294538,21.525310022834372
0.9,4.905,1,2.6100000000000003,2.315,0.7950842271305992,1.377388476999166,0.2734971375360078,1.2579970563827572,0.42883592103965495,0.14373930123135098,0.7026997689667039,0.9982701005169703,0.5211012325900392,0.5469211787711339,0.535077006933171,1.286867557515961,-0.791145878882087,0.694907716426406,-1.2707938498559541,1.0113058074958843,-0.8510456468237801,0.09880686066249768,-0.7081408926258188,0.8543756090084412,-0.8548429716659051,0.5168393039196021,0.5746041490380639,0.5991028396209891,0.7092596115082488,0.7023540014457609,0.6621296070154481,0.7694123056643161,0.932409497917916,0.6087862492929262,0.7028086696012772,0.5952900774524869,1.0387653594244295,0.8212025293775179,0.08196373276126283,0.24197271756869965,-0.8407488970016108,0.7607098732221003,-0.8646087434311409,0.725903581124827,-1.1140684587550465,0.5795348201868433,-0.7314630535169594,0.6150427303518112,-1.1696914863892582,0.7558727132862773,0.042199173465856735,0.32791459662451483,170.99172039924196,133.50307105038755,9.509951056348324,13.073564681331167,147.73040159054622,19.267969744189205
0.91,4.9525,1,2.6340000000000003,2.3385,0.7869660476825062,1.4372262769078692,0.304407237711291,1.30095377955553,0.4326042365966648,0.20699117437292197,0.7137984703921625,1.0320154179888266,0.5268925946087686,0.6191055086556155,0.5014311504239427,1.2802541547150743,-0.7966933644375798,0.7623474802264947,-1.2606507488533307,1.0712293292274442,-0.8252439091824249,0.13835141630306408,-0.7116709095268096,0.90247759501067,-0.8258167739812099,0.5631144948064493,0.5573728116764849,0.6246488784886766,0.7048578326999355,0.7052596224473765,0.6668712285047435,0.773603302984901,0.941830274756929,0.6196626397573612,0.7005287716086461,0.5985853386788368,1.0477034202939353,0.8232589055150177,0.0781910529900793,0.2519578967607285,-0.8349980995847177,0.7668207706931062,-0.8560479875561586,0.728203644889596,-1.1045649109754492,0.5879783483986187,-0.7285810154077733,0.6166563354678801,-1.1592877423329027,0.7651062351918338,0.043981589204283474,0.3234978791515115,170.46743691367598,137.208892980209,13.138317297798125,59.817664721310116,152.2821507910848,15.256130621197428
0.92,5.0,1,2.6580000000000004,2.362,0.7781054703402953,1.5054032509069881,0.33484269151394636,1.3437025405820153,0.4372632213757738,0.2786548766683244,0.7225347237795804,1.065635136070062,0.5338696281266793,0.7008631228109384,0.47183578797337694,1.2732183679072484,-0.8166844368823227,0.862868159374551,-1.2454582099850364,1.1269377265679217,-0.7957721709999996,0.18503067787324748,-0.7117268519254836,0.9470175860692107,-0.7928173430575105,0.6163376205893484,0.5035669616033517,0.6781599915892731,0.7011298062196284,0.7246882778071261,0.6701501104381749,0.7772571998877382,0.9511272730937308,0.6305551062764775,0.697302074011515,0.6014946714078729,1.0564943217969465,0.825234641469393,0.06101830151216012,0.26713252783194796,-0.7937563672037872,0.7697764853341184,-0.8482530136003753,0.7305017263925666,-1.0951058897875496,0.5970383752312326,-0.72547738278574,0.6182835804272909,-1.1490200929221828,0.7743187121727559,0.067174334074792,0.3473470734630972,170.17980543099912,140.91101240002615,17.69224755607936,172.9586041905821,156.3379148032883,10.230810323998346
0.93,5.0475,1,2.6820000000000004,2.3855,0.7646203316586183,1.5540726873884207,0.36491072094796745,1.3846583097838288,0.44831967005124085,0.38505004449563796,0.7300037158268305,1.0978349765264563,0.5482997215131317,0.8195926198893233,0.43413016968832213,1.2110574090972284,-0.8496632539153736,0.977808304506824,-1.2274925268155052,1.1791392820569842,-0.754209511789549,0.2654962552567142,-0.7099074310920862,0.9886411322045319,-0.7466843399700303,0.7025400109749355,0.4281227884398882,0.7186792555742195,0.6921328289602688,0.7476216386824741,0.6729598558727075,0.7808601167256726,0.9576053482091901,0.6425820073872365,0.6936862888834298,0.6043790882815993,1.0622595076264918,0.8283514046543546,0.03837185582747516,0.2854977804099505,-0.7357693974280695,0.6426851603580988,-0.8409922272289218,0.7325305091950416,-1.0859055038294767,0.6083636187977672,-0.7225244448398384,0.6197083870611592,-1.139337468248884,0.7835733816192565,0.13836195509940974,0.35181424249313037,170.64607627231626,144.36332347229242,25.4224773693889,178.74534845449912,159.96300625516315,1.2148696256310376
0.9400000000000001,5.095,1,2.7060000000000004,2.409,0.7522817223645087,1.637370587072376,0.39446677141070746,1.4235374505630192,0.4646825864663758,0.505973249675439,0.736382090342986,1.1283874591982521,0.5682079264415265,0.9505382836943704,0.4168406762727223,1.1673787723092413,-0.8903008401557695,1.1461033624809158,-1.207317757507246,1.2281856029513283,-0.7161594514415754,0.3697994479756519,-0.7065615263524365,1.0276495102848593,-0.7042454647860328,0.8120387349266174,0.3274709454099333,0.7955959973123948,0.6829793780789439,0.7907861661882509,0.6752421487131667,0.7844326017712667,0.9600902657881206,0.6569889443879772,0.6896958100203299,0.6072563431123609,1.0637529141346869,0.8339191881874743,0.010011618203837665,0.30772088107315626,-0.7285168667226529,0.6416863074720874,-0.8341821279220912,0.7343322907106142,-1.0746132071691077,0.6226126482851135,-0.7195700678649607,0.6209608873090462,-1.1275285847789298,0.7947450394564741,0.1405290917731233,0.3466215246420931,171.64251556834117,147.57336698765022,35.76365845125055,178.7082455144485,163.2385990818821,10.731268666068813
0.9500000000000001,5.1425,1,2.7300000000000004,2.4325,0.7381106575351569,1.6555110033938258,0.42310990888903655,1.4592269965596525,0.48959481201764227,0.6503027372564751,0.7416374467122339,1.156405487097504,0.5969419777430509,1.101165549447935,0.37115075506658224,1.0354727344474812,-0.9156914764118034,1.2906102902833498,-1.1852180179457632,1.273712604070436,-0.683768578149814,0.5125076876239656,-0.7018161336353645,1.0637576603743586,-0.6677582401132011,0.9590704407347925,0.2700557134937298,0.8119309644320438,0.6750450943879925,0.8149190955800304,0.676737576095631,0.7880002358977128,0.9561417628915324,0.6752303836559131,0.685241007069897,0.610154360438445,1.05836400951404,0.8434358378370742,0.026972013290204946,0.3138921363825606,-0.7343239163979433,0.6533560430970308,-0.8278182934704795,0.7359097052924068,-1.0599506099328166,0.6415722217559915,-0.716355848047971,0.6220397333857769,-1.112294062136587,0.8090051785898486,0.12472492006832421,0.32583984100759056,172.4091407325577,150.54303233980943,50.62767939502593,177.08759661905364,166.21172348846133,28.544685707456562
0.96,5.1899999999999995,1,2.754,2.456,0.7178503864720909,1.6686935687860036,0.4493508507300533,1.4900878054093718,0.5185858332858622,0.7923671943291127,0.7452154151516726,1.1806104440440948,0.628669056753056,1.239996770480257,0.32247793630733734,0.898695875547043,-0.9277254389418671,1.4019462220186067,-1.1624714367071756,1.313524701601178,-0.6698893826259126,0.6754520258737197,-0.6961106023711109,1.095231999877912,-0.6518901204797808,1.1206003747463564,0.2508466638003384,0.7708912043659402,0.6676522580147202,0.8271367110862085,0.6779886904639494,0.7913852016257291,0.9429785855967747,0.6993242544570789,0.6807698791617183,0.6129111490178394,1.043013860504507,0.8582368727897784,0.037215752907609194,0.30354671918733356,-0.7399787757465761,0.6607726980321329,-0.8214289610011882,0.7374889620377917,-1.0351972750229386,0.6677461692279669,-0.7125609652504555,0.6231118962143859,-1.0862343559598064,0.8298757526488211,0.11189065126719289,0.29530084933082523,172.41479918257744,153.08732027059241,67.7342457180716,175.47449990352897,168.6915129089154,51.03365848528159
0.97,5.2375,1,2.778,2.4795,0.705747749973712,1.6656610243565955,0.4738979992899407,1.5179926018469205,0.5494887900464038,0.9333699183509406,0.747778521847906,1.2024862772674614,0.6617991175014113,1.3732985955494994,0.2748822837118151,0.7487770873180811,-0.9260403627049976,1.4902401655301685,-1.1394218706729593,1.3498404800410868,-0.664687536055695,0.8478820353428994,-0.6897582985610452,1.1238728435004823,-0.6456872063335839,1.288926353228259,0.25542854113844515,0.6934906397459629,0.6596140090615374,0.8273488039360031,0.6786200818509995,0.7941333089279776,0.9254960296778747,0.7261614525394464,0.6763276243750969,0.6151689453494494,1.0229943781876827,0.8755149633533132,0.038268785080094916,0.2844857271809548,-0.7374610843736614,0.682215125447698,-0.814979100768168,0.7394169919453448,-1.0057139068285663,0.6973018545129568,-0.708471614590488,0.6244598881718907,-1.0551003450012584,0.8538449680791677,0.09633844713588446,0.2686767316849586,172.77408280450538,155.42259327657243,86.20404994940175,175.21094774815606,170.821432541373,76.34649801190055
0.98,5.285,1,2.802,2.5029999999999997,0.7010810812167243,1.6462516671613585,0.49667488747807925,1.5430435167186358,0.5731199899362464,1.0438664188015585,0.7493492293520692,1.2221168174857147,0.685617579122277,1.4673247767827589,0.22898431028463104,0.6158262972001023,-0.9191109043410531,1.5713379101495468,-1.116153869339597,1.382853218253745,-0.6722130026654078,0.9877079625258706,-0.6827970035014765,1.1498384598773548,-0.6547231293288532,1.4156044660817366,0.27267638169535824,0.6337053649883767,0.6556523902398146,0.8262643825187544,0.6786767132093392,0.7961849950673892,0.9000369772762774,0.7550221926286608,0.6719955445237304,0.6168776208372516,0.9942906199929358,0.8940463806980927,0.03787992869125192,0.25455701915547063,-0.736291707034255,0.7234911242455843,-0.8084707529632107,0.7417159952242816,-0.9650785094336107,0.7306564198846041,-0.7041347285218733,0.6261022614670527,-1.0120842335319071,0.8805827743838339,0.07444434561069407,0.228898978620955,173.0975648008105,157.5659846167102,101.25622158833542,175.28381727433327,172.66106835375564,97.17959048230165
0.99,5.3325,1,2.826,2.5265,0.6910645032477813,1.6628307794282127,0.5160392383842476,1.5634682886354718,0.5931873263670063,1.1463988996894174,0.7491542456439508,1.23812263266902,0.7054499163000078,1.5527365995071565,0.2012628826114931,0.5256251783968268,-0.8925215025468227,1.6273430282971233,-1.0929253737162277,1.4111844629982626,-0.6775700205268624,1.1153562126074026,-0.6751844224251351,1.172023422378064,-0.6617500290104029,1.528445122848973,0.29476471452964864,0.5552788840417735,0.6539020715090599,0.8234754576309695,0.6795454777923743,0.7980434436037971,0.8739711570229048,0.7816994532239959,0.668488048285747,0.6184005908251381,0.9650734843838923,0.9114631065856185,0.03611608538157789,0.22399918960369364,-0.7351307481121088,0.7638913761092928,-0.802012616729826,0.7438115001676824,-0.9269543335973358,0.760244110118598,-0.6995437659869687,0.627578501354237,-0.971641363793403,0.904631271421184,0.06983112320182212,0.19185825626648204,172.6828678288873,159.18553370610806,114.55654449016805,174.413561812002,174.23427552149602,113.90570737377823
1.0,5.38,1,2.85,2.55,0.6844195877177487,1.6791091857722373,0.532651195732235,1.58055242342113,0.6043472335061231,1.229836873897112,0.7479428541139391,1.251514406057047,0.7153864269581234,1.6178516248779746,0.18096154345882778,0.45635204845230176,-0.8608338040990551,1.6543772172228142,-1.070356900886522,1.4366046639833667,-0.6765320843910042,1.2130088971556185,-0.6674860022315021,1.1918766980713664,-0.6626561378466896,1.607463448700628,0.30219995538027167,0.4783023289158055,0.6533707856339345,0.8231150800156872,0.6804001519444823,0.7994686859197326,0.8467719186428374,0.8025510242596946,0.6652632278719246,0.6195710641753965,0.9350074241994147,0.9258932262027263,0.0359129307755713,0.1944913330672165,-0.7289713702695862,0.7933518915717325,-0.7957975200523505,0.7460195820468246,-0.8960320298523619,0.7797639832317939,-0.6949641733626265,0.6291513742314357,-0.9386040818214774,0.9214887788535007,0.08189066991880165,0.16761233616081667,172.3871753491776,160.51284734810798,124.79042130531194,173.85183461739405,175.6126698033689,124.43590061105327
