Timestamp,Pelvis_position_x,Pelvis_position_y,Pelvis_position_z,Pelvis_extension,Pelvis_lateral_flexion_rotation,Pelvis_axial_rotation,Chest_position_x,Chest_position_y,Chest_position_z,Thorax_extension,Thorax_lateral_flexion_rotation,Thorax_axial_rotation,Head_position_x,Head_position_y,Head_position_z,Neck_flexion,Neck_left-ward_tilt,Neck_right-ward_rotation,LeftUpperLeg_position_x,LeftUpperLeg_position_y,LeftUpperLeg_position_z,LeftHip_flexion,LeftHip_adduction,LeftHip_external_rotation,LeftLowerLeg_position_x,LeftLowerLeg_position_y,LeftLowerLeg_position_z,LeftKnee_flexion,LeftKnee_adduction,LeftKnee_external_rotation,LeftFoot_position_x,LeftFoot_position_y,LeftFoot_position_z,LeftAnkle_dorsiflexion,LeftAnkle_inversion,LeftAnkle_internal_rotation,RightUpperLeg_position_x,RightUpperLeg_position_y,RightUpperLeg_position_z,RightHip_flexion,RightHip_adduction,RightHip_external_rotation,RightLowerLeg_position_x,RightLowerLeg_position_y,RightLowerLeg_position_z,RightKnee_flexion,RightKnee_adduction,RightKnee_external_rotation,RightFoot_position_x,RightFoot_position_y,RightFoot_position_z,RightAnkle_dorsiflexion,RightAnkle_inversion,RightAnkle_internal_rotation,LeftShoulder_position_x,LeftShoulder_position_y,LeftShoulder_position_z,LeftScapula_protraction,LeftScapula_medial_rotation,LeftScapula_posterior_tilt,LeftUpperArm_position_x,LeftUpperArm_position_y,LeftUpperArm_position_z,LeftShoulder_flexion,LeftShoulder_abduction,LeftShoulder_external_rotation,LeftForeArm_position_x,LeftForeArm_position_y,LeftForeArm_position_z,LeftElbow_flexion,LeftElbow_abduction,LeftElbow_pronation,RightShoulder_position_x,RightShoulder_position_y,RightShoulder_position_z,RightScapula_protraction,RightScapula_medial_rotation,RightScapula_posterior_tilt,RightUpperArm_position_x,RightUpperArm_position_y,RightUpperArm_position_z,RightShoulder_flexion,RightShoulder_abduction,RightShoulder_external_rotation,RightForeArm_position_x,RightForeArm_position_y,RightForeArm_position_z,RightElbow_flexion,RightElbow_abduction,RightElbow_pronation,LeftHand_position_x,LeftHand_position_y,LeftHand_position_z,LeftWrist_flexion,LeftWrist_adduction,LeftWrist_pronation,RightHand_position_x,RightHand_position_y,RightHand_position_z,RightWrist_flexion,RightWrist_adduction,RightWrist_pronation,LeftDigit1MetaCarpal_position_x,LeftDigit1MetaCarpal_position_y,LeftDigit1MetaCarpal_position_z,LeftDigit1Carpometacarpal_flexion,LeftDigit1Carpometacarpal_ulnarDeviation,LeftDigit1Carpometacarpal_pronation,LeftDigit1ProximalPhalangx_position_x,LeftDigit1ProximalPhalangx_position_y,LeftDigit1ProximalPhalangx_position_z,LeftDigit1Metacarpophalangeal_flexion,LeftDigit1Metacarpophalangeal_ulnarDeviation,LeftDigit1Metacarpophalangeal_pronation,LeftDigit1DistalPhalanx_position_x,LeftDigit1DistalPhalanx_position_y,LeftDigit1DistalPhalanx_position_z,LeftDigit1Interphalangeal_flexion,LeftDigit1Interphalangeal_ulnarDeviation,LeftDigit1Interphalangeal_pronation,LeftDigit2MetaCarpal_position_x,LeftDigit2MetaCarpal_position_y,LeftDigit2MetaCarpal_position_z,LeftDigit2Carpometacarpal_flexion,LeftDigit2Carpometacarpal_ulnarDeviation,LeftDigit2Carpometacarpal_pronation,LeftDigit2ProximalPhalangx_position_x,LeftDigit2ProximalPhalangx_position_y,LeftDigit2ProximalPhalangx_position_z,LeftDigit2Metacarpophalangeal_flexion,LeftDigit2Metacarpophalangeal_ulnarDeviation,LeftDigit2Metacarpophalangeal_pronation,LeftDigit2IntermediatePhalanx_position_x,LeftDigit2IntermediatePhalanx_position_y,LeftDigit2IntermediatePhalanx_position_z,LeftDigit2ProximalInterphalangeal_flexion,LeftDigit2ProximalInterphalangeal_ulnarDeviation,LeftDigit2ProximalInterphalangeal_pronation,LeftDigit2DistalPhalanx_position_x,LeftDigit2DistalPhalanx_position_y,LeftDigit2DistalPhalanx_position_z,LeftDigit2DistalInterphalangeal_flexion,LeftDigit2DistalInterphalangeal_ulnarDeviation,LeftDigit2DistalInterphalangeal_pronation,LeftDigit3MetaCarpal_position_x,LeftDigit3MetaCarpal_position_y,LeftDigit3MetaCarpal_position_z,LeftDigit3Carpometacarpal_flexion,LeftDigit3Carpometacarpal_ulnarDeviation,LeftDigit3Carpometacarpal_pronation,LeftDigit3ProximalPhalangx_position_x,LeftDigit3ProximalPhalangx_position_y,LeftDigit3ProximalPhalangx_position_z,LeftDigit3Metacarpophalangeal_flexion,LeftDigit3Metacarpophalangeal_ulnarDeviation,LeftDigit3Metacarpophalangeal_pronation,LeftDigit3IntermediatePhalanx_position_x,LeftDigit3IntermediatePhalanx_position_y,LeftDigit3IntermediatePhalanx_position_z,LeftDigit3ProximalInterphalangeal_flexion,LeftDigit3ProximalInterphalangeal_ulnarDeviation,LeftDigit3ProximalInterphalangeal_pronation,LeftDigit3DistalPhalanx_position_x,LeftDigit3DistalPhalanx_position_y,LeftDigit3DistalPhalanx_position_z,LeftDigit3DistalInterphalangeal_flexion,LeftDigit3DistalInterphalangeal_ulnarDeviation,LeftDigit3DistalInterphalangeal_pronation,LeftDigit4MetaCarpal_position_x,LeftDigit4MetaCarpal_position_y,LeftDigit4MetaCarpal_position_z,LeftDigit4Carpometacarpal_flexion,LeftDigit4Carpometacarpal_ulnarDeviation,LeftDigit4Carpometacarpal_pronation,LeftDigit4ProximalPhalangx_position_x,LeftDigit4ProximalPhalangx_position_y,LeftDigit4ProximalPhalangx_position_z,LeftDigit4Metacarpophalangeal_flexion,LeftDigit4Metacarpophalangeal_ulnarDeviation,LeftDigit4Metacarpophalangeal_pronation,LeftDigit4IntermediatePhalanx_position_x,LeftDigit4IntermediatePhalanx_position_y,LeftDigit4IntermediatePhalanx_position_z,LeftDigit4ProximalInterphalangeal_flexion,LeftDigit4ProximalInterphalangeal_ulnarDeviation,LeftDigit4ProximalInterphalangeal_pronation,LeftDigit4DistalPhalanx_position_x,LeftDigit4DistalPhalanx_position_y,LeftDigit4DistalPhalanx_position_z,LeftDigit4DistalInterphalangeal_flexion,LeftDigit4DistalInterphalangeal_ulnarDeviation,LeftDigit4DistalInterphalangeal_pronation,LeftDigit5MetaCarpal_position_x,LeftDigit5MetaCarpal_position_y,LeftDigit5MetaCarpal_position_z,LeftDigit5Carpometacarpal_flexion,LeftDigit5Carpometacarpal_ulnarDeviation,LeftDigit5Carpometacarpal_pronation,LeftDigit5ProximalPhalangx_position_x,LeftDigit5ProximalPhalangx_position_y,LeftDigit5ProximalPhalangx_position_z,LeftDigit5Metacarpophalangeal_flexion,LeftDigit5Metacarpophalangeal_ulnarDeviation,LeftDigit5Metacarpophalangeal_pronation,LeftDigit5IntermediatePhalanx_position_x,LeftDigit5IntermediatePhalanx_position_y,LeftDigit5IntermediatePhalanx_position_z,LeftDigit5ProximalInterphalangeal_flexion,LeftDigit5ProximalInterphalangeal_ulnarDeviation,LeftDigit5ProximalInterphalangeal_pronation,LeftDigit5DistalPhalanx_position_x,LeftDigit5DistalPhalanx_position_y,LeftDigit5DistalPhalanx_position_z,LeftDigit5DistalInterphalangeal_flexion,LeftDigit5DistalInterphalangeal_ulnarDeviation,LeftDigit5DistalInterphalangeal_pronation,RightDigit1MetaCarpal_position_x,RightDigit1MetaCarpal_position_y,RightDigit1MetaCarpal_position_z,RightDigit1Carpometacarpal_flexion,RightDigit1Carpometacarpal_ulnarDeviation,RightDigit1Carpometacarpal_pronation,RightDigit1ProximalPhalangx_position_x,RightDigit1ProximalPhalangx_position_y,RightDigit1ProximalPhalangx_position_z,RightDigit1Metacarpophalangeal_flexion,RightDigit1Metacarpophalangeal_ulnarDeviation,RightDigit1Metacarpophalangeal_pronation,RightDigit1DistalPhalanx_position_x,RightDigit1DistalPhalanx_position_y,RightDigit1DistalPhalanx_position_z,RightDigit1Interphalangeal_flexion,RightDigit1Interphalangeal_ulnarDeviation,RightDigit1Interphalangeal_pronation,RightDigit2MetaCarpal_position_x,RightDigit2MetaCarpal_position_y,RightDigit2MetaCarpal_position_z,RightDigit2Carpometacarpal_flexion,RightDigit2Carpometacarpal_ulnarDeviation,RightDigit2Carpometacarpal_pronation,RightDigit2ProximalPhalangx_position_x,RightDigit2ProximalPhalangx_position_y,RightDigit2ProximalPhalangx_position_z,RightDigit2Metacarpophalangeal_flexion,RightDigit2Metacarpophalangeal_ulnarDeviation,RightDigit2Metacarpophalangeal_pronation,RightDigit2IntermediatePhalanx_position_x,RightDigit2IntermediatePhalanx_position_y,RightDigit2IntermediatePhalanx_position_z,RightDigit2ProximalInterphalangeal_flexion,RightDigit2ProximalInterphalangeal_ulnarDeviation,RightDigit2ProximalInterphalangeal_pronation,RightDigit2DistalPhalanx_position_x,RightDigit2DistalPhalanx_position_y,RightDigit2DistalPhalanx_position_z,RightDigit2DistalInterphalangeal_flexion,RightDigit2DistalInterphalangeal_ulnarDeviation,RightDigit2DistalInterphalangeal_pronation,RightDigit3MetaCarpal_position_x,RightDigit3MetaCarpal_position_y,RightDigit3MetaCarpal_position_z,RightDigit3Carpometacarpal_flexion,RightDigit3Carpometacarpal_ulnarDeviation,RightDigit3Carpometacarpal_pronation,RightDigit3ProximalPhalangx_position_x,RightDigit3ProximalPhalangx_position_y,RightDigit3ProximalPhalangx_position_z,RightDigit3Metacarpophalangeal_flexion,RightDigit3Metacarpophalangeal_ulnarDeviation,RightDigit3Metacarpophalangeal_pronation,RightDigit3IntermediatePhalanx_position_x,RightDigit3IntermediatePhalanx_position_y,RightDigit3IntermediatePhalanx_position_z,RightDigit3ProximalInterphalangeal_flexion,RightDigit3ProximalInterphalangeal_ulnarDeviation,RightDigit3ProximalInterphalangeal_pronation,RightDigit3DistalPhalanx_position_x,RightDigit3DistalPhalanx_position_y,RightDigit3DistalPhalanx_position_z,RightDigit3DistalInterphalangeal_flexion,RightDigit3DistalInterphalangeal_ulnarDeviation,RightDigit3DistalInterphalangeal_pronation,RightDigit4MetaCarpal_position_x,RightDigit4MetaCarpal_position_y,RightDigit4MetaCarpal_position_z,RightDigit4Carpometacarpal_flexion,RightDigit4Carpometacarpal_ulnarDeviation,RightDigit4Carpometacarpal_pronation,RightDigit4ProximalPhalangx_position_x,RightDigit4ProximalPhalangx_position_y,RightDigit4ProximalPhalangx_position_z,RightDigit4Metacarpophalangeal_flexion,RightDigit4Metacarpophalangeal_ulnarDeviation,RightDigit4Metacarpophalangeal_pronation,RightDigit4IntermediatePhalanx_position_x,RightDigit4IntermediatePhalanx_position_y,RightDigit4IntermediatePhalanx_position_z,RightDigit4ProximalInterphalangeal_flexion,RightDigit4ProximalInterphalangeal_ulnarDeviation,RightDigit4ProximalInterphalangeal_pronation,RightDigit4DistalPhalanx_position_x,RightDigit4DistalPhalanx_position_y,RightDigit4DistalPhalanx_position_z,RightDigit4DistalInterphalangeal_flexion,RightDigit4DistalInterphalangeal_ulnarDeviation,RightDigit4DistalInterphalangeal_pronation,RightDigit5MetaCarpal_position_x,RightDigit5MetaCarpal_position_y,RightDigit5MetaCarpal_position_z,RightDigit5Carpometacarpal_flexion,RightDigit5Carpometacarpal_ulnarDeviation,RightDigit5Carpometacarpal_pronation,RightDigit5ProximalPhalangx_position_x,RightDigit5ProximalPhalangx_position_y,RightDigit5ProximalPhalangx_position_z,RightDigit5Metacarpophalangeal_flexion,RightDigit5Metacarpophalangeal_ulnarDeviation,RightDigit5Metacarpophalangeal_pronation,RightDigit5IntermediatePhalanx_position_x,RightDigit5IntermediatePhalanx_position_y,RightDigit5IntermediatePhalanx_position_z,RightDigit5ProximalInterphalangeal_flexion,RightDigit5ProximalInterphalangeal_ulnarDeviation,RightDigit5ProximalInterphalangeal_pronation,RightDigit5DistalPhalanx_position_x,RightDigit5DistalPhalanx_position_y,RightDigit5DistalPhalanx_position_z,RightDigit5DistalInterphalangeal_flexion,RightDigit5DistalInterphalangeal_ulnarDeviation,RightDigit5DistalInterphalangeal_pronation,Phase
0,0.8115793,0.9272774,-1.298487,0.2579304,0.743686,0.4352126,0.8082789,1.287879,-1.337992,-0.1758294,0.1058383,2.042389,0.8082417,1.596767,-1.333134,4.137537,-0.4534286,2.106636,0.7315036,0.9262408,-1.297873,0.9037398,0.6588391,-0.8572935,0.7321869,0.4992113,-1.289172,8.259112,0.004732416,-0.06255726,0.7308361,0.07437745,-1.341995,7.071492,-0.5653614,-9.775093,0.891655,0.9283141,-1.2991,-0.8880135,-0.9952888,2.257588,0.8897285,0.5012249,-1.303736,4.686089,-0.0004271027,0.01978234,0.8867685,0.07496274,-1.343331,5.353537,-1.100327,-6.017215,0.7391654,1.410669,-1.316215,-15.63309,0.1642962,1.712465,0.6098134,1.410908,-1.347486,-20.82829,21.63027,-61.53942,0.5654059,1.156951,-1.358643,10.07849,-7.228711E-05,-36.2067,0.8782873,1.410941,-1.321175,-16.62983,0.7047731,1.278401,1.004349,1.412942,-1.363772,-11.09906,12.45264,-50.68791,1.041015,1.157871,-1.377378,8.828439,-0.0001054973,-33.50081,0.5544841,0.8737059,-1.338734,3.514855,-15.03634,0.4635163,1.057728,0.8750449,-1.355624,6.301452,-12.61316,0.697174,0.5637214,0.8628166,-1.307134,40.97717,-20.48367,86.81728,0.5927833,0.8407862,-1.291955,8.451406,39.31438,-5.377895,0.5970619,0.8138098,-1.279589,4.352982,-2.296137E-05,0,0.5614219,0.8537224,-1.316242,0,-14.88063,1.249762,0.5691344,0.8077959,-1.287086,26.3513,22.27976,-7.235625,0.5886012,0.7664999,-1.285923,18.83367,8.026376E-06,0,0.6076261,0.7459868,-1.28851,12.56206,5.138552E-06,0,0.5590419,0.8492338,-1.32558,0,-2.348412E-06,0,0.5634747,0.798456,-1.309268,24.63314,13.16422,-2.121818,0.5828322,0.7557971,-1.311174,23.71076,2.395846E-05,0,0.6051884,0.7350526,-1.316286,15.81974,1.655841E-05,0,0.5564625,0.846024,-1.335671,3.069245,14.87364,-2.900633,0.5600384,0.7949499,-1.333349,22.6863,-0.4495401,-0.5078341,0.5793914,0.7556944,-1.33483,23.84229,2.066829E-05,0,0.6007874,0.7375479,-1.338078,15.90764,1.262765E-05,0,0.5540491,0.845477,-1.345067,7.703139,29.67834,-7.043752,0.5573071,0.798734,-1.355723,16.49771,-10.61666,-6.207315,0.5705006,0.7659689,-1.358554,21.4723,0.0009747864,-0.02797646,0.5857822,0.7498443,-1.360156,14.32422,0.0006737992,0,1.055788,0.8634441,-1.323003,34.02977,-17.02441,70.86011,1.033188,0.8379538,-1.303007,5.814599,33.30312,-3.200206,1.029312,0.8094882,-1.294427,3.238215,-2.296828E-05,0,1.055469,0.854583,-1.332612,0,-14.88069,1.249762,1.052925,0.808014,-1.303566,19.34766,28.89014,1.742149,1.038074,0.7648352,-1.302729,18.27352,-0.00012226,0,1.021283,0.7423617,-1.304289,12.18809,-0.0001039393,0,1.055372,0.8503264,-1.342353,0,-1.039842E-05,0,1.052757,0.7992236,-1.326675,21.20663,16.83714,0,1.034452,0.7560699,-1.32758,26.3619,-5.292812E-05,0,1.01109,0.7359213,-1.329705,17.5919,-6.507594E-05,0,1.055346,0.8473651,-1.352842,3.069245,14.87368,-2.900701,1.050233,0.7964038,-1.350958,16.70678,3.067527,-6.943594,1.033487,0.7559434,-1.351458,28.18699,-6.257981E-06,0,1.011744,0.7379815,-1.349965,18.81247,-1.214766E-05,0,1.055436,0.8470464,-1.362553,7.703165,29.67843,-7.043752,1.047741,0.8008338,-1.373241,16.87834,-9.810414,-21.04381,1.032595,0.7688105,-1.374095,21.23609,2.923187E-06,0,1.017278,0.7529929,-1.370736,14.16642,-2.544443E-06,0,start
33,0.8115442,0.9272401,-1.298422,0.2525642,0.7473057,0.4441136,0.8082254,1.287846,-1.337884,-0.1845175,0.1055296,2.059566,0.8081642,1.596733,-1.332998,4.118989,-0.4256042,2.110534,0.7314687,0.9261984,-1.297796,0.9400361,0.6586313,-0.8517979,0.7321836,0.4991737,-1.288868,8.330908,0.004785895,-0.05934703,0.7308483,0.07437798,-1.341998,7.113174,-0.575928,-9.776219,0.8916198,0.9282818,-1.299047,-0.8782644,-0.9890445,2.257154,0.8897665,0.501192,-1.303652,4.70532,-0.0004059204,0,0.8868679,0.07493973,-1.343358,5.368486,-1.088747,-6.013597,0.7391191,1.410632,-1.316068,-15.63597,0.1523983,1.720332,0.6097591,1.410849,-1.347306,-20.82121,21.64169,-61.52845,0.5653369,1.156891,-1.358385,10.06066,-7.725041E-05,-36.18211,0.8782395,1.410905,-1.321071,-16.62721,0.7000077,1.273954,1.00429,1.4129,-1.363699,-11.07796,12.45451,-50.64873,1.040983,1.157833,-1.377301,8.819957,-0.0001180187,-33.3851,0.5543344,0.8736512,-1.338449,3.53258,-15.03034,0.4660423,1.057782,0.8750113,-1.355555,6.279478,-12.64793,0.6966124,0.5635888,0.8627583,-1.306856,40.97555,-20.48473,86.8262,0.5926572,0.8407245,-1.291693,8.461392,39.31089,-5.383941,0.5969416,0.8137465,-1.279333,4.358378,-3.72463E-06,0,0.5612837,0.8536652,-1.315964,0,-14.88063,1.250075,0.5690098,0.8077354,-1.286816,26.35115,22.28575,-7.180427,0.5884727,0.7664371,-1.285672,18.84675,-2.524602E-05,0,0.6074954,0.7459251,-1.288285,12.57081,-2.219908E-05,0,0.5588982,0.8491776,-1.3253,0,-1.191872E-06,0,0.5633371,0.7983979,-1.308996,24.6451,13.15434,-2.12486,0.5827018,0.7557428,-1.310912,23.69127,2.777079E-05,0,0.6050529,0.7349949,-1.316033,15.80672,1.578261E-05,0,0.5563129,0.845969,-1.33539,3.069245,14.87364,-2.900701,0.5598871,0.7948944,-1.333075,22.71253,-0.4567577,-0.5237671,0.5792556,0.7556471,-1.33457,23.77217,-1.389498E-05,0,0.6006365,0.7374834,-1.337822,15.86078,-1.587176E-05,0,0.5538941,0.845423,-1.344785,7.703165,29.67834,-7.04378,0.5571434,0.7986808,-1.355447,16.48242,-10.61227,-6.173332,0.5703245,0.7659118,-1.35829,21.51679,0.0005411906,0,0.5856124,0.7497947,-1.359909,14.3539,0.0003675191,0,1.055818,0.8634257,-1.32293,34.01879,-17.00733,70.86591,1.033221,0.8379182,-1.302953,5.730494,33.25132,-3.149395,1.029354,0.8094655,-1.294326,3.193347,-2.50619E-06,0,1.055516,0.8545594,-1.332535,0,-14.88067,1.250075,1.052978,0.8080033,-1.303468,19.3416,28.89242,1.724763,1.038164,0.7648121,-1.302625,18.36934,-9.618705E-05,0,1.021357,0.7423514,-1.304198,12.25205,-6.545825E-05,0,1.055432,0.8502978,-1.342274,0,-2.502552E-06,0,1.052841,0.799201,-1.326572,21.24885,16.83715,-0.06255726,1.03454,0.7560457,-1.327477,26.4063,0.0001327532,0,1.011165,0.7359129,-1.329612,17.62159,9.1639E-05,0,1.055418,0.8473312,-1.352761,3.069245,14.87368,-2.900633,1.050343,0.7963669,-1.350856,16.77503,3.073805,-6.98685,1.033581,0.7559133,-1.351357,28.24289,2.533562E-05,0,1.011812,0.7379819,-1.349866,18.84989,3.037228E-05,0,1.055519,0.8470075,-1.362472,7.703165,29.67842,-7.043752,1.04787,0.8007835,-1.373144,16.89723,-9.814178,-21.03223,1.03274,0.7687528,-1.373993,21.25912,7.289854E-06,0,1.01742,0.7529365,-1.370636,14.18178,4.912161E-06,0,start
67,0.8115476,0.927181,-1.298348,0.2446942,0.7509281,0.4532716,0.8082062,1.287791,-1.337767,-0.1907741,0.1065338,2.084032,0.8081109,1.596678,-1.332834,4.132896,-0.393134,2.106915,0.7314723,0.9261342,-1.297709,0.9999508,0.660689,-0.8451096,0.7322034,0.4991179,-1.288388,8.459698,0.02093463,-0.06255726,0.73074,0.07439309,-1.342079,7.187882,-0.5707175,-9.777326,0.8916229,0.9282278,-1.298987,-0.6573014,-1.009889,2.259148,0.8896535,0.5011243,-1.301997,4.798814,-0.01635551,0,0.8864816,0.07479084,-1.3408,5.248147,-1.128015,-6.004789,0.7391068,1.410574,-1.315909,-15.64048,0.1391981,1.723287,0.6097361,1.410761,-1.347102,-20.84471,21.68418,-61.5545,0.565303,1.156802,-1.358094,10.04289,-7.568209E-05,-36.23613,0.8782251,1.41085,-1.32097,-16.62469,0.6986233,1.266096,1.004259,1.412849,-1.363646,-11.04601,12.44586,-50.58849,1.040979,1.157786,-1.377255,8.814788,-0.0001172815,-33.29251,0.5542493,0.8735642,-1.338151,3.539723,-15.0274,0.4668813,1.057874,0.8749707,-1.355506,6.288713,-12.65108,0.6980155,0.5635012,0.8626691,-1.306557,40.97556,-20.4875,86.82877,0.5925672,0.8406334,-1.291393,8.470439,39.30359,-5.388925,0.5968525,0.8136542,-1.279036,4.363453,-1.068401E-05,0,0.561196,0.8535765,-1.315666,0,-14.88062,1.249918,0.5689173,0.8076448,-1.28652,26.35565,22.28647,-7.169134,0.5883796,0.766346,-1.28538,18.84109,1.965215E-05,0,0.6073996,0.7458317,-1.287994,12.56706,1.16372E-05,0,0.5588105,0.8490896,-1.325003,0,1.414381E-06,0,0.5632451,0.7983088,-1.308701,24.65525,13.14967,-2.142745,0.5826149,0.755656,-1.310618,23.66289,9.475768E-06,0.01978234,0.6049603,0.7349001,-1.315731,15.78776,8.842448E-06,0,0.5562256,0.8458817,-1.335093,3.069245,14.87364,-2.900701,0.559796,0.7948068,-1.33278,22.72788,-0.4555756,-0.5185105,0.5791717,0.7555632,-1.334279,23.72692,3.869502E-05,0,0.6005421,0.7373869,-1.33753,15.83055,4.060868E-05,0,0.5538073,0.8453364,-1.344488,7.703165,29.67834,-7.043752,0.5570538,0.7985945,-1.355152,16.47773,-10.6126,-6.140216,0.57023,0.7658235,-1.357996,21.53411,0.0001751627,0,0.5855203,0.7497092,-1.359619,14.3655,0.0001314792,0,1.055907,0.8633866,-1.322881,34.01494,-17.01919,70.92028,1.033314,0.8378785,-1.302898,5.815105,33.25576,-3.196472,1.02945,0.8094211,-1.294286,3.240209,-1.1337E-05,0,1.055608,0.8545197,-1.332485,0,-14.88067,1.249918,1.053074,0.8079649,-1.303415,19.35129,28.89227,1.718056,1.038261,0.764773,-1.302573,18.38103,2.069588E-05,0,1.021451,0.7423146,-1.304151,12.25987,7.421802E-06,0,1.055527,0.8502575,-1.342223,0,-1.66066E-06,0,1.052943,0.7991612,-1.326519,21.26853,16.83978,-0.06852804,1.034636,0.7560081,-1.327429,26.47584,0.0001348653,0,1.011235,0.7359068,-1.329573,17.66807,8.973677E-05,0,1.055516,0.8472902,-1.35271,3.069245,14.87368,-2.900701,1.05045,0.796325,-1.350803,16.8234,3.081801,-6.991621,1.033662,0.7558824,-1.35131,28.27454,1.700639E-05,0,1.011871,0.7379769,-1.349824,18.87105,2.946322E-06,0,1.055619,0.846966,-1.362421,7.703139,29.67841,-7.043752,1.047981,0.8007398,-1.373092,16.90174,-9.819962,-21.0431,1.032855,0.7687069,-1.373938,21.28571,-1.297202E-05,0,1.017532,0.7528957,-1.370574,14.19958,-6.973146E-06,0,start
100,0.8115762,0.9271268,-1.298268,0.235734,0.7530797,0.4626713,0.8082232,1.287743,-1.337645,-0.1938267,0.1057448,2.109143,0.8081043,1.596628,-1.332662,4.167626,-0.3608719,2.098351,0.731501,0.9260769,-1.297618,1.063856,0.6629653,-0.8393012,0.7322361,0.4990697,-1.287887,8.57036,0.004970056,-0.0656106,0.7308751,0.0743973,-1.341993,7.241615,-0.5945535,-9.774287,0.8916514,0.9281766,-1.298919,-0.3077414,-1.043941,2.263129,0.8894647,0.5010638,-1.299393,4.930581,-0.0007959459,0,0.8861407,0.07459357,-1.336649,5.04065,-1.156175,-5.998486,0.7391348,1.410526,-1.31575,-15.64306,0.1297636,1.72181,0.6097518,1.410694,-1.346893,-20.90683,21.7494,-61.63171,0.565327,1.156731,-1.357839,10.03789,-7.419857E-05,-36.30855,0.878251,1.4108,-1.320872,-16.62589,0.6984891,1.258188,1.004266,1.412799,-1.363606,-11.03942,12.45334,-50.58153,1.041005,1.157741,-1.377239,8.815724,-0.0001077021,-33.26435,0.5543227,0.8734894,-1.337932,3.529808,-15.02907,0.4656223,1.057941,0.8749272,-1.355499,6.312146,-12.64823,0.699975,0.5635917,0.8625914,-1.306344,40.97401,-20.49025,86.83368,0.5926648,0.8405544,-1.291195,8.484269,39.29272,-5.396556,0.5969607,0.8135734,-1.278846,4.371256,-1.423456E-05,0,0.5612813,0.8534997,-1.315452,0,-14.88063,1.250075,0.5690175,0.8075655,-1.286314,26.36181,22.28671,-7.166972,0.5884832,0.7662678,-1.28519,18.82697,-3.448679E-05,0,0.6074982,0.7457505,-1.287816,12.55759,-2.73608E-05,0,0.5588907,0.8490136,-1.324788,0,-3.356518E-06,0,0.5633331,0.7982314,-1.308493,24.65558,13.14953,-2.143019,0.5827013,0.7555785,-1.310423,23.65842,-2.136275E-05,0,0.6050422,0.7348209,-1.31555,15.78478,-2.838426E-05,0,0.5563002,0.8458065,-1.334877,3.069181,14.87364,-2.900701,0.5598708,0.7947314,-1.332571,22.72077,-0.4540701,-0.5188877,0.57924,0.7554851,-1.334083,23.74698,-1.247176E-05,0,0.6006121,0.7373134,-1.337349,15.84394,-1.369725E-05,0,0.5538767,0.8452621,-1.344271,7.703165,29.67834,-7.04378,0.5571164,0.7985209,-1.354941,16.51247,-10.62035,-6.161221,0.5703105,0.7657577,-1.357792,21.44591,0.0003292332,0,0.5855847,0.7496286,-1.359419,14.3066,0.0002249267,0,1.05597,0.8633412,-1.322874,34.00605,-17.021,70.96921,1.033376,0.8378347,-1.302892,5.861269,33.23027,-3.219844,1.029497,0.8093783,-1.294284,3.266866,-1.999546E-05,0,1.055669,0.854475,-1.332479,0,-14.88067,1.249918,1.053123,0.8079187,-1.303413,19.35706,28.88807,1.697544,1.038295,0.7647321,-1.302572,18.40607,-9.540628E-05,0,1.021467,0.7422874,-1.30415,12.27658,-6.574306E-05,0,1.055587,0.8502136,-1.342218,0,-3.959053E-06,0,1.05299,0.7991168,-1.326517,21.31226,16.83814,-0.08622923,1.034641,0.7559819,-1.327433,26.48088,0.0001068268,0,1.011218,0.735906,-1.32958,17.67144,7.126976E-05,0,1.055575,0.8472471,-1.352705,3.069245,14.87368,-2.900633,1.050497,0.7962831,-1.350802,16.88941,3.088772,-6.987861,1.033651,0.7558643,-1.351317,28.25559,2.784291E-05,0,1.011841,0.7379822,-1.349838,18.85838,1.505455E-05,0,1.055678,0.8469236,-1.362416,7.703165,29.67842,-7.04378,1.048029,0.8007002,-1.37309,16.92869,-9.816859,-21.02059,1.032879,0.7686782,-1.373938,21.27294,8.275136E-06,0,1.017547,0.7528751,-1.370581,14.19103,2.274737E-06,0,start
133,0.8115538,0.9270606,-1.299156,0.2238118,0.7555431,0.4722982,0.8081905,1.287685,-1.338475,-0.1988102,0.1036623,2.131389,0.8080525,1.596569,-1.333444,4.187363,-0.3265626,2.094711,0.7314787,0.9260072,-1.298491,1.230829,0.6623468,-0.8339216,0.7322481,0.499028,-1.287607,8.763428,0.005119645,-0.0656106,0.7308849,0.07439169,-1.341996,7.278691,-0.6033047,-9.77463,0.8916289,0.928114,-1.29982,-0.03956468,-1.047154,2.264513,0.8894527,0.5010033,-1.298392,5.198857,-0.000955568,0.02797646,0.8860384,0.07454202,-1.335743,5.054585,-1.165705,-5.993778,0.7391151,1.410468,-1.316542,-15.64216,0.1231227,1.717486,0.6097195,1.410628,-1.347632,-20.9901,21.8287,-61.74418,0.5653143,1.156661,-1.358558,10.04649,-9.016826E-05,-36.414,0.8782291,1.410738,-1.321718,-16.63063,0.6976623,1.251483,1.004224,1.412735,-1.364512,-11.05216,12.47147,-50.62922,1.04096,1.157678,-1.378183,8.815613,-0.0001192244,-33.33016,0.5544443,0.8734108,-1.338698,3.50554,-15.02963,0.4622481,1.057879,0.8748593,-1.356495,6.340566,-12.64677,0.7033216,0.5637318,0.8625106,-1.307117,40.97153,-20.49055,86.83403,0.5928133,0.8404725,-1.291986,8.491233,39.27922,-5.39946,0.597123,0.8134903,-1.279644,4.375645,-1.988404E-05,0,0.5614165,0.8534195,-1.316224,0,-14.88063,1.249918,0.5691712,0.8074831,-1.287095,26.3694,22.28074,-7.208323,0.5886456,0.7661892,-1.285983,18.80934,-1.166695E-06,0,0.6076593,0.745671,-1.288613,12.54582,-2.579301E-06,0,0.5590207,0.8489341,-1.325559,0,-2.081378E-06,0,0.5634744,0.7981507,-1.30927,24.64945,13.14881,-2.151678,0.5828391,0.7554968,-1.311213,23.68069,6.66507E-06,0,0.6051841,0.7347472,-1.316354,15.79965,-5.771923E-06,0,0.5564246,0.8457278,-1.335647,3.069245,14.87364,-2.900701,0.5599985,0.7946526,-1.333347,22.69867,-0.4516078,-0.4660423,0.5793531,0.7553996,-1.334872,23.82425,-9.039445E-06,0,0.6007385,0.737249,-1.338167,15.89558,-1.362651E-05,0,0.5539957,0.845184,-1.345039,7.703165,29.67834,-7.04378,0.5572311,0.7984439,-1.355715,16.51001,-10.61771,-6.103581,0.5704232,0.765681,-1.358578,21.452,0.0002214125,0,0.5856977,0.7495542,-1.360224,14.31062,0.0001517715,0,1.055923,0.8632693,-1.323871,34.00516,-17.02183,70.93961,1.033327,0.8377731,-1.303877,5.837947,33.19972,-3.204424,1.029422,0.809322,-1.295262,3.255039,6.413943E-07,0,1.05561,0.8544049,-1.333477,0,-14.88067,1.249762,1.053056,0.8078455,-1.304416,19.36165,28.88774,1.703758,1.038199,0.7646686,-1.303573,18.44577,-0.0001176902,0,1.021341,0.742247,-1.305148,12.30309,-6.740253E-05,0,1.055519,0.850145,-1.343216,0,-2.795787E-06,0,1.052902,0.7990473,-1.327522,21.35625,16.83383,-0.1083524,1.034494,0.7559372,-1.328433,26.46458,2.349419E-05,0,1.011049,0.7358863,-1.330564,17.66056,1.752417E-05,0,1.055498,0.8471802,-1.353704,3.069245,14.87368,-2.900701,1.05039,0.796219,-1.351805,16.9651,3.0864,-6.987805,1.033467,0.7558326,-1.352313,28.19102,2.616754E-06,0,1.011644,0.7379676,-1.350825,18.8152,2.431658E-06,0,1.055594,0.8468582,-1.363415,7.703165,29.67841,-7.04378,1.04791,0.8006411,-1.374091,16.96356,-9.827931,-21.01866,1.032722,0.7686368,-1.374925,21.22831,2.54777E-05,0,1.017385,0.7528402,-1.371561,14.16123,1.651022E-05,0,start
167,0.8115231,0.9269873,-1.299808,0.2102893,0.7590533,0.4837596,0.8081436,1.287621,-1.339053,-0.20842,0.1021389,2.150404,0.8079956,1.596503,-1.333959,4.199879,-0.30563,2.090502,0.7314482,0.925929,-1.299128,1.385786,0.661982,-0.8280347,0.7322577,0.498978,-1.287187,8.962168,0.005280744,-0.0656106,0.7308961,0.07439604,-1.341998,7.334678,-0.6129363,-9.77636,0.8915979,0.9280457,-1.300488,0.1493534,-1.043068,2.26434,0.8894903,0.5009411,-1.29774,5.46533,-0.001094029,0,0.8860436,0.07453883,-1.335755,5.145823,-1.162076,-5.990703,0.7390785,1.410402,-1.317077,-15.64225,0.1142788,1.712236,0.6096727,1.41055,-1.348124,-21.07234,21.90408,-61.85327,0.5653081,1.156576,-1.359068,10.06851,-8.204293E-05,-36.51169,0.8781908,1.410669,-1.322299,-16.63407,0.694331,1.248038,1.004169,1.412662,-1.365142,-11.05555,12.47305,-50.65562,1.040862,1.157602,-1.378868,8.81334,-0.0001055066,-33.40973,0.5546422,0.8733157,-1.339247,3.470344,-15.0274,0.4575681,1.057736,0.8747751,-1.357251,6.333418,-12.65244,0.7027649,0.563948,0.8624145,-1.307671,40.97034,-20.4923,86.83009,0.5930394,0.8403783,-1.292556,8.494448,39.26923,-5.400367,0.5973632,0.8133956,-1.28022,4.377883,-2.288813E-05,0,0.5616286,0.8533238,-1.316778,0,-14.88065,1.249918,0.5694036,0.8073863,-1.287656,26.37905,22.28103,-7.208623,0.5888881,0.7660968,-1.286561,18.78537,-2.551366E-05,0,0.607897,0.7455755,-1.289201,12.52983,-1.395123E-05,0,0.5592281,0.8488386,-1.326112,0,-7.731624E-06,0,0.5636955,0.7980546,-1.309829,24.66187,13.145,-2.165188,0.5830727,0.755407,-1.311786,23.63641,7.313349E-06,0,0.6054073,0.7346475,-1.316931,15.77006,1.341132E-07,0,0.5566267,0.8456327,-1.336198,3.069245,14.87364,-2.900701,0.5602067,0.7945576,-1.333903,22.69979,-0.4456558,-0.4532716,0.579564,0.7553067,-1.335446,23.82703,1.261491E-05,0,0.6009495,0.7371594,-1.33876,15.89745,1.097747E-05,0,0.5541928,0.8450893,-1.34559,7.703165,29.67835,-7.043725,0.5574268,0.7983501,-1.35627,16.52141,-10.62368,-6.16243,0.5706273,0.765591,-1.359139,21.41853,0.0001087415,0,0.5858966,0.7494591,-1.360785,14.28829,6.218274E-05,0,1.055823,0.8631828,-1.324625,34.00904,-17.01551,70.88828,1.033248,0.8376874,-1.304607,5.753399,33.19012,-3.156969,1.029349,0.8092423,-1.29597,3.208332,1.837138E-07,0,1.055496,0.8543192,-1.334232,0,-14.88067,1.249762,1.052974,0.8077579,-1.305172,19.38108,28.88918,1.70869,1.038101,0.7645871,-1.304315,18.42751,-0.0001715478,0,1.021238,0.7421672,-1.305873,12.29088,-0.0001154887,0,1.055391,0.8500601,-1.343971,0,-9.182601E-07,0,1.052788,0.7989615,-1.328278,21.40383,16.83099,-0.1341704,1.034339,0.7558687,-1.329169,26.42503,-2.233927E-05,0,1.010885,0.7358238,-1.331267,17.63411,-1.502253E-05,0,1.055356,0.8470961,-1.354459,3.069309,14.87368,-2.900768,1.050244,0.7961354,-1.352558,17.02659,3.090483,-6.996838,1.033271,0.7557694,-1.353048,28.14218,3.955071E-06,0,1.011443,0.7379119,-1.351535,18.7825,-3.124906E-06,0,1.055439,0.8467748,-1.36417,7.703165,29.67841,-7.04378,1.047734,0.8005595,-1.37484,16.99456,-9.842879,-21.00951,1.032525,0.7685646,-1.375644,21.18121,9.078513E-06,0,1.017193,0.7527662,-1.372262,14.12979,1.022435E-05,0,start
200,0.8114617,0.926908,-1.300034,0.1968319,0.762332,0.4973219,0.808068,1.287551,-1.339215,-0.2130625,0.09946296,2.168982,0.8079267,1.596432,-1.334065,4.232349,-0.2949376,2.083938,0.731387,0.9258449,-1.299336,1.49711,0.6591671,-0.8223435,0.7322513,0.498915,-1.286669,9.140521,0.02190234,-0.06255726,0.730782,0.07441071,-1.342075,7.413518,-0.6085292,-9.783055,0.8915364,0.9279711,-1.300733,0.2940859,-1.036919,2.262005,0.8895087,0.5008736,-1.297005,5.708151,-0.01749713,0,0.8859266,0.07454631,-1.335841,5.257771,-1.170485,-5.984384,0.7390156,1.410334,-1.317206,-15.646,0.1035118,1.699387,0.6096017,1.410465,-1.348221,-21.15169,21.97563,-61.967,0.5653047,1.156481,-1.359191,10.08805,-8.080133E-05,-36.61246,0.8781263,1.410595,-1.322474,-16.63236,0.6927491,1.2397,1.004092,1.412582,-1.365354,-11.04785,12.46538,-50.64455,1.040738,1.157518,-1.379141,8.817261,-0.0001156774,-33.39653,0.5548635,0.8732073,-1.339429,3.434161,-15.02833,0.4528397,1.057569,0.8746856,-1.357563,6.312208,-12.68664,0.7022079,0.5641863,0.8623056,-1.307858,40.96872,-20.4926,86.83617,0.593288,0.8402728,-1.292759,8.500503,39.26637,-5.403923,0.5976225,0.81329,-1.280427,4.381282,-1.952775E-06,0,0.5618641,0.853215,-1.316965,0,-14.88061,1.249918,0.5696609,0.807277,-1.28785,26.3965,22.27801,-7.210174,0.5891642,0.7659959,-1.286771,18.73438,-2.646901E-05,0,0.6081639,0.7454667,-1.289416,12.49579,-1.199665E-05,0,0.5594599,0.8487301,-1.326298,0,6.048488E-06,0,0.5639437,0.7979458,-1.31002,24.67109,13.14304,-2.180232,0.5833338,0.7553047,-1.311991,23.60305,1.391557E-05,0,0.6056625,0.73454,-1.317141,15.74778,1.011008E-05,0,0.5568541,0.8455245,-1.336383,3.069245,14.87364,-2.900701,0.5604439,0.7944499,-1.334094,22.6979,-0.4470395,-0.4929749,0.579806,0.7552018,-1.335647,23.83817,1.16544E-05,0,0.6011975,0.7370624,-1.338965,15.90487,1.121623E-05,0,0.5544158,0.8449813,-1.345774,7.703165,29.67833,-7.043725,0.5576525,0.7982434,-1.356458,16.51846,-10.62647,-6.184564,0.5708557,0.7654861,-1.359334,21.42296,-0.0003512362,0,0.5861276,0.749357,-1.360984,14.29125,-0.0002406812,0,1.055668,0.8631083,-1.324932,34.00948,-17.01987,70.88069,1.033105,0.8376197,-1.304891,5.752888,33.18148,-3.155977,1.029209,0.8091791,-1.296238,3.208271,-1.192698E-05,0,1.05534,0.8542401,-1.334534,0,-14.88067,1.250075,1.052837,0.8076921,-1.305451,19.41267,28.88865,1.682257,1.037951,0.7645258,-1.304573,18.37317,-0.0001468643,0,1.021102,0.7420944,-1.306109,12.25461,-0.000114649,0,1.055233,0.8499764,-1.344271,0,-5.469417E-06,0,1.052644,0.7988847,-1.328553,21.44507,16.83157,-0.1370561,1.034174,0.7558005,-1.329422,26.38814,0.000103018,0,1.010723,0.7357512,-1.331505,17.60945,6.706417E-05,0,1.055194,0.8470075,-1.354758,3.069245,14.87368,-2.900701,1.050093,0.7960467,-1.352831,17.08258,3.094014,-7.009946,1.033088,0.7556939,-1.353299,28.09208,2.374224E-05,0,1.011263,0.7378349,-1.351772,18.74898,1.108291E-05,0,1.055274,0.8466816,-1.364469,7.703191,29.67842,-7.043725,1.047575,0.8004599,-1.375114,17.03029,-9.865132,-21.02415,1.032354,0.7684699,-1.375881,21.11443,9.670734E-06,0,1.017034,0.7526621,-1.372487,14.08515,5.167813E-06,0,start
233,0.8113401,0.9268243,-1.300245,0.1823843,0.7654412,0.5158621,0.8079401,1.287476,-1.339378,-0.2121421,0.09282082,2.187312,0.8078296,1.596355,-1.334175,4.291217,-0.2863979,2.078672,0.7312657,0.9257568,-1.299521,1.604375,0.6519995,-0.8173313,0.7322171,0.4988484,-1.286155,9.293014,0.005412906,-0.06852804,0.730917,0.07440072,-1.341998,7.469525,-0.6417062,-9.789564,0.8914145,0.9278919,-1.300969,0.4414621,-1.026597,2.258454,0.8894974,0.5008036,-1.296245,5.945013,-0.01784181,0.02797646,0.8859293,0.07454664,-1.335846,5.361803,-1.160263,-5.975862,0.7389089,1.410267,-1.317348,-15.64899,0.09172127,1.683072,0.6094867,1.410385,-1.348328,-21.22003,22.02918,-62.08178,0.5652896,1.156385,-1.359326,10.09366,-8.78534E-05,-36.69417,0.878018,1.410512,-1.322661,-16.63222,0.6929715,1.22876,1.00397,1.412485,-1.36558,-11.02135,12.44477,-50.55551,1.040574,1.157419,-1.379432,8.825256,-0.0001229102,-33.21561,0.5550549,0.8730971,-1.339668,3.403408,-15.03906,0.4489339,1.057407,0.8745869,-1.357849,6.319007,-12.72759,0.7055438,0.5644052,0.8621944,-1.308106,40.96831,-20.49235,86.84354,0.5935234,0.8401663,-1.293031,8.502928,39.26836,-5.405735,0.5978717,0.8131836,-1.280704,4.382354,-1.757873E-05,0,0.5620776,0.8531042,-1.317211,0,-14.88064,1.250075,0.5699074,0.8071651,-1.288106,26.39366,22.27421,-7.239393,0.5894201,0.765888,-1.287043,18.74739,1.903314E-05,0,0.6084278,0.7453679,-1.2897,12.50448,1.818791E-05,0,0.559667,0.8486197,-1.326543,0,-5.833061E-06,0,0.5641747,0.7978348,-1.310273,24.66182,13.1446,-2.157673,0.5835658,0.755195,-1.312261,23.63478,2.741086E-05,0,0.6059008,0.7344441,-1.31744,15.76899,2.273406E-05,0,0.557054,0.8454143,-1.336626,3.069245,14.87364,-2.900768,0.5606565,0.7943403,-1.334344,22.69047,-0.4404229,-0.4558544,0.5800198,0.7550936,-1.33592,23.86457,3.205566E-05,0,0.6014162,0.7369657,-1.339268,15.92252,2.534104E-05,0,0.5546083,0.8448715,-1.346014,7.703165,29.67834,-7.043752,0.5578466,0.7981353,-1.356706,16.51316,-10.62276,-6.178506,0.5710513,0.7653799,-1.359597,21.43565,0.001379299,0,0.5863273,0.7492564,-1.361264,14.29973,0.000949845,0,1.055464,0.8630313,-1.325212,34.01083,-17.03202,70.90563,1.032876,0.8375607,-1.305176,5.811632,33.19038,-3.189053,1.028967,0.809122,-1.296523,3.240693,-1.435829E-05,0,1.055148,0.8541567,-1.334808,0,-14.88067,1.250231,1.052607,0.8076279,-1.305698,19.44699,28.88815,1.667653,1.037699,0.7644699,-1.304815,18.31161,3.772276E-05,0,1.020863,0.7420282,-1.306354,12.21351,2.133373E-05,0,1.055053,0.8498865,-1.344543,0,-5.117651E-06,0,1.052445,0.7988052,-1.328794,21.48108,16.83008,-0.14537,1.03395,0.7557316,-1.329661,26.36594,9.715174E-05,0,1.010497,0.7356859,-1.33176,17.5946,5.956971E-05,0,1.055029,0.8469106,-1.355027,3.069245,14.87368,-2.900701,1.049925,0.7959511,-1.353073,17.1419,3.096649,-7.020097,1.032879,0.7556156,-1.353538,28.02352,1.657824E-05,0,1.011054,0.737754,-1.35203,18.70315,-3.299177E-06,0,1.055121,0.8465783,-1.364738,7.703139,29.67842,-7.043752,1.047435,0.8003495,-1.375363,17.04011,-9.872462,-21.02899,1.03221,0.7683612,-1.376123,21.12436,7.470468E-06,0,1.016882,0.7525608,-1.372732,14.0918,5.983004E-06,0,start
267,0.8111913,0.9267437,-1.300424,0.1724585,0.7704019,0.5388666,0.8077794,1.287403,-1.339524,-0.2093567,0.08458477,2.204869,0.8077041,1.596279,-1.334274,4.35667,-0.273607,2.079143,0.7311173,0.9256692,-1.299667,1.706971,0.6442446,-0.8118062,0.7321752,0.4987831,-1.285616,9.457832,0.005394348,-0.0656106,0.7309326,0.07440647,-1.341998,7.539915,-0.6631229,-9.80205,0.8912652,0.9278182,-1.301181,0.5716401,-1.01682,2.253075,0.8894684,0.5007402,-1.295561,6.148639,-0.001431587,0.02797646,0.8860574,0.07454044,-1.335785,5.447732,-1.134282,-5.967031,0.7387725,1.410205,-1.31748,-15.64673,0.08115301,1.666361,0.6093395,1.410315,-1.348414,-21.25928,22.05243,-62.16217,0.5652428,1.156299,-1.359449,10.09362,-8.238065E-05,-36.74745,0.8778799,1.410429,-1.322835,-16.63758,0.6945065,1.219809,1.003815,1.412386,-1.365805,-10.98532,12.42216,-50.45086,1.040391,1.157317,-1.379687,8.827304,-0.0001164672,-33.10517,0.555175,0.8729975,-1.339899,3.38223,-15.05195,0.4463111,1.057269,0.87449,-1.358075,6.312798,-12.71878,0.7041557,0.5645512,0.8620938,-1.308345,40.96875,-20.49162,86.84602,0.5936861,0.8400711,-1.293294,8.504037,39.27042,-5.406641,0.598049,0.8130881,-1.280973,4.382802,-5.838456E-06,0,0.5622192,0.853004,-1.317449,0,-14.88064,1.249918,0.5700817,0.8070638,-1.288355,26.39207,22.27779,-7.203477,0.5896029,0.7657903,-1.287313,18.75577,1.199255E-05,0,0.6086135,0.7452759,-1.289994,12.51006,9.275087E-07,0,0.5598028,0.8485199,-1.32678,0,-6.010247E-06,0,0.5643348,0.7977344,-1.310519,24.62986,13.14509,-2.142837,0.5837132,0.7550892,-1.312517,23.74042,1.880309E-05,0,0.6060739,0.7343737,-1.317727,15.83959,8.822159E-06,0,0.557183,0.845315,-1.336862,3.069245,14.87364,-2.900633,0.5607997,0.7942416,-1.334588,22.69893,-0.4398693,-0.4562834,0.5801769,0.7550026,-1.336184,23.84332,-1.259221E-05,0,0.6015712,0.7368754,-1.339549,15.90832,-1.306819E-05,0,0.5547305,0.8447725,-1.346248,7.703165,29.67835,-7.043725,0.5579723,0.7980382,-1.356947,16.52107,-10.6248,-6.206778,0.5711874,0.7652881,-1.359851,21.41382,0.002230281,0,0.5864623,0.7491645,-1.361526,14.28513,0.001525425,0,1.055341,0.8629328,-1.325438,33.99754,-17.04343,70.9439,1.032774,0.837455,-1.305388,5.904484,33.12817,-3.234888,1.028842,0.809016,-1.296745,3.294852,-5.487914E-06,0,1.055023,0.8540584,-1.335034,0,-14.88066,1.249918,1.052504,0.8075281,-1.305925,19.4731,28.8886,1.652445,1.037589,0.7643722,-1.305043,18.26904,-6.532879E-05,0,1.020766,0.7419208,-1.306574,12.1851,-4.723998E-05,0,1.054927,0.8497887,-1.344769,0,1.843237E-06,0,1.052336,0.7987062,-1.329021,21.51408,16.83027,-0.1467098,1.033827,0.7556384,-1.329886,26.34614,7.32686E-05,-0.02797646,1.010375,0.7355918,-1.331982,17.58136,5.053579E-05,0,1.054899,0.8468131,-1.355254,3.069309,14.87368,-2.900701,1.049808,0.7958522,-1.3533,17.18536,3.103836,-7.023002,1.032741,0.7555256,-1.353765,27.97721,-8.099079E-06,0,1.010922,0.7376575,-1.352256,18.67217,-1.094283E-05,0,1.054988,0.8464811,-1.364964,7.703191,29.67841,-7.04378,1.04731,0.8002509,-1.375588,17.06763,-9.887921,-21.04274,1.032078,0.7682653,-1.376333,21.07993,1.013103E-05,0,1.01676,0.7524566,-1.372936,14.0621,4.745895E-06,0,start
300,0.8110292,0.9266663,-1.300567,0.1631294,0.7769049,0.5602303,0.8076032,1.287331,-1.339648,-0.2055842,0.07544872,2.220613,0.8075626,1.596206,-1.334373,4.4082,-0.2554964,2.081871,0.7309557,0.9255826,-1.29978,1.802657,0.6370315,-0.8052719,0.7321272,0.4987187,-1.285079,9.627555,0.02250423,-0.0656106,0.7308226,0.07442328,-1.342067,7.619708,-0.6721298,-9.812776,0.8911027,0.9277499,-1.301354,0.6855699,-1.008051,2.250989,0.8894295,0.5006825,-1.294949,6.34786,-0.01853736,0,0.8859282,0.0745492,-1.335865,5.543372,-1.141668,-5.953283,0.7386218,1.410145,-1.317594,-15.63958,0.06788106,1.647226,0.6091766,1.410243,-1.348478,-21.28639,22.07388,-62.21472,0.5651468,1.156216,-1.35953,10.08658,-8.052064E-05,-36.79627,0.8777278,1.410348,-1.322988,-16.64413,0.6930382,1.211923,1.003646,1.412277,-1.366007,-10.95535,12.41436,-50.36978,1.040214,1.157207,-1.379873,8.829084,-0.0001100228,-33.07238,0.5551684,0.8729051,-1.340073,3.377538,-15.06351,0.4463111,1.057145,0.8743879,-1.358194,6.301794,-12.72762,0.7035998,0.5645616,0.8619998,-1.308524,40.96922,-20.49008,86.84755,0.5937091,0.8399821,-1.293491,8.501542,39.27376,-5.405409,0.5980828,0.8129988,-1.281174,4.381326,-7.074761E-06,0,0.5622278,0.8529105,-1.317629,0,-14.88065,1.250075,0.570115,0.8069685,-1.288544,26.39,22.27822,-7.190474,0.589646,0.7656992,-1.287516,18.75944,-7.390736E-05,0,0.6086605,0.7451902,-1.29021,12.51252,-5.750476E-05,0,0.5598083,0.848427,-1.326959,0,-1.070495E-05,0,0.5643606,0.7976406,-1.310707,24.64545,13.14801,-2.121818,0.5837587,0.7550054,-1.312726,23.68468,1.122708E-05,0,0.6061065,0.7342795,-1.317949,15.80232,-6.474654E-06,0,0.5571849,0.8452227,-1.33704,3.069309,14.87364,-2.900768,0.5608156,0.7941499,-1.334774,22.72402,-0.4402822,-0.4821389,0.580219,0.7549245,-1.336388,23.76482,-2.150686E-05,0,0.6016012,0.7367834,-1.339755,15.85588,-2.751738E-05,0,0.5547284,0.8446808,-1.346426,7.703191,29.67835,-7.043752,0.5579773,0.7979487,-1.357132,16.52013,-10.6327,-6.223559,0.5711995,0.765202,-1.360041,21.40755,-0.0005913206,0,0.5864761,0.7490803,-1.361719,14.28094,-0.0004029552,0,1.05526,0.8628452,-1.325549,34.00496,-17.04526,70.92328,1.032722,0.8373738,-1.305459,5.877699,33.14691,-3.221789,1.028816,0.8089378,-1.296795,3.279188,-1.753893E-05,0,1.054933,0.8539664,-1.335141,0,-14.88068,1.249918,1.052463,0.8074487,-1.306007,19.4818,28.89212,1.666009,1.037556,0.7642908,-1.30509,18.27052,-0.0001068101,0,1.020735,0.7418363,-1.306595,12.18609,-8.436587E-05,0,1.054825,0.849692,-1.344874,0,-9.775618E-06,0,1.052268,0.7986161,-1.329099,21.54824,16.82953,-0.1519511,1.033747,0.7555533,-1.329924,26.32126,1.233893E-05,0,1.010295,0.7355024,-1.331982,17.5647,-5.948342E-06,0,1.054785,0.8467116,-1.355357,3.069181,14.87368,-2.900768,1.049711,0.7957503,-1.353373,17.22524,3.112848,-7.029116,1.032627,0.7554307,-1.353805,27.93524,1.234564E-05,0,1.010815,0.7375562,-1.352266,18.6441,-2.293095E-06,0,1.054863,0.8463752,-1.365068,7.703191,29.67843,-7.04378,1.047184,0.8001379,-1.375661,17.08891,-9.895079,-21.04349,1.031949,0.7681529,-1.376365,21.04967,1.807236E-05,0,1.016642,0.7523393,-1.372943,14.04191,1.038937E-05,0,start
333,0.81086,0.9265991,-1.300679,0.1557664,0.7833502,0.5740312,0.807431,1.287269,-1.339761,-0.1938267,0.06424928,2.231515,0.8074347,1.596143,-1.334496,4.461946,-0.2360899,2.082999,0.7307867,0.9255065,-1.299874,1.885125,0.6293828,-0.8018627,0.7320725,0.4986624,-1.284615,9.764305,0.02274581,-0.05934703,0.7308435,0.07442862,-1.342062,7.679511,-0.6997608,-9.815762,0.8909332,0.9276918,-1.301485,0.7793398,-0.9995539,2.254899,0.8893795,0.5006341,-1.294436,6.494225,-0.001571249,0,0.8860575,0.07454291,-1.335802,5.603816,-1.116663,-5.944288,0.7384778,1.410102,-1.317719,-15.62431,0.05091922,1.620879,0.6090185,1.410179,-1.348543,-21.2886,22.08925,-62.23987,0.5650258,1.156144,-1.359549,10.07128,-8.548018E-05,-36.82017,0.8775827,1.410276,-1.323139,-16.64527,0.6860221,1.193046,1.003493,1.412156,-1.366185,-10.96343,12.46537,-50.38382,1.040125,1.15709,-1.379977,8.844112,-0.0001090163,-33.06544,0.5550588,0.8728299,-1.340125,3.391191,-15.06629,0.4484978,1.057082,0.8742843,-1.358156,6.310002,-12.76013,0.7060983,0.5644711,0.8619224,-1.308583,40.96946,-20.48993,86.84675,0.5936317,0.8399097,-1.293568,8.499903,39.28033,-5.405119,0.5980152,0.8129254,-1.281256,4.38003,-1.069134E-05,0,0.5621347,0.8528339,-1.317687,0,-14.88063,1.249918,0.5700481,0.8068897,-1.288613,26.38487,22.27797,-7.187391,0.5895866,0.7656236,-1.287599,18.77684,-8.117735E-06,0,0.6086087,0.7451237,-1.290308,12.52413,-5.149367E-06,0,0.5597114,0.8483511,-1.327017,0,-3.695621E-06,0,0.5642843,0.7975634,-1.310774,24.65651,13.14789,-2.131021,0.583699,0.7549367,-1.312812,23.64322,1.713261E-07,0,0.6060393,0.7342048,-1.318044,15.77463,1.366987E-06,0,0.5570835,0.8451476,-1.337097,3.069245,14.87364,-2.900701,0.5607277,0.7940754,-1.33484,22.72652,-0.4440748,-0.4685547,0.5801418,0.7548559,-1.336467,23.75283,1.057601E-05,0,0.6015236,0.7367167,-1.339848,15.84786,1.764676E-05,0,0.5546222,0.8446063,-1.346481,7.703165,29.67835,-7.043752,0.5578767,0.7978765,-1.357196,16.52007,-10.64613,-6.243563,0.5711063,0.765133,-1.360108,21.39822,2.229925E-05,0,0.5863839,0.7490126,-1.361789,14.27472,1.410445E-05,0,1.055187,0.862776,-1.3255,34.00497,-17.05641,70.90321,1.032645,0.83733,-1.305383,5.908699,33.12114,-3.236582,1.028715,0.8089037,-1.296698,3.297406,-2.003323E-05,0,1.054864,0.8538871,-1.335083,0,-14.88068,1.249918,1.052384,0.8074002,-1.3059,19.49431,28.89424,1.677248,1.037469,0.764246,-1.304946,18.25441,-7.794413E-05,0,1.02065,0.7417884,-1.306435,12.17537,-4.975038E-05,0,1.054759,0.8496025,-1.344811,0,-5.604309E-06,0,1.052196,0.7985433,-1.328983,21.58395,16.83092,-0.1570175,1.033649,0.7554908,-1.329772,26.27851,2.54364E-05,0,1.0102,0.7354345,-1.331818,17.53615,2.066832E-05,0,1.054722,0.846611,-1.355291,3.069245,14.87368,-2.900768,1.049646,0.7956519,-1.353255,17.26023,3.118457,-7.034612,1.032537,0.7553425,-1.353653,27.87912,2.420982E-05,0,1.010731,0.7374616,-1.352107,18.60656,2.000486E-05,0,1.054802,0.8462644,-1.365001,7.703191,29.67842,-7.04378,1.047126,0.800016,-1.375548,17.1189,-9.897734,-21.04385,1.031875,0.768038,-1.376219,20.99851,2.315532E-05,0,1.01657,0.7522228,-1.372791,14.00775,1.213712E-05,0,start
367,0.8106583,0.9265563,-1.300917,0.14537,0.7918132,0.5764125,0.8072338,1.287233,-1.339988,-0.1845175,0.05034221,2.236247,0.8073025,1.596105,-1.334717,4.523246,-0.2232965,2.076411,0.7305853,0.9254518,-1.300109,1.968912,0.6222312,-0.8016186,0.731994,0.4986281,-1.284301,9.871513,0.00496399,-0.05233916,0.7309995,0.07442769,-1.341998,7.711441,-0.746707,-9.807344,0.8907314,0.9276609,-1.301726,0.8623004,-0.9918507,2.26814,0.8893045,0.5006121,-1.294135,6.617699,-0.01925582,0.02797646,0.8859197,0.07455733,-1.335871,5.654231,-1.126591,-5.93366,0.7383121,1.410086,-1.31796,-15.59747,0.0206129,1.586219,0.6088359,1.410119,-1.348713,-21.16585,22.02633,-62.10085,0.5648161,1.156083,-1.359609,10.06372,-7.797234E-05,-36.67162,0.8774167,1.410225,-1.323392,-16.63264,0.662209,1.157413,1.003334,1.412012,-1.366422,-11.00731,12.5972,-50.34212,1.040211,1.156981,-1.380184,8.923678,-0.0001133313,-32.99443,0.5547293,0.8727858,-1.340011,3.437637,-15.03991,0.4532716,1.057239,0.8742077,-1.357991,6.30534,-12.8057,0.7080355,0.5641689,0.8618784,-1.308477,40.97004,-20.48984,86.84251,0.5933458,0.8398702,-1.293487,8.491696,39.28635,-5.400585,0.5977415,0.8128867,-1.281178,4.375422,-2.364545E-06,0,0.5618268,0.8527899,-1.31758,0,-14.88063,1.249918,0.5697716,0.8068458,-1.288515,26.38827,22.2758,-7.210881,0.5893208,0.7655843,-1.287518,18.77214,-7.034679E-05,0,0.6083453,0.7450882,-1.290239,12.52102,-5.064464E-05,0,0.5593967,0.8483071,-1.326908,0,-9.081006E-07,0,0.5639915,0.7975196,-1.310671,24.67324,13.14517,-2.172948,0.5834239,0.7549019,-1.31273,23.57419,3.489259E-05,0,0.6057489,0.7341541,-1.317964,15.72849,2.451359E-05,0,0.5567612,0.8451036,-1.336986,3.069309,14.87364,-2.900701,0.560416,0.794032,-1.334735,22.73154,-0.4471115,-0.4917827,0.5798395,0.7548178,-1.336378,23.72897,3.981104E-05,0,0.6012172,0.7366758,-1.339769,15.83192,2.456352E-05,0,0.5542924,0.8445625,-1.346369,7.703165,29.67834,-7.043752,0.5575464,0.7978337,-1.357088,16.50566,-10.66138,-6.266882,0.5707725,0.765089,-1.360002,21.42816,-0.0001729486,0,0.5860567,0.7489753,-1.361687,14.29472,-0.000114832,0,1.055315,0.8627657,-1.325312,33.99728,-17.05268,70.9239,1.032766,0.8373472,-1.305168,5.90475,33.07831,-3.23077,1.028826,0.8089426,-1.296417,3.296872,-3.35892E-05,0,1.055005,0.8538569,-1.334878,0,-14.88067,1.250075,1.052515,0.807429,-1.305602,19.5182,28.89636,1.704447,1.037602,0.7642756,-1.30458,18.19184,4.450549E-05,0,1.020811,0.7417951,-1.306042,12.13354,1.96135E-05,0,1.054912,0.8495523,-1.344597,0,-3.37617E-06,0,1.052355,0.7985246,-1.328667,21.60019,16.83507,-0.14537,1.033815,0.7554677,-1.329392,26.25859,-6.052945E-05,0,1.010379,0.7353953,-1.331426,17.52283,-5.175435E-05,0,1.054887,0.8465394,-1.355071,3.069181,14.87368,-2.900701,1.049831,0.7955824,-1.352936,17.28495,3.12027,-7.024761,1.032722,0.7552724,-1.35327,27.81019,1.207621E-05,0,1.010934,0.7373688,-1.351717,18.56044,3.633258E-06,0,1.054977,0.8461729,-1.364781,7.703139,29.67842,-7.043752,1.047332,0.7998998,-1.37524,17.16494,-9.902504,-21.00713,1.03207,0.7679257,-1.375855,20.8987,2.013592E-05,0,1.016778,0.7520984,-1.372427,13.94107,2.521385E-06,0,start
400,0.8104261,0.9265209,-1.301364,0.132704,0.8000991,0.5661368,0.807029,1.287206,-1.340384,-0.1855749,0.03127621,2.229936,0.8072041,1.596076,-1.335061,4.569861,-0.2258641,2.060801,0.7303531,0.9254045,-1.30057,2.072166,0.6132458,-0.8055148,0.7318951,0.4986068,-1.284088,9.999202,0.02280973,-0.05233916,0.7308868,0.07444349,-1.342057,7.74808,-0.7592954,-9.79595,0.8904991,0.9276373,-1.302158,0.9481196,-0.9825254,2.292857,0.8892085,0.500598,-1.294025,6.706042,-0.01949844,0,0.8859141,0.07455373,-1.335874,5.670637,-1.119375,-5.92943,0.7381459,1.410081,-1.318361,-15.56008,-0.03683111,1.528415,0.608653,1.410024,-1.349044,-20.61874,21.62918,-61.32981,0.5644519,1.156021,-1.359952,10.17701,-8.338535E-05,-35.89747,0.8772511,1.410175,-1.323778,-16.61997,0.6131788,1.123787,1.003184,1.411807,-1.366767,-10.93166,12.66447,-49.66359,1.040437,1.156838,-1.38068,9.162144,-0.0001134827,-32.29777,0.5541706,0.8727912,-1.339494,3.513016,-14.90482,0.4597013,1.057674,0.874166,-1.357388,6.121253,-13.06311,0.7013714,0.5636278,0.8618966,-1.307961,40.96988,-20.49068,86.83819,0.592812,0.8398934,-1.292977,8.491627,39.26648,-5.398263,0.5972238,0.8129155,-1.280662,4.376675,-1.342964E-05,0,0.5612799,0.8528044,-1.317059,0,-14.88062,1.249918,0.569239,0.8068721,-1.287978,26.38575,22.27452,-7.210827,0.5887854,0.7656095,-1.286973,18.78308,-7.549115E-05,0,0.6078103,0.7451142,-1.289698,12.52829,-5.720261E-05,0,0.5588442,0.8483178,-1.326383,0,-6.719957E-07,0,0.5634456,0.7975368,-1.310128,24.67999,13.14577,-2.173308,0.5828788,0.7549193,-1.312182,23.52808,1.484008E-05,0,0.6051862,0.7341523,-1.317415,15.6977,1.731121E-05,0,0.5562028,0.8451102,-1.336459,3.069245,14.87364,-2.900768,0.5598561,0.7940393,-1.334188,22.78639,-0.4389308,-0.4689721,0.5793115,0.7548414,-1.335841,23.5261,5.193167E-05,0,0.6006392,0.7366406,-1.339232,15.69635,4.548119E-05,0,0.5537285,0.8445652,-1.345839,7.703165,29.67834,-7.043752,0.5569738,0.7978318,-1.356541,16.5223,-10.69029,-6.316555,0.570208,0.7650883,-1.359432,21.37062,3.099494E-06,0,0.58548,0.7489615,-1.361102,14.25627,-1.577268E-06,0,1.055773,0.8629871,-1.324618,33.98018,-17.07827,71.08999,1.033323,0.8376485,-1.304263,6.176793,33.04435,-3.377306,1.029465,0.8092891,-1.295331,3.449917,-5.23575E-06,0,1.055505,0.8539984,-1.33411,0,-14.88066,1.250075,1.05318,0.8078046,-1.304453,19.55058,28.90374,1.78597,1.038419,0.764608,-1.303094,18.07435,-0.0001369233,0,1.021758,0.7420215,-1.304389,12.05512,-8.696147E-05,0,1.055436,0.8496132,-1.343793,0,7.176882E-07,0,1.053072,0.7987092,-1.327443,21.62125,16.8356,-0.1170339,1.034691,0.7555799,-1.327827,26.18311,0.0001328291,0,1.011358,0.7353745,-1.329716,17.47234,8.160267E-05,0,1.055431,0.8465136,-1.354242,3.069245,14.87368,-2.900701,1.050578,0.7955561,-1.351688,17.38862,3.129076,-6.970098,1.033558,0.7552071,-1.351707,27.42692,2.613185E-05,0,1.011927,0.7371241,-1.350059,18.3041,1.9511E-05,0,1.05553,0.8460671,-1.363948,7.703165,29.67841,-7.043752,1.048078,0.7996787,-1.374029,17.21185,-9.93904,-21.02374,1.032922,0.7676503,-1.374364,20.73906,-1.238571E-06,0,1.017719,0.7517617,-1.370825,13.83443,-7.487969E-06,0,start
433,0.81023,0.9264935,-1.301528,0.1153499,0.8066831,0.5489398,0.8068854,1.287191,-1.340438,-0.2027088,0.00674209,2.21072,0.8071954,1.596059,-1.335025,4.568147,-0.2297509,2.034613,0.7301569,0.9253676,-1.300758,2.140918,0.6054585,-0.8098756,0.7318059,0.498585,-1.283897,10.06769,0.004480116,-0.05233916,0.7310461,0.0744397,-1.342001,7.764983,-0.8034882,-9.774147,0.8903031,0.9276193,-1.302297,1.008136,-0.9740381,2.323047,0.8891269,0.5005858,-1.293851,6.772973,-0.01959553,0.02797646,0.8859106,0.07455912,-1.335885,5.700936,-1.112615,-5.931809,0.7380477,1.410089,-1.318402,-15.52137,-0.1150628,1.426973,0.6085445,1.409915,-1.349041,-19.24209,20.54249,-59.19479,0.5639173,1.156005,-1.360386,10.58333,-8.163128E-05,-33.80247,0.8771546,1.410124,-1.323772,-16.61945,0.5464175,1.101451,1.003105,1.41156,-1.366718,-10.61367,12.59087,-48.06339,1.040906,1.156685,-1.38087,9.654105,-0.0001016393,-30.66307,0.5533917,0.8729612,-1.337609,3.624392,-14.54404,0.4626713,1.058578,0.8742549,-1.355101,5.434622,-13.55335,0.64589,0.5628201,0.862114,-1.306051,40.94714,-20.5035,86.8345,0.5919724,0.8401171,-1.290997,8.551135,39.08104,-5.415007,0.5964459,0.8131594,-1.27866,4.41894,-9.408926E-06,0,0.5604746,0.853008,-1.315136,0,-14.88064,1.249918,0.5683897,0.8071198,-1.285974,26.3869,22.2759,-7.163358,0.5879156,0.7658495,-1.284888,18.78816,-4.478332E-05,0,0.6069319,0.745341,-1.287573,12.53169,-3.401063E-05,0,0.5580437,0.8485072,-1.324455,0,-5.147248E-06,0,0.5626084,0.7977508,-1.308112,24.69224,13.14513,-2.203804,0.5820309,0.7551246,-1.310085,23.45464,6.787317E-06,0,0.6043135,0.7343144,-1.315252,15.64858,-5.766292E-06,0,0.5554082,0.8452843,-1.334527,3.069309,14.87364,-2.900633,0.559035,0.7942154,-1.332169,22.82176,-0.4417668,-0.5233933,0.5784967,0.7550175,-1.333747,23.37434,1.69333E-05,0,0.5997848,0.7367579,-1.33707,15.59494,1.095908E-05,0,0.5529407,0.844725,-1.343908,7.703165,29.67835,-7.043725,0.5561712,0.7979724,-1.35453,16.57622,-10.70653,-6.333511,0.5694231,0.76523,-1.357352,21.21992,0.0003472713,0,0.5846616,0.7490669,-1.358977,14.15562,0.0002344971,0,1.056834,0.8636148,-1.322144,33.94659,-17.1153,71.33636,1.034751,0.8383331,-1.301322,6.613045,32.93913,-3.607009,1.03121,0.8100633,-1.291983,3.697717,-1.874514E-05,0,1.056684,0.854462,-1.331479,0,-14.88068,1.249762,1.054982,0.8087562,-1.301035,19.63715,28.91403,1.84928,1.040744,0.7654133,-1.29895,17.74479,-1.851818E-05,0,1.024487,0.7425148,-1.299839,11.83511,-1.724793E-05,0,1.056671,0.849911,-1.341087,0,-4.550229E-06,0,1.05499,0.7992675,-1.323866,21.72206,16.84241,-0.06852804,1.037114,0.7559264,-1.323518,25.77902,8.277949E-05,0,1.014163,0.7352577,-1.325052,17.20219,5.733643E-05,0,1.056705,0.8466331,-1.351481,3.069245,14.87368,-2.900633,1.052532,0.7956666,-1.348052,17.59116,3.148764,-6.87338,1.035908,0.7551582,-1.347387,26.68285,-1.758248E-05,0,1.014689,0.7366172,-1.34549,17.80651,-1.88143E-05,0,1.056807,0.8460217,-1.361177,7.703139,29.67842,-7.04378,1.049972,0.7993722,-1.370459,17.31397,-9.967026,-21.02892,1.03519,0.7671686,-1.370214,20.43945,1.058844E-05,0,1.020247,0.7510911,-1.36643,13.63437,-1.712482E-06,0,start
467,0.8101317,0.9264908,-1.301621,0.08846933,0.811042,0.5344914,0.8068601,1.287207,-1.340361,-0.2306999,-0.02326743,2.189101,0.8073261,1.596075,-1.334853,4.508456,-0.2262443,1.988693,0.7300584,0.9253585,-1.300872,2.191067,0.6029717,-0.811324,0.7317578,0.4985831,-1.283836,10.10665,0.02255043,-0.03956468,0.7309243,0.07445318,-1.342052,7.779882,-0.8012827,-9.756992,0.8902049,0.9276232,-1.30237,1.046985,-0.9703672,2.349104,0.8890893,0.5005913,-1.293833,6.792029,-0.01981496,0.01978234,0.8859147,0.07456923,-1.335917,5.727519,-1.108528,-5.945772,0.7380787,1.41013,-1.31829,-15.50763,-0.2044484,1.276716,0.6085801,1.409831,-1.348948,-17.23975,19.01553,-55.50817,0.5631341,1.156108,-1.361186,11.53411,-7.176873E-05,-30.17442,0.8771876,1.410095,-1.323608,-16.62976,0.4816354,1.103049,1.003148,1.411335,-1.366529,-10.18063,12.50204,-45.83926,1.041853,1.156612,-1.380967,10.59531,-0.0001078051,-28.79764,0.5525714,0.873501,-1.333529,3.775795,-13.77393,0.4562834,1.059907,0.8746717,-1.350521,4.759257,-13.87388,0.5794597,0.5619546,0.8627613,-1.30192,40.92266,-20.52551,86.80723,0.5910618,0.8407961,-1.286733,8.643202,38.8105,-5.442117,0.5956292,0.81388,-1.27434,4.483536,-3.900932E-06,0,0.559613,0.8536241,-1.310975,0,-14.88062,1.249918,0.5674599,0.8078361,-1.281638,26.34721,22.26823,-7.219256,0.5869331,0.7665464,-1.280359,18.95629,-4.667269E-05,0,0.6059859,0.7460603,-1.282955,12.64394,-2.605443E-05,0,0.5571898,0.8490914,-1.32028,0,1.730094E-06,0,0.5616977,0.7983912,-1.303749,24.68653,13.13444,-2.252728,0.5810901,0.755743,-1.305534,23.44029,1.082667E-05,0,0.6033618,0.7348919,-1.310581,15.63901,7.127281E-06,0,0.5545638,0.845834,-1.330344,3.069245,14.87364,-2.900701,0.5581501,0.7947713,-1.327797,22.83381,-0.4599449,-0.6000308,0.5775956,0.7555587,-1.329198,23.28345,1.620873E-05,0,0.5988546,0.7372437,-1.3324,15.53421,6.746351E-06,0,0.5521069,0.8452425,-1.339726,7.703139,29.67834,-7.043752,0.5553154,0.7984494,-1.350175,16.65405,-10.74626,-6.355947,0.568593,0.7657045,-1.352843,20.98583,7.175034E-05,0,0.5837781,0.7494825,-1.354377,13.99927,4.867574E-05,0,1.058507,0.8647519,-1.317323,33.94063,-17.15875,71.48131,1.036881,0.8396898,-1.295769,7.024566,32.87258,-3.826229,1.03368,0.8115683,-1.285877,3.930492,-3.345867E-06,0,1.05841,0.8553911,-1.326451,0,-14.88068,1.250075,1.057469,0.8103614,-1.294983,19.73176,28.91925,1.909571,1.043721,0.7669234,-1.291854,17.35874,9.488489E-06,0,1.027864,0.7437299,-1.2921,11.57742,7.79856E-06,-0.01978234,1.058391,0.8506263,-1.335954,0,-8.097094E-06,0,1.057447,0.8003646,-1.317596,21.88235,16.84399,-0.09891172,1.039995,0.7568727,-1.316179,25.12301,8.095635E-05,0,1.017475,0.7356984,-1.317066,16.76363,5.89338E-05,0,1.058399,0.8471171,-1.346272,3.069245,14.87368,-2.900701,1.054878,0.7961931,-1.341679,17.77462,3.149444,-6.861613,1.038631,0.7555615,-1.339999,25.90119,3.499049E-05,0,1.017849,0.73659,-1.337587,17.2839,2.625908E-05,0,1.058446,0.8462899,-1.355954,7.703165,29.67842,-7.043752,1.052128,0.7993642,-1.364146,17.39642,-10.02373,-21.11356,1.037705,0.7670159,-1.363042,20.14051,1.172379E-05,0,1.023045,0.7507898,-1.358813,13.43472,2.007513E-05,0,start
500,0.8100872,0.926493,-1.301706,0.05233916,0.8174137,0.5274898,0.8068715,1.287233,-1.340216,-0.2676108,-0.05139708,2.173128,0.8074867,1.596102,-1.334612,4.399839,-0.226733,1.926001,0.730014,0.9253513,-1.300968,2.244807,0.6071912,-0.8035691,0.7317308,0.4985812,-1.283801,10.12869,0.02243775,-0.04423466,0.7309319,0.07445583,-1.34205,7.784724,-0.8091688,-9.736679,0.8901604,0.9276348,-1.302445,1.081913,-0.9727722,2.370008,0.8890758,0.5006027,-1.293917,6.781192,-0.001613447,0.02797646,0.8860602,0.07457307,-1.335936,5.757418,-1.086221,-5.971169,0.7381445,1.410176,-1.318085,-15.52803,-0.2842757,1.107475,0.6086658,1.409776,-1.348826,-15.48961,17.88845,-51.50875,0.5618711,1.156345,-1.361993,13.08194,-7.158766E-05,-27.33241,0.8772549,1.410076,-1.323364,-16.63688,0.4364293,1.135394,1.003223,1.411177,-1.366267,-9.953863,12.63899,-43.85386,1.04339,1.156706,-1.381158,12.08824,-0.000106212,-27.07637,0.5517414,0.8745612,-1.326796,3.757652,-12.62891,0.416371,1.061328,0.8755902,-1.34381,4.015955,-14.35706,0.5059038,0.5604874,0.8640654,-1.294924,40.93263,-20.55606,86.69138,0.5892665,0.842207,-1.278976,8.715913,38.59629,-5.462927,0.5936794,0.8153772,-1.266342,4.534793,-2.069809E-05,0,0.5583131,0.8548584,-1.303949,0,-14.88063,1.249918,0.5655242,0.8092989,-1.274098,26.28401,22.25404,-7.32523,0.584884,0.7679858,-1.272074,19.22495,-8.087743E-05,0,0.6040376,0.7475331,-1.274137,12.82332,-6.86756E-05,0,0.5560678,0.8502537,-1.313264,0,-2.359625E-06,0,0.5601864,0.799683,-1.296241,24.6343,13.11945,-2.313676,0.5795258,0.756986,-1.297277,23.58461,2.194816E-05,0,0.6019053,0.7361104,-1.301709,15.73548,1.263851E-05,0,0.5536363,0.8469185,-1.323351,3.069245,14.87364,-2.900633,0.5571083,0.7958741,-1.320325,22.82523,-0.4750346,-0.6760855,0.5765253,0.7566284,-1.321017,23.21894,-1.147611E-05,0,0.5978017,0.7382396,-1.323625,15.49109,-2.031857E-05,0,0.5513638,0.8462543,-1.332775,7.703165,29.67834,-7.04378,0.5547191,0.7993754,-1.342783,16.65471,-10.78822,-6.404472,0.568009,0.7665954,-1.344901,20.92321,3.901422E-05,0,0.5831851,0.7503285,-1.345985,13.95742,1.473979E-05,0,1.060172,0.8667537,-1.310298,33.94683,-17.18709,71.52834,1.038929,0.8421744,-1.287827,7.341924,32.75158,-3.987327,1.035998,0.8143369,-1.277084,4.113375,-1.396162E-05,0,1.060152,0.8570967,-1.319112,0,-14.88066,1.249918,1.059869,0.8131202,-1.286176,19.71151,28.9199,2.023327,1.046667,0.7696452,-1.281561,17.31249,-6.427858E-05,0,1.031118,0.7462508,-1.280984,11.54654,-4.852756E-05,0,1.060156,0.8520215,-1.328453,0,1.999688E-06,0,1.059882,0.8023842,-1.308448,21.9677,16.83836,-0.1480375,1.042895,0.7587827,-1.305534,24.57812,5.409873E-05,0,1.020799,0.737149,-1.305584,16.39942,2.96236E-05,0,1.060166,0.8481746,-1.33865,3.069245,14.87368,-2.900701,1.057273,0.7973914,-1.33237,17.79389,3.139278,-6.863042,1.041506,0.7566534,-1.32928,25.33188,3.202699E-06,0,1.021146,0.7373288,-1.326173,16.90326,8.906277E-07,0,1.060187,0.8470296,-1.348299,7.703165,29.67841,-7.043752,1.054401,0.7997879,-1.354917,17.4689,-10.07892,-21.27775,1.040335,0.7673432,-1.352651,19.82936,5.067074E-06,0,1.025955,0.7510298,-1.347837,13.22693,4.181966E-06,0,start
533,0.8101113,0.9265093,-1.301893,0,0.8242952,0.5173771,0.8069389,1.287277,-1.340148,-0.3083766,-0.07477264,2.154768,0.8076887,1.596145,-1.334435,4.281577,-0.2397077,1.871476,0.7300381,0.9253574,-1.301169,2.302993,0.6165597,-0.7969672,0.7317371,0.4985926,-1.283868,10.13758,0.02256385,-0.04423466,0.7309415,0.07445815,-1.342051,7.777207,-0.8114727,-9.716788,0.8901845,0.9276612,-1.302617,1.113466,-0.9801323,2.393674,0.8890969,0.5006278,-1.294154,6.762424,-0.01992642,0.03426402,0.8859369,0.0745911,-1.336091,5.806908,-1.102072,-6.000937,0.7382552,1.410232,-1.31795,-15.5639,-0.346,0.9569532,0.608806,1.409763,-1.348814,-14.20823,17.34346,-47.92397,0.5600243,1.156742,-1.362638,15.22642,-6.752938E-05,-26.31083,0.8773672,1.410078,-1.323186,-16.64523,0.4406576,1.205122,1.003343,1.411168,-1.366066,-9.958939,12.97301,-42.29912,1.045509,1.157061,-1.381626,14.19553,-8.794767E-05,-25.75146,0.55084,0.8763992,-1.317175,3.262188,-11.44171,0.3268584,1.062591,0.877286,-1.334966,2.869831,-15.36188,0.386643,0.5581461,0.8665017,-1.284754,40.94732,-20.58033,86.61766,0.5861315,0.8449011,-1.26713,8.77765,38.42665,-5.481728,0.5899999,0.8183042,-1.253842,4.577656,-1.355082E-05,0,0.5563389,0.8571268,-1.293687,0,-14.88064,1.250075,0.5620839,0.8121369,-1.262676,26.2209,22.25498,-7.43321,0.5811606,0.770807,-1.258989,19.52681,-2.198982E-06,0,0.6004063,0.7503542,-1.259832,13.02486,-1.124135E-05,0,0.5544887,0.852348,-1.303001,0,-3.490032E-06,0,0.55769,0.8021069,-1.284843,24.56637,13.11806,-2.353932,0.576868,0.7593296,-1.284189,23.78226,5.56592E-06,0,0.5994,0.7383702,-1.287235,15.86753,1.376084E-05,0,0.5524906,0.8488238,-1.313118,3.069245,14.87364,-2.900768,0.5556576,0.7978393,-1.30896,22.74704,-0.4714743,-0.7470343,0.574903,0.7585139,-1.308035,23.37367,-1.470459E-05,0,0.5962382,0.7400551,-1.309347,15.59449,-1.274789E-05,0,0.5506311,0.8479828,-1.322618,7.703191,29.67834,-7.043752,0.5542666,0.8009105,-1.331565,16.61323,-10.75238,-6.453728,0.5675032,0.7680535,-1.332487,20.98871,-5.12575E-05,0,0.5826644,0.7517371,-1.332596,14.00119,-3.39116E-05,0,1.061683,0.870137,-1.301046,33.93434,-17.19859,71.74194,1.040922,0.8463866,-1.277271,7.793996,32.49561,-4.205657,1.038326,0.8190615,-1.265208,4.378822,-2.821843E-05,0,1.061794,0.8600479,-1.309362,0,-14.88068,1.249762,1.06233,0.8177934,-1.274247,19.56319,28.92133,2.286617,1.049951,0.7743757,-1.267368,17.67907,3.517882E-05,0,1.034699,0.7508444,-1.265614,11.79126,2.350617E-05,0,1.06185,0.8545077,-1.318435,0,-9.983322E-06,0,1.062449,0.8059471,-1.295949,21.88902,16.83727,-0.1203313,1.046241,0.7622605,-1.290759,24.34858,2.910003E-05,0,1.024616,0.7401859,-1.289599,16.24602,5.590835E-06,0,1.061892,0.8501509,-1.328425,3.069245,14.87368,-2.900768,1.059846,0.7997101,-1.319577,17.62326,3.130968,-6.800081,1.044877,0.7588877,-1.314362,25.01149,2.109555E-05,0,1.025012,0.7392467,-1.31021,16.6891,1.398294E-05,0,1.061901,0.8485202,-1.338004,7.703165,29.67842,-7.04378,1.056865,0.8009173,-1.342205,17.58712,-10.09484,-21.38596,1.043272,0.768435,-1.338232,19.38674,1.703441E-05,0,1.029258,0.7520694,-1.332587,12.93132,3.275858E-06,0,start
567,0.8101362,0.9265569,-1.302268,-0.01978234,0.8323526,0.4981082,0.806987,1.287347,-1.340293,-0.3471792,-0.08967979,2.122094,0.8078282,1.596215,-1.334427,4.223455,-0.2549861,1.844299,0.730063,0.9253933,-1.301571,2.353848,0.6276645,-0.7981939,0.7317365,0.4986332,-1.284153,10.11494,0.02249946,-0.04423466,0.7309452,0.07445997,-1.342053,7.739767,-0.8124042,-9.697324,0.8902094,0.9277205,-1.302964,1.132806,-0.9903207,2.419294,0.8891043,0.5006847,-1.294621,6.691755,-0.001572841,0,0.8860853,0.07460806,-1.33616,5.82403,-1.082364,-6.04413,0.738323,1.410306,-1.318052,-15.58677,-0.3784069,0.8538629,0.608904,1.409817,-1.349042,-13.39315,17.34158,-44.99298,0.5573225,1.157372,-1.363233,17.9318,-6.844334E-05,-26.04873,0.8774379,1.410119,-1.323208,-16.65729,0.4360791,1.300105,1.00343,1.411194,-1.366042,-10.0806,13.4522,-41.04317,1.047936,1.157522,-1.382167,16.82077,-0.0001087582,-24.91767,0.5494388,0.8793559,-1.305025,2.291235,-10.71005,0.2139789,1.063513,0.8798562,-1.323839,1.611434,-16.43049,0.23239,0.5552135,0.8706312,-1.271965,40.98138,-20.57764,86.48529,0.5822513,0.8495737,-1.25232,8.609869,38.39554,-5.372318,0.5853859,0.8234845,-1.237882,4.492352,-6.65838E-06,0,0.5537486,0.8609407,-1.280619,0,-14.88063,1.249918,0.5577968,0.8171036,-1.247745,26.19315,22.25249,-7.551618,0.5763997,0.7758396,-1.241672,19.71102,-1.917025E-05,0,0.5955888,0.755331,-1.240892,13.14791,-2.400708E-05,0,0.5522881,0.8558291,-1.289825,0,-3.803524E-06,0,0.554339,0.8062804,-1.269704,24.52338,13.11191,-2.439035,0.5731577,0.7634515,-1.266595,23.89573,-9.792689E-06,0,0.5956962,0.7423149,-1.267833,15.94337,-1.615362E-05,0,0.550724,0.8519421,-1.299886,3.069245,14.87364,-2.900701,0.5533658,0.8011318,-1.293716,22.65215,-0.4702278,-0.774302,0.5722263,0.7617435,-1.290465,23.58907,2.912913E-05,0,0.5935163,0.7431892,-1.290134,15.7384,1.333557E-05,0,0.5492884,0.8507587,-1.309423,7.703139,29.67834,-7.04378,0.5530135,0.8033699,-1.316458,16.51782,-10.72,-6.465779,0.5660078,0.7704149,-1.315588,21.20423,0.0002215699,0,0.5810856,0.754063,-1.314417,14.14513,0.0001491429,0,1.06291,0.8747575,-1.289544,33.95978,-17.16062,71.86504,1.042634,0.8521699,-1.264264,7.990136,32.27549,-4.286514,1.040397,0.8255821,-1.250589,4.499889,-7.55743E-06,0,1.063127,0.8641871,-1.297237,0,-14.88067,1.249762,1.064514,0.8241447,-1.25964,19.50956,28.90745,2.441521,1.052875,0.7810372,-1.250052,17.70746,-2.69279E-05,0,1.038006,0.7574214,-1.246789,11.81019,-1.908817E-05,0,1.063217,0.8581102,-1.305959,0,-2.357093E-06,0,1.064688,0.8110116,-1.280587,21.74301,16.83591,0.02797646,1.049289,0.7674468,-1.272643,24.03508,7.947124E-05,0,1.028191,0.7449961,-1.269978,16.0365,4.968495E-05,0,1.063267,0.8531588,-1.315667,3.069309,14.87368,-2.900633,1.062046,0.8033199,-1.303779,17.30238,3.109707,-6.609159,1.047967,0.7625921,-1.295985,24.68044,-1.531321E-05,0,1.028656,0.7427185,-1.29053,16.4678,-2.206073E-05,0,1.063247,0.8509524,-1.32513,7.703165,29.67841,-7.04378,1.058916,0.8031127,-1.326418,17.73348,-10.07546,-21.43382,1.045762,0.7707633,-1.320407,18.75157,7.985196E-06,0,1.032153,0.7544266,-1.313774,12.50726,6.007365E-06,0,start
600,0.8101618,0.9266167,-1.302816,-0.04423466,0.8421462,0.4673002,0.8070125,1.287421,-1.34068,-0.3779418,-0.09524687,2.082247,0.8078918,1.596284,-1.33463,4.243163,-0.2655599,1.825313,0.7300884,0.9254392,-1.302164,2.403873,0.6406685,-0.8060005,0.7317313,0.4986876,-1.284535,10.09144,0.0224761,-0.04423466,0.7309456,0.07446238,-1.342053,7.688527,-0.8120127,-9.673513,0.8902352,0.9277942,-1.303469,1.145176,-1.003057,2.442643,0.8891043,0.5007571,-1.295196,6.620247,-0.001557764,0.01978234,0.8860933,0.07463571,-1.336275,5.832001,-1.083937,-6.093262,0.7383455,1.410375,-1.318421,-15.59053,-0.3939829,0.7952467,0.6089503,1.40988,-1.34951,-12.89133,17.73212,-42.50676,0.5537806,1.158206,-1.363893,21.10689,-6.894643E-05,-26.37691,0.8774641,1.410177,-1.323481,-16.66782,0.4650322,1.397178,1.003477,1.41133,-1.366249,-10.19833,13.98089,-40.05136,1.050622,1.158153,-1.382661,19.82428,-0.0001169953,-24.20037,0.547182,0.883672,-1.290879,0.8744686,-10.61475,0.08156469,1.06424,0.8835708,-1.310811,0.2517883,-17.44805,0.04423466,0.5513065,0.8767711,-1.257148,41.01367,-20.57775,86.3856,0.577186,0.8566504,-1.235108,8.439128,38.36243,-5.260975,0.579405,0.8314116,-1.219076,4.405489,-5.182165E-06,0,0.5501484,0.866622,-1.265309,0,-14.88063,1.250075,0.5521905,0.824668,-1.22989,26.13295,22.26218,-7.584393,0.5700145,0.7836503,-1.220642,20.04191,-6.062737E-05,0,0.5890286,0.7631544,-1.217847,13.36884,-4.317097E-05,0,0.5490684,0.8610135,-1.274275,0,-5.636328E-06,0,0.5496547,0.8126572,-1.251352,24.4269,13.09733,-2.454394,0.5677913,0.769901,-1.244942,24.21584,1.181493E-05,0,0.5902259,0.7486416,-1.243945,16.15728,-6.23634E-07,0,0.547938,0.8565805,-1.284167,3.069245,14.87364,-2.900701,0.5497563,0.8061773,-1.275059,22.5646,-0.4680226,-0.7433581,0.5679701,0.7668605,-1.268721,23.84303,1.634798E-05,0,0.5890803,0.7482469,-1.266369,15.90813,1.684173E-05,0,0.5469395,0.8548751,-1.29368,7.703191,29.67834,-7.043725,0.5504956,0.8071386,-1.297882,16.42737,-10.68096,-6.418296,0.5630391,0.7741622,-1.294587,21.42694,0.0001217526,0,0.5779133,0.7578179,-1.291808,14.29389,7.297235E-05,0,1.063827,0.8807539,-1.276251,34.05232,-17.07668,71.77045,1.043926,0.8595726,-1.249499,7.7713,32.22287,-4.161983,1.042091,0.8339441,-1.234048,4.379314,-7.31403E-06,0,1.064184,0.8697002,-1.283226,0,-14.88067,1.249918,1.066315,0.8322711,-1.243059,19.53603,28.86828,2.554663,1.055358,0.7897356,-1.230556,17.31385,-5.918455E-05,0,1.041021,0.7660844,-1.225605,11.54745,-4.377371E-05,0,1.064341,0.8630592,-1.291525,0,-5.304529E-06,0,1.066628,0.8177791,-1.263089,21.55202,16.79118,0.2264194,1.052074,0.7745764,-1.252142,23.31785,9.252245E-05,0,1.031697,0.7517276,-1.247784,15.55719,6.134981E-05,0,1.064438,0.8574748,-1.300884,3.069245,14.87368,-2.900768,1.064032,0.8085233,-1.285707,16.81466,3.012585,-6.378611,1.050972,0.7680994,-1.275074,24.10106,7.206169E-06,-0.02797646,1.032375,0.7479929,-1.26818,16.0806,6.562793E-06,0,1.064421,0.8546444,-1.310179,7.703165,29.67841,-7.04378,1.060834,0.8067639,-1.308269,17.87338,-10.15934,-21.53574,1.048134,0.7747297,-1.300013,17.67684,2.178474E-06,0,1.035049,0.7584199,-1.292341,11.78977,3.087052E-07,0,start
633,0.8101592,0.9266815,-1.303531,-0.04845664,0.8529309,0.4265846,0.8069947,1.28749,-1.341305,-0.4029978,-0.09405658,2.038937,0.8078596,1.596349,-1.335074,4.292495,-0.2583922,1.796349,0.7300856,0.9254889,-1.302935,2.455829,0.652763,-0.8130105,0.7317085,0.4987511,-1.284974,10.07656,0.02224012,-0.03956468,0.7309528,0.0744665,-1.342052,7.629412,-0.8127888,-9.639066,0.8902329,0.9278741,-1.304126,1.158934,-1.01458,2.466327,0.8890911,0.500838,-1.295806,6.555982,-0.001520293,0.02797646,0.8861082,0.0746662,-1.33636,5.81962,-1.087043,-6.143791,0.738309,1.410433,-1.319044,-15.5815,-0.4170802,0.7571809,0.6089327,1.409896,-1.350211,-12.54329,18.36951,-40.2645,0.5496309,1.159169,-1.364688,24.75438,-8.321876E-05,-26.32588,0.8774313,1.41024,-1.323999,-16.68212,0.4790919,1.485958,1.003466,1.411446,-1.366703,-10.37879,14.65247,-39.34204,1.0536,1.158849,-1.383193,23.17499,-0.0001017402,-23.15942,0.5443811,0.8896418,-1.274849,-0.7444103,-11.11149,-0.07132626,1.064718,0.888521,-1.296346,-1.893619,-18.84938,-0.3134116,0.5472209,0.8851988,-1.240576,41.06875,-20.56268,86.09665,0.5720591,0.8664818,-1.216222,7.943394,38.42029,-4.955668,0.5733738,0.8425298,-1.198236,4.144064,2.413746E-07,0,0.5462117,0.8744896,-1.248009,0,-14.88063,1.249762,0.5464303,0.8352383,-1.209563,26.1892,22.2638,-7.720293,0.5633902,0.7948279,-1.196716,20.02752,-5.272024E-05,0,0.5820267,0.7743999,-1.191735,13.35922,-3.521409E-05,0,0.545371,0.8682483,-1.256573,0,-3.383206E-06,0,0.5444868,0.8217082,-1.230165,24.45467,13.09031,-2.580734,0.5618196,0.7793503,-1.219991,24.11234,1.029557E-05,0,0.583887,0.7579553,-1.216592,16.08812,1.753171E-06,0,0.5445288,0.8631116,-1.266148,3.069245,14.87364,-2.900768,0.5453338,0.8134992,-1.253314,22.64883,-0.461191,-0.7671934,0.5628311,0.7745792,-1.243475,23.51444,-9.685066E-06,0,0.5835063,0.7558716,-1.238981,15.68857,-1.678067E-05,0,0.5438423,0.8607212,-1.275541,7.703165,29.67834,-7.043752,0.5468889,0.8127685,-1.276105,16.47466,-10.66866,-6.435747,0.5588826,0.7799958,-1.269961,21.29744,-1.192858E-06,0,0.5734002,0.7637141,-1.265462,14.20739,-6.898913E-06,0,1.064279,0.8884339,-1.261672,34.08635,-17.01094,71.8786,1.044879,0.8688512,-1.233379,7.885904,31.8517,-4.18067,1.04352,0.8444939,-1.215949,4.461946,-2.954962E-05,0,1.06497,0.8768781,-1.26775,0,-14.88067,1.250075,1.068034,0.8428164,-1.224748,19.56763,28.80292,2.681099,1.058212,0.8011317,-1.208887,16.65096,-7.015389E-05,0,1.044795,0.7774371,-1.201961,11.105,-4.722217E-05,0,1.065338,0.869609,-1.275498,0,-3.3074E-06,0,1.068816,0.8268013,-1.243568,21.14495,16.68441,0.4913847,1.055747,0.7841617,-1.229104,22.54419,2.255699E-05,0,1.036489,0.7608149,-1.222753,15.04027,1.315577E-05,0,1.065621,0.8633074,-1.284386,3.069245,14.87368,-2.900633,1.06655,0.8157168,-1.265385,16.01728,2.901942,-5.966242,1.055191,0.7757775,-1.251473,23.50787,1.865278E-05,0,1.03767,0.755336,-1.242942,15.68417,2.016682E-05,0,1.065713,0.8597518,-1.293428,7.703165,29.67841,-7.04378,1.063471,0.8120897,-1.28774,17.75539,-10.19447,-21.60879,1.051725,0.7804416,-1.276966,16.67161,9.727692E-06,0,1.039392,0.76414,-1.268121,11.11875,1.092057E-05,0,start
667,0.810228,0.9267315,-1.304126,-0.04423466,0.8597142,0.3810355,0.8070536,1.287536,-1.341872,-0.4210443,-0.08814649,1.996158,0.8078617,1.596392,-1.335529,4.305707,-0.2341364,1.751671,0.730154,0.9255295,-1.303594,2.488056,0.6658649,-0.8173313,0.7317168,0.4988034,-1.285353,10.06284,0.02201401,-0.04423466,0.73096,0.07446808,-1.342053,7.579658,-0.8110102,-9.599457,0.8903019,0.9279335,-1.304658,1.165668,-1.026878,2.492222,0.8891125,0.5008992,-1.296252,6.523177,-0.01950324,0.02797646,0.8859767,0.07469663,-1.33647,5.816015,-1.115107,-6.184945,0.7383392,1.410465,-1.319624,-15.57187,-0.3958879,0.7200928,0.6089808,1.409975,-1.350865,-12.18513,19.03719,-38.26923,0.5454248,1.160288,-1.365276,28.78589,-5.969502E-05,-26.03938,0.8774652,1.410287,-1.324475,-16.70644,0.4801801,1.550281,1.003514,1.411522,-1.367138,-10.48115,15.34477,-38.80643,1.056701,1.159528,-1.383281,26.73874,-8.725763E-05,-22.65252,0.5418637,0.8975661,-1.257073,-2.558032,-11.70286,-0.2624426,1.064774,0.8947732,-1.280407,-4.266822,-20.27998,-0.7631016,0.5436863,0.8959011,-1.222484,41.09914,-20.57936,85.88577,0.5675449,0.8789036,-1.195985,7.575436,38.36342,-4.71854,0.5680157,0.8565497,-1.17601,3.955522,-6.086913E-06,0,0.542704,0.8846354,-1.229047,0,-14.88064,1.250075,0.5412141,0.8486609,-1.187545,26.26359,22.25712,-7.846503,0.5571921,0.8092123,-1.170987,19.92867,-4.9652E-05,0,0.5753337,0.788994,-1.163808,13.29323,-4.401134E-05,0,0.5419956,0.8777272,-1.237096,0,-6.467515E-06,0,0.5396133,0.8335203,-1.207026,24.45022,13.08497,-2.692682,0.5559515,0.7918935,-1.192941,24.09195,2.124539E-05,0,0.5775523,0.7705362,-1.187149,16.07448,1.677925E-05,0,0.5413317,0.8718371,-1.246242,3.069245,14.87364,-2.900633,0.5409598,0.8234341,-1.229397,22.6509,-0.4635642,-0.7558876,0.557533,0.7852042,-1.215924,23.43434,-1.385469E-05,0,0.5777365,0.7666066,-1.209322,15.63502,-1.315497E-05,0,0.5408641,0.8686966,-1.255425,7.703139,29.67834,-7.043752,0.5431285,0.8208197,-1.251998,16.49655,-10.64227,-6.450689,0.5544169,0.7884915,-1.242882,21.22495,0.0002241974,0,0.5685188,0.7724109,-1.236666,14.159,0.0001500871,0,1.064523,0.8976402,-1.24585,34.17514,-16.92559,71.88081,1.04576,0.8800075,-1.215894,7.808062,31.64026,-4.114375,1.045022,0.8572213,-1.196421,4.42815,-1.299558E-05,0,1.065497,0.8856295,-1.250925,0,-14.88068,1.249918,1.069721,0.8554646,-1.205197,19.41653,28.69505,3.009343,1.061212,0.8150722,-1.185659,16.19985,-3.447291E-05,0,1.04873,0.791624,-1.176505,10.80391,-2.327364E-05,0,1.066022,0.8777369,-1.258027,0,-3.919366E-06,0,1.07084,0.8379253,-1.222587,20.3775,16.50536,1.005415,1.059582,0.7963005,-1.204182,21.65105,0.0005247852,0,1.041703,0.7726525,-1.195385,14.4436,0.0003584834,0,1.06643,0.8707082,-1.266346,3.069245,14.87368,-2.900768,1.068762,0.8249589,-1.243361,14.77427,2.702597,-5.508332,1.0595,0.7859311,-1.225789,22.68412,1.7948E-05,0,1.043406,0.7652799,-1.215199,15.13374,9.379635E-06,0,1.06657,0.866396,-1.275052,7.703165,29.67841,-7.043725,1.065663,0.8193521,-1.2653,17.15888,-10.26325,-21.73411,1.055193,0.7883358,-1.251735,15.65791,-2.699972E-05,0,1.043835,0.7721549,-1.241475,10.44224,-2.499484E-05,0,start
700,0.8103635,0.9267684,-1.304581,-0.03426402,0.8635643,0.339197,0.8071979,1.287567,-1.342346,-0.427501,-0.08585116,1.961143,0.8079624,1.596422,-1.335964,4.310026,-0.2025016,1.686324,0.7302893,0.9255611,-1.304108,2.508583,0.6800629,-0.8209146,0.7317618,0.4988441,-1.285647,10.04581,0.003719837,-0.03426402,0.7311068,0.07446325,-1.342006,7.535463,-0.8246258,-9.559523,0.8904378,0.9279757,-1.305053,1.166843,-1.040472,2.516917,0.8891692,0.5009431,-1.296572,6.496609,-0.01924559,0,0.8859816,0.07471538,-1.336518,5.80863,-1.128245,-6.220566,0.7384655,1.410491,-1.320126,-15.57433,-0.4339476,0.6752167,0.6091281,1.409911,-1.351453,-11.864,19.78489,-36.44064,0.5414003,1.161315,-1.365727,33.12862,-5.699427E-05,-25.1653,0.8775945,1.410318,-1.324892,-16.71935,0.4314708,1.583997,1.00366,1.41145,-1.367507,-10.58781,16.09369,-38.32757,1.059844,1.160079,-1.383215,30.61938,-0.0001014366,-22.76816,0.5398924,0.9073883,-1.238205,-4.189467,-12.32151,-0.4524074,1.064077,0.9024993,-1.263307,-6.44628,-21.5899,-1.230193,0.5412319,0.9087197,-1.20358,41.13657,-20.60915,85.72437,0.5644776,0.8937711,-1.175357,7.269548,38.30674,-4.521037,0.5643728,0.8733056,-1.153446,3.799163,-8.451753E-06,0,0.5401543,0.8969404,-1.209151,0,-14.88065,1.250075,0.5375367,0.8647495,-1.164702,26.38136,22.23184,-8.024288,0.5527398,0.8266861,-1.14456,19.63333,-0.0001020878,0,0.5703898,0.8068701,-1.135328,13.09602,-7.74016E-05,0,0.5394405,0.8893678,-1.216578,0,-1.032922E-05,0,0.5359482,0.8479929,-1.182813,24.52964,13.06111,-2.798343,0.5514866,0.8075377,-1.164923,23.77563,-3.805104E-06,0,0.572571,0.7863836,-1.156909,15.86311,-2.563427E-06,0,0.538802,0.882713,-1.225185,3.069181,14.87364,-2.900701,0.5374262,0.8359748,-1.204199,22.64377,-0.4815796,-0.8013745,0.5531955,0.7988264,-1.187198,23.37179,-1.189015E-05,0,0.5729825,0.7805607,-1.178685,15.59326,-1.876062E-05,0,0.5384048,0.8787907,-1.234066,7.703139,29.67834,-7.043752,0.5398499,0.8313668,-1.226454,16.48708,-10.64995,-6.472933,0.5504876,0.7997917,-1.214391,21.21844,-0.0001539337,0,0.564239,0.7841036,-1.206589,14.15464,-0.0001193831,0,1.064241,0.9084361,-1.229143,34.27703,-16.81684,71.76089,1.046128,0.8931991,-1.197518,7.460299,31.46614,-3.910312,1.045944,0.8723015,-1.176019,4.239192,7.431813E-07,0,1.065357,0.8960378,-1.233142,0,-14.88067,1.249918,1.070726,0.8701495,-1.184977,19.06511,28.46687,3.262308,1.063396,0.8316177,-1.161585,15.90192,-5.337131E-05,0,1.051696,0.8088541,-1.149993,10.60506,-3.054596E-05,0,1.065926,0.8875521,-1.23952,0,-7.290024E-06,0,1.07192,0.851148,-1.200752,18.93537,16.15185,1.113466,1.062715,0.8111558,-1.178079,22.08969,0.001021272,0,1.04577,0.7879928,-1.166563,14.73662,0.0006985447,0,1.066345,0.8798162,-1.247185,3.069309,14.87367,-2.900701,1.06979,0.8363463,-1.220255,12.82304,2.332297,-5.947057,1.062926,0.7987978,-1.19879,22.20485,3.983744E-05,0,1.048366,0.7784726,-1.185655,14.81357,2.859577E-05,0,1.066445,0.8747467,-1.255474,7.703165,29.67841,-7.043752,1.066496,0.8287531,-1.241558,15.56558,-10.3576,-22.22976,1.057692,0.7986503,-1.225068,15.71879,2.255356E-05,0,1.047279,0.7830087,-1.213109,10.48284,1.592427E-05,0,start
733,0.8105399,0.9267994,-1.305056,-0.02797646,0.8639681,0.3006659,0.8073223,1.287593,-1.34286,-0.4247459,-0.05707697,1.924679,0.8079345,1.596447,-1.336459,4.345732,-0.2058602,1.613012,0.7304654,0.9255917,-1.304636,2.534664,0.6935899,-0.826142,0.7318286,0.4988855,-1.28592,10.05156,0.02162824,-0.03426402,0.7309743,0.07447684,-1.342067,7.510265,-0.7997475,-9.529741,0.8906144,0.9280071,-1.305477,1.174032,-1.053382,2.537519,0.8892472,0.5009771,-1.296883,6.473932,-0.01926332,0.02797646,0.8859839,0.07472381,-1.336549,5.792748,-1.142236,-6.251596,0.7385145,1.410484,-1.320691,-15.5788,-0.4011266,0.6314908,0.6091995,1.409914,-1.352109,-11.44754,20.45524,-35.04129,0.5375918,1.162366,-1.365632,37.5437,-7.864487E-05,-24.25205,0.8776466,1.41038,-1.325367,-16.71633,0.4275824,1.583132,1.003741,1.411562,-1.367895,-10.42196,16.63738,-37.81774,1.062735,1.160775,-1.382592,34.49152,-9.863233E-05,-21.98369,0.5389627,0.9190862,-1.218811,-5.460272,-12.96083,-0.6202354,1.063056,0.9118354,-1.245581,-8.676996,-22.78966,-1.752007,0.5402198,0.9235145,-1.184441,41.18917,-20.64218,85.50574,0.5632505,0.9109604,-1.154905,6.844556,38.31633,-4.256068,0.5628886,0.8926437,-1.131171,3.577029,-2.073348E-06,0,0.5390328,0.9112933,-1.188934,0,-14.88063,1.250075,0.5359497,0.8832622,-1.141779,26.47708,22.21027,-8.130572,0.5507603,0.8470299,-1.118252,19.30609,-6.7379E-05,0,0.5680847,0.8278999,-1.107146,12.87751,-3.84858E-05,0.01978234,0.5382593,0.9030909,-1.195652,0,-4.358623E-06,0,0.5342338,0.864961,-1.158315,24.60485,13.03515,-2.905758,0.5493509,0.8261452,-1.136799,23.40902,2.284923E-05,0,0.5700741,0.8055114,-1.126746,15.61812,3.893942E-06,0,0.5375741,0.8956954,-1.203628,3.069245,14.87364,-2.900633,0.5356436,0.8510523,-1.178528,22.62739,-0.4941097,-0.8052719,0.5509583,0.8154249,-1.158184,23.29474,2.8199E-05,0,0.5704932,0.7977715,-1.147967,15.54175,3.636609E-05,0,0.53716,0.8909941,-1.212121,7.703139,29.67834,-7.043725,0.5380802,0.8444353,-1.200268,16.42131,-10.66106,-6.530598,0.5483096,0.8139566,-1.185367,21.36093,0.0003413962,0,0.561893,0.7989176,-1.176124,14.24981,0.0002381782,0,1.063137,0.9208242,-1.212089,34.35546,-16.73993,71.74525,1.04537,0.908057,-1.1792,7.243294,31.20828,-3.767852,1.045549,0.8892492,-1.155851,4.127301,-1.173778E-05,0,1.064527,0.9081445,-1.214961,-0.02797646,-14.88068,1.249918,1.070551,0.8868214,-1.164683,18.56974,28.15683,3.624122,1.064417,0.8505496,-1.137621,15.64622,1.871726E-05,0,1.053529,0.8286762,-1.123748,10.43441,2.225343E-05,0,1.065278,0.8991343,-1.220552,0,-1.30934E-05,0,1.07215,0.8665093,-1.178689,17.63154,15.86289,1.428481,1.064866,0.8285853,-1.152102,22.40199,0.0002712897,0,1.048879,0.8060753,-1.138175,14.94524,0.0001866404,0,1.065861,0.8907513,-1.227492,3.069309,14.87368,-2.900768,1.070327,0.8499689,-1.196775,10.24997,2.063294,-5.502779,1.066299,0.8142808,-1.171717,22.20053,4.102609E-05,0,1.05333,0.7944312,-1.156374,14.8107,4.377561E-05,0,1.066062,0.8849601,-1.235292,7.703191,29.67841,-7.04378,1.067174,0.8404177,-1.217298,13.63303,-10.41774,-22.6182,1.060222,0.8114704,-1.198079,15.6927,1.719388E-05,0,1.050847,0.7964282,-1.18459,10.46542,4.124409E-06,0,start
767,0.8107029,0.9268352,-1.30564,-0.01978234,0.8611127,0.2705197,0.8074657,1.287623,-1.343508,-0.4111691,-0.03779491,1.88803,0.8079638,1.596477,-1.337123,4.40709,-0.1950741,1.548387,0.7306281,0.9256315,-1.305262,2.560708,0.7027901,-0.8315719,0.7318923,0.4989361,-1.286295,10.0266,0.003560356,-0.03956468,0.7311113,0.07447058,-1.342012,7.454247,-0.8109732,-9.50146,0.8907777,0.9280388,-1.306017,1.197466,-1.061809,2.55359,0.8893224,0.5010138,-1.297195,6.466204,-0.01908898,0.02797646,0.8859879,0.07473463,-1.336577,5.769932,-1.153188,-6.278791,0.7386031,1.410497,-1.321413,-15.57594,-0.3495887,0.587175,0.6093061,1.409996,-1.352907,-10.75455,20.85333,-33.84766,0.5346364,1.16327,-1.364802,41.85827,-6.432013E-05,-23.66177,0.877738,1.410438,-1.326,-16.69616,0.3921569,1.556706,1.003875,1.41157,-1.368404,-10.18592,17.23755,-37.41206,1.065759,1.161397,-1.381616,38.41301,-0.0001081655,-20.86252,0.5394756,0.9324652,-1.199125,-6.731,-13.55909,-0.8006416,1.061794,0.9226223,-1.227623,-10.96327,-23.61681,-2.29874,0.5405557,0.9400077,-1.165296,41.23714,-20.72374,85.36635,0.5633442,0.930131,-1.13458,6.641866,38.26663,-4.124785,0.5627742,0.9141247,-1.109234,3.473727,-4.573077E-06,0,0.5393166,0.9274344,-1.168662,0,-14.88065,1.250075,0.5357705,0.9038475,-1.119166,26.52151,22.1915,-8.185684,0.5502396,0.8698424,-1.092333,19.05799,-6.036602E-05,0,0.5672958,0.8516722,-1.079358,12.71183,-3.661407E-05,0,0.5385303,0.9186571,-1.174608,0,-1.446153E-05,0,0.5340355,0.8841224,-1.133972,24.62005,13.00771,-2.962203,0.5487872,0.847362,-1.108888,23.17536,-1.365405E-05,0,0.5692312,0.8275673,-1.096785,15.46198,-3.253879E-05,0,0.5378452,0.910568,-1.181879,3.069245,14.87363,-2.900701,0.5354764,0.8684171,-1.15282,22.6268,-0.5109009,-0.8163731,0.5504384,0.8347152,-1.129197,23.12634,6.049481E-06,0,0.5697368,0.8179128,-1.117243,15.42923,-7.997667E-06,0,0.5374515,0.9051129,-1.18991,7.703191,29.67834,-7.04378,0.5380002,0.8598273,-1.173849,16.47032,-10.65711,-6.502402,0.5479718,0.8307853,-1.156163,21.20623,0.0003117813,0,0.5613714,0.8165454,-1.145497,14.14647,0.0002075665,0,1.061532,0.9344831,-1.195038,34.38459,-16.66799,71.89854,1.043955,0.9241306,-1.161211,7.171296,30.63614,-3.668531,1.044252,0.9075233,-1.136251,4.110946,-6.385094E-06,0,1.063249,0.9216411,-1.196796,0,-14.88066,1.249762,1.06963,0.9049212,-1.144849,18.01641,27.76197,4.031626,1.064622,0.8712255,-1.114432,14.9746,-3.481158E-05,0,1.054714,0.8504159,-1.098363,9.986212,-2.865636E-05,0,1.064245,0.9122015,-1.201583,0,-5.310136E-07,0,1.071786,0.883517,-1.157035,16.47292,15.57832,1.696275,1.066232,0.8480041,-1.126933,22.35741,5.739198E-05,0,1.051286,0.8262962,-1.110757,14.91548,3.824159E-05,0,1.065062,0.9032652,-1.207768,3.069245,14.87368,-2.900701,1.070441,0.8654286,-1.173618,7.53252,1.709109,-5.186934,1.069292,0.8320608,-1.145281,23.44359,7.167731E-06,0,1.057423,0.8131745,-1.127959,15.64123,-1.897248E-06,0,1.065436,0.8968259,-1.215035,7.703139,29.67841,-7.04378,1.0676,0.8540558,-1.193238,11.2817,-10.46324,-22.97194,1.062716,0.8264806,-1.171526,16.31856,1.172357E-05,0,1.054293,0.8122558,-1.1566,10.88313,3.277137E-07,0,sign
800,0.810869,0.9268689,-1.306227,0,0.8540486,0.2502292,0.8076395,1.287651,-1.344177,-0.3941611,-0.02575675,1.854669,0.8080508,1.596504,-1.337831,4.460234,-0.172054,1.490428,0.7307939,0.9256752,-1.305876,2.582326,0.7068807,-0.8393012,0.7319689,0.4989898,-1.286678,10.00628,0.003505912,-0.03956468,0.7311191,0.0744746,-1.342014,7.40417,-0.8053371,-9.488253,0.8909441,0.9280627,-1.306577,1.221893,-1.065469,2.570778,0.8894064,0.5010431,-1.297504,6.451723,-0.00151856,0.02797646,0.886129,0.0747312,-1.336534,5.732512,-1.147905,-6.295351,0.7387386,1.410517,-1.322157,-15.5586,-0.3854407,0.5428462,0.6094511,1.409897,-1.353689,-9.952599,21.16614,-32.86161,0.5324146,1.1638,-1.363296,46.09058,-6.990092E-05,-23.18166,0.8778763,1.410485,-1.326663,-16.66967,0.3657451,1.515299,1.004058,1.411569,-1.368936,-9.739082,17.76759,-37.14254,1.068759,1.161997,-1.379813,42.22227,-8.576607E-05,-20.54282,0.541482,0.9471521,-1.179653,-8.01981,-14.04814,-0.9897227,1.060182,0.9347689,-1.209411,-12.71645,-24.38113,-2.758041,0.542407,0.9577208,-1.146639,41.28874,-20.81958,85.2598,0.565007,0.9506596,-1.11502,6.474235,38.21326,-4.01537,0.5642913,0.9370822,-1.088298,3.388592,-1.601983E-05,0,0.541138,0.9448987,-1.148861,0,-14.88065,1.249918,0.5372322,0.9258987,-1.097455,26.62263,22.15946,-8.23919,0.5514991,0.8944344,-1.067587,18.56929,9.396025E-06,0,0.5682634,0.8773945,-1.052821,12.38555,2.536976E-06,0,0.5403503,0.9356222,-1.153992,0,-1.472798E-05,0,0.5355018,0.9049208,-1.110426,24.6366,12.97692,-3.030088,0.5499913,0.8705503,-1.082021,22.82146,1.506937E-06,0,0.5701592,0.8518006,-1.067951,15.22551,-1.87991E-05,0,0.5396737,0.9269106,-1.160506,3.069309,14.87364,-2.900701,0.5369849,0.8875699,-1.127768,22.66584,-0.5234764,-0.7548515,0.5517166,0.8561077,-1.101106,22.7634,-8.160749E-07,0,0.5707676,0.8403037,-1.087507,15.18672,-6.57556E-07,0,0.5393027,0.9207526,-1.168013,7.703191,29.67834,-7.04378,0.5395899,0.8771043,-1.147918,16.57931,-10.66863,-6.50602,0.5494162,0.8497711,-1.127621,20.85814,0.0007546407,0,0.5626295,0.8364558,-1.115612,13.91398,0.000518073,0,1.05986,0.9494066,-1.177976,34.50567,-16.62821,71.96666,1.042394,0.9418248,-1.143366,7.064442,30.44592,-3.593249,1.042787,0.927504,-1.117028,4.057772,-1.24758E-05,0,1.061712,0.9364795,-1.17862,0,-14.8807,1.249918,1.068382,0.9243947,-1.125438,17.11493,27.36747,4.726629,1.064356,0.893701,-1.091862,15.20205,-4.653259E-05,0,1.054936,0.8743376,-1.073813,10.13803,-3.157298E-05,0,1.0628,0.9266715,-1.182573,0,-2.321531E-05,0,1.070743,0.9020385,-1.13573,15.24251,15.35792,2.1135,1.066575,0.8693553,-1.102375,22.49326,2.514997E-05,0,1.052385,0.8488941,-1.084038,15.00623,6.250299E-06,0,1.0637,0.9172418,-1.187963,3.069309,14.87367,-2.900701,1.069559,0.8825673,-1.150679,5.236523,1.383668,-4.910234,1.070583,0.8519634,-1.119373,24.57815,2.114957E-05,0,1.059475,0.8344776,-1.100177,16.39944,1.997436E-05,0,1.064128,0.910201,-1.194646,7.703191,29.67841,-7.043752,1.0668,0.8695069,-1.169231,8.655805,-10.40838,-23.34503,1.063842,0.8436386,-1.145195,17.8325,-9.229671E-06,0,1.056041,0.8306714,-1.128852,11.8937,-1.893771E-05,0,sign
833,0.8110049,0.9269038,-1.306784,0,0.844604,0.2430897,0.8077977,1.287678,-1.34485,-0.3674413,-0.01917005,1.830559,0.8081411,1.596532,-1.338597,4.511626,-0.1370481,1.423816,0.7309296,0.9257234,-1.306444,2.591179,0.7056382,-0.8462666,0.7320414,0.499045,-1.287088,9.980519,0.02158461,-0.03956468,0.7309976,0.07448471,-1.342074,7.358208,-0.7864018,-9.490075,0.8910803,0.9280843,-1.307124,1.248508,-1.063755,2.588836,0.8894846,0.5010712,-1.297761,6.458528,-0.001523621,0.01978234,0.886138,0.07473794,-1.336551,5.708598,-1.158803,-6.295942,0.7388738,1.410547,-1.322916,-15.53293,-0.350886,0.4905876,0.609585,1.409977,-1.354443,-8.863107,21.16507,-32.19136,0.5310276,1.164253,-1.360673,50.02259,-6.244109E-05,-22.78568,0.8780134,1.410529,-1.327363,-16.6324,0.2964931,1.443472,1.004241,1.411445,-1.369503,-9.142047,18.30598,-36.91693,1.071731,1.162501,-1.377398,45.98631,-8.46532E-05,-19.53025,0.5451167,0.9629524,-1.160615,-9.044245,-14.39657,-1.144492,1.058317,0.9482964,-1.191174,-14.48589,-24.97662,-3.224644,0.5459986,0.9763348,-1.128637,41.32931,-20.92687,85.21088,0.5685973,0.9721496,-1.09651,6.381561,38.13835,-3.951015,0.5679424,0.9609957,-1.068688,3.343573,-8.398722E-06,0,0.5447537,0.9633664,-1.129744,0,-14.88065,1.249918,0.5408429,0.9488702,-1.076892,26.69363,22.12159,-8.192637,0.5551982,0.9201533,-1.044412,18.05775,1.242917E-05,0,0.5718092,0.9044164,-1.028107,12.04403,3.899632E-06,0,0.5439861,0.9536799,-1.134056,0,-1.737251E-05,0,0.5391592,0.9268473,-1.088003,24.61161,12.9425,-3.040021,0.5536729,0.8951031,-1.056702,22.42628,-4.409047E-05,0,0.5736948,0.877599,-1.040922,14.96148,-3.797846E-05,0,0.5433297,0.9444371,-1.139793,3.069181,14.87363,-2.900701,0.5406855,0.9080662,-1.103781,22.64297,-0.5573821,-0.7994187,0.5554361,0.8790653,-1.07447,22.44672,7.981829E-06,0,0.5743807,0.8644655,-1.059451,14.97514,5.115071E-06,0,0.5429751,0.937653,-1.14674,7.703139,29.67834,-7.043752,0.5433241,0.8959041,-1.12295,16.62039,-10.71001,-6.546343,0.5532045,0.8704673,-1.100345,20.61102,-0.0001018432,0,0.5663669,0.8582295,-1.087189,13.74893,-7.605062E-05,0,1.057522,0.9655871,-1.161126,34.62701,-16.60776,72.02761,1.039872,0.9607101,-1.126125,6.96976,30.23731,-3.522756,1.040172,0.9487877,-1.098617,4.012003,-2.254373E-06,0,1.0596,0.9526875,-1.160638,0,-14.88068,1.249918,1.066097,0.9453622,-1.106574,16.32893,26.99052,5.21064,1.062836,0.9179265,-1.070211,15.25078,-5.634442E-05,0,1.053879,0.9001451,-1.050386,10.17052,-3.834319E-05,0,1.060883,0.9425954,-1.163722,0,-8.230263E-06,0,1.068914,0.9222456,-1.114881,14.11743,15.17369,2.470451,1.065928,0.8926618,-1.078631,22.59414,4.994364E-05,0,1.052421,0.8735702,-1.058399,15.07363,4.667367E-05,0,1.061983,0.9327526,-1.168271,3.069309,14.87368,-2.900633,1.068169,0.9015378,-1.128095,3.491213,1.137133,-4.669254,1.070821,0.8739855,-1.094161,25.32376,1.332056E-05,0,1.060328,0.857998,-1.073378,16.89783,1.611011E-05,0,1.062578,0.9251694,-1.174317,7.703191,29.67841,-7.043752,1.065765,0.8868768,-1.145463,6.636046,-10.38938,-23.67666,1.064303,0.8630295,-1.119294,18.83253,2.125962E-05,0,1.057003,0.8513892,-1.101764,12.56131,1.039833E-05,0,sign
867,0.8109019,0.9269402,-1.306404,0,0.833634,0.2462884,0.8077147,1.287706,-1.344615,-0.3310224,-0.01214512,1.807752,0.8079888,1.596563,-1.338534,4.536737,-0.1037792,1.354364,0.7308264,0.9257752,-1.30606,2.500846,0.6869815,-0.8488063,0.731994,0.4990713,-1.287277,9.877807,0.02152207,-0.02797646,0.731011,0.07448629,-1.342073,7.333983,-0.8052893,-9.494548,0.8909774,0.9281052,-1.306749,1.172197,-1.045916,2.606468,0.8894312,0.5010819,-1.297854,6.393809,-0.01926023,0,0.8860065,0.07474741,-1.336624,5.713745,-1.1689,-6.285719,0.7387673,1.41058,-1.322787,-15.52051,-0.3678975,0.416371,0.6094846,1.409935,-1.354337,-7.670433,21.15599,-31.79061,0.5297229,1.164529,-1.356383,53.82174,-6.658032E-05,-22.53644,0.8779086,1.410576,-1.327179,-16.59663,0.2624453,1.326332,1.004179,1.411402,-1.36919,-8.285744,18.7546,-36.73684,1.074499,1.163151,-1.37333,49.67448,-0.0001053691,-18.2468,0.549567,0.9799064,-1.141293,-9.987079,-14.61088,-1.283442,1.056155,0.9634535,-1.172015,-16.36357,-25.32121,-3.699729,0.5504314,0.9959292,-1.110552,41.36326,-21.04163,85.34445,0.5731063,0.9946477,-1.078232,6.630281,38.03897,-4.096869,0.5726193,0.9858593,-1.049571,3.478459,-4.101427E-06,0,0.5492504,0.9829077,-1.110564,0,-14.88066,1.249918,0.5454959,0.9728789,-1.056674,26.6229,22.0928,-8.041542,0.5600047,0.9470795,-1.021895,17.92485,-4.484767E-05,0,0.5766448,0.9328216,-1.00431,11.9553,-4.006813E-05,0,0.5485251,0.9728899,-1.114046,0,-2.104095E-05,0,0.5439061,0.9499933,-1.065895,24.44973,12.91051,-2.911814,0.5585113,0.9210675,-1.032011,22.38608,-5.66013E-06,0,0.5785663,0.9050105,-1.0148,14.93463,-1.846231E-05,0,0.5479063,0.9631951,-1.118987,3.069245,14.87363,-2.900701,0.5455027,0.929962,-1.080044,22.4408,-0.5971621,-0.7727842,0.5603003,0.9035848,-1.048374,22.67837,3.906267E-06,0,0.5793527,0.8904074,-1.032218,15.1299,-8.848135E-06,0,0.5475753,0.9558503,-1.12534,7.703165,29.67834,-7.043697,0.5481728,0.9162472,-1.098131,16.49948,-10.73341,-6.574381,0.5581456,0.8928362,-1.073471,20.75368,-0.0001314136,0,0.5713956,0.8818257,-1.059353,13.84421,-0.0001062848,0,1.054755,0.9832213,-1.143559,34.71749,-16.5803,72.14635,1.036885,0.980944,-1.108404,6.857696,29.81324,-3.42171,1.036986,0.9715214,-1.079942,3.964621,-1.416192E-05,0,1.057103,0.9704587,-1.141959,0,-14.88069,1.249918,1.06333,0.9679129,-1.087428,15.60383,26.62484,5.632873,1.060798,0.9439419,-1.048638,15.03427,-9.517089E-05,0,1.052416,0.9278741,-1.027168,10.02607,-6.706248E-05,0,1.058625,0.960171,-1.144162,0,-1.751699E-05,0,1.066703,0.9442394,-1.093713,13.10854,14.98659,2.80512,1.064827,0.9179949,-1.054908,22.44787,0.0001255963,0,1.052101,0.9003948,-1.032895,14.97592,9.145992E-05,0,1.05997,0.9500027,-1.147846,3.069181,14.87368,-2.900701,1.066503,0.9224693,-1.105115,2.219996,0.8949056,-4.489299,1.070431,0.8982074,-1.068871,25.37773,-4.527286E-06,0,1.060671,0.8837917,-1.046632,16.93391,5.108835E-06,0,1.060774,0.9419464,-1.153219,7.703165,29.67842,-7.04378,1.064548,0.9063319,-1.121181,5.160575,-10.37594,-23.9304,1.064285,0.8847405,-1.093086,19.06111,3.514459E-05,0,1.05755,0.8744023,-1.074542,12.71392,2.324318E-05,0,sign
900,0.8105088,0.9269736,-1.304765,0.03426402,0.8230392,0.2564087,0.8073233,1.287729,-1.343136,-0.2934199,-0.0008408787,1.781361,0.8075278,1.596591,-1.33728,4.516269,-0.09601687,1.295431,0.7304332,0.9258235,-1.304404,2.29661,0.6501523,-0.8425589,0.7317941,0.4990608,-1.287023,9.724354,0.02060918,-0.02797646,0.7310199,0.07450852,-1.342075,7.369399,-0.8454654,-9.495335,0.8905845,0.9281237,-1.305125,0.974179,-1.010556,2.621296,0.8892184,0.5010738,-1.297583,6.241239,-0.001110454,0.02797646,0.8861408,0.07475701,-1.336576,5.749071,-1.118642,-6.275917,0.738342,1.410604,-1.321422,-15.49768,-0.4205772,0.3274564,0.6090621,1.409791,-1.35298,-6.380947,21.11671,-31.54559,0.5283855,1.16469,-1.350268,57.57462,-5.6511E-05,-22.13628,0.8774853,1.410624,-1.32575,-16.56393,0.2710684,1.167849,1.003799,1.411466,-1.367631,-7.226292,19.15493,-36.66568,1.077101,1.164045,-1.367339,53.30622,-9.961202E-05,-17.38447,0.5546099,0.9981732,-1.121516,-10.95185,-14.71516,-1.418445,1.053481,0.9802135,-1.151953,-17.82087,-25.69863,-4.096247,0.5555617,1.0167,-1.092219,41.41197,-21.1309,85.2662,0.5784174,1.01826,-1.060039,6.515928,37.95666,-4.018441,0.5781757,1.011948,-1.03073,3.422511,-1.172886E-05,0,0.5544339,1.003719,-1.091142,0,-14.88063,1.249762,0.5509887,0.9981928,-1.036585,26.57699,22.03927,-7.995049,0.5657549,0.9754671,-0.9998271,17.53443,-3.854448E-05,0,0.5823768,0.962756,-0.9810769,11.69469,-2.068088E-05,0,0.5537323,0.9934434,-1.093775,0,-4.473967E-06,0,0.5494467,0.974614,-1.043863,24.33224,12.86845,-2.923355,0.5642551,0.9486821,-1.007719,22.05301,-2.129423E-05,0,0.5842822,0.9341365,-0.9891825,14.71211,-2.669242E-05,0,0.5531287,0.9833691,-1.097889,3.069245,14.87364,-2.900768,0.5510548,0.9534814,-1.056306,22.37553,-0.6233301,-0.8013745,0.5660706,0.9298902,-1.022605,22.35189,2.583833E-05,0,0.5851146,0.9181084,-1.005396,14.91179,2.047782E-05,0,0.5527959,0.9755202,-1.103607,7.703139,29.67834,-7.043752,0.5536908,0.9383197,-1.073203,16.54135,-10.77288,-6.69114,0.5639037,0.9171025,-1.046724,20.45325,0.0001868346,0,0.5771858,0.907321,-1.031757,13.64357,0.0001297228,0,1.05158,1.002349,-1.125328,34.87133,-16.58118,72.20885,1.03334,1.002883,-1.090294,6.67873,29.69495,-3.319774,1.033192,0.9960545,-1.0611,3.86579,-2.853471E-05,0,1.054075,0.9898056,-1.12261,0,-14.88068,1.249918,1.059851,0.9920716,-1.068018,14.82133,26.31097,6.113851,1.05776,0.9718436,-1.027126,15.15185,-6.787953E-05,0,1.049627,0.9577132,-1.004243,10.10451,-6.196486E-05,0,1.055747,0.979387,-1.123901,0,-1.262347E-05,0,1.063579,0.9679903,-1.072201,12.06405,14.79996,3.168544,1.062485,0.9454113,-1.031127,22.70351,1.948189E-05,0,1.050145,0.9296402,-1.007562,15.1467,5.397737E-06,0,1.057252,0.9689568,-1.126681,3.069245,14.87367,-2.900633,1.063755,0.9453143,-1.081676,0.9514161,0.6808227,-4.289209,1.068623,0.9245764,-1.043414,25.79712,-1.153179E-05,0,1.059235,0.912026,-1.019919,17.21428,-3.018539E-05,0,1.058206,0.9604774,-1.131329,7.703165,29.67841,-7.04378,1.062146,0.9278225,-1.096298,3.647441,-10.34061,-24.21904,1.062829,0.9087225,-1.066459,19.60603,-9.991501E-06,0,1.056427,0.8999403,-1.047017,13.07779,-7.96263E-06,0,sign
933,0.8103954,0.9270102,-1.304635,0.04845664,0.8110406,0.2755364,0.8071905,1.287755,-1.343201,-0.2430897,0.01859241,1.751001,0.8073141,1.596622,-1.337623,4.505674,-0.1229788,1.250701,0.7303196,0.925877,-1.304248,2.214081,0.6310066,-0.8318071,0.7317368,0.499095,-1.287351,9.614559,0.02046969,0,0.7310231,0.07449976,-1.342071,7.325979,-0.8617567,-9.498025,0.8904712,0.9281435,-1.305021,0.9104272,-0.9909676,2.634034,0.8891619,0.5010874,-1.297825,6.165006,-0.0009963429,0,0.8861439,0.07474989,-1.336595,5.726731,-1.107876,-6.259808,0.7381563,1.410625,-1.32163,-15.46095,-0.4618564,0.2229358,0.608874,1.409644,-1.353174,-4.954482,20.97972,-31.44544,0.5276161,1.164855,-1.345069,61.24078,-5.453216E-05,-21.81206,0.8773018,1.410688,-1.325884,-16.52815,0.2551711,0.978988,1.003664,1.411499,-1.36762,-6.063171,19.61708,-36.63781,1.080193,1.165112,-1.362371,57.0056,-9.771845E-05,-16.54861,0.5607589,1.017703,-1.104255,-11.85433,-14.69252,-1.533528,1.05086,0.998806,-1.133844,-19.17907,-26.07563,-4.480826,0.5617759,1.038559,-1.076569,41.46859,-21.22188,85.14454,0.5848481,1.042941,-1.044808,6.290116,37.95075,-3.877978,0.5848681,1.039124,-1.015069,3.304227,-9.005332E-06,0,0.5607433,1.025701,-1.074432,0,-14.88064,1.249918,0.5576916,1.024612,-1.019584,26.43985,21.95104,-7.868012,0.5727747,1.005116,-0.9811384,17.18991,-3.761697E-05,0,0.5894294,0.9940719,-0.9613882,11.46472,-3.790118E-05,0,0.5600943,1.015241,-1.076216,0,-9.135339E-06,0,0.5562622,1.00051,-1.024909,24.20283,12.81114,-2.952804,0.5713908,0.977734,-0.9868236,21.5129,2.252661E-05,0,0.5913698,0.9648126,-0.9670714,14.35131,3.851731E-05,0,0.5595322,1.004862,-1.079493,3.069309,14.87364,-2.900633,0.5579326,0.9784451,-1.035603,22.27012,-0.6582239,-0.8513383,0.573252,0.9577769,-1.000165,21.86311,-2.447979E-05,0,0.5922716,0.9474705,-0.9820076,14.58526,-2.481157E-05,0,0.5592156,0.9965718,-1.084551,7.703165,29.67834,-7.043725,0.5605612,0.9619753,-1.051229,16.60361,-10.82124,-6.786801,0.5711232,0.9430812,-1.023174,19.97174,0.0001177973,0,0.5844381,0.9345734,-1.007476,13.32201,8.514165E-05,0,1.048423,1.023215,-1.109334,35.01182,-16.59865,72.30106,1.02972,1.02667,-1.074713,6.553947,29.55693,-3.243651,1.029212,1.022574,-1.045016,3.798802,-6.738495E-06,0,1.051031,1.010997,-1.105477,0,-14.88066,1.249918,1.056193,1.01822,-1.051255,14.12502,26.06712,6.53873,1.054324,1.002003,-1.008603,15.16609,2.419903E-05,0,1.046358,0.9900081,-0.9844767,10.114,2.195135E-05,0,1.052834,1.000526,-1.105811,0,-5.045407E-07,0,1.060238,0.9939083,-1.053223,11.1515,14.65299,3.455984,1.05965,0.9753047,-1.010192,22.83402,1.674528E-05,0,1.047594,0.9616034,-0.9852279,15.23391,1.782237E-05,0,1.054487,0.9899079,-1.107628,3.069245,14.87368,-2.900701,1.060773,0.970478,-1.060621,-0.09891172,0.4951373,-4.12165,1.066247,0.9535388,-1.02061,25.93096,2.209722E-05,0,1.057169,0.9430519,-0.9960088,17.30376,2.029081E-05,0,1.055587,0.9810582,-1.111487,7.703165,29.67841,-7.043752,1.05952,0.9517271,-1.073628,2.371659,-10.30617,-24.45512,1.060874,0.9353905,-1.042213,19.87111,9.188453E-06,0,1.054737,0.9282899,-1.022013,13.2548,9.860036E-06,0,sign
967,0.8102717,0.927054,-1.304524,0.0656106,0.7986767,0.3039024,0.8070274,1.287787,-1.343344,-0.1713202,0.04354662,1.721242,0.8070667,1.596659,-1.338097,4.568233,-0.1763322,1.224932,0.7301959,0.9259382,-1.304098,2.133317,0.6108619,-0.8175707,0.7316765,0.499138,-1.287675,9.506941,0.02056731,0,0.7310202,0.07450077,-1.342069,7.283515,-0.876362,-9.507541,0.8903476,0.9281698,-1.304951,0.8604831,-0.9695785,2.642344,0.889107,0.5011096,-1.297997,6.112247,-0.0009109851,0,0.8861479,0.0747579,-1.336616,5.714431,-1.094612,-6.239008,0.7379287,1.410655,-1.321963,-15.42092,-0.5143067,0.1119058,0.6086425,1.409456,-1.353483,-3.378581,20.73493,-31.50136,0.5272432,1.164996,-1.339194,64.83592,-5.263175E-05,-21.4219,0.8770764,1.410773,-1.326145,-16.49208,0.2583116,0.7720242,1.003486,1.411593,-1.367736,-4.772082,20.05381,-36.57821,1.083377,1.16645,-1.35712,60.79687,-0.0001004127,-14.9236,0.5679546,1.038579,-1.087988,-12.8395,-14.69035,-1.661775,1.048071,1.019421,-1.116539,-20.85812,-25.97593,-4.861799,0.5690361,1.061676,-1.062145,41.52082,-21.32691,85.05978,0.5923342,1.068913,-1.031078,6.177142,37.99709,-3.811924,0.5926116,1.067647,-1.001124,3.242927,5.352109E-06,0,0.5681118,1.049034,-1.058936,0,-14.88064,1.250075,0.5654905,1.052501,-1.004165,26.22928,21.82966,-7.808388,0.5808877,1.036482,-0.9642653,16.7455,-2.418101E-05,0,0.597537,1.027258,-0.9435977,11.16809,-1.680508E-05,0,0.5675236,1.038458,-1.059837,0,-1.127821E-05,0,0.5641921,1.028031,-1.007451,23.88851,12.75311,-2.913293,0.5795469,1.008644,-0.9676201,21.2784,1.471635E-05,0,0.5995531,0.9975193,-0.9468291,14.19468,1.310645E-05,0,0.5670103,1.027839,-1.062233,3.069181,14.87364,-2.900633,0.5659372,1.005163,-1.016283,21.97587,-0.6977493,-0.8156537,0.5814658,0.9876105,-0.9792895,21.72986,2.681322E-05,0,0.6005428,0.9789224,-0.9603628,14.49626,1.599392E-05,0,0.5667139,1.019154,-1.06658,7.703165,29.67834,-7.043725,0.5685627,0.9874649,-1.030505,16.46149,-10.85313,-6.928124,0.5793912,0.9710395,-1.001033,19.87719,2.501881E-05,0,0.5928115,0.96394,-0.9847359,13.25885,1.249545E-06,0,1.044755,1.045825,-1.094306,35.0957,-16.62023,72.38449,1.025518,1.051851,-1.060335,6.451996,29.10123,-3.148089,1.024495,1.050482,-1.030402,3.756557,-1.073333E-05,0,1.047612,1.034063,-1.08936,0,-14.88067,1.249762,1.051959,1.04616,-1.035941,13.48544,25.85532,6.937998,1.050374,1.033992,-0.9919509,15.14009,-6.334969E-05,0,1.042665,1.024104,-0.9668071,10.09666,-4.204572E-05,0,1.049672,1.023652,-1.088751,0,-5.166543E-06,0,1.056614,1.021879,-1.035715,10.35721,14.52518,3.743242,1.056567,1.007336,-0.9911429,22.63735,2.295503E-05,0,1.045014,0.995657,-0.9649436,15.10252,1.559903E-05,0,1.051603,1.01296,-1.089607,3.069245,14.87368,-2.900768,1.057802,0.9979089,-1.041009,-1.002296,0.3275541,-3.892695,1.063881,0.9849183,-0.9996321,25.62067,4.048557E-05,0,1.055329,0.9764271,-0.9740899,17.09632,4.5361E-05,0,1.052961,1.003835,-1.092658,7.703165,29.67841,-7.043752,1.057157,0.9780599,-1.052321,1.361281,-10.34576,-24.71459,1.059147,0.9646515,-1.019581,19.26698,-1.524271E-05,0,1.053527,0.9591025,-0.9987552,12.85139,-9.88772E-06,0,sign
1000,0.8100907,0.9270948,-1.304477,0.08392937,0.787853,0.3432113,0.806756,1.287815,-1.343565,-0.09278741,0.08292004,1.692348,0.8066531,1.59669,-1.338649,4.659427,-0.2505529,1.23337,0.7300149,0.9259943,-1.303995,2.062984,0.5879706,-0.8023506,0.7315935,0.4991795,-1.287965,9.409682,0.001609705,0,0.7311593,0.07449996,-1.34203,7.240043,-0.9158902,-9.522622,0.8901664,0.9281952,-1.304959,0.8144533,-0.9460917,2.64338,0.8890227,0.5011313,-1.298214,6.057866,-0.0008283656,0.02797646,0.886149,0.07476127,-1.336637,5.694469,-1.077173,-6.215837,0.7375622,1.410664,-1.322385,-15.377,-0.5834101,0,0.6082704,1.409174,-1.353869,-1.649956,20.40043,-31.71542,0.5271419,1.165133,-1.332588,68.26869,-6.765452E-05,-20.7149,0.876712,1.410872,-1.326496,-16.46377,0.2917239,0.5671728,1.003162,1.411801,-1.367962,-3.317591,20.41637,-36.45733,1.086524,1.168136,-1.351568,64.76373,-8.024625E-05,-13.74689,0.5758536,1.060326,-1.073,-13.81267,-14.68686,-1.788598,1.04494,1.042525,-1.100101,-21.84403,-25.73451,-5.047874,0.5771529,1.085519,-1.049208,41.53734,-21.40981,84.82867,0.6007848,1.095466,-1.019159,5.718888,37.97867,-3.526478,0.6014245,1.096878,-0.9892164,3.003418,-1.122406E-05,0,0.5763131,1.073191,-1.044935,0,-14.88065,1.249762,0.574322,1.081251,-0.9906225,25.86512,21.66357,-7.762505,0.5900298,1.068851,-0.9495714,16.3091,-1.031238E-05,0,0.6066732,1.061524,-0.9281533,10.87683,-5.285869E-06,0,0.5757535,1.062575,-1.044935,0,-1.140731E-05,0,0.5730755,1.056587,-0.9918215,23.53972,12.6567,-2.9461,0.5887183,1.04074,-0.9505626,20.85785,3.583553E-05,0,0.6087063,1.031466,-0.9288657,13.91378,2.946565E-05,0,0.5752514,1.05179,-1.046422,3.069245,14.87364,-2.900701,0.5748015,1.033061,-0.9987175,21.73494,-0.7594681,-0.8453411,0.590656,1.018747,-0.9604883,20.90058,5.233199E-06,0,0.6095977,1.011631,-0.9407851,13.94232,1.90442E-05,0,0.574936,1.042769,-1.05002,7.703165,29.67833,-7.043752,0.5773254,1.014236,-1.01143,16.47581,-10.88415,-7.101969,0.5885659,1.000399,-0.9808057,19.18763,8.402496E-05,0,0.6019959,0.9946452,-0.9639941,12.7984,4.048161E-05,0,1.04092,1.070731,-1.080333,35.22179,-16.65733,72.53428,1.021,1.079445,-1.047354,6.373876,28.88263,-3.088384,1.019367,1.080793,-1.017446,3.718996,3.728948E-07,0,1.043858,1.059494,-1.074328,0,-14.88068,1.250075,1.047204,1.076308,-1.022128,12.84184,25.63818,7.3155,1.04549,1.068326,-0.9771941,15.41122,-2.622812E-05,0,1.037642,1.060678,-0.9513222,10.27761,-2.237075E-05,0,1.046049,1.049208,-1.072773,0,-1.299509E-05,0,1.052183,1.052213,-1.019694,9.467554,14.34519,4.126067,1.052297,1.041929,-0.9739513,22.9908,0.0001187528,0,1.040736,1.032498,-0.9468649,15.33868,7.717266E-05,0,1.048137,1.038512,-1.072655,3.069309,14.87367,-2.900768,1.053779,1.02789,-1.022835,-2.060706,0.09753185,-3.648031,1.060159,1.018973,-0.9804376,25.84817,1.739334E-05,0,1.051702,1.01271,-0.9542293,17.2484,5.124405E-06,0,1.049667,1.029176,-1.07487,7.703191,29.67841,-7.04378,1.05358,1.007116,-1.03236,-0.05595291,-10.37622,-25.0054,1.0561,0.9967602,-0.9985654,19.56739,1.690726E-05,0,1.050646,0.9930387,-0.9772931,13.05199,1.404913E-05,0,sign
1033,0.8098368,0.9271266,-1.30447,0.1083524,0.7924594,0.3946573,0.8063888,1.28783,-1.343812,-0.02797646,0.1064705,1.666596,0.806213,1.596707,-1.339175,4.728866,-0.3088714,1.274415,0.7297616,0.92602,-1.303917,2.000565,0.575132,-0.7875819,0.731481,0.4991951,-1.288173,9.343001,0.001358166,0,0.7311527,0.07448876,-1.342028,7.211317,-0.9433621,-9.550675,0.889912,0.9282331,-1.305024,0.7712635,-0.9334769,2.636336,0.8889,0.5011667,-1.29842,6.014706,-0.0007423665,0,0.8861397,0.07477966,-1.336662,5.675197,-1.055315,-6.189602,0.7371351,1.410674,-1.3228,-15.33916,-0.7001926,-0.07661668,0.6078407,1.408824,-1.354254,0.3351346,19.90876,-32.13899,0.5275724,1.16535,-1.324792,71.41074,-6.471657E-05,-20.07589,0.8762866,1.410935,-1.326849,-16.43109,0.3250653,0.3841043,1.002778,1.411947,-1.368187,-1.808185,20.85344,-36.27636,1.089942,1.170097,-1.345795,69.04037,-8.681791E-05,-12.48936,0.5846788,1.082679,-1.058996,-14.53124,-14.68466,-1.88232,1.041513,1.068339,-1.084945,-22.55,-25.43931,-5.15328,0.5861946,1.109772,-1.037406,41.54642,-21.5191,84.76303,0.6102402,1.12239,-1.008719,5.570105,37.9079,-3.428912,0.6113976,1.126384,-0.9790262,2.928239,-4.379974E-06,0,0.5855124,1.097838,-1.03211,0,-14.88064,1.249918,0.5843643,1.110379,-0.9786289,25.2586,21.51303,-7.48055,0.6004542,1.101714,-0.9367754,16.38415,-2.851415E-05,0,0.6173303,1.096378,-0.9149545,10.92692,-1.006882E-05,0,0.5850276,1.087256,-1.031218,0,-1.363548E-05,0,0.5832719,1.085694,-0.9777523,23.04061,12.54633,-2.747303,0.5993469,1.073522,-0.9354254,20.68682,1.643295E-06,0,0.6194956,1.06621,-0.9131359,13.79957,-3.912262E-06,0,0.5845769,1.076382,-1.031795,3.069309,14.87363,-2.900768,0.5850489,1.061686,-0.9826974,21.12363,-0.8543751,-0.783097,0.6012006,1.050711,-0.9435006,20.71293,5.632654E-06,0,0.6202263,1.045319,-0.9233363,13.81701,2.875163E-06,0,0.5842655,1.067091,-1.034624,7.703139,29.67834,-7.043752,0.5874944,1.041882,-0.9938419,16.18905,-10.9108,-7.300653,0.5991726,1.030684,-0.9623164,18.96817,0.000191587,0,0.6127641,1.026383,-0.945203,12.65188,0.0001436868,0,1.036705,1.098193,-1.067971,35.38016,-16.71449,72.50961,1.015907,1.109634,-1.036398,6.138172,28.80413,-2.966231,1.013529,1.113843,-1.006808,3.584302,-4.739156E-06,0,1.039672,1.087609,-1.06089,0,-14.88067,1.249918,1.041719,1.109248,-1.010429,12.37062,25.47932,7.568853,1.039479,1.105667,-0.9649554,15.49203,-0.000144897,0,1.031342,1.10044,-0.9385756,10.3315,-9.660528E-05,0,1.04197,1.077547,-1.058343,0,-7.274976E-06,0,1.046975,1.085562,-1.005666,8.724765,14.2086,4.420358,1.046842,1.079807,-0.9591364,23.14367,9.034437E-05,0,1.035124,1.072838,-0.9313802,15.44081,5.273929E-05,0,1.044201,1.066942,-1.057189,3.069309,14.87367,-2.900633,1.048965,1.061081,-1.006496,-3.024527,-0.1081798,-3.517639,1.055295,1.056507,-0.9634066,26.28745,1.916856E-05,0,1.046619,1.052673,-0.9368048,17.54213,1.809228E-05,0,1.045903,1.057465,-1.058494,7.703139,29.67841,-7.043752,1.049243,1.03951,-1.014047,-1.426836,-10.35874,-25.31495,1.052037,1.032453,-0.9794344,20.23569,5.777623E-05,0,1.046467,1.030755,-0.9579358,13.49828,5.599202E-05,0,sign
1067,0.8095709,0.9271482,-1.304418,0.1398823,0.7842032,0.4449939,0.8060507,1.287829,-1.344031,0.02797646,0.1322234,1.640679,0.8057961,1.596708,-1.339644,4.795956,-0.3738637,1.322934,0.7294961,0.9260536,-1.303792,1.936237,0.5479491,-0.7750598,0.7313664,0.4992206,-1.288287,9.294071,0.001140859,0,0.7311486,0.07449827,-1.342016,7.192493,-0.9708781,-9.578115,0.8896458,0.9282427,-1.305043,0.7236168,-0.9064432,2.628678,0.8887761,0.5011742,-1.298553,5.984122,-0.0004922603,0.02797646,0.8861374,0.07477596,-1.336678,5.663547,-1.032621,-6.163639,0.7367322,1.410663,-1.323174,-15.26346,-0.8479562,-0.1506579,0.6074167,1.40838,-1.354513,2.504365,19.27049,-32.6946,0.5286227,1.165682,-1.316045,74.15214,-4.876509E-05,-19.52397,0.8758855,1.410982,-1.32716,-16.38761,0.3616678,0.2211734,1.002426,1.412094,-1.368345,-0.1532334,21.23856,-35.98861,1.093433,1.172339,-1.339606,73.53781,-9.041798E-05,-10.96509,0.5941148,1.104656,-1.04636,-15.06702,-14.91513,-1.98347,1.037805,1.096702,-1.071413,-23.20839,-24.45938,-5.09693,0.5957866,1.133464,-1.02713,41.56577,-21.63353,84.6035,0.6202568,1.148693,-1.000118,5.350424,37.94133,-3.295743,0.621943,1.155236,-0.9709073,2.811603,-9.031335E-06,0,0.5953255,1.122006,-1.020848,0,-14.88064,1.249918,0.5951014,1.138945,-0.9685814,24.65299,21.37785,-7.238472,0.6117067,1.13411,-0.9263136,16.33774,-8.476915E-05,0,0.6288403,1.130846,-0.9042861,10.89593,-6.493033E-05,0,0.5949624,1.111531,-1.019071,0,-1.273674E-05,0,0.594269,1.11441,-0.9656358,22.38319,12.42935,-2.577622,0.6108125,1.106056,-0.9225703,20.75639,1.155488E-05,0,0.631242,1.100838,-0.89995,13.84602,6.243622E-06,0,0.5946074,1.100644,-1.018734,3.069245,14.87364,-2.900701,0.5961848,1.090089,-0.9686053,20.30232,-0.9808982,-0.66998,0.6126266,1.082587,-0.9287166,20.75901,1.350665E-06,0,0.6318166,1.07903,-0.9083026,13.84779,-1.544425E-05,0,0.594332,1.091148,-1.020774,7.703165,29.67833,-7.043752,0.5986062,1.069448,-0.9781142,15.83511,-10.91421,-7.489542,0.6108083,1.060969,-0.9459451,18.6539,0.000101253,0,0.6245744,1.058152,-0.9286633,12.44204,6.29133E-05,0,1.032149,1.127836,-1.057229,35.47202,-16.78649,72.6474,1.010525,1.141631,-1.027188,6.10159,28.47106,-2.917255,1.007325,1.148471,-0.9981722,3.574346,-4.473105E-06,0,1.035179,1.117978,-1.049191,0,-14.88066,1.249918,1.03592,1.144018,-1.000816,11.96461,25.32932,7.847604,1.033164,1.144622,-0.9552339,15.62704,-1.165108E-05,0,1.024737,1.141663,-0.9285944,10.42164,-1.074341E-05,0,1.037613,1.108227,-1.045726,0,2.392245E-06,0,1.041519,1.120953,-0.9938902,8.131056,14.08283,4.661276,1.041084,1.11953,-0.9470295,23.29852,-5.695809E-06,0,1.02919,1.114886,-0.9188646,15.54427,-5.173725E-06,0,1.040016,1.097811,-1.043602,3.069245,14.87368,-2.900701,1.043968,1.096537,-0.9925184,-3.720891,-0.2775494,-3.35853,1.050101,1.096121,-0.9491601,26.59599,2.943928E-05,0,1.041186,1.09455,-0.9224078,17.74843,3.844141E-05,0,1.041913,1.088292,-1.044035,7.703139,29.67841,-7.043752,1.044775,1.074395,-0.9981247,-2.421477,-10.34455,-25.40966,1.047671,1.070539,-0.9630195,20.62591,5.060278E-05,0,1.041966,1.070698,-0.9414898,13.75887,3.738831E-05,0,sign
1100,0.8093005,0.9271574,-1.304363,0.1724585,0.7930844,0.4905876,0.8056648,1.287814,-1.344274,0.09487279,0.152297,1.608638,0.805362,1.596694,-1.340162,4.888201,-0.4388505,1.372448,0.7292264,0.926051,-1.303675,1.881176,0.537728,-0.7610474,0.7312471,0.4992128,-1.288333,9.265438,0.0009044764,0,0.7311471,0.07448396,-1.342012,7.18365,-0.9955024,-9.596078,0.8893747,0.9282638,-1.305052,0.6655847,-0.89631,2.625847,0.8886474,0.5011922,-1.298749,5.934155,-0.0005791669,0,0.8861367,0.07477668,-1.336689,5.641495,-1.011291,-6.139418,0.7362918,1.410648,-1.323599,-15.18496,-1.02824,-0.2130625,0.6069595,1.407865,-1.354828,4.865263,18.53077,-33.49495,0.5300729,1.166355,-1.306329,76.49992,-6.498848E-05,-18.8986,0.875447,1.411011,-1.327508,-16.33998,0.3185563,0.07401875,1.002044,1.41202,-1.368519,1.490034,21.7601,-35.66065,1.097073,1.174713,-1.333229,78.36807,-7.979068E-05,-9.985247,0.6042124,1.126371,-1.034947,-15.66182,-15.37282,-2.126701,1.033427,1.127505,-1.060348,-23.35705,-22.99201,-4.814424,0.606042,1.156712,-1.018257,41.54218,-21.75677,84.52554,0.6309105,1.174409,-0.9931827,5.228547,37.8321,-3.212479,0.6331849,1.183494,-0.9647008,2.751646,-3.10995E-05,0,0.6058086,1.145823,-1.011022,0,-14.88066,1.249762,0.6065315,1.167118,-0.9603782,24.00337,21.24266,-6.980839,0.6236389,1.166188,-0.9180444,16.49602,-7.296739E-06,0,0.6411005,1.16502,-0.8960636,11.0016,3.758061E-06,0,0.6055707,1.135534,-1.00836,0,-1.857511E-05,0,0.6059674,1.142916,-0.9553555,21.76865,12.27413,-2.413786,0.6230346,1.138505,-0.9119115,20.81327,-1.320025E-05,0,0.643767,1.135437,-0.8891733,13.884,-1.130668E-05,0,0.6053146,1.124712,-1.007097,3.069309,14.87363,-2.900836,0.6080258,1.118444,-0.9563025,19.45524,-1.145618,-0.5442861,0.6247596,1.114538,-0.9160229,20.80288,2.450274E-05,0,0.6441132,1.112863,-0.8955223,13.87705,1.035003E-05,0,0.6050768,1.115076,-1.008323,7.703139,29.67833,-7.043725,0.6104223,1.097089,-0.9640853,15.3591,-10.89361,-7.608135,0.6230968,1.09138,-0.9314908,18.31788,-8.656546E-05,0,0.6370074,1.090041,-0.9141471,12.21771,-7.495209E-05,0,1.027176,1.15964,-1.048914,35.56044,-16.86228,72.82872,1.004742,1.175653,-1.020618,6.138044,28.06527,-2.896513,1.000619,1.184899,-0.9923968,3.609397,-1.498585E-05,0,1.030131,1.150517,-1.040027,0,-14.88071,1.250075,1.029604,1.180479,-0.9939747,11.6463,25.20934,8.00913,1.02607,1.184988,-0.9486663,15.58046,-0.0001615559,0,1.017242,1.184258,-0.9220026,10.39054,-0.0001087682,0,1.032585,1.141115,-1.035716,0,-2.306021E-05,0,1.035277,1.158131,-0.985047,7.668334,13.94356,4.89597,1.034199,1.160787,-0.9382504,23.20157,-2.132659E-05,0,1.022011,1.158475,-0.9099239,15.47949,-1.761781E-05,0,1.035042,1.130938,-1.032686,3.069309,14.87367,-2.900768,1.037931,1.133942,-0.9816042,-4.225958,-0.4471291,-3.244134,1.043509,1.137377,-0.9383051,26.66401,-2.728016E-05,0,1.034239,1.138013,-0.9116352,17.79391,-2.441586E-05,0,1.037039,1.121437,-1.03229,7.703165,29.67842,-7.043752,1.039068,1.111423,-0.9853358,-3.257263,-10.36435,-25.44693,1.041763,1.110598,-0.9500131,20.9551,-1.763333E-05,0,1.035786,1.112542,-0.9286452,13.97875,-2.187416E-05,0,sign
1133,0.8089796,0.927159,-1.303169,0.2017412,0.805997,0.5192646,0.8052478,1.287794,-1.343376,0.165511,0.1634268,1.574828,0.8049463,1.596675,-1.339559,4.98692,-0.505393,1.425876,0.728906,0.9260351,-1.30244,1.735734,0.528187,-0.7433581,0.7310918,0.4991675,-1.287962,9.199409,0.0006408696,0,0.7311519,0.0744856,-1.34201,7.232615,-1.022561,-9.596016,0.8890531,0.9282829,-1.303899,0.4941643,-0.8878177,2.628305,0.8884766,0.5011969,-1.29865,5.808157,-0.000469488,0,0.8861422,0.07479057,-1.336705,5.658735,-0.9862906,-6.125,0.7358387,1.41064,-1.322896,-15.05811,-1.209231,-0.2579304,0.6064655,1.407373,-1.353909,7.306832,17.63739,-34.38615,0.5320617,1.167377,-1.295115,78.51563,-7.237533E-05,-18.35015,0.8749961,1.411026,-1.326724,-16.26532,0.1778281,-0.04423466,1.001673,1.411682,-1.367496,3.213514,22.32889,-35.31091,1.100568,1.177127,-1.325133,83.32471,-5.944998E-05,-9.506713,0.614804,1.147306,-1.024016,-16.34022,-16.09142,-2.325153,1.028318,1.159861,-1.050861,-23.45261,-21.44964,-4.502717,0.6166371,1.178961,-1.009979,41.53687,-21.88906,84.43667,0.6417831,1.199014,-0.9870465,5.149971,37.72378,-3.156349,0.6445747,1.210556,-0.959516,2.714403,-1.990954E-05,0,0.6166666,1.16872,-1.001851,0,-14.88063,1.250075,0.61817,1.194215,-0.9532038,23.47798,21.05905,-6.926822,0.635802,1.197241,-0.9111844,15.86172,3.717739E-06,0,0.6533031,1.198283,-0.8892286,10.57821,4.254069E-06,0,0.6165938,1.15869,-0.9983284,0,-8.23651E-06,0,0.6179693,1.170518,-0.9461525,21.24681,12.0768,-2.389336,0.6355788,1.170143,-0.9027026,20.21091,1.674006E-05,0,0.6563641,1.169347,-0.8798202,13.48172,1.613026E-05,0,0.6164805,1.148011,-0.9961547,3.069245,14.87364,-2.900701,0.6202741,1.146074,-0.9450803,18.59764,-1.363424,-0.6026341,0.6372442,1.145875,-0.9047107,20.47474,6.12767E-06,0,0.6565962,1.146197,-0.8841429,13.65791,1.205305E-05,0,0.6163229,1.138304,-0.9965604,7.703165,29.67834,-7.04378,0.6227463,1.124161,-0.9510875,14.63711,-10.95996,-7.920725,0.6357222,1.121313,-0.9182371,18.28517,-6.725136E-05,0,0.6497635,1.121565,-0.9009491,12.19587,-5.231258E-05,0,1.021791,1.192824,-1.042299,35.75623,-16.95197,72.80605,0.9986454,1.211089,-1.016011,5.941286,28.1716,-2.812786,0.9938828,1.222747,-0.9888021,3.490427,-7.313622E-06,0,1.024571,1.184488,-1.032618,0,-14.88069,1.249762,1.023051,1.21821,-0.9892668,11.34837,25.14044,8.11895,1.018756,1.22662,-0.9445845,15.62436,-0.0001592425,0,1.009464,1.228176,-0.9181144,10.41981,-0.0001127678,0,1.026947,1.175489,-1.027482,0,-1.816934E-05,0,1.028564,1.196708,-0.9783776,7.261365,13.81156,5.120554,1.026799,1.203464,-0.9320162,23.01709,9.936799E-05,0,1.014293,1.203636,-0.9037346,15.35623,6.551665E-05,0,1.029353,1.16561,-1.023558,3.069245,14.87367,-2.900701,1.031176,1.172902,-0.9728604,-4.664427,-0.5990567,-3.115522,1.036157,1.180142,-0.9299594,26.66997,-2.303064E-05,0,1.026523,1.18307,-0.9035732,17.79788,-3.419602E-05,0,1.031353,1.156182,-1.022323,7.703139,29.67841,-7.04378,1.032418,1.150152,-0.9746621,-3.818288,-10.46069,-25.43835,1.034709,1.152409,-0.9393734,20.71974,-1.616948E-05,0,1.028563,1.15615,-0.9182944,13.82154,-2.107626E-05,0,sign
1167,0.8086248,0.9271649,-1.302253,0.2281412,0.8041146,0.53008,0.8048904,1.287781,-1.342735,0.2332305,0.1644257,1.54142,0.8046272,1.596663,-1.33921,5.060783,-0.5542434,1.486353,0.7285514,0.926044,-1.301507,1.613618,0.501032,-0.7298098,0.7309199,0.4991538,-1.287742,9.134435,0.0003634354,0,0.731175,0.07450092,-1.342018,7.264148,-1.048957,-9.581993,0.8886982,0.9282857,-1.302998,0.3533245,-0.8617577,2.629199,0.888293,0.5011898,-1.298601,5.701968,-0.0003550819,0,0.8861634,0.07478791,-1.336716,5.665658,-0.9632633,-6.13015,0.7354669,1.410649,-1.322439,-14.90615,-1.397086,-0.2783625,0.6060408,1.406908,-1.353176,9.445271,16.49127,-35.3009,0.5354436,1.168057,-1.285671,80.30588,-6.457768E-05,-17.42394,0.8746265,1.411033,-1.326185,-16.15118,-0.05267369,-0.1101434,1.00141,1.41111,-1.36663,4.665645,22.95092,-34.89859,1.103673,1.179219,-1.318055,88.47487,-7.530986E-05,-8.553546,0.6266381,1.165464,-1.016561,-17.00541,-17.44444,-2.627859,1.022384,1.191927,-1.046074,-23.5602,-19.80251,-4.169506,0.6284257,1.198237,-1.005374,41.5391,-21.9656,84.09892,0.6538271,1.220483,-0.9848734,4.583044,37.78868,-2.81202,0.6570296,1.234539,-0.9585844,2.413624,-2.076718E-05,0,0.6287441,1.188744,-0.9963888,0,-14.88066,1.250075,0.63102,1.218395,-0.9501886,22.73708,20.93523,-6.8635,0.6490417,1.225457,-0.9088242,15.39893,-8.34719E-05,0,0.6665775,1.228776,-0.8871237,10.26937,-5.469334E-05,0,0.6288583,1.17906,-0.9920071,0,-2.075113E-05,0,0.6312334,1.195402,-0.9411013,20.50004,11.89968,-2.272192,0.6492457,1.199188,-0.8979812,19.93734,7.826628E-06,0,0.6701413,1.200743,-0.8752385,13.29901,2.919677E-06,0,0.6289099,1.16861,-0.9889112,3.069309,14.87363,-2.900633,0.6338302,1.171166,-0.9379602,17.48407,-1.518411,-0.4698059,0.6508876,1.174751,-0.8977866,20.6622,2.751654E-05,0,0.6703467,1.177094,-0.8774521,13.78312,1.028557E-05,0,0.6288505,1.158904,-0.9884678,7.703191,29.67833,-7.043725,0.6364131,1.148837,-0.942094,13.73244,-10.94744,-8.182589,0.6496248,1.148907,-0.9092141,18.61934,9.304254E-05,0,0.6638666,1.150791,-0.8921929,12.41897,5.483463E-05,0,1.015434,1.225435,-1.040468,35.86525,-17.05684,72.88464,0.9915321,1.245666,-1.01639,5.922218,28.01276,-2.789165,0.9859582,1.259587,-0.9904276,3.484364,-1.08096E-05,0,1.018064,1.21797,-1.03006,0,-14.8807,1.249918,1.015359,1.255215,-0.9897572,11.13109,25.10335,8.19532,1.010173,1.267404,-0.9460513,15.57068,-0.0001989978,0,1.000398,1.271172,-0.9199809,10.38402,-0.0001299269,0,1.020393,1.209458,-1.024134,0,-2.203128E-05,0,1.02079,1.234759,-0.9769757,6.85864,13.7088,5.331824,1.01826,1.245544,-0.931419,22.99236,-1.089386E-05,0,1.005332,1.248086,-0.9034423,15.3397,-7.070066E-06,0,1.022784,1.199968,-1.019338,3.069245,14.87367,-2.900768,1.023454,1.211528,-0.9694119,-5.038589,-0.695344,-2.988324,1.027717,1.222518,-0.9272366,26.67078,-1.875154E-05,0,1.017656,1.227631,-0.9013473,17.79843,-2.967986E-05,0,1.024825,1.190696,-1.017269,7.703165,29.67842,-7.04378,1.024899,1.188719,-0.9692574,-4.344154,-10.51145,-25.4855,1.026719,1.194039,-0.9342715,20.62724,6.5674E-07,0,1.020306,1.199527,-0.9136594,13.75979,-8.73559E-06,0,sign
1200,0.808268,0.9271622,-1.301809,0.2502292,0.8018848,0.5308178,0.8046041,1.287763,-1.342545,0.2993615,0.1407515,1.513231,0.8044742,1.596648,-1.339334,5.107912,-0.5632319,1.551669,0.7281945,0.9260447,-1.301062,1.552173,0.4725577,-0.7214502,0.7307549,0.4991461,-1.287596,9.115593,0.0001311003,0,0.7312124,0.07451364,-1.34203,7.287393,-1.07266,-9.560757,0.8883415,0.9282796,-1.302557,0.2661444,-0.8338111,2.632547,0.8881221,0.5011789,-1.298647,5.631307,-0.0002827228,0,0.8862031,0.07477248,-1.336724,5.65683,-0.9421156,-6.144269,0.735221,1.410683,-1.322426,-14.74479,-1.535025,-0.2873554,0.6057311,1.406641,-1.352855,11.18254,15.53841,-36.18481,0.5382583,1.169028,-1.278167,82.27982,-3.622532E-05,-16.15402,0.8743827,1.411006,-1.326104,-16.0086,-0.3642338,-0.1203313,1.001286,1.410262,-1.366166,6.190616,23.29812,-34.51062,1.105514,1.180705,-1.311114,93.434,-9.574884E-05,-7.944111,0.6377298,1.182877,-1.012354,-17.66179,-18.98738,-2.976443,1.015458,1.222787,-1.044915,-22.8571,-18.21058,-3.711301,0.6395983,1.216527,-1.004187,41.45104,-22.09396,84.03615,0.6652775,1.240681,-0.9863694,4.37833,37.51091,-2.669318,0.6690696,1.257172,-0.9616184,2.314691,-1.256585E-05,0,0.6401717,1.207878,-0.994399,0,-14.88067,1.249762,0.6433427,1.241554,-0.9511015,21.67052,20.82937,-6.519027,0.6615599,1.252632,-0.910715,16.00431,-2.311842E-05,0,0.6794315,1.25808,-0.8897302,10.67339,-5.086689E-05,0,0.6404369,1.198624,-0.9891723,0,-3.084123E-05,0,0.6438849,1.219468,-0.9400011,19.65142,11.63663,-2.021488,0.6622468,1.227465,-0.89761,19.78729,-2.022015E-05,0,0.68327,1.231332,-0.875264,13.19883,-2.706467E-05,0,0.6406144,1.188494,-0.9851561,3.069309,14.87363,-2.900768,0.6466808,1.195619,-0.9347658,16.46595,-1.787012,-0.3102743,0.6639087,1.20306,-0.8951987,20.30502,-4.597648E-05,0,0.6833239,1.20742,-0.8751566,13.54458,-5.592371E-05,0,0.6406165,1.178867,-0.9838449,7.703165,29.67833,-7.043752,0.6492871,1.173017,-0.9369442,13.05256,-11.00783,-8.342732,0.6628624,1.176075,-0.9043559,18.21273,0.0004019753,0,0.6771669,1.179503,-0.8876306,12.14749,0.000260194,0,1.008267,1.2566,-1.042187,35.94541,-17.1694,73.07149,0.9834914,1.278579,-1.020659,6.133572,27.76486,-2.865872,0.9768518,1.294453,-0.9961053,3.616875,3.549019E-06,0,1.010558,1.249985,-1.031145,0,-14.88066,1.249918,1.006436,1.290257,-0.9939968,10.90759,25.05941,8.303593,0.9999039,1.305892,-0.9515873,15.55068,-0.0004891246,0,0.9893393,1.31171,-0.9262109,10.37067,-0.0003309914,0,1.0127,1.241973,-1.024495,0,-2.16481E-06,0,1.011469,1.270888,-0.9794775,6.486611,13.61885,5.594995,1.007659,1.285335,-0.9350375,22.92187,5.111643E-05,0,0.9939944,1.290095,-0.907708,15.2926,5.085292E-05,0,1.014945,1.232897,-1.018893,3.069245,14.87368,-2.900768,1.013916,1.248332,-0.9700318,-5.399642,-0.8008648,-2.873103,1.016997,1.262721,-0.9287865,26.67904,9.846262E-06,0,1.006216,1.269867,-0.9036802,17.80396,1.810513E-05,0,1.016931,1.223825,-1.016037,7.703139,29.67841,-7.043725,1.015393,1.225612,-0.9680422,-4.937291,-10.5472,-25.39984,1.01638,1.233731,-0.9335641,20.94936,3.619307E-06,0,1.009357,1.240843,-0.9136595,13.97492,1.944053E-05,0,sign
1233,0.807917,0.9271629,-1.301295,0.2776587,0.7930019,0.5286014,0.8043776,1.287745,-1.342305,0.365305,0.1066212,1.481077,0.8044063,1.596631,-1.339413,5.144338,-0.5402374,1.628227,0.7278433,0.9260582,-1.300551,1.47419,0.4377716,-0.711894,0.7305911,0.4991489,-1.287464,9.078917,0.01900803,0,0.7311116,0.07452974,-1.342,7.303958,-1.075101,-9.537886,0.8879907,0.9282676,-1.302039,0.166689,-0.7989834,2.63923,0.8879578,0.5011623,-1.298659,5.559575,-0.0001859926,0,0.886251,0.07475471,-1.336733,5.652185,-0.9200468,-6.158993,0.7350562,1.410729,-1.322366,-14.59416,-1.615682,-0.268341,0.6055065,1.406543,-1.352519,12.45457,14.75548,-37.01376,0.5406016,1.169974,-1.272438,85.2634,-6.470175E-05,-14.87271,0.8742201,1.410965,-1.325966,-15.82749,-0.6468215,-0.07132626,1.001267,1.409446,-1.365548,8.025267,23.40348,-34.62787,1.106674,1.182616,-1.302084,97.28541,-8.448538E-05,-7.636482,0.6491147,1.202808,-1.01188,-18.27386,-19.89203,-3.230952,1.007676,1.249721,-1.044326,-22.41464,-17.27517,-3.447987,0.6509303,1.237055,-1.006745,41.44344,-22.25022,84.14188,0.6768404,1.262898,-0.9918737,4.573461,37.56701,-2.792041,0.6811174,1.281527,-0.9687738,2.415812,-9.538938E-06,0,0.6518292,1.229301,-0.9962553,0,-14.88065,1.249918,0.6558697,1.266663,-0.9561733,20.98399,20.70115,-6.295661,0.6746044,1.281574,-0.9172846,15.58343,-0.0001896738,0,0.6925889,1.28916,-0.8970745,10.39252,-0.000147531,0,0.6523051,1.220544,-0.9902476,0,-1.432503E-05,0,0.6568785,1.245639,-0.9432005,18.79999,11.33906,-1.82767,0.6756725,1.257771,-0.9019969,19.25523,-3.469777E-05,0,0.6967167,1.264007,-0.8802135,12.84354,-5.503203E-05,0,0.6526682,1.210806,-0.9853662,3.069245,14.87363,-2.900633,0.6599999,1.222358,-0.9359743,15.28975,-2.10004,-0.1619255,0.6773679,1.233611,-0.8973811,20.24882,-1.843401E-05,0,0.6968271,1.24001,-0.8779379,13.50705,-1.697115E-05,0,0.6527812,1.201331,-0.9832177,7.703165,29.67833,-7.043725,0.6627271,1.199667,-0.9362349,12.0222,-11.12098,-8.532073,0.6765522,1.205681,-0.9041672,18.39782,-0.0001534604,0,0.6910185,1.210692,-0.8879893,12.27107,-0.0001466436,0,1.000407,1.283627,-1.044455,36.09223,-17.25228,73.03731,0.9748186,1.307121,-1.02565,6.01539,27.8356,-2.816958,0.9672804,1.32486,-1.002683,3.544863,-5.534053E-06,0,1.002302,1.277883,-1.032864,0,-14.8807,1.250075,0.9968816,1.320874,-0.9990822,10.69452,25.04932,8.367456,0.9889983,1.339756,-0.9582534,15.59424,-0.0007210358,0,0.977604,1.347514,-0.9337705,10.39974,-0.0005014636,0,1.004204,1.270409,-1.025547,0,-2.420623E-05,0,1.001388,1.302686,-0.9829516,6.120164,13.54016,5.856116,0.9962791,1.320616,-0.9399336,22.85315,3.192282E-05,0,0.9818528,1.327518,-0.9134662,15.24669,1.913931E-05,0,1.006245,1.261795,-1.019191,3.069245,14.87367,-2.900701,1.00349,1.280926,-0.9717236,-5.684824,-0.8939013,-2.756905,1.005316,1.298534,-0.9316691,26.44526,-1.580888E-06,0,0.9938814,1.307641,-0.9075044,17.64765,-1.736681E-06,0,1.008125,1.252972,-1.015579,7.703165,29.67842,-7.043752,1.004887,1.258429,-0.9679468,-5.284017,-10.6347,-25.30429,1.004855,1.269247,-0.9342036,20.74754,-7.900158E-07,0,0.9973152,1.277872,-0.9151025,13.8401,-1.758052E-07,0,sign
1267,0.8075721,0.9271656,-1.300786,0.2960753,0.8073557,0.5271187,0.8040786,1.287733,-1.342017,0.4233615,0.06987033,1.449019,0.8042713,1.596621,-1.339395,5.186291,-0.5081947,1.708919,0.7274987,0.9260411,-1.300043,1.401094,0.4282847,-0.7052664,0.7304191,0.4991208,-1.287359,9.039225,0.01868274,0,0.7311286,0.0745157,-1.342003,7.320487,-1.093202,-9.514981,0.8876455,0.9282902,-1.301528,0.07132626,-0.7896405,2.648485,0.8877828,0.5011808,-1.298722,5.473248,-0.01979358,0,0.8861282,0.07476607,-1.336718,5.638889,-0.9200341,-6.16952,0.7348245,1.410781,-1.322241,-14.41925,-1.725887,-0.20842,0.6052051,1.406395,-1.352064,13.33738,14.14534,-37.95768,0.5427192,1.170669,-1.267687,88.84398,-4.42064E-05,-13.35919,0.8739904,1.410925,-1.325763,-15.6592,-0.8632635,0.03956468,1.001168,1.408786,-1.364892,10.0907,23.23533,-35.31132,1.106933,1.185158,-1.291444,100.2787,-7.102558E-05,-6.966888,0.6610145,1.223555,-1.014798,-19.05985,-20.32754,-3.447703,0.9983076,1.273501,-1.044181,-22.55655,-16.81798,-3.377248,0.6627136,1.258125,-1.012669,41.41348,-22.3464,84.0012,0.6887847,1.28533,-1.000813,4.37569,37.58948,-2.672396,0.6934959,1.305951,-0.9795648,2.310798,-1.648725E-05,0,0.6639491,1.251305,-1.001582,0,-14.88066,1.249918,0.6687809,1.291992,-0.9649754,20.18965,20.57652,-6.346253,0.6879116,1.31054,-0.9278851,14.83522,-0.0001365269,0,0.7058211,1.320257,-0.9085394,9.893224,-0.0001027595,0,0.6646495,1.243099,-0.9948605,0,-2.220904E-05,0,0.6702902,1.272166,-0.9502801,17.72975,11.07448,-1.609976,0.6893101,1.288243,-0.9105573,19.2368,-2.210998E-06,0,0.7104673,1.29672,-0.8896579,12.83126,1.568083E-06,0,0.6652145,1.233819,-0.9891739,3.069309,14.87363,-2.900701,0.673775,1.249608,-0.941172,14.03704,-2.349648,0,0.691197,1.26447,-0.9038449,20.50571,-4.414765E-05,0,0.7107653,1.272777,-0.8852515,13.67858,-5.404212E-05,0,0.6654546,1.224564,-0.9862248,7.703165,29.67834,-7.043752,0.6766616,1.226993,-0.9395603,10.96047,-11.21789,-8.760512,0.6907011,1.23585,-0.908254,18.73862,-6.487709E-05,0,0.705347,1.242374,-0.8927933,12.49863,-5.245671E-05,0,0.9909231,1.307245,-1.047227,36.18903,-17.35354,73.0316,0.9646211,1.332002,-1.031237,6.032377,27.83131,-2.824453,0.9562353,1.351468,-1.010031,3.555067,-4.293403E-06,0,0.9924707,1.302448,-1.035162,0,-14.88069,1.249918,0.9858255,1.347944,-1.005083,10.55766,25.0641,8.321828,0.9766786,1.369974,-0.9661387,15.46909,0.001150386,0,0.9645831,1.379642,-0.9426939,10.31622,0.0007841088,0,0.9941667,1.295589,-1.02722,0,-1.422987E-05,0,0.9898838,1.331118,-0.9874277,5.797281,13.46269,6.09442,0.9835833,1.352483,-0.9461727,22.72348,3.654676E-05,0,0.9685012,1.361478,-0.9207187,15.16005,2.895969E-05,0,0.9960364,1.287517,-1.02014,3.069245,14.87367,-2.900768,0.9917068,1.310328,-0.974449,-5.943595,-0.9922765,-2.647302,0.9923823,1.331152,-0.9359311,26.15977,1.974366E-05,0,0.9803896,1.34217,-0.912857,17.45674,2.381832E-05,0,0.9978324,1.27902,-1.015782,7.703191,29.67841,-7.043725,0.9930648,1.288209,-0.968858,-5.560104,-10.68063,-25.11033,0.9920863,1.301712,-0.9361111,20.47387,-4.344288E-06,0,0.9840909,1.311773,-0.9179192,13.65735,5.547956E-06,0,sign
1300,0.8071758,0.927172,-1.300303,0.315279,0.8071415,0.530449,0.8037494,1.287726,-1.341733,0.4731261,0.04394981,1.423953,0.8040606,1.596614,-1.339323,5.245869,-0.4886668,1.784106,0.7271025,0.926048,-1.299555,1.326627,0.4007258,-0.6974546,0.7302223,0.4991169,-1.28729,8.992021,0.01830239,0,0.7311438,0.07452092,-1.342002,7.331173,-1.114563,-9.493202,0.8872492,0.928296,-1.30105,-0.02797646,-0.7622927,2.654317,0.8875823,0.5011833,-1.298801,5.388961,-0.0197274,0,0.8861512,0.07476151,-1.336726,5.626119,-0.8965073,-6.182852,0.7345418,1.410822,-1.322095,-14.19368,-1.919162,-0.1101434,0.6048311,1.406024,-1.351454,14.13299,13.63056,-39.05052,0.5449782,1.171222,-1.262706,92.70827,-4.957287E-05,-11.68768,0.8737094,1.410901,-1.325555,-15.49597,-1.019178,0.2238118,1.001009,1.408311,-1.36426,12.07336,22.91254,-36.47348,1.106437,1.188156,-1.280552,102.7767,-9.587973E-05,-5.835999,0.6733315,1.244938,-1.020147,-19.5764,-20.38504,-3.553138,0.9873207,1.294192,-1.04537,-22.62086,-16.89843,-3.403466,0.6749044,1.279568,-1.021015,41.34483,-22.44621,84.01296,0.7011436,1.307812,-1.012406,4.347174,37.49529,-2.649298,0.7064276,1.330223,-0.9932032,2.298569,-1.4E-05,0,0.676542,1.273718,-1.009437,0,-14.88067,1.249918,0.682344,1.317382,-0.9765939,19.1018,20.51903,-6.030005,0.7018525,1.339346,-0.9416276,15.15239,-3.698104E-05,0,0.7200748,1.350906,-0.9236346,10.10486,-4.210895E-05,0,0.6775092,1.266115,-1.002071,0,-3.00592E-05,0,0.6844473,1.29888,-0.9603284,16.74047,10.77808,-1.307759,0.703952,1.318701,-0.9225814,19.19249,-4.498173E-06,0,0.7253442,1.329275,-0.9029138,12.80167,-1.793221E-06,0,0.6783131,1.257353,-0.9956396,3.069309,14.87363,-2.900836,0.6883568,1.277187,-0.9494607,12.97947,-2.644997,0.2281412,0.7061595,1.295497,-0.9138864,20.14304,1.253873E-06,0,0.7257795,1.305655,-0.8962934,13.43638,-1.48697E-05,0,0.6787022,1.248382,-0.9919258,7.703165,29.67833,-7.043725,0.6914224,1.254799,-0.9460335,10.13494,-11.37759,-8.837291,0.7059692,1.266419,-0.9158837,18.50567,0.000337773,0,0.7207829,1.274349,-0.9012634,12.34309,0.0002156735,0,0.9796456,1.32746,-1.051436,36.23302,-17.45679,73.17222,0.9524407,1.353051,-1.038576,6.294945,27.70346,-2.935783,0.9429235,1.374003,-1.019357,3.714096,-5.466862E-07,0,0.9807943,1.323685,-1.038971,0,-14.88067,1.249762,0.9724619,1.37137,-1.012981,10.39044,25.09232,8.383306,0.9616995,1.396379,-0.9763151,15.50161,0.001776461,0,0.9486619,1.407753,-0.9541774,10.33792,0.001208994,0,0.9822723,1.317521,-1.030437,0,-2.82835E-06,0,0.9760546,1.3561,-0.9938707,5.538137,13.38369,6.352491,0.9681245,1.380758,-0.9547905,22.40133,-1.130323E-05,0,0.9522378,1.391713,-0.9306272,14.94482,-1.481753E-05,0,0.9839712,1.310081,-1.022656,3.069245,14.87368,-2.900701,0.9776389,1.336465,-0.9791755,-6.15877,-1.105224,-2.533041,0.9767538,1.360454,-0.9425493,25.68498,1.662341E-05,0,0.9640595,1.373261,-0.920813,17.13929,1.143714E-05,0,0.9857046,1.301995,-1.017555,7.703165,29.67841,-7.04378,0.9790542,1.314897,-0.9717466,-5.788348,-10.80621,-24.89692,0.9768009,1.33109,-0.9403086,20.01488,-5.500767E-06,0,0.9682196,1.342494,-0.9232084,13.35081,-8.931771E-06,0,sign
1333,0.8067728,0.9271762,-1.299835,0.3351346,0.817654,0.5399548,0.8033476,1.287714,-1.341479,0.5256317,0.02640843,1.399836,0.8037494,1.596601,-1.339265,5.33704,-0.4870342,1.861515,0.7266997,0.9260379,-1.299073,1.256476,0.3846788,-0.6855699,0.7300145,0.4990977,-1.287181,8.955939,0.01785547,0,0.7311387,0.07451552,-1.341995,7.346065,-1.13612,-9.473262,0.8868458,0.9283146,-1.300598,-0.1186941,-0.7467643,2.653948,0.8873661,0.5011995,-1.298929,5.294612,-0.01953489,0,0.8861546,0.07476622,-1.336733,5.606788,-0.874072,-6.196314,0.7341689,1.41085,-1.321982,-13.90329,-2.214856,0,0.6043462,1.405383,-1.350723,14.55861,13.47108,-40.30763,0.5467299,1.171467,-1.258235,96.47995,-5.133196E-05,-10.21508,0.8733379,1.410883,-1.325384,-15.33386,-1.112168,0.4414621,1.000758,1.408007,-1.363668,14.21729,22.21304,-37.74485,1.104747,1.191444,-1.269449,105.0345,-7.711702E-05,-5.137897,0.6848803,1.263933,-1.027783,-19.94538,-20.65158,-3.669811,0.9756379,1.313707,-1.047806,-22.1811,-16.96335,-3.348722,0.6861548,1.29838,-1.031563,41.30582,-22.51505,84.0132,0.7124457,1.327393,-1.026332,4.34812,37.52596,-2.651735,0.7182291,1.351356,-1.009266,2.298144,-1.322244E-05,0,0.6882678,1.293515,-1.019612,0,-14.88062,1.250075,0.694957,1.339771,-0.9907244,18.28324,20.5033,-5.800255,0.7150418,1.364837,-0.9582598,15.20099,-2.526164E-05,0,0.7335704,1.378096,-0.9418181,10.13729,-2.516425E-05,0,0.6895673,1.286551,-1.011686,0,-1.900446E-06,0,0.6978071,1.322687,-0.9730797,15.88124,10.49205,-0.9632712,0.7179266,1.345996,-0.9377238,18.81445,3.276366E-05,0,0.7394859,1.35859,-0.9194795,12.54926,3.335501E-05,0,0.6906776,1.278355,-1.004589,3.069245,14.87364,-2.900701,0.7022851,1.301985,-0.9606157,11.8431,-2.957299,0.5066768,0.7204549,1.323562,-0.9271194,19.77132,4.881634E-05,0,0.7401093,1.335512,-0.9107322,13.18816,4.015156E-05,0,0.6912737,1.269724,-1.000165,7.703165,29.67834,-7.043752,0.7056477,1.279971,-0.9554725,9.104765,-11.52049,-8.914316,0.7206512,1.294212,-0.926702,18.75258,0.0003429723,0,0.7357216,1.303484,-0.9131739,12.50793,0.000236375,0,0.9679694,1.346346,-1.056656,36.31107,-17.49459,73.14127,0.9399357,1.372458,-1.047031,6.138556,27.78259,-2.869899,0.9293544,1.394689,-1.02992,3.619256,-1.179308E-05,0,0.9685628,1.343507,-1.043907,0,-14.88069,1.250231,0.9586047,1.392863,-1.021914,10.25883,25.1217,8.393092,0.946007,1.420374,-0.9877075,15.4452,0.0008673823,0,0.931915,1.43322,-0.9670721,10.30026,0.0006006037,0,0.9696909,1.338003,-1.034883,0,-1.448952E-05,0,0.9614261,1.379077,-1.001585,5.281235,13.27844,6.568473,0.9516341,1.406552,-0.9648781,21.97773,0.0001131581,0,0.9348223,1.419261,-0.942248,14.66185,7.592174E-05,0,0.9710861,1.331174,-1.026504,3.069309,14.87368,-2.900768,0.9624869,1.36059,-0.9854258,-6.42303,-1.257395,-2.402326,0.9598576,1.387301,-0.9508231,25.34834,4.725885E-05,0,0.9462958,1.401648,-0.9306272,16.91426,4.318472E-05,0,0.9726473,1.323504,-1.020746,7.703191,29.67842,-7.043752,0.9637374,1.339643,-0.9763705,-6.056733,-11.02305,-24.65999,0.9600132,1.358202,-0.9464152,19.36549,0.000108142,0,0.9508262,1.370776,-0.9304905,12.91715,8.157253E-05,0,sign
1367,0.8066161,0.9271761,-1.298973,0.3577275,0.8312879,0.5542608,0.8031149,1.287696,-1.340841,0.5794597,0.03285144,1.373446,0.8035154,1.59658,-1.338791,5.470204,-0.5246534,1.94501,0.7265435,0.9260191,-1.298191,1.145859,0.3878658,-0.6708556,0.7299308,0.4990616,-1.286955,8.897329,0.01759782,0,0.7311384,0.07450798,-1.341989,7.376026,-1.144046,-9.455733,0.8866887,0.928333,-1.299755,-0.2733977,-0.7519727,2.647302,0.8872604,0.5012153,-1.299069,5.144261,-0.01934288,0,0.8861578,0.07476965,-1.336737,5.586267,-0.8658607,-6.209146,0.7339129,1.410842,-1.321491,-13.55283,-2.55373,0.1153499,0.6039624,1.404555,-1.349477,15.08551,13.28522,-41.68067,0.5490324,1.171728,-1.252703,99.94176,-4.07044E-05,-8.629967,0.8730835,1.410888,-1.324829,-15.13467,-1.200423,0.6743467,1.00065,1.407791,-1.362607,15.9918,21.63365,-39.23189,1.103069,1.194849,-1.258893,107.2019,-5.835982E-05,-4.32042,0.6962439,1.281501,-1.035857,-20.42107,-20.85784,-3.797513,0.963562,1.330456,-1.05179,-22.30568,-17.06474,-3.388418,0.6971139,1.315541,-1.042414,41.24427,-22.56569,83.9925,0.7233028,1.345048,-1.040453,4.252246,37.46269,-2.589365,0.7294674,1.370362,-1.025617,2.249337,-7.615718E-06,0,0.6996812,1.311659,-1.030196,0,-14.88067,1.250075,0.7070094,1.36011,-1.005344,17.57603,20.50989,-5.737912,0.7275466,1.387957,-0.9755371,15.00205,-0.000175537,0,0.7462177,1.402786,-0.9606739,10.00453,-0.0001195164,0,0.7013114,1.305358,-1.02179,0,-2.220697E-05,0,0.7106084,1.344507,-0.9865051,15.00541,10.19663,-0.6419396,0.7311214,1.371024,-0.9537308,18.56936,-1.359736E-06,0,0.7527769,1.385479,-0.9370468,12.38561,-1.554859E-05,0,0.7027335,1.297761,-1.014106,3.069309,14.87362,-2.900701,0.7156819,1.32489,-0.9725964,10.66546,-3.335683,0.7641266,0.7339954,1.349528,-0.941366,19.52924,1.932652E-05,0,0.7536102,1.363171,-0.9263077,13.0265,-2.456378E-06,0,0.7035516,1.289515,-1.009032,7.703191,29.67834,-7.043752,0.7193956,1.303376,-0.9658365,8.275571,-11.70723,-8.889599,0.7348192,1.32008,-0.9386568,18.59026,-0.01374256,0.01978234,0.7500105,1.330593,-0.9262152,12.39955,-0.009344895,0,0.9560805,1.362329,-1.063219,36.35257,-17.54703,73.05888,0.9274932,1.388792,-1.056675,6.06081,27.7808,-2.833172,0.9160389,1.41208,-1.041662,3.573469,-7.875577E-06,0,0.9561489,1.360392,-1.050289,0,-14.88067,1.249762,0.9449694,1.41107,-1.032246,10.1717,25.16108,8.309219,0.9308301,1.440789,-1.000584,15.10588,0.0004268478,0,0.9159558,1.455037,-0.9814741,10.07382,0.0002878486,0,0.9569256,1.355541,-1.040862,0,-5.024135E-06,0,0.9470074,1.398762,-1.0109,4.992927,13.17084,6.756186,0.9357066,1.428769,-0.976695,21.50593,3.940586E-05,0,0.9181891,1.443118,-0.9556352,14.34665,3.895299E-05,0,0.9580047,1.349325,-1.031974,3.069245,14.87367,-2.900701,0.9474918,1.381458,-0.9934553,-6.637996,-1.425633,-2.345185,0.9433844,1.41061,-0.9610362,24.87334,4.809539E-05,0,0.9291763,1.426386,-0.9424112,16.59675,3.825457E-05,0,0.9593659,1.34209,-1.025633,7.703139,29.67841,-7.043725,0.9484823,1.361205,-0.98291,-6.422297,-11.25526,-24.37738,0.9435827,1.381925,-0.9545846,18.78944,0.0001139381,0,0.9339432,1.39557,-0.9398544,12.53256,7.80622E-05,0,sign
1400,0.8067218,0.9271733,-1.297538,0.3830841,0.8368704,0.569239,0.803189,1.287674,-1.339652,0.6376578,0.03328852,1.349877,0.8036215,1.596554,-1.337752,5.642503,-0.5627339,2.031821,0.7266496,0.9260091,-1.296734,0.9787881,0.4000727,-0.6599753,0.7299776,0.4990247,-1.286553,8.808791,0.01735078,0,0.7311357,0.07452193,-1.341978,7.428986,-1.136229,-9.444606,0.886794,0.9283376,-1.298342,-0.4957456,-0.7675942,2.637821,0.8872737,0.5012199,-1.299124,4.93979,-0.01909981,0,0.8861606,0.07476956,-1.336739,5.578122,-0.8715456,-6.221007,0.7339776,1.410838,-1.320456,-13.16982,-2.900023,0.2533378,0.6038916,1.403727,-1.347603,15.70334,13.13852,-43.38156,0.5516843,1.172415,-1.245819,102.8751,-7.019914E-05,-7.007343,0.8731496,1.410882,-1.323737,-14.91446,-1.267906,0.9174925,1.000872,1.407597,-1.360965,17.50802,21.07849,-41.0009,1.101267,1.1982,-1.248429,109.117,-7.611129E-05,-3.418332,0.7080585,1.296689,-1.043714,-21.40196,-21.00027,-4.011808,0.9511698,1.344166,-1.056315,-22.547,-17.0598,-3.42497,0.7084369,1.330162,-1.052762,41.19002,-22.60119,84.06573,0.7343815,1.359932,-1.05375,4.201884,37.4511,-2.557878,0.7407111,1.386335,-1.041033,2.223168,-2.588322E-05,0,0.7113978,1.327202,-1.040375,0,-14.88066,1.249918,0.7190334,1.37739,-1.01936,17.0001,20.55773,-5.634021,0.7398172,1.407593,-0.9921293,14.84485,2.163558E-05,0,0.7585361,1.423746,-0.9787836,9.899641,4.299492E-07,0,0.7133306,1.321544,-1.031586,0,-1.784006E-05,0,0.7233235,1.363232,-0.9995489,14.14446,9.883859,-0.2846186,0.7439237,1.392571,-0.9693326,18.24439,-9.460593E-06,0,0.7654792,1.408711,-0.9541302,12.16863,-2.742379E-05,0,0.7150454,1.31454,-1.023414,3.069309,14.87363,-2.900701,0.728977,1.344721,-0.984404,9.616808,-3.75052,1.044739,0.7472242,1.372063,-0.95547,19.16902,-3.657988E-05,0.02797646,0.7666475,1.38725,-0.9416955,12.786,-2.672267E-05,0,0.7160851,1.306693,-1.017778,7.703139,29.67834,-7.04378,0.7330766,1.323785,-0.9762061,7.418176,-11.94439,-8.75735,0.7486681,1.342702,-0.9506196,18.45576,-0.0006165048,0,0.7638648,1.35432,-0.9392092,12.30977,-0.0004370683,0,0.9439455,1.37521,-1.069973,36.37383,-17.59944,73.12163,0.9149095,1.401739,-1.0663,6.12247,27.79878,-2.863822,0.9026551,1.425784,-1.053238,3.609234,-5.269809E-06,0,0.9434798,1.374063,-1.056957,0,-14.88067,1.249918,0.9311733,1.42563,-1.042529,10.0514,25.21038,8.24636,0.9155737,1.457085,-1.013324,14.85887,0.0004124966,0,0.8999338,1.472417,-0.995725,9.909033,0.0002849539,0,0.9438919,1.369801,-1.047227,0,-6.045548E-06,0,0.932395,1.414661,-1.020404,4.717461,13.07069,7.077897,0.9196326,1.446695,-0.9886377,20.93384,-4.205005E-05,0,0.9014897,1.462382,-0.9691176,13.96454,-3.575788E-05,0,0.9446388,1.364148,-1.037939,3.069309,14.87367,-2.900701,0.9322667,1.398455,-1.001929,-6.812155,-1.565752,-2.143384,0.9266976,1.429573,-0.971625,24.13663,6.069236E-05,0,0.9119747,1.446506,-0.9544737,16.10435,4.88151E-05,0,0.9457833,1.357325,-1.031116,7.703165,29.67841,-7.043752,0.9329581,1.378891,-0.9901339,-6.867985,-11.48721,-23.98023,0.9269644,1.401397,-0.9634287,18.34323,0.0004833119,0,0.916877,1.415895,-0.9498588,12.23464,0.0003270503,0,sign
1433,0.8065403,0.9271702,-1.296743,0.4078243,0.8464317,0.5878411,0.8029267,1.287651,-1.339093,0.6923862,0.04596743,1.332661,0.803331,1.596526,-1.337324,5.81588,-0.6062782,2.112481,0.7264684,0.925993,-1.295913,0.8697567,0.3965106,-0.651921,0.7298885,0.498995,-1.286357,8.74981,0.01686402,0,0.7311375,0.07451648,-1.341966,7.453378,-1.148558,-9.435694,0.8866121,0.9283473,-1.297573,-0.6531205,-0.766627,2.628529,0.8871568,0.5012326,-1.299342,4.778564,-0.01864921,0,0.8861725,0.07476324,-1.336743,5.549167,-0.85576,-6.230392,0.7336819,1.410818,-1.320035,-12.7696,-3.226446,0.4173099,0.6034587,1.402906,-1.346287,16.10951,13.04911,-45.27509,0.5541176,1.172963,-1.240069,105.3891,-4.114624E-05,-5.368998,0.8728548,1.41089,-1.323274,-14.6743,-1.320164,1.169021,1.000742,1.407484,-1.359923,18.96718,20.32583,-42.8604,1.098239,1.201344,-1.239128,110.8103,-8.099515E-05,-2.193567,0.7192929,1.30863,-1.05284,-22.413,-21.16287,-4.239238,0.9383072,1.355775,-1.062164,-22.6908,-16.70533,-3.374754,0.7191421,1.34145,-1.064033,41.15752,-22.61471,84.08611,0.7447977,1.371259,-1.067718,4.124596,37.50157,-2.513727,0.7512392,1.398486,-1.05694,2.18077,4.393788E-06,0,0.7224938,1.339314,-1.051577,0,-14.88063,1.249918,0.7303636,1.390799,-1.034079,16.68146,20.56199,-5.829043,0.7515054,1.422896,-1.009411,13.23933,-0.0002091146,0,0.7697956,1.440419,-0.9972531,8.828394,-0.0001442033,0,0.7247316,1.334248,-1.042503,0,-6.091235E-06,0,0.735352,1.377977,-1.013536,13.42172,9.525129,-0.05595291,0.7560651,1.409675,-0.9858906,16.24899,1.006732E-06,0,0.776876,1.427643,-0.9717366,10.83669,1.472249E-06,0,0.7267434,1.327797,-1.033953,3.069181,14.87364,-2.900633,0.7415975,1.360517,-0.9974082,8.626597,-4.150923,1.338083,0.759759,1.39012,-0.9707335,17.22681,-1.033145E-05,0,0.7784134,1.406912,-0.9577842,11.48937,-1.689089E-05,0,0.7280114,1.320336,-1.027857,7.703139,29.67834,-7.043752,0.7461017,1.340178,-0.988006,6.678877,-12.26508,-8.615457,0.7618721,1.361006,-0.9640659,17.578,-0.0001161214,0,0.7768837,1.373621,-0.9535013,11.7238,-6.699766E-05,0,0.9312562,1.38597,-1.077688,36.39239,-17.62369,73.02338,0.9017937,1.412257,-1.076522,5.98779,27.81236,-2.801769,0.8887765,1.4368,-1.065247,3.529475,-1.835016E-06,0,0.9303049,1.385492,-1.064657,0,-14.88067,1.249918,0.9168631,1.437567,-1.053416,9.976105,25.28984,8.16693,0.8998554,1.470263,-1.026446,14.14148,-4.992475E-05,0,0.8836728,1.486503,-1.010204,9.430318,-4.694638E-05,0,0.9303924,1.381745,-1.054709,0,-6.012042E-06,0,0.9173613,1.427775,-1.030718,4.470761,12.94192,7.346733,0.9031982,1.461361,-1.00123,19.5927,-2.71362E-06,0,0.8847964,1.478316,-0.9830591,13.06888,4.057715E-07,0,0.9308475,1.376591,-1.045117,3.069309,14.87368,-2.900633,0.9167106,1.412546,-1.01144,-6.983986,-1.79452,-2.100496,0.909746,1.445248,-0.9831586,22.8248,3.206736E-06,0,0.8947924,1.463215,-0.9673089,15.22775,-4.952785E-06,0,0.9318075,1.370147,-1.037908,7.703165,29.67841,-7.04378,0.9171736,1.39363,-0.9986212,-7.218088,-11.86544,-23.57758,0.9100955,1.417612,-0.9735134,17.20524,-2.791641E-05,0,0.8997819,1.432792,-0.9608921,11.47494,-7.449927E-06,0,sign
1467,0.8064244,0.92716,-1.295896,0.4284154,0.8620161,0.6084505,0.8027232,1.287623,-1.338443,0.7386047,0.05227765,1.325594,0.8031153,1.596496,-1.336823,5.923642,-0.6304458,2.18364,0.7263533,0.9259617,-1.295037,0.7730374,0.4026288,-0.64589,0.7298387,0.4989518,-1.28605,8.713907,0.01651112,0,0.7311433,0.07451281,-1.341959,7.494021,-1.159323,-9.430151,0.8864956,0.9283584,-1.296756,-0.8060005,-0.7753841,2.622415,0.8870773,0.501249,-1.299506,4.625841,-0.01831462,0,0.8861862,0.07476574,-1.336751,5.529141,-0.8412237,-6.234293,0.7334623,1.410798,-1.319494,-12.37983,-3.52051,0.5811456,0.603107,1.40218,-1.344852,16.50988,12.89417,-47.16265,0.5567928,1.173541,-1.234536,107.6536,-3.425885E-05,-3.836298,0.8726355,1.410884,-1.322716,-14.3804,-1.419144,1.419962,1.000709,1.40724,-1.358685,19.77929,20.01491,-44.87701,1.095738,1.203942,-1.231289,112.1475,-8.046275E-05,-1.125353,0.7296994,1.318935,-1.062178,-23.16838,-21.1095,-4.374571,0.9261872,1.363031,-1.067929,-23.29541,-17.092,-3.548507,0.7290075,1.351081,-1.075164,41.11866,-22.63293,84.08965,0.7543396,1.380763,-1.081296,4.095434,37.52833,-2.497478,0.7609128,1.408583,-1.072255,2.164556,-7.221032E-06,0,0.7327576,1.349654,-1.06272,0,-14.88062,1.249762,0.7408652,1.402065,-1.048359,15.98872,20.54313,-6.003157,0.7621198,1.435755,-1.026023,12.01364,7.945413E-05,0,0.7799817,1.45445,-1.015029,8.010698,5.632725E-05,0,0.7353064,1.34511,-1.053454,0,-1.994179E-06,0,0.7465657,1.390426,-1.027304,12.09646,9.005995,0.2193969,0.7669345,1.424245,-1.002015,14.85561,3.348614E-05,0,0.7869648,1.443862,-0.9889684,9.90683,2.757844E-05,0,0.7376212,1.339152,-1.044626,3.069309,14.87364,-2.900701,0.7534127,1.373915,-1.010436,6.94526,-4.692575,1.442251,0.7709989,1.405524,-0.9857523,16.19555,5.376014E-05,0,0.7889284,1.423735,-0.9737297,10.80105,4.620331E-05,0,0.7391221,1.332048,-1.038169,7.703165,29.67834,-7.043752,0.7583268,1.35415,-1.000067,5.59051,-12.68202,-8.544356,0.774086,1.376619,-0.977652,17.09174,-0.0001221706,0,0.7889127,1.390111,-0.9679449,11.39919,-8.395303E-05,0.02797646,0.9195659,1.392348,-1.085225,36.37462,-17.65015,73.04874,0.8899335,1.418435,-1.086548,6.020309,27.73969,-2.810279,0.8763128,1.443404,-1.077065,3.550989,-1.760459E-06,0,0.9181089,1.392519,-1.072232,0,-14.88066,1.249918,0.9039234,1.444985,-1.064174,9.841189,25.3886,8.052617,0.8857763,1.47886,-1.039499,13.10942,-8.900784E-05,0,0.8693064,1.496109,-1.024645,8.741724,-6.108628E-05,0,0.9178302,1.389279,-1.062111,0,-3.06326E-06,0,0.9035932,1.436354,-1.041007,3.952848,12.78343,7.711594,0.8884644,1.471473,-1.013878,18.37574,0.0001513882,0,0.869983,1.489743,-0.9971178,12.25633,8.334519E-05,0,0.9179411,1.384619,-1.05226,3.069309,14.87367,-2.900768,0.9022815,1.422112,-1.021021,-7.385145,-2.067035,-1.98948,0.8943137,1.456317,-0.9948635,21.63951,3.690701E-05,0,0.8792963,1.475338,-0.9803613,14.43588,2.099197E-05,0,0.9186577,1.378554,-1.044702,7.703165,29.67841,-7.043725,0.9023576,1.40387,-1.007252,-7.856054,-12.21184,-23.19491,0.8945261,1.429247,-0.9837945,16.40692,8.424459E-06,0,0.8840747,1.445124,-0.9721839,10.94208,2.980441E-06,0,sign
1500,0.8063638,0.9271514,-1.295024,0.4454334,0.8739976,0.6351982,0.8025528,1.287601,-1.337707,0.7664279,0.07025254,1.323526,0.8028663,1.596473,-1.336204,5.956411,-0.651112,2.248814,0.7262933,0.9259368,-1.294126,0.6720214,0.4088267,-0.6376578,0.7298164,0.4989147,-1.285759,8.668662,0.01617962,0,0.7311457,0.07451275,-1.341948,7.532051,-1.169097,-9.427795,0.8864343,0.9283659,-1.295921,-0.9610341,-0.7843724,2.614192,0.8870224,0.5012643,-1.299698,4.462737,-0.01799105,0,0.8861966,0.07476467,-1.336756,5.505734,-0.8282812,-6.234293,0.7332526,1.410763,-1.318819,-11.98476,-3.814762,0.7356848,0.6027721,1.401421,-1.343262,16.57649,13.02178,-49.20069,0.5590214,1.173916,-1.229606,109.5963,-3.977067E-05,-2.429466,0.8724259,1.41089,-1.322037,-14.12745,-1.439497,1.649245,1.000658,1.407231,-1.357433,20.61324,19.4925,-46.92418,1.092758,1.206396,-1.224116,113.2244,-7.787954E-05,-0.2748253,0.7395093,1.326239,-1.071602,-23.80475,-21.14921,-4.506718,0.9144943,1.368562,-1.073559,-23.82517,-17.51763,-3.723311,0.7382908,1.357723,-1.086083,41.08035,-22.64729,84.19489,0.7633001,1.387125,-1.094477,4.21417,37.64375,-2.576787,0.7700313,1.415357,-1.086955,2.223872,-1.051055E-05,0,0.7424616,1.356901,-1.073718,0,-14.88065,1.250075,0.7509011,1.409949,-1.062168,15.21538,20.51886,-6.186687,0.7722949,1.444905,-1.042016,10.25613,-0.0001113964,0,0.7895374,1.464695,-1.031992,6.83842,-8.295731E-05,0,0.7453334,1.352809,-1.064336,0,-1.413229E-05,0,0.7573394,1.399341,-1.040783,10.48434,8.386617,0.7858408,0.7772121,1.434991,-1.017712,12.97201,-2.274029E-05,0,0.7961553,1.456205,-1.005572,8.65004,-3.149379E-05,0,0.7479606,1.347285,-1.055316,3.069309,14.87363,-2.900701,0.7647963,1.383667,-1.023384,5.169376,-5.249886,2.036055,0.7818182,1.416939,-1.00056,14.76722,1.262301E-05,0,0.7988759,1.436416,-0.9892766,9.84786,-2.872E-06,0,0.7496978,1.3405,-1.048581,7.703191,29.67834,-7.04378,0.7701119,1.364427,-1.012251,4.396989,-13.14086,-8.341061,0.7858667,1.388268,-0.9912983,16.77162,-0.0001553191,0,0.8005575,1.40248,-0.9824499,11.18555,-0.0001203649,0,0.9084637,1.397088,-1.092331,36.37833,-17.66158,72.95641,0.8788056,1.422926,-1.09596,5.901196,27.73756,-2.754206,0.8647159,1.448207,-1.088134,3.480878,-1.076835E-05,0,0.9064792,1.397797,-1.079427,0,-14.88068,1.249762,0.8917671,1.450473,-1.074172,9.454881,25.48575,8.110821,0.8727551,1.485327,-1.051603,12.33317,-6.331584E-05,0,0.8560542,1.503412,-1.038058,8.223877,-3.739237E-05,0,0.9058024,1.394984,-1.069198,0,-1.002479E-05,0,0.8905302,1.442822,-1.050694,3.171817,12.55111,8.235162,0.8747469,1.479261,-1.025769,17.3763,0.0001865592,0,0.8562708,1.498697,-1.010369,11.58915,0.0001159777,0,0.9055315,1.390743,-1.059162,3.069245,14.87367,-2.900701,0.8884646,1.429425,-1.030194,-7.962252,-2.411282,-1.86865,0.8797342,1.464877,-1.006014,20.35567,1.630819E-05,0,0.8648336,1.484876,-0.9927611,13.57841,6.328297E-07,0,0.9059646,1.385005,-1.051332,7.703139,29.67841,-7.043752,0.8880543,1.411779,-1.015675,-8.704682,-12.58904,-22.77611,0.8796684,1.438324,-0.9937502,15.76349,2.897857E-05,0,0.8691474,1.454806,-0.9830847,10.5127,2.32816E-05,0,sign
1533,0.8063481,0.927151,-1.294085,0.454995,0.8738853,0.6638185,0.8024596,1.287592,-1.33684,0.7808449,0.09237092,1.323526,0.802662,1.596465,-1.335427,5.945244,-0.6614512,2.311476,0.7262781,0.9259371,-1.293147,0.5581307,0.4049873,-0.633656,0.7298217,0.4989005,-1.285559,8.589154,0.01596266,0,0.7311574,0.07452315,-1.341933,7.556579,-1.178413,-9.430297,0.8864181,0.9283649,-1.295023,-1.118376,-0.7836741,2.606769,0.8869931,0.5012744,-1.299899,4.289711,-0.01799626,0,0.8862146,0.07475826,-1.336768,5.483622,-0.814999,-6.231808,0.733112,1.410733,-1.317984,-11.71832,-3.894371,0.8650193,0.6025347,1.401158,-1.341811,16.90518,12.79391,-51.37907,0.5614712,1.17475,-1.225004,110.9087,-5.219268E-05,-1.184817,0.8722852,1.410913,-1.321202,-13.86309,-1.473773,1.83088,1.000679,1.407223,-1.356005,21.26523,19.03781,-49.07767,1.08964,1.208447,-1.217569,114.1243,-4.656086E-05,1.009494,0.7491728,1.331144,-1.07991,-24.17593,-21.57269,-4.672735,0.9030266,1.372068,-1.079197,-24.36848,-17.73943,-3.859757,0.7474368,1.361973,-1.09569,41.05802,-22.63158,84.10361,0.7721337,1.390933,-1.106261,4.072946,37.81103,-2.499593,0.7790669,1.419464,-1.100189,2.144571,-1.023096E-05,0,0.7520636,1.361679,-1.083465,0,-14.88066,1.249918,0.7609596,1.41516,-1.074553,13.1862,20.53022,-5.919901,0.7817947,1.451414,-1.056189,9.198853,-3.204673E-05,0,0.7982858,1.472243,-1.047045,6.133284,-2.22408E-05,0,0.7552795,1.357992,-1.074027,0,-1.847704E-05,0,0.7681814,1.405475,-1.052981,8.449872,7.613393,1.335448,0.7873338,1.442803,-1.032053,11.1878,-2.359391E-05,0,0.8050645,1.465528,-1.020851,7.459852,-2.636947E-05,0,0.7582366,1.352859,-1.064879,3.069245,14.87364,-2.900633,0.7762699,1.390555,-1.035206,3.125622,-5.92664,2.488213,0.7926412,1.425309,-1.014184,13.00498,1.587934E-05,0,0.8086221,1.446036,-1.003573,8.67206,1.023625E-06,0,0.7602186,1.346369,-1.057924,7.703139,29.67834,-7.043697,0.7819833,1.371805,-1.023451,3.284497,-13.7183,-8.132722,0.7978555,1.396845,-1.004043,15.42095,-7.720482E-06,0,0.8122071,1.411769,-0.9958317,10.28409,-2.192703E-05,0,0.8973914,1.399811,-1.099223,36.38824,-17.67281,72.84142,0.8676409,1.425181,-1.104848,5.738322,27.80123,-2.683361,0.8530927,1.450616,-1.098497,3.382867,-1.308039E-05,0,0.8949532,1.400979,-1.086431,0,-14.88069,1.249918,0.8795862,1.453657,-1.083667,8.956313,25.58554,8.218455,0.8598109,1.489241,-1.062969,11.33953,0.0002564742,0,0.8430347,1.508056,-1.05056,7.561045,0.0001721528,0,0.8939469,1.398542,-1.076133,0,-1.676916E-05,0,0.8776039,1.446873,-1.059974,2.234233,12.26608,8.823231,0.8613278,1.484402,-1.037065,16.31663,0.0002149266,0,0.8429931,1.504859,-1.022866,10.88184,0.0001284241,0,0.8933662,1.394674,-1.06596,3.069373,14.87367,-2.900701,0.8749496,1.434228,-1.039069,-8.775053,-2.840521,-1.788488,0.8656734,1.470743,-1.016746,19.25397,-2.451567E-06,0,0.8509383,1.491568,-1.00463,12.84268,-1.01645E-05,0,0.8935794,1.389237,-1.05791,7.703191,29.67842,-7.043725,0.8741962,1.417131,-1.02392,-9.590934,-13.10709,-22.48324,0.8653299,1.444684,-1.003479,14.84033,-4.208142E-05,0,0.8548572,1.461696,-0.9936289,9.896662,-3.48972E-05,0,sign
1567,0.8063559,0.9271539,-1.293163,0.4601268,0.8767248,0.6943616,0.8023697,1.287591,-1.335943,0.7828471,0.1174785,1.325742,0.8024476,1.596465,-1.334568,5.914767,-0.6743814,2.363474,0.7262864,0.9259365,-1.292183,0.4414621,0.4054188,-0.6330382,0.7298399,0.4988861,-1.285421,8.494702,0.01584357,0,0.7311673,0.07452476,-1.341916,7.572586,-1.187573,-9.438089,0.8864254,0.9283714,-1.294144,-1.277328,-0.7875699,2.600679,0.8869734,0.5012954,-1.300161,4.110422,2.074697E-05,0,0.8863646,0.074763,-1.336844,5.460236,-0.7848798,-6.228629,0.732969,1.410701,-1.317087,-11.49151,-3.970703,0.9699516,0.6023134,1.400899,-1.340387,17.13339,12.60334,-53.47757,0.5638292,1.175342,-1.221081,111.7593,-5.001958E-05,0.3846134,0.8721421,1.410942,-1.320312,-13.61701,-1.504237,1.956548,1.000683,1.407244,-1.354568,21.73626,18.70384,-51.15588,1.086744,1.210132,-1.211981,114.8047,-5.806404E-05,1.928235,0.7579864,1.333657,-1.086982,-24.72054,-22.08415,-4.897291,0.8926552,1.373783,-1.084346,-24.64448,-18.21324,-4.010734,0.7559138,1.363839,-1.10393,40.99015,-22.62539,83.9892,0.7803825,1.392273,-1.116307,3.897672,37.72698,-2.387287,0.7875633,1.421002,-1.111619,2.054714,-1.266561E-05,0,0.7608788,1.364012,-1.091836,0,-14.88063,1.249918,0.7701985,1.417767,-1.085322,11.34186,20.38766,-5.708048,0.7904392,1.455131,-1.068593,8.881683,-1.916478E-05,0,0.8064397,1.476724,-1.060398,5.921755,-2.31413E-05,0,0.7643443,1.360691,-1.082351,0,-5.184647E-06,0,0.7779868,1.408919,-1.063588,6.215711,6.710535,2.092935,0.7960597,1.447768,-1.044555,10.77009,-1.752498E-05,0,0.8129444,1.471614,-1.034428,7.181246,-1.692047E-05,0,0.7675383,1.355914,-1.07309,3.069309,14.87364,-2.900701,0.786518,1.394684,-1.045461,0.9270402,-6.673197,3.113196,0.8019463,1.430754,-1.026002,12.17843,1.904232E-05,0,0.8170449,1.452471,-1.016099,8.120667,1.549807E-05,0,0.7696918,1.349699,-1.065939,7.703139,29.67834,-7.043752,0.7924944,1.376394,-1.033129,1.618704,-14.41445,-8.181414,0.8080166,1.40256,-1.014963,15.0442,-7.978016E-05,0,0.8220441,1.418129,-1.007417,10.03268,-6.949867E-05,0,0.8875189,1.400836,-1.105423,36.3523,-17.69018,72.87608,0.8577721,1.425707,-1.112969,5.756021,27.75845,-2.687953,0.8427373,1.451163,-1.107985,3.394595,-2.116461E-05,0,0.8845776,1.402367,-1.092776,0,-14.88072,1.250075,0.8685884,1.45493,-1.092236,8.187602,25.65925,8.420865,0.8481689,1.491116,-1.07328,10.37365,5.732599E-05,0,0.8313739,1.510588,-1.061959,6.916847,3.243648E-05,0,0.8831994,1.400235,-1.082453,0,-2.78956E-05,0,0.865762,1.448852,-1.068437,0.9893272,11.92989,9.470688,0.8491718,1.487322,-1.047391,15.68786,0.0001199246,0,0.8308966,1.508608,-1.034382,10.46221,5.874507E-05,0,0.8822655,1.396675,-1.072195,3.069309,14.87367,-2.900701,0.8624302,1.436823,-1.047267,-9.889009,-3.307039,-1.741812,0.8527795,1.474223,-1.026632,18.64574,9.924121E-05,0,0.8381062,1.495711,-1.015649,12.43659,5.937753E-05,0,0.8822225,1.391489,-1.063978,7.703191,29.67842,-7.043725,0.8612645,1.42019,-1.031635,-10.67805,-13.66535,-22.2863,0.8519812,1.448586,-1.012578,14.06758,-1.39726E-05,0,0.8415538,1.466058,-1.003519,9.381001,-3.317116E-05,0,sign
1600,0.80638,0.9271564,-1.292225,0.4626713,0.8832265,0.7257769,0.8023033,1.287591,-1.334973,0.7671934,0.1346881,1.327806,0.8022912,1.596467,-1.333573,5.85317,-0.6786944,2.396697,0.7263112,0.9259303,-1.291201,0.3214254,0.4100091,-0.6330382,0.7298695,0.4988671,-1.285313,8.391431,0.01614212,0,0.7311829,0.07451931,-1.341909,7.586593,-1.197153,-9.448101,0.8864489,0.9283826,-1.29325,-1.446721,-0.7966022,2.592765,0.8869564,0.5013258,-1.300507,3.889978,-0.0181597,0,0.8862535,0.07475871,-1.336783,5.408127,-0.7935687,-6.223623,0.7328664,1.410675,-1.316081,-11.34764,-3.986072,1.050902,0.6021569,1.400809,-1.339049,17.2716,12.44812,-55.40575,0.5657091,1.175857,-1.217975,112.4394,-6.195447E-05,1.902898,0.8720393,1.410959,-1.319311,-13.35776,-1.574345,2.052808,1.00073,1.407154,-1.352988,21.68155,18.89062,-53.1184,1.084877,1.211375,-1.207453,115.2332,-4.92849E-05,2.448246,0.7654349,1.334991,-1.093358,-25.20512,-22.46893,-5.085461,0.8838595,1.373131,-1.088413,-25.35028,-18.92511,-4.293408,0.7631348,1.364603,-1.111254,40.93468,-22.59592,83.95435,0.7874585,1.39248,-1.125096,3.690615,37.76458,-2.262091,0.7948207,1.421328,-1.121559,1.944507,-3.452606E-06,0,0.7683776,1.365149,-1.099288,0,-14.88063,1.249918,0.7781328,1.419032,-1.09479,9.613455,20.2932,-5.251133,0.7978126,1.457245,-1.079358,8.530047,-3.410405E-05,0,0.8133364,1.479437,-1.071879,5.687237,-3.066523E-05,0,0.7720426,1.362124,-1.089779,0,-2.226278E-06,0,0.7863716,1.410866,-1.072956,4.374257,5.982271,3.010384,0.8036014,1.450829,-1.055515,9.90542,-5.383054E-06,0,0.8195868,1.475592,-1.046158,6.604528,-4.179071E-06,0,0.7754232,1.357639,-1.080439,3.069181,14.87364,-2.900701,0.7952411,1.397191,-1.054562,-1.053877,-7.429041,3.690562,0.8097984,1.434316,-1.036465,11.40804,1.08937E-05,0.01978234,0.8240704,1.456848,-1.027177,7.606742,8.765955E-06,0,0.7777073,1.351652,-1.073135,7.703139,29.67834,-7.043697,0.8014016,1.379285,-1.041765,-0.2741124,-15.06499,-8.265599,0.8163978,1.406384,-1.02455,15.49336,6.299884E-06,0,0.8302312,1.422435,-1.017686,10.3324,1.509041E-05,0.01978234,0.8793833,1.399681,-1.110266,36.34001,-17.70184,72.82897,0.8498462,1.424258,-1.119425,5.71028,27.7841,-2.668658,0.8345765,1.449769,-1.115559,3.366797,-2.80706E-05,0,0.8759894,1.401484,-1.097768,0,-14.88072,1.250075,0.8598127,1.453978,-1.098983,7.022667,25.68647,8.914602,0.8393551,1.490834,-1.08141,9.889168,0.000690746,0,0.8226992,1.510908,-1.070968,6.593682,0.0004411722,0,0.8742527,1.399579,-1.087455,0,-3.302496E-05,0,0.8561636,1.448425,-1.075168,-0.3846134,11.54737,10.04416,0.8397471,1.48776,-1.05564,15.35672,1.969003E-05,0,0.8216851,1.50981,-1.043646,10.24123,-1.320963E-05,0,0.8729672,1.396245,-1.077159,3.069373,14.87367,-2.900701,0.852123,1.43686,-1.053862,-11.06854,-3.78115,-1.771667,0.8425211,1.474993,-1.03459,18.14935,1.96918E-05,0,0.8281108,1.49711,-1.02455,12.10522,-1.854364E-06,0,0.87265,1.391245,-1.068833,7.703191,29.67842,-7.043725,0.8504593,1.420578,-1.03791,-11.9243,-14.23337,-22.15769,0.8411472,1.449695,-1.01999,13.51024,-6.336378E-05,0,0.830925,1.467613,-1.011592,9.009178,-6.304868E-05,0,sign
1633,0.806394,0.9271625,-1.290951,0.4635163,0.8788768,0.7530347,0.8022742,1.287597,-1.333616,0.7351527,0.1499345,1.316112,0.8021772,1.596475,-1.332135,5.755579,-0.6788539,2.418808,0.7263256,0.9259428,-1.289889,0.1607126,0.4031479,-0.6333472,0.729888,0.4988647,-1.285201,8.244241,0.01641121,0,0.7311985,0.07453039,-1.341898,7.601271,-1.208333,-9.456024,0.8864624,0.9283823,-1.292013,-1.662834,-0.7953333,2.584826,0.8869201,0.5013558,-1.300873,3.633403,4.418669E-05,0,0.8864043,0.07476303,-1.336849,5.368632,-0.7671111,-6.226331,0.7328004,1.410652,-1.314669,-11.24465,-3.991347,1.111355,0.6020577,1.400754,-1.337434,17.44132,12.30429,-57.30009,0.5674394,1.176397,-1.21473,112.7466,-5.373009E-05,2.960484,0.8719739,1.410975,-1.317871,-13.16455,-1.59432,2.139546,1.000784,1.407183,-1.351089,21.31471,19.24015,-54.9251,1.083531,1.212181,-1.20372,115.5318,-5.258864E-05,3.573141,0.7724826,1.334875,-1.098173,-25.80776,-22.93692,-5.322371,0.8763717,1.371093,-1.091581,-26.31966,-19.36703,-4.569347,0.7698557,1.364056,-1.116721,41.05975,-22.36064,82.82231,0.7940733,1.391434,-1.131698,1.043052,38.90678,-0.6549156,0.8008253,1.420532,-1.129114,0.5410409,-1.404462E-05,0,0.7753736,1.364872,-1.104896,0,-14.88063,1.249918,0.7853822,1.418814,-1.101923,6.635574,20.05638,-4.530645,0.8035262,1.458037,-1.087157,6.850513,-2.262442E-05,0,0.8174876,1.481245,-1.079681,4.567289,-2.046631E-05,0,0.7792476,1.362064,-1.095403,0,-2.541105E-06,0,0.7940973,1.411147,-1.080093,1.127612,5.078485,3.713095,0.8092698,1.452296,-1.063518,8.475329,2.732306E-05,0,0.8233287,1.478268,-1.054349,5.650798,1.671714E-05,0,0.7828291,1.357793,-1.086037,3.069309,14.87364,-2.900701,0.8033484,1.397889,-1.061583,-3.456324,-8.284453,3.749566,0.8165942,1.435949,-1.044444,9.334268,3.871526E-05,0,0.829208,1.459497,-1.035277,6.223623,3.544017E-05,0,0.7852635,1.351976,-1.078645,7.703139,29.67834,-7.043752,0.8097506,1.380275,-1.048501,-0.8782644,-15.9936,-8.060659,0.8247247,1.408135,-1.032526,11.08974,-2.809554E-05,0.02797646,0.8373471,1.424994,-1.025276,7.394464,-1.753026E-05,0,0.8722085,1.397167,-1.114061,36.60432,-17.59435,71.85316,0.8426162,1.421242,-1.124311,4.018636,28.88736,-1.943803,0.8276477,1.447055,-1.121386,2.345268,-7.527013E-07,0,0.868548,1.399205,-1.101675,0,-14.88069,1.249762,0.852125,1.451571,-1.104297,4.878573,25.5423,9.623205,0.8324978,1.489323,-1.087708,8.907393,1.950411E-05,0,0.8166785,1.51033,-1.077813,5.938943,8.298472E-06,0,0.8666087,1.3975,-1.091363,0,-1.317237E-05,0,0.8480142,1.446483,-1.080453,-1.677131,11.20086,10.39538,0.8319807,1.486537,-1.062101,13.60984,7.824037E-05,0,0.8148969,1.509666,-1.050724,9.075583,5.227773E-05,0,0.8651285,1.39437,-1.081029,3.069245,14.87367,-2.900701,0.8435952,1.435332,-1.059003,-12.05019,-4.182153,-1.775199,0.8341537,1.47405,-1.040849,16.09582,2.610282E-05,0,0.8207244,1.496965,-1.031247,10.73447,7.144626E-06,0,0.8646657,1.389539,-1.072611,7.703165,29.67841,-7.043752,0.841688,1.41937,-1.042757,-12.94121,-15.07999,-21.9653,0.832477,1.44918,-1.02596,9.723423,-7.851253E-06,0,0.8235104,1.467698,-1.01743,6.483164,-1.581827E-05,0,sign
1667,0.8064172,0.9271667,-1.289775,0.4601268,0.8719271,0.7600183,0.8022839,1.287605,-1.332302,0.6869956,0.1626736,1.293315,0.8021193,1.596486,-1.330667,5.645211,-0.6836749,2.42374,0.7263488,0.9259567,-1.288703,0,0.3941843,-0.645587,0.729912,0.4988679,-1.285126,8.104719,0.01678346,0,0.7312236,0.07454294,-1.341893,7.611256,-1.218072,-9.456024,0.8864856,0.9283767,-1.290848,-1.874611,-0.7926142,2.587853,0.8868886,0.5013863,-1.301309,3.354913,-0.01914392,0,0.886291,0.07475355,-1.336806,5.307033,-0.7813859,-6.234481,0.7327748,1.410629,-1.31328,-11.17901,-3.966739,1.175864,0.6020131,1.400779,-1.335956,17.74807,11.9948,-58.81219,0.5691132,1.176875,-1.211958,112.9749,-5.757817E-05,3.686155,0.8719493,1.410986,-1.316426,-12.97357,-1.677976,2.212578,1.000879,1.407062,-1.349163,20.29279,20.13275,-56.52945,1.083066,1.212231,-1.201256,115.7044,-6.60884E-05,4.116754,0.7780416,1.33494,-1.101924,-27.06096,-23.2843,-5.676855,0.8704244,1.367208,-1.093977,-28.0459,-20.10966,-5.071341,0.774882,1.363815,-1.120865,41.00806,-22.20883,80.5961,0.7986763,1.391219,-1.13646,-3.854579,39.83141,2.471164,0.8039541,1.420687,-1.134813,-1.972785,2.837931E-06,0,0.7805428,1.364861,-1.109125,0,-14.88063,1.249762,0.7900431,1.418938,-1.10708,4.706444,19.48106,-4.459048,0.8065724,1.459097,-1.092947,7.066719,-5.814536E-05,0,0.8196483,1.482956,-1.085933,4.711394,-3.435139E-05,0,0.7845666,1.362233,-1.099643,0,-2.055289E-06,0,0.799115,1.411685,-1.085253,-0.7780834,4.152363,4.369374,0.8124431,1.453773,-1.069472,8.864813,2.215722E-05,0,0.8255262,1.480436,-1.060858,5.910523,7.275954E-06,0,0.7883111,1.358138,-1.090263,3.069245,14.87364,-2.900633,0.8087366,1.398795,-1.066672,-5.511462,-9.300559,3.717206,0.8201573,1.437745,-1.050232,9.543324,-7.795561E-06,0,0.831736,1.461985,-1.041516,6.363069,-1.021372E-05,0,0.7908989,1.352456,-1.082817,7.703139,29.67834,-7.043752,0.8154838,1.381443,-1.053416,-3.520254,-16.96695,-8.19326,0.8288409,1.410261,-1.037707,10.01486,-7.263888E-05,0,0.8402252,1.427903,-1.030275,6.677497,-6.936118E-05,0,0.8669446,1.393063,-1.116821,36.68239,-17.57191,71.16939,0.837759,1.417269,-1.127895,2.845513,29.48889,-1.401373,0.8233551,1.443468,-1.125645,1.651261,-4.945075E-06,0,0.8630742,1.395278,-1.10453,0,-14.88069,1.249918,0.8472318,1.447771,-1.108046,3.429026,25.49035,10.07039,0.8286279,1.486298,-1.09207,9.216696,0.0002030788,0,0.8132467,1.507816,-1.082592,6.145195,0.0001299893,0,0.8609257,1.39371,-1.094237,0,-1.164039E-05,0,0.8426255,1.442996,-1.084228,-3.505037,10.84054,11.15609,0.8280672,1.48391,-1.066558,14.03091,1.354543E-05,0,0.8116481,1.507719,-1.055612,9.356539,5.567924E-06,0,0.8592213,1.390713,-1.083899,3.069309,14.87367,-2.900701,0.8376948,1.432134,-1.062741,-13.8036,-4.508887,-1.620154,0.8296364,1.471429,-1.04517,16.07772,2.185794E-05,0,0.8170404,1.494955,-1.035926,10.72238,1.491134E-06,0,0.8585528,1.385983,-1.075437,7.703165,29.67841,-7.043725,0.8353238,1.416377,-1.046357,-16.19271,-15.34237,-22.9244,0.8279949,1.446862,-1.029847,9.011468,1.340759E-05,0,0.8204185,1.465993,-1.02132,6.008347,1.854468E-05,0,sign
1700,0.8064258,0.9271618,-1.28868,0.4524074,0.8832422,0.7538139,0.80221,1.287606,-1.331046,0.6370438,0.1796982,1.260209,0.8019646,1.59649,-1.329253,5.52627,-0.6998405,2.418647,0.7263575,0.9259358,-1.287617,-0.1083524,0.4043304,-0.6611602,0.7299172,0.4988399,-1.28502,7.985811,0.0171377,0,0.7312334,0.07452735,-1.34188,7.623803,-1.223467,-9.44552,0.8864941,0.9283878,-1.289744,-2.078296,-0.809321,2.593218,0.8868375,0.5014389,-1.30178,3.080006,-0.01938198,0,0.8862985,0.07476723,-1.336809,5.243478,-0.7791186,-6.25398,0.7326525,1.410592,-1.311955,-11.27508,-3.712275,1.209175,0.6019045,1.401309,-1.334948,18.39012,11.18398,-60.18597,0.5705515,1.177524,-1.210338,112.8438,-3.243722E-05,4.543812,0.8718288,1.410994,-1.315022,-12.95438,-1.6142,2.246812,1.000793,1.407287,-1.347647,19.76492,20.54689,-57.89964,1.082418,1.212636,-1.199193,115.7889,-7.883476E-05,4.946963,0.7829322,1.333878,-1.10455,-28.74022,-23.82807,-6.188272,0.8654611,1.364313,-1.095912,-29.57399,-20.60862,-5.495224,0.7793038,1.362482,-1.123815,40.65248,-22.65009,79.92162,0.8023519,1.390215,-1.13994,-4.894289,39.86615,3.141802,0.8067828,1.419847,-1.138811,-2.503193,-1.397118E-05,0,0.7849897,1.363744,-1.112109,0,-14.88064,1.250075,0.7937394,1.417969,-1.110729,3.215646,19.05948,-4.435177,0.8086524,1.458881,-1.096964,7.192575,-2.385154E-05,0,0.8208132,1.483292,-1.090208,4.795424,-1.133368E-05,0,0.7890823,1.361284,-1.102611,0,-5.743188E-06,0,0.8029867,1.411099,-1.088852,-2.024971,3.440157,4.687551,0.8146604,1.453898,-1.073684,9.294367,-3.062924E-06,0,0.8269072,1.481092,-1.065514,6.196978,2.106438E-06,0,0.792916,1.357352,-1.093198,3.069245,14.87364,-2.900768,0.8128515,1.398564,-1.070156,-7.015708,-10.38591,3.477164,0.8224624,1.438287,-1.054425,9.675179,1.441175E-05,0,0.8329783,1.463158,-1.04615,6.450994,1.767541E-05,0,0.7956086,1.351794,-1.085696,7.703165,29.67834,-7.043752,0.8198864,1.381463,-1.056723,-6.958042,-18.23371,-9.153111,0.8308486,1.411289,-1.041043,10.79589,1.063307E-05,0,0.8410459,1.429695,-1.033738,7.198437,1.668783E-05,0,0.8623961,1.389906,-1.119108,36.65831,-17.63766,70.31441,0.8335252,1.414194,-1.130812,1.781032,29.7455,-0.8838168,0.8195301,1.440659,-1.129186,1.030786,-1.08505E-06,0,0.8584189,1.392301,-1.106885,0,-14.88068,1.249918,0.8429907,1.444857,-1.11121,2.332381,25.53057,10.45608,0.8252251,1.483965,-1.095698,9.477763,7.155995E-05,0,0.8102036,1.505861,-1.086515,6.319317,3.846044E-05,0,0.8561565,1.390877,-1.096597,0,-9.16527E-06,0,0.8381122,1.440411,-1.087383,-5.085269,10.53559,11.91835,0.8249073,1.482028,-1.070301,14.70818,8.345264E-05,0,0.8089713,1.506311,-1.059687,9.808467,5.284633E-05,0,0.8543271,1.38802,-1.086239,3.069245,14.87368,-2.900633,0.8328886,1.429853,-1.065814,-15.59491,-4.911782,-1.46607,0.8263117,1.46968,-1.048836,16.76662,8.273757E-05,0,0.8142946,1.493662,-1.039998,11.18218,5.014469E-05,0,0.85354,1.383401,-1.077727,7.703165,29.67842,-7.043752,0.8302405,1.414317,-1.04926,-19.51327,-15.72488,-24.07004,0.824926,1.445402,-1.0331,9.773643,-2.216712E-05,0,0.8183495,1.465047,-1.024921,6.51662,-1.820462E-05,0,sign
1733,0.8064165,0.9271567,-1.287501,0.4432315,0.8805436,0.7441474,0.8021922,1.287609,-1.329733,0.5983981,0.189049,1.214987,0.8018898,1.596495,-1.327834,5.41754,-0.6982117,2.4133,0.7263479,0.9259341,-1.286451,-0.2478722,0.401097,-0.6717301,0.7298983,0.4988329,-1.284954,7.844978,0.01727959,0,0.731228,0.07452703,-1.341864,7.629849,-1.224996,-9.427254,0.886485,0.9283792,-1.288551,-2.307493,-0.8124434,2.596688,0.8867644,0.501484,-1.302363,2.762863,-0.01946502,0,0.8863013,0.07476482,-1.336808,5.162701,-0.7765875,-6.277135,0.7325986,1.410569,-1.310614,-11.28847,-3.646034,1.216114,0.6018655,1.401433,-1.333749,18.38084,11.09402,-61.10744,0.5710399,1.177568,-1.209152,112.8687,-5.194939E-05,5.419637,0.8717772,1.410998,-1.313571,-13.05298,-1.446702,2.25403,1.00072,1.407721,-1.346326,19.61079,20.6122,-58.79856,1.082129,1.213186,-1.1976,115.8075,-5.904746E-05,6.328835,0.7857803,1.332588,-1.106201,-29.93927,-24.34045,-6.600578,0.8624495,1.362511,-1.096674,-30.89085,-21.61934,-6.039717,0.7818878,1.360895,-1.125848,40.15015,-23.35161,78.9651,0.8042067,1.388866,-1.142577,-5.703651,39.52251,3.63685,0.8080512,1.418597,-1.142077,-2.931246,-3.763283E-06,0,0.7875665,1.362366,-1.114163,0,-14.88064,1.249918,0.7958289,1.416681,-1.113518,1.949834,18.94045,-4.225263,0.8094915,1.458114,-1.100014,7.152559,-6.246642E-05,0,0.8208948,1.482923,-1.09339,4.768674,-5.030406E-05,0,0.7916846,1.360072,-1.104635,0,-8.223997E-06,0,0.8051457,1.41019,-1.091555,-3.000679,2.927286,4.737227,0.8155697,1.453523,-1.077006,9.428192,8.986979E-06,0,0.8270926,1.481146,-1.069231,6.28625,-3.276752E-06,0,0.7955569,1.356301,-1.095171,3.069245,14.87364,-2.900633,0.8151296,1.397997,-1.072697,-8.195513,-11.34807,3.280262,0.8233169,1.438343,-1.057767,9.662269,3.367857E-05,0,0.8329453,1.463719,-1.049958,6.442325,2.43227E-05,0,0.7983022,1.35087,-1.087597,7.703191,29.67834,-7.043752,0.822323,1.381143,-1.059038,-10.21298,-19.64531,-10.46646,0.8310127,1.411849,-1.043634,11.97419,-2.04436E-05,0,0.8402041,1.43092,-1.036712,7.98441,-1.86538E-05,0,0.859614,1.387442,-1.120609,36.41223,-17.87134,70.33263,0.8310855,1.411687,-1.133206,1.991151,29.66668,-0.9859589,0.8173074,1.438304,-1.132418,1.153349,4.27856E-06,0,0.8556136,1.390213,-1.108474,0,-14.88066,1.250075,0.8405219,1.442714,-1.114366,1.537988,25.50288,10.69781,0.8234771,1.482554,-1.099947,9.63574,-7.073499E-05,0,0.8087943,1.504926,-1.091385,6.424678,-4.125095E-05,0,0.8533103,1.3891,-1.098155,0,1.333801E-06,0,0.8355419,1.438988,-1.090436,-6.165388,10.26011,12.35486,0.8233991,1.481421,-1.074619,15.23049,-2.129124E-05,0,0.8078464,1.506248,-1.06472,10.15699,-2.070586E-05,0,0.8514313,1.386556,-1.087726,3.069309,14.87368,-2.900701,0.8301864,1.42909,-1.068588,-16.94438,-5.318923,-1.457637,0.8248518,1.469624,-1.052897,17.57552,5.651558E-07,0,0.8132161,1.494081,-1.044891,11.72214,6.415255E-06,0,0.8505892,1.382189,-1.079087,7.703165,29.67841,-7.04378,0.8273914,1.414056,-1.051602,-22.90864,-15.68511,-25.08862,0.8242173,1.445763,-1.036103,12.01555,-1.332532E-05,0,0.8182232,1.465914,-1.028746,8.011997,-1.223455E-05,0,sign
1767,0.8063747,0.9271582,-1.286299,0.4338616,0.8660727,0.7362165,0.8021951,1.287618,-1.328431,0.5740312,0.1943011,1.166004,0.8018363,1.596505,-1.326454,5.360633,-0.6736054,2.409322,0.7263057,0.9259557,-1.285261,-0.4025119,0.3840874,-0.680988,0.7298603,0.4988519,-1.284993,7.672556,0.01737284,0,0.7312233,0.07453877,-1.341848,7.622798,-1.225701,-9.410058,0.8864437,0.9283608,-1.287337,-2.573518,-0.8032397,2.599475,0.8866597,0.501537,-1.303204,2.372649,-0.01951463,0,0.886305,0.07475016,-1.336802,5.04702,-0.771005,-6.297966,0.7325729,1.410564,-1.309319,-11.29887,-3.594007,1.219167,0.6018568,1.401545,-1.332596,18.03889,11.43814,-61.77271,0.570493,1.177694,-1.208106,112.919,-5.022431E-05,6.007433,0.8717538,1.411007,-1.312157,-13.22659,-1.250828,2.268226,1.000634,1.408208,-1.345201,19.57421,20.73512,-59.46041,1.08261,1.214268,-1.196011,115.9244,-4.653055E-05,7.273838,0.7872301,1.331129,-1.106981,-30.68021,-25.09338,-6.987159,0.8608006,1.361834,-1.097177,-31.87432,-22.40078,-6.4726,0.7831302,1.359108,-1.127051,39.58794,-24.14412,78.68283,0.8047141,1.387186,-1.144548,-5.531374,38.97757,3.485825,0.8082599,1.416957,-1.144775,-2.864984,-1.197397E-05,0,0.7888444,1.360788,-1.115412,0,-14.88063,1.249918,0.7968487,1.415145,-1.115643,0.9869508,18.94196,-4.174435,0.8097075,1.456963,-1.102544,7.082274,-7.441644E-05,0,0.8205976,1.482062,-1.096152,4.72186,-6.649315E-05,0,0.7930083,1.358662,-1.105865,0,-4.336126E-06,0,0.8062768,1.409041,-1.093617,-3.67525,2.654627,4.652695,0.8159651,1.452767,-1.07975,9.418013,-2.27913E-06,0,0.8270109,1.480704,-1.072418,6.279447,-8.199171E-06,0,0.7969333,1.355057,-1.096358,3.069245,14.87364,-2.900701,0.8163881,1.397191,-1.074608,-8.905739,-12.07125,3.227314,0.8237487,1.438022,-1.060596,9.723504,3.968438E-06,0,0.8328866,1.46375,-1.053369,6.483194,7.594482E-07,0,0.7997322,1.349757,-1.08871,7.703139,29.67834,-7.043725,0.823712,1.380586,-1.060716,-12.92262,-20.94297,-11.74618,0.830601,1.412004,-1.045848,13.41947,7.757529E-06,0,0.8391349,1.431596,-1.039567,8.948609,-1.933674E-07,0,0.8581357,1.386185,-1.121721,36.05664,-18.18904,70.26018,0.8299605,1.410404,-1.135136,2.034613,29.40318,-0.9991678,0.8163587,1.437123,-1.135195,1.181509,-1.015785E-06,0,0.8541057,1.389265,-1.10967,0,-14.88068,1.249918,0.8392272,1.441661,-1.116887,1.211923,25.41929,10.9473,0.8225054,1.481999,-1.103511,9.89537,-0.0003625302,0,0.8078956,1.504638,-1.095547,6.597844,-0.0002450308,0,0.8517645,1.388411,-1.099336,0,-8.491487E-06,0,0.834155,1.438536,-1.092891,-6.877745,9.989901,12.80477,0.8226979,1.48157,-1.078229,15.59479,4.057746E-05,0,0.8073804,1.506791,-1.06898,10.40011,1.380157E-05,0,0.8498418,1.386128,-1.088854,3.069245,14.87368,-2.900768,0.8286914,1.429191,-1.070827,-17.86076,-5.71275,-1.465937,0.8241824,1.470258,-1.056305,18.23416,6.053428E-05,0,0.8127484,1.495048,-1.04907,12.16183,4.251825E-05,0,0.8489554,1.381976,-1.080114,7.703165,29.67841,-7.043752,0.8257852,1.414585,-1.05349,-25.07934,-15.58586,-25.69995,0.8239599,1.44669,-1.038606,13.53412,-4.15986E-05,0,0.8182997,1.467167,-1.031913,9.025063,-3.447645E-05,0,sign
1800,0.8063422,0.9271635,-1.285151,0.4256662,0.8698553,0.7284679,0.8021496,1.287629,-1.327198,0.5521386,0.1958465,1.129692,0.801746,1.596516,-1.325092,5.371515,-0.6383958,2.406884,0.7262732,0.9259554,-1.284124,-0.5588315,0.3858363,-0.6921035,0.7298284,0.4988526,-1.285077,7.495985,0.01736014,0.01978234,0.7312201,0.07452703,-1.341838,7.612184,-1.225592,-9.396953,0.8864113,0.9283715,-1.286179,-2.892117,-0.8153309,2.601808,0.8865359,0.501645,-1.304476,1.874297,-0.0195094,0,0.8863088,0.0747596,-1.336799,4.874475,-0.7668726,-6.31494,0.732511,1.410565,-1.308082,-11.30895,-3.514169,1.258188,0.6018023,1.401736,-1.331473,17.64605,11.90388,-62.29271,0.5694118,1.178103,-1.206854,113.0405,-2.715615E-05,6.608714,0.8716938,1.411015,-1.310832,-13.26781,-1.192631,2.321277,1.000574,1.408366,-1.34389,19.11115,21.3193,-59.89515,1.083523,1.215031,-1.194453,116.2392,-4.971439E-05,8.018708,0.787914,1.330165,-1.107469,-31.33399,-25.67261,-7.313274,0.859974,1.361455,-1.097867,-32.6902,-22.64079,-6.720007,0.7837226,1.357817,-1.12797,39.19509,-24.93971,78.33237,0.8047292,1.385843,-1.146235,-5.368779,38.56988,3.353279,0.8080877,1.415622,-1.147153,-2.796874,-1.134897E-05,0,0.7894472,1.359693,-1.116366,0,-14.88063,1.249918,0.7973217,1.414058,-1.117458,0.09487279,18.89545,-4.275947,0.8094767,1.45622,-1.104796,6.84553,2.730731E-05,0,0.8198433,1.481592,-1.098616,4.563985,1.71948E-05,0,0.793628,1.357726,-1.106792,0,-6.262511E-06,0,0.8067916,1.408322,-1.095351,-4.29359,2.477702,4.521601,0.81588,1.452368,-1.082106,9.208526,2.519313E-05,0,0.8264406,1.480583,-1.07513,6.139737,2.22862E-05,0,0.7975733,1.35428,-1.097234,3.069245,14.87364,-2.900768,0.8169546,1.396795,-1.076172,-9.559152,-12.62859,3.038282,0.8236319,1.438017,-1.062986,9.581357,1.611853E-05,0,0.8322786,1.464044,-1.056244,6.388379,1.112522E-05,0,0.8003943,1.349108,-1.089508,7.703165,29.67834,-7.043725,0.8243352,1.380427,-1.062031,-14.6033,-21.90532,-12.81481,0.8300741,1.412367,-1.0478,13.89903,-8.453461E-05,0,0.8380445,1.432346,-1.042018,9.268556,-5.121061E-05,0,0.8573726,1.385416,-1.122799,35.64493,-18.62699,70.19833,0.8295416,1.409696,-1.136809,2.260014,29.1051,-1.099851,0.8160736,1.436475,-1.137447,1.31641,-5.80703E-06,0,0.8533509,1.388699,-1.110799,0,-14.88068,1.249918,0.8386098,1.441012,-1.118857,0.9106421,25.27893,11.09535,0.8222061,1.481708,-1.106193,9.905063,6.861718E-05,0,0.8077716,1.504593,-1.098622,6.604321,4.605833E-05,0,0.8510076,1.388018,-1.100452,0,-1.225517E-05,0,0.8335297,1.438286,-1.094814,-7.310107,9.732183,13.24423,0.8225511,1.481713,-1.080968,15.47822,-3.161074E-05,0,0.8075745,1.507283,-1.072127,10.32232,-3.276085E-05,0,0.8490791,1.385909,-1.089935,3.069245,14.87367,-2.900768,0.8280419,1.429311,-1.072603,-18.39124,-6.037997,-1.437358,0.8240727,1.470718,-1.058911,18.34542,9.005129E-05,0,0.812909,1.495765,-1.052156,12.23609,5.999692E-05,0,0.8481819,1.3819,-1.08113,7.703165,29.67842,-7.043725,0.8250976,1.414993,-1.055034,-26.30533,-15.59954,-25.86354,0.8240858,1.447351,-1.040625,13.95008,-4.997994E-05,0,0.8187776,1.468028,-1.034272,9.30261,-3.732296E-05,0,sign
1833,0.8062667,0.9271672,-1.284049,0.4210443,0.8710803,0.7271236,0.8020799,1.287637,-1.326012,0.5274898,0.1923209,1.114169,0.8016542,1.596521,-1.323733,5.412509,-0.5962725,2.411758,0.7261976,0.9259573,-1.283024,-0.7127182,0.381777,-0.7022079,0.7297776,0.498859,-1.285161,7.325042,0.01750736,0,0.7312157,0.07452154,-1.341831,7.601348,-1.227494,-9.388749,0.8863357,0.9283772,-1.285074,-3.320187,-0.826605,2.597969,0.886343,0.5018009,-1.306594,1.155044,-0.01953642,0,0.886314,0.07475987,-1.336792,4.58817,-0.758269,-6.329269,0.7324435,1.410569,-1.306862,-11.24306,-3.556851,1.329132,0.6017199,1.40166,-1.33014,17.06453,12.59617,-62.70462,0.5684285,1.178322,-1.20523,113.2025,-3.653617E-05,7.311556,0.8716269,1.411011,-1.309574,-13.29282,-1.121077,2.397269,1.000504,1.408535,-1.342657,18.49325,22.0232,-60.33295,1.084637,1.21577,-1.193145,116.5442,-5.929445E-05,9.02663,0.7884343,1.32942,-1.10771,-31.94871,-26.01725,-7.567349,0.859276,1.360738,-1.098593,-33.81544,-22.46692,-6.909726,0.7842388,1.356757,-1.128628,38.93524,-25.73774,77.40433,0.8047899,1.384633,-1.147625,-5.850759,38.50835,3.650553,0.8078724,1.41442,-1.149113,-3.050243,-1.311787E-06,0,0.7899463,1.358812,-1.117045,0,-14.88063,1.249918,0.7977617,1.413164,-1.11894,-0.6431577,18.83153,-4.494706,0.8093312,1.455619,-1.106717,6.656229,-3.309612E-05,0,0.819264,1.481218,-1.100762,4.437781,-2.414587E-05,0,0.7941167,1.356994,-1.107437,0,-3.555114E-06,0,0.8072091,1.40777,-1.096738,-4.89901,2.347239,4.358468,0.8157403,1.452087,-1.084036,8.964952,2.749916E-05,0,0.8258278,1.480545,-1.077353,5.977272,2.391745E-05,0,0.7980534,1.353696,-1.097824,3.069181,14.87364,-2.900701,0.81736,1.396542,-1.077375,-10.18339,-13.07398,2.929442,0.8234222,1.438084,-1.064913,9.376893,1.600786E-05,0,0.8315974,1.464362,-1.058567,6.252036,1.359465E-05,0,0.8008702,1.348642,-1.090018,7.703139,29.67834,-7.043752,0.8247405,1.380396,-1.062981,-15.85546,-22.61296,-13.88313,0.829614,1.412734,-1.049339,14.05049,-0.0003223405,0,0.8370892,1.433015,-1.04396,9.369596,-0.0002176756,0,0.8565637,1.384389,-1.123808,35.19398,-19.10829,70.04061,0.8290247,1.40882,-1.138128,2.426645,28.57145,-1.160958,0.8156612,1.435636,-1.139245,1.420651,-3.971993E-06,0,0.8526554,1.387842,-1.111818,0,-14.88067,1.249918,0.8380587,1.440108,-1.120424,0.6801254,25.12832,10.99331,0.8220912,1.481119,-1.108227,9.876473,3.777475E-05,0,0.8079167,1.504242,-1.10089,6.58523,1.478364E-05,0,0.8503956,1.387303,-1.101444,0,-2.806298E-06,0,0.833168,1.437711,-1.096307,-7.606562,9.432179,13.30981,0.8227455,1.481475,-1.083109,15.1795,9.994078E-05,0,0.8082452,1.507417,-1.074562,10.12294,6.28111E-05,0,0.8485462,1.385336,-1.090886,3.069181,14.87367,-2.900701,0.8278291,1.429043,-1.073938,-18.79215,-6.310762,-1.500113,0.8244694,1.470712,-1.060896,18.36019,-5.764774E-06,0,0.8136534,1.495993,-1.054449,12.24595,-1.162811E-05,0,0.8477061,1.381444,-1.082022,7.703139,29.67841,-7.043725,0.8249735,1.414963,-1.056163,-27.32763,-15.53654,-26.08293,0.8248186,1.447486,-1.042096,14.63914,-5.085658E-05,0,0.8197857,1.468318,-1.036028,9.762372,-4.04918E-05,0,sign
1867,0.8060914,0.9271671,-1.283273,0.4215088,0.8758757,0.7393991,0.8019122,1.287637,-1.325211,0.5173771,0.1796378,1.117326,0.8015079,1.596519,-1.32283,5.462461,-0.5464127,2.430997,0.7260227,0.9259506,-1.282231,-0.825194,0.3742336,-0.6991359,0.7296826,0.498858,-1.285204,7.205383,0.01751736,0,0.7312125,0.07451349,-1.34182,7.593496,-1.2355,-9.380812,0.8861601,0.9283836,-1.284316,-3.80313,-0.8369341,2.586416,0.886071,0.5020036,-1.309424,0.2900664,-0.01954564,0,0.8863252,0.07477129,-1.336782,4.206076,-0.7402655,-6.334316,0.732304,1.410581,-1.306036,-11.19312,-3.575055,1.37202,0.6015598,1.401663,-1.329194,16.56434,13.14396,-63.02192,0.5675503,1.178475,-1.204209,113.4405,-1.942364E-05,8.136993,0.8714875,1.410993,-1.308754,-13.32261,-1.045291,2.470609,1.000347,1.408669,-1.341914,17.91208,22.62542,-60.73097,1.085468,1.216307,-1.192442,116.7831,-4.709651E-05,10.83124,0.788671,1.329085,-1.108471,-32.39308,-26.3628,-7.783387,0.8585793,1.359913,-1.099479,-35.03748,-22.22966,-7.097244,0.7844954,1.356058,-1.129861,38.58118,-26.67647,76.53557,0.8045162,1.383736,-1.149696,-5.609408,38.74947,3.517917,0.8074071,1.41352,-1.151561,-2.914704,1.31097E-06,0,0.7901866,1.358314,-1.118308,0,-14.88064,1.249762,0.7979883,1.412627,-1.121126,-1.197303,18.74988,-4.74516,0.8091266,1.455368,-1.109512,6.531229,5.35092E-06,0,0.8187436,1.481164,-1.103902,4.354377,3.897393E-06,0,0.7943448,1.356662,-1.108665,0,-1.039145E-05,0,0.8074077,1.407619,-1.098821,-5.310207,2.203777,4.21575,0.8155585,1.452208,-1.086843,8.904747,-3.489551E-06,0,0.8253735,1.480862,-1.080609,5.93716,-1.202317E-05,0,0.7982696,1.353531,-1.098991,3.069245,14.87364,-2.900768,0.8175359,1.396729,-1.079256,-10.63506,-13.49569,2.793302,0.8231421,1.438582,-1.067655,9.318336,-4.796982E-07,0,0.8310072,1.465075,-1.061831,6.212934,4.841124E-07,0,0.8010774,1.348613,-1.091095,7.703139,29.67834,-7.043697,0.8249019,1.380834,-1.064577,-17.03145,-23.20938,-15.1019,0.829001,1.413543,-1.051576,14.31469,-0.00111903,0,0.8360589,1.434093,-1.046679,9.545858,-0.0007620065,0,0.8554751,1.383005,-1.125161,34.71019,-19.60696,69.97674,0.8280653,1.4074,-1.139787,2.410216,27.92616,-1.129346,0.8147737,1.434211,-1.141641,1.419549,-2.699523E-06,0,0.8517826,1.386732,-1.113185,0,-14.88067,1.249918,0.8371406,1.438828,-1.122695,0.4652019,24.9417,10.89708,0.8216249,1.480228,-1.111251,9.80969,-0.003470012,0,0.8077407,1.503634,-1.104265,6.540679,-0.002328782,0,0.8497025,1.386428,-1.102765,0,-1.44419E-06,0,0.8326653,1.436978,-1.098449,-7.874596,9.115182,13.55229,0.8228023,1.481161,-1.086254,14.77712,5.777312E-05,0,0.8088432,1.507529,-1.078121,9.854447,3.910101E-05,0,0.8480332,1.3847,-1.092134,3.069309,14.87368,-2.900701,0.8276995,1.428821,-1.075804,-19.10323,-6.591666,-1.485035,0.8249074,1.470845,-1.063808,18.26768,0.0001374993,0,0.8144506,1.496386,-1.057814,12.18418,0.0001013302,0,0.8473399,1.381007,-1.083174,7.703165,29.67841,-7.043752,0.825126,1.415145,-1.057674,-28.09884,-15.45615,-26.12093,0.8257373,1.447943,-1.044276,15.43571,-3.836102E-05,0,0.8208568,1.46894,-1.038669,10.29394,-1.937074E-05,0,sign
1900,0.8058764,0.9271614,-1.282914,0.4224361,0.8740812,0.7643827,0.8017141,1.287631,-1.324826,0.5062904,0.1692527,1.135222,0.8013324,1.596511,-1.322361,5.486694,-0.5097188,2.452878,0.7258081,0.9259477,-1.281837,-0.8849231,0.3566688,-0.6940797,0.7295768,0.4988593,-1.28525,7.142788,0.01842604,0,0.7312016,0.07451147,-1.341838,7.587964,-1.246682,-9.381923,0.8859447,0.9283751,-1.283992,-3.972763,-0.8244701,2.579064,0.8859047,0.5020707,-1.310353,0,-0.01955397,0,0.8863376,0.07478002,-1.336782,4.081591,-0.7167242,-6.326077,0.7321346,1.410584,-1.305605,-11.18145,-3.574843,1.391283,0.6013767,1.401695,-1.328696,16.29076,13.47614,-63.32936,0.5669619,1.178672,-1.20353,113.5811,-4.394936E-05,8.846111,0.8713173,1.410971,-1.308367,-13.41813,-0.9425346,2.505382,1.000114,1.408867,-1.341786,17.8059,22.7325,-61.1446,1.085531,1.216777,-1.192132,117.0202,-6.84159E-05,12.02998,0.7890691,1.328795,-1.109325,-32.62103,-26.92955,-8.015328,0.8575643,1.359839,-1.100985,-35.72455,-22.40767,-7.304711,0.7848503,1.355357,-1.131215,38.13307,-27.4243,76.42779,0.8043359,1.382801,-1.15189,-4.692856,38.62691,2.933449,0.8072113,1.412548,-1.154295,-2.443124,-1.701301E-05,0,0.7905715,1.35783,-1.119722,0,-14.88064,1.250075,0.7983875,1.412077,-1.123596,-1.570099,18.70425,-4.78647,0.8093038,1.455075,-1.112749,6.377505,-4.29643E-05,0,0.8187185,1.481037,-1.107574,4.251925,-2.077575E-05,0,0.7947533,1.356361,-1.110059,0,-8.963714E-06,0,0.8078609,1.40749,-1.101223,-5.62009,2.05853,4.192038,0.8157841,1.452347,-1.090124,8.753155,1.3548E-05,0,0.8253765,1.481189,-1.084433,5.836032,9.296366E-06,0,0.7987011,1.353413,-1.100338,3.069245,14.87364,-2.900768,0.818034,1.396971,-1.081478,-10.98184,-13.88647,2.632175,0.8233393,1.439124,-1.07086,9.30261,6.854706E-06,0,0.8310034,1.465805,-1.065664,6.202481,1.071041E-05,0,0.8015268,1.348646,-1.092357,7.703139,29.67834,-7.043725,0.8254307,1.381357,-1.066517,-18.13602,-23.74417,-16.27191,0.8288806,1.414416,-1.054238,14.82563,0.0003023226,0,0.8356587,1.435196,-1.049951,9.886802,0.0001965914,0,0.8543789,1.382391,-1.127133,34.24116,-20.18322,69.90328,0.8272838,1.406714,-1.142451,2.43534,27.42391,-1.122393,0.814103,1.433507,-1.145159,1.441029,2.266079E-06,0,0.8507442,1.386374,-1.115222,0,-14.88068,1.249918,0.836132,1.438281,-1.12576,0.3374619,24.74602,10.99999,0.8208222,1.480005,-1.115256,9.843108,-0.0004812691,0,0.8070428,1.503618,-1.108776,6.562977,-0.0003208987,0,0.8487095,1.386293,-1.104789,0,-9.411101E-06,0,0.8317609,1.436947,-1.101462,-8.16135,8.716008,13.75683,0.8222785,1.481516,-1.090426,14.70927,5.053994E-05,0,0.8085858,1.50821,-1.082928,9.809188,3.659921E-05,0,0.8470847,1.384791,-1.094117,3.069181,14.87368,-2.900701,0.8268836,1.429274,-1.078629,-19.40213,-6.920502,-1.435859,0.8244548,1.471616,-1.067719,18.33012,2.16819E-06,0,0.8141818,1.497366,-1.062331,12.22587,-3.572131E-06,0,0.8464257,1.381287,-1.085078,7.703165,29.67842,-7.043725,0.824371,1.415986,-1.060204,-28.58617,-15.42939,-25.97978,0.8253762,1.449043,-1.047482,16.01015,2.007801E-06,0,0.8205203,1.470167,-1.042357,10.6773,4.576841E-06,0,sign
1933,0.8057264,0.9271641,-1.281982,0.4233615,0.8696061,0.8011303,0.801572,1.287633,-1.323839,0.4841639,0.1629642,1.170025,0.8012114,1.596513,-1.321264,5.478616,-0.4934984,2.473855,0.7256587,0.9259571,-1.280853,-1.019524,0.3389476,-0.6892704,0.7295076,0.4988786,-1.28526,7.002275,0.01769185,0,0.7312147,0.07452387,-1.341794,7.579347,-1.260996,-9.397914,0.8857941,0.9283711,-1.28311,-4.025258,-0.8047262,2.572453,0.8858432,0.5020904,-1.309851,0,-0.01963138,0,0.8863572,0.07483143,-1.336786,4.151948,-0.6912994,-6.305402,0.7320184,1.410587,-1.30453,-11.20751,-3.523248,1.417755,0.6012482,1.401841,-1.327607,16.05314,13.73831,-63.61146,0.5663438,1.178915,-1.202402,113.5733,-3.341636E-05,9.483051,0.8711994,1.410959,-1.307376,-13.43102,-0.9308679,2.530181,0.9999685,1.408879,-1.340903,17.76943,22.79432,-61.48553,1.085244,1.216986,-1.190918,117.4011,-6.42486E-05,12.66562,0.7895263,1.327958,-1.109026,-32.93805,-27.65509,-8.323385,0.8565473,1.360473,-1.102305,-36.25296,-21.9528,-7.265957,0.7852457,1.354115,-1.131385,37.83363,-28.07726,76.21078,0.8042669,1.381273,-1.152856,-3.919915,38.35164,2.434537,0.8072186,1.410959,-1.155848,-2.0488,-2.886796E-06,0,0.7909931,1.356799,-1.119952,0,-14.88064,1.249918,0.7987792,1.410969,-1.124831,-1.895169,18.61018,-4.927719,0.8094559,1.454216,-1.114764,6.177745,-3.894086E-05,0,0.8186362,1.480345,-1.110026,4.118656,-3.034168E-05,0,0.7951983,1.355507,-1.110274,0,-5.826779E-06,0,0.8083073,1.406793,-1.102401,-5.90113,1.898523,4.095434,0.8159813,1.451898,-1.092164,8.584671,-6.524823E-06,0,0.8253269,1.480922,-1.087009,5.723684,-1.477523E-06,0,0.7991702,1.352738,-1.10051,3.069309,14.87364,-2.900768,0.818531,1.396639,-1.082492,-11.26703,-14.21151,2.510064,0.8235592,1.439047,-1.072797,9.309558,2.235395E-06,0,0.8310478,1.465887,-1.068195,6.207157,-4.698305E-06,0,0.8020166,1.348118,-1.09245,7.703165,29.67835,-7.043752,0.825969,1.381302,-1.067267,-18.96388,-24.25628,-17.37092,0.8288946,1.414678,-1.05573,15.22313,3.16281E-05,0,0.8354263,1.435653,-1.052055,10.15207,2.463926E-05,0,0.8533676,1.382881,-1.128577,33.8115,-20.75817,69.67538,0.8266613,1.40741,-1.144245,2.59955,26.72022,-1.169523,0.813529,1.434177,-1.147405,1.547881,-4.078106E-06,0,0.8497976,1.386954,-1.116676,0,-14.88066,1.249918,0.8353898,1.438864,-1.127473,0.3753442,24.53232,10.8439,0.8203049,1.48076,-1.117331,10.07745,-0.0006243869,0,0.8065535,1.504444,-1.111057,6.719219,-0.0004259477,0,0.8478028,1.386945,-1.106235,0,3.077598E-06,0,0.8311062,1.437698,-1.10315,-8.392764,8.276528,13.70559,0.8221039,1.482498,-1.092661,15.14532,6.923073E-05,0,0.8084911,1.509318,-1.085474,10.10013,5.418947E-05,0,0.846212,1.385515,-1.095548,3.069245,14.87368,-2.900701,0.8262807,1.430186,-1.080253,-19.66423,-7.297081,-1.534294,0.8243222,1.472679,-1.069845,18.80209,4.30229E-05,0,0.814116,1.49852,-1.064779,12.54101,2.651551E-05,0,0.8455713,1.38207,-1.086485,7.703165,29.67841,-7.04378,0.8237765,1.417022,-1.061738,-28.95545,-15.50842,-25.99599,0.8252074,1.450158,-1.049266,16.73739,-3.8478E-05,0,0.8203566,1.471345,-1.044399,11.16269,-2.155348E-05,0,sign
1967,0.8056048,0.9271781,-1.281166,0.4210443,0.8814219,0.8488063,0.8013999,1.287649,-1.32292,0.4489339,0.1533836,1.222053,0.8010832,1.596527,-1.320154,5.47969,-0.4808588,2.495204,0.7255383,0.925955,-1.27997,-1.160115,0.3386419,-0.6889865,0.7294554,0.4988894,-1.285443,6.833888,0.01776566,0,0.7312198,0.07450962,-1.341787,7.5518,-1.277251,-9.430694,0.8856713,0.9284012,-1.282361,-4.082215,-0.8034954,2.561167,0.8857858,0.502148,-1.309539,0,-0.01969638,0,0.886372,0.07490954,-1.336794,4.199553,-0.6659939,-6.276979,0.7318853,1.410602,-1.303472,-11.20576,-3.506619,1.485167,0.6010897,1.401932,-1.326433,15.91995,13.93197,-63.85678,0.5659539,1.179248,-1.200863,113.6077,-1.806798E-05,10.06261,0.8710637,1.410952,-1.306444,-13.46514,-0.8723577,2.575951,0.9997838,1.409006,-1.340167,17.48181,23.05203,-61.89925,1.085375,1.217226,-1.190216,117.7015,-6.093766E-05,13.53689,0.7900367,1.327713,-1.10873,-33.43358,-28.05055,-8.580804,0.8556153,1.360195,-1.103537,-37.17542,-21.46185,-7.29334,0.7856902,1.353545,-1.131451,37.67732,-28.64272,76.00202,0.8043252,1.380479,-1.153535,-3.337537,38.11696,2.061465,0.8072978,1.41011,-1.157009,-1.750107,-1.220499E-05,0,0.7914264,1.356404,-1.120054,0,-14.88064,1.250075,0.7990624,1.410522,-1.12568,-1.972189,18.48314,-5.203302,0.8095268,1.453971,-1.116278,6.263503,-9.304061E-05,0,0.8186081,1.480209,-1.111976,4.175795,-6.2089E-05,0,0.7956319,1.355258,-1.110359,0,-8.733968E-06,0,0.8085947,1.406685,-1.103192,-5.95516,1.763022,4.006289,0.816058,1.451979,-1.093661,8.606721,-5.498141E-06,0,0.8252771,1.481121,-1.088969,5.738424,-6.019731E-06,0,0.7996083,1.352635,-1.100556,3.069309,14.87364,-2.900701,0.8188401,1.396835,-1.083142,-11.28948,-14.48687,2.423174,0.8236538,1.439437,-1.074216,9.538236,1.575572E-05,0,0.8311073,1.466373,-1.070149,6.359648,1.321767E-05,-0.01978234,0.8024649,1.348135,-1.092432,7.703139,29.67834,-7.043752,0.826316,1.381731,-1.067704,-19.75856,-24.65604,-18.48414,0.8286442,1.415338,-1.056712,16.20481,1.598864E-05,0,0.8350595,1.436448,-1.053662,10.8072,9.062907E-06,0,0.8523623,1.38246,-1.129922,33.42137,-21.34695,69.76246,0.8260131,1.407215,-1.145837,3.347377,25.83745,-1.460185,0.8127802,1.433897,-1.14929,2.008376,-1.936859E-06,0,0.8489236,1.386632,-1.118017,0,-14.88068,1.249918,0.8347801,1.438572,-1.129016,0.3140353,24.31995,10.60458,0.8201255,1.48069,-1.119167,10.52592,0.0007584706,0,0.8064284,1.504444,-1.11304,7.018364,0.0005101474,0,0.8470193,1.386702,-1.107559,0,-6.873969E-06,0,0.8306993,1.437588,-1.104651,-8.483319,7.956865,13.54898,0.8221995,1.482588,-1.094608,15.66105,-1.487054E-06,0,0.8086441,1.509495,-1.087641,10.44433,-7.403378E-06,0,0.8455113,1.38535,-1.09685,3.069245,14.87368,-2.900701,0.8260206,1.430254,-1.081666,-19.78018,-7.576288,-1.675964,0.8245534,1.472873,-1.071708,19.39345,5.106143E-05,0,0.8143681,1.498774,-1.066911,12.93582,3.669084E-05,0,0.8449253,1.381966,-1.08776,7.703165,29.67842,-7.04378,0.8235864,1.417222,-1.063048,-29.22794,-15.55412,-26.14957,0.8255154,1.450427,-1.050826,17.84475,-5.311572E-05,0,0.8205823,1.471665,-1.046278,11.90185,-3.57516E-05,0,sign
2000,0.8054774,0.9271894,-1.280425,0.4177785,0.8757491,0.9117159,0.8012747,1.287663,-1.32206,0.4083038,0.1441259,1.282679,0.801004,1.596537,-1.319026,5.532225,-0.4712458,2.531882,0.7254121,0.9259748,-1.279141,-1.287856,0.3186901,-0.680413,0.7294108,0.4989235,-1.285586,6.682547,0.01779158,0.01978234,0.731239,0.07452324,-1.341773,7.528246,-1.297713,-9.469484,0.8855426,0.928404,-1.281708,-4.123836,-0.7821438,2.541912,0.8857355,0.502172,-1.309215,0,-0.01974916,0,0.8863994,0.07495505,-1.336805,4.250726,-0.6379316,-6.242904,0.7318015,1.410615,-1.302452,-11.17533,-3.5101,1.588192,0.6009685,1.401976,-1.325211,15.27875,14.60956,-64.13511,0.5649223,1.17948,-1.199565,113.714,-4.308974E-05,10.71923,0.8709768,1.410943,-1.305571,-13.45224,-0.8444306,2.663813,0.9996691,1.409064,-1.339403,16.81185,23.68256,-62.35916,1.085974,1.217471,-1.189623,117.8718,-4.957477E-05,14.14454,0.7903069,1.326785,-1.108756,-34.3461,-28.23656,-8.889245,0.8547572,1.358916,-1.104328,-38.4972,-21.01313,-7.410554,0.7859386,1.352365,-1.131757,37.55763,-29.27387,75.70596,0.8042068,1.379157,-1.154314,-2.766403,38.11632,1.708231,0.8071046,1.408763,-1.158064,-1.450774,-4.797251E-06,0,0.7916088,1.355367,-1.120364,0,-14.88064,1.250075,0.7990075,1.409463,-1.126504,-1.878261,18.36844,-5.397282,0.8092512,1.453069,-1.117605,6.430535,2.273244E-05,0,0.8182701,1.479383,-1.113643,4.287245,1.563482E-05,0,0.7957756,1.354339,-1.110639,0,-9.109667E-06,0,0.8084558,1.405899,-1.103935,-5.928636,1.620737,3.904749,0.8156333,1.451349,-1.094943,8.578194,-1.476173E-06,0,0.8246582,1.480603,-1.090581,5.719368,-1.267477E-06,0,0.79972,1.351836,-1.100792,3.069181,14.87364,-2.900768,0.8186576,1.396303,-1.08374,-11.13358,-14.76879,2.332045,0.8232518,1.43906,-1.075464,9.809049,1.299101E-05,0,0.8306903,1.466064,-1.071849,6.54026,1.256382E-05,0,0.8025615,1.347432,-1.09261,7.703139,29.67835,-7.043725,0.8261363,1.381393,-1.068116,-20.29562,-25.05393,-19.42724,0.8278906,1.415182,-1.057587,17.19103,-7.965457E-07,0,0.8342164,1.436392,-1.055097,11.46546,3.726622E-06,0,0.8515446,1.381186,-1.130713,33.12886,-21.96361,69.8224,0.8256447,1.406304,-1.146796,4.036724,25.06973,-1.712579,0.8124441,1.43298,-1.150412,2.437188,-9.270101E-07,0,0.8482516,1.385411,-1.118786,0,-14.88068,1.249918,0.8346162,1.437497,-1.129736,0.235734,24.12448,10.3757,0.8205925,1.479847,-1.119963,11.35146,-0.002054795,0,0.8069012,1.503612,-1.113865,7.569008,-0.001379655,0,0.8464338,1.385515,-1.108312,0,-8.477072E-06,0,0.830724,1.436588,-1.105336,-8.448408,7.7273,13.34901,0.8228185,1.481735,-1.095468,16.22101,8.641215E-05,0,0.8093526,1.508704,-1.088565,10.81804,6.342801E-05,0,0.844998,1.384193,-1.09759,3.069245,14.87368,-2.900768,0.8261495,1.429336,-1.082304,-19.77772,-7.800047,-1.854985,0.8252683,1.472019,-1.072555,20.01875,-6.11696E-07,0,0.8151479,1.497972,-1.067899,13.3534,7.755581E-07,0,0.8444477,1.380827,-1.088492,7.703165,29.67842,-7.04378,0.8237183,1.416356,-1.063651,-29.3897,-15.64759,-26.35215,0.8262252,1.449563,-1.051543,18.95287,-3.169717E-05,0,0.8212668,1.470847,-1.047237,12.64166,-1.68421E-05,0,sign
2033,0.8053846,0.9271905,-1.279639,0.416371,0.8900826,0.9853634,0.8010923,1.287664,-1.32113,0.3560827,0.1392123,1.339107,0.8008776,1.59653,-1.317683,5.670671,-0.4967666,2.594878,0.7253214,0.9259567,-1.278253,-1.410004,0.3377807,-0.6664661,0.7292563,0.4989196,-1.285613,6.549248,-0.01870341,0,0.7312697,0.07451084,-1.34173,7.515829,-1.336985,-9.513412,0.8854479,0.9284244,-1.281026,-4.16189,-0.78183,2.520181,0.8857052,0.5022109,-1.308817,0,-0.01977262,0,0.8864256,0.07502082,-1.336819,4.313206,-0.6104572,-6.200963,0.7316498,1.410605,-1.301342,-11.15182,-3.488278,1.705021,0.6007813,1.402049,-1.323927,14.38044,15.50184,-64.48495,0.563461,1.179653,-1.198477,113.8999,-3.650869E-05,11.3672,0.870822,1.410923,-1.304597,-13.36655,-0.8853366,2.76612,0.9995303,1.408969,-1.338364,15.78213,24.71607,-62.79724,1.086859,1.217657,-1.188818,117.9819,-3.595846E-05,14.65805,0.7904111,1.325495,-1.109219,-35.44283,-28.21679,-9.183803,0.8539535,1.35698,-1.104633,-39.68966,-20.3617,-7.416615,0.7860373,1.350913,-1.132398,37.40501,-29.95218,75.43246,0.8039204,1.377664,-1.15531,-2.034132,38.17209,1.257411,0.8067373,1.407264,-1.159163,-1.065878,-3.32474E-06,0,0.7916239,1.354014,-1.120991,0,-14.88064,1.249762,0.7987608,1.408112,-1.127413,-1.652327,18.24716,-5.687272,0.8088357,1.451829,-1.11887,6.627678,-9.183282E-05,0,0.8178359,1.478187,-1.115167,4.418718,-5.993617E-05,0,0.7957392,1.353068,-1.111235,0,-6.469321E-06,0,0.8080959,1.404736,-1.104769,-5.776484,1.470162,3.787755,0.8150408,1.450298,-1.096168,8.630125,2.695038E-05,0,0.8239459,1.479625,-1.092053,5.754046,1.395384E-05,0,0.7996394,1.350645,-1.101351,3.069245,14.87364,-2.900701,0.8182316,1.395318,-1.084457,-11.00326,-15.05856,2.148765,0.822551,1.438191,-1.076649,10.20735,8.519266E-06,0,0.8299967,1.46524,-1.073395,6.805905,9.068445E-06,0,0.8024569,1.346306,-1.093126,7.703139,29.67834,-7.043752,0.8257003,1.380543,-1.0687,-20.60294,-25.47063,-20.20339,0.8269674,1.41447,-1.05855,18.04294,7.049472E-05,0,0.8332219,1.435751,-1.056528,12.03414,5.329388E-05,0,0.8506587,1.379382,-1.130897,32.9404,-22.69406,69.89523,0.8250821,1.404778,-1.147061,4.815563,24.66723,-2.013534,0.8118856,1.431466,-1.150598,2.916919,-3.203525E-06,0,0.8475138,1.383584,-1.118922,0,-14.88069,1.249918,0.834177,1.435818,-1.12953,0.3045456,23.94639,10.09224,0.8205381,1.478256,-1.119596,11.81383,-0.0001661009,0,0.8068687,1.502003,-1.113382,7.877438,-0.0001152245,0,0.8457981,1.383659,-1.108431,0,-9.982085E-06,0,0.8305135,1.434839,-1.105098,-8.280955,7.524876,13.05336,0.8229383,1.480026,-1.095152,16.57779,1.722816E-05,0,0.8095016,1.506988,-1.088165,11.05615,-1.079304E-06,0,0.8444558,1.382305,-1.0977,3.069309,14.87368,-2.900768,0.8261058,1.427528,-1.082052,-19.65503,-7.996902,-2.007499,0.8255701,1.470212,-1.072278,20.50823,4.843116E-05,0,0.8154285,1.496151,-1.067592,13.68028,2.337163E-05,0,0.8439673,1.378906,-1.08861,7.703165,29.67843,-7.04378,0.8237543,1.414491,-1.063428,-29.27968,-15.83944,-26.42883,0.8265696,1.447675,-1.051322,19.41482,8.502894E-06,0,0.821627,1.468969,-1.047054,12.95011,-2.214675E-06,0,sign
2067,0.8053403,0.9271954,-1.278843,0.4210443,0.8971509,1.061094,0.8009563,1.287666,-1.320223,0.3083766,0.1445108,1.37814,0.8008205,1.596512,-1.31615,6.063203,-0.6033674,2.6743,0.7252791,0.9259526,-1.27735,-1.549271,0.3352695,-0.65342,0.7292519,0.4989343,-1.285713,6.399541,-0.01860274,0,0.7312818,0.07451051,-1.341716,7.497634,-1.358515,-9.566881,0.8854015,0.9284382,-1.280335,-4.213938,-0.7782407,2.501472,0.8856897,0.5022476,-1.308474,0,-0.01976533,0,0.8864406,0.07508093,-1.33683,4.366415,-0.589651,-6.155777,0.7315165,1.410584,-1.300286,-11.13972,-3.460399,1.79275,0.6006246,1.4021,-1.322762,13.57301,16.31614,-64.8837,0.5622296,1.179808,-1.197452,113.8776,-4.881473E-05,11.96644,0.8706864,1.410917,-1.303636,-13.37172,-0.825855,2.840969,0.9993705,1.409141,-1.337505,15.22074,25.25072,-63.27979,1.08727,1.218061,-1.187996,118.0251,-4.575526E-05,15.04043,0.7909019,1.323571,-1.109221,-36.63922,-28.16829,-9.497156,0.852841,1.355503,-1.104954,-40.21279,-19.93202,-7.360928,0.7865596,1.348898,-1.132506,37.20673,-30.53425,75.33327,0.8041241,1.375695,-1.155609,-1.353063,38.13096,0.8357967,0.8068426,1.405296,-1.15952,-0.709416,-1.625207E-05,0,0.7920476,1.352061,-1.121068,0,-14.88063,1.249762,0.7989431,1.406178,-1.127596,-1.520585,18.14793,-5.882133,0.8087896,1.449979,-1.119217,6.632972,-9.818543E-07,0,0.8176596,1.476393,-1.115604,4.422263,-9.406635E-07,0,0.7960978,1.351165,-1.11128,0,-5.235524E-06,0,0.8081332,1.402917,-1.104875,-5.660224,1.313456,3.670398,0.8148167,1.448562,-1.09651,8.519081,1.44926E-05,0,0.8235052,1.477969,-1.092506,5.679961,1.689831E-05,0,0.7999398,1.348792,-1.101361,3.069309,14.87364,-2.900701,0.8181728,1.393612,-1.084464,-10.91868,-15.2952,2.039033,0.8222018,1.436563,-1.076938,10.42902,1.238107E-05,0,0.8295712,1.463655,-1.07388,6.953756,1.601668E-05,0,0.8027213,1.344491,-1.093103,7.703165,29.67834,-7.043725,0.8256066,1.378922,-1.068612,-20.66284,-25.83106,-20.6423,0.8265251,1.412944,-1.058746,18.475,-1.164597E-06,0,0.8326901,1.434276,-1.057007,12.32261,7.030645E-06,0,0.8494294,1.37798,-1.131138,32.77156,-23.42874,69.98868,0.8240468,1.403397,-1.147571,5.619985,24.44319,-2.331709,0.8106973,1.430013,-1.15108,3.410075,-6.938548E-06,0,0.8463231,1.382142,-1.119139,0,-14.88068,1.249762,0.8328949,1.434394,-1.129542,0.4821389,23.79358,9.816563,0.8191319,1.476782,-1.119567,11.86599,-0.0001852144,0,0.8053701,1.500472,-1.113337,7.912221,-0.0001274954,0,0.8446448,1.382184,-1.108642,0,-4.966202E-06,0,0.8293198,1.433338,-1.105101,-8.056664,7.363258,12.78966,0.8215693,1.478493,-1.095145,16.67038,-1.661295E-05,0,0.8079817,1.505381,-1.088167,11.11796,-2.11555E-05,0,0.8433421,1.380796,-1.097911,3.069245,14.87368,-2.900633,0.8250018,1.425953,-1.082061,-19.40987,-8.18995,-2.101148,0.8242849,1.468641,-1.072316,20.60393,1.616259E-05,0,0.8139892,1.494523,-1.067653,13.7442,1.092235E-05,0,0.8428896,1.377369,-1.08883,7.703139,29.67842,-7.043725,0.8227302,1.412858,-1.063468,-29.06565,-16.11832,-26.472,0.8254271,1.446077,-1.05143,19.49082,-7.570045E-06,0,0.8203793,1.467357,-1.047214,13.00087,-3.108799E-06,0,sign
2100,0.8053081,0.9271981,-1.278045,0.4284154,0.8912686,1.130212,0.8008682,1.287663,-1.319378,0.2797648,0.155998,1.400396,0.800845,1.596471,-1.314469,6.784633,-0.7782013,2.749653,0.7252486,0.9259644,-1.276456,-1.666244,0.3023729,-0.6428534,0.7293913,0.4989645,-1.285635,6.305744,0.01815146,0.02797646,0.7312889,0.074554,-1.341743,7.507678,-1.362965,-9.620058,0.8853676,0.9284317,-1.279634,-4.277595,-0.7632648,2.481991,0.885676,0.5022683,-1.308184,0,-0.01976281,0,0.8864548,0.07512143,-1.336835,4.40971,-0.5760866,-6.11978,0.7314117,1.410557,-1.299352,-11.1785,-3.339749,1.836963,0.6005108,1.402338,-1.321875,13.10912,16.74954,-65.22102,0.561258,1.180069,-1.196789,113.8169,-4.141862E-05,12.45961,0.8705802,1.410919,-1.302756,-13.38776,-0.7696737,2.88086,0.9992433,1.409316,-1.336713,15.008,25.39329,-63.67461,1.087094,1.218257,-1.187149,118.0316,-5.521059E-05,15.43911,0.7913051,1.321984,-1.109143,-37.62336,-28.15664,-9.765795,0.8516526,1.354573,-1.105124,-40.48978,-19.73903,-7.342886,0.786995,1.347243,-1.132507,37.02398,-30.98899,75.34364,0.8043084,1.374088,-1.155743,-0.7641266,38.06923,0.4706381,0.8069389,1.403691,-1.159705,-0.4005627,3.508362E-06,0,0.7923989,1.350454,-1.121042,0,-14.88063,1.249918,0.7990978,1.404587,-1.127643,-1.481209,18.06561,-5.97258,0.808707,1.44846,-1.119369,6.566382,-8.210429E-05,0,0.8174126,1.474934,-1.115789,4.377838,-5.558957E-05,0,0.7963929,1.349597,-1.111228,0,-2.72957E-06,0,0.8081626,1.401414,-1.10486,-5.641981,1.184924,3.683924,0.8145722,1.447127,-1.096653,8.318785,-4.775596E-07,0,0.8229935,1.476617,-1.092688,5.546376,-6.236984E-06,0,0.8001844,1.347261,-1.10128,3.069245,14.87364,-2.900701,0.8181174,1.392196,-1.084368,-10.79507,-15.47222,1.992134,0.8219496,1.435204,-1.077066,10.34121,-1.447705E-05,0,0.8291626,1.46235,-1.074113,6.895176,-1.55464E-05,0,0.8029338,1.34299,-1.092997,7.703139,29.67834,-7.043725,0.825518,1.377572,-1.068439,-20.64249,-26.10616,-20.87546,0.8261902,1.411665,-1.058801,18.73538,3.634905E-05,0,0.8322867,1.433032,-1.057256,12.49646,2.539137E-05,0,0.8481792,1.377021,-1.131325,32.64716,-24.01016,70.12772,0.8229566,1.402373,-1.148103,6.239794,24.34224,-2.580354,0.8095087,1.428928,-1.151694,3.788893,2.182602E-06,0,0.8450764,1.381189,-1.119326,0,-14.88068,1.249762,0.8315497,1.433409,-1.129764,0.6617518,23.64891,9.542563,0.817605,1.475773,-1.119942,11.86854,0.0002013474,0,0.8037382,1.49943,-1.11382,7.913958,0.0001296058,0,0.8434075,1.381238,-1.108828,0,-8.294515E-06,0,0.8279982,1.432369,-1.105318,-7.8421,7.230561,12.57104,0.8200201,1.477519,-1.095524,16.67579,2.205211E-05,0,0.806291,1.504368,-1.088674,11.12157,8.764337E-06,0,0.8421168,1.379857,-1.098094,3.069181,14.87368,-2.900701,0.8237135,1.424996,-1.082268,-19.13881,-8.363167,-2.137807,0.8227394,1.467721,-1.072707,20.52486,1.636882E-05,0,0.8123256,1.493576,-1.068161,13.69141,1.18093E-05,0,0.8416783,1.376437,-1.08901,7.703165,29.67842,-7.04378,0.8214809,1.411914,-1.063661,-28.80024,-16.41551,-26.50904,0.8239737,1.44522,-1.051824,19.35325,-3.675686E-05,0,0.818849,1.466504,-1.047724,12.90901,-3.181938E-05,0,sign
2133,0.8056923,0.9271883,-1.278832,0.4383485,0.8983588,1.181343,0.8011649,1.287645,-1.320148,0.2594432,0.1660787,1.407921,0.8012903,1.596397,-1.314219,7.752131,-0.9810448,2.809583,0.7256344,0.9259456,-1.277171,-1.552173,0.3307389,-0.633656,0.7296254,0.4989252,-1.28542,6.459104,0.01831479,0.01978234,0.7312996,0.07454157,-1.341737,7.531191,-1.353534,-9.658605,0.8857501,0.928431,-1.280493,-4.231701,-0.7934906,2.465533,0.8858651,0.5022392,-1.308617,0,-0.01975206,0,0.8864497,0.07506394,-1.336847,4.355726,-0.6070963,-6.097154,0.7316897,1.41052,-1.300069,-11.18719,-3.300443,1.859306,0.6007851,1.402377,-1.322598,12.67949,17.14802,-65.45306,0.5609984,1.180061,-1.197764,113.7519,-3.170242E-05,12.80882,0.8708577,1.410908,-1.303492,-13.49838,-0.6478311,2.894959,0.9994531,1.409621,-1.337718,15.1971,25.09657,-63.92138,1.087116,1.218411,-1.188237,117.9423,-4.328233E-05,15.50356,0.7919779,1.320628,-1.110399,-38.31569,-28.20242,-9.975315,0.8512676,1.354057,-1.106268,-40.54961,-19.72096,-7.347828,0.7876741,1.34583,-1.133825,36.87492,-31.3349,75.43277,0.8047746,1.37271,-1.157179,-0.2406627,38.06495,0.1480375,0.8073191,1.402317,-1.161166,-0.1251145,1.033965E-06,0,0.7930219,1.349081,-1.122345,0,-14.88063,1.249918,0.7995626,1.403224,-1.129018,-1.447803,17.99678,-6.015357,0.8089953,1.447154,-1.120844,6.536721,-3.904687E-05,0,0.8175864,1.473671,-1.11731,4.358018,-2.945393E-05,0,0.7969799,1.348254,-1.112514,0,-3.035618E-06,0,0.8085482,1.400123,-1.106194,-5.615345,1.071429,3.72147,0.8147577,1.44589,-1.098137,8.235996,1.300581E-05,0.01978234,0.8230147,1.475434,-1.094236,5.491193,1.294598E-05,0,0.8007401,1.345949,-1.102547,3.069245,14.87364,-2.900701,0.8184533,1.390975,-1.085646,-10.76454,-15.6085,1.9882,0.8220948,1.434028,-1.078511,10.34518,1.609647E-05,0,0.8291951,1.461213,-1.075646,6.897821,1.027596E-05,0,0.8034714,1.341703,-1.094246,7.703139,29.67834,-7.04378,0.8258408,1.376406,-1.069661,-20.66389,-26.30358,-21.0499,0.8263137,1.410549,-1.060192,19.06683,-9.391772E-07,0,0.8323883,1.431934,-1.058827,12.71774,-1.895304E-06,0,0.8477844,1.376549,-1.132431,32.55525,-24.41101,70.28328,0.8226954,1.401893,-1.149417,6.642781,24.19823,-2.733088,0.8091724,1.428404,-1.153058,4.038081,-9.27652E-06,0,0.844667,1.38069,-1.120427,0,-14.88069,1.249918,0.8310788,1.432911,-1.130778,0.8409316,23.52176,9.398667,0.8169518,1.475225,-1.121003,11.83819,1.091558E-05,0,0.8029941,1.498841,-1.114927,7.893692,3.652948E-06,0,0.8429899,1.380717,-1.10993,0,-1.067763E-05,0,0.8275101,1.431821,-1.106337,-7.610276,7.119626,12.39573,0.8192898,1.476936,-1.096581,16.56336,5.767499E-05,-0.02797646,0.8054661,1.503752,-1.089792,11.04651,4.013451E-05,0,0.8416929,1.379314,-1.0992,3.069245,14.87368,-2.900768,0.8232176,1.4244,-1.083304,-18.86969,-8.529607,-2.156765,0.8219878,1.467132,-1.073806,20.39337,1.340259E-05,0,0.8114825,1.49296,-1.069314,13.60358,1.277846E-05,0,0.841252,1.375877,-1.090122,7.703165,29.67843,-7.043752,0.8209882,1.41128,-1.064723,-28.53522,-16.69273,-26.47727,0.8232703,1.444635,-1.05298,19.1845,-2.463233E-05,0,0.8180771,1.465911,-1.048926,12.79632,-1.494798E-05,0,sign
2167,0.8060527,0.9271681,-1.279179,0.4454334,0.9163841,1.211277,0.8014036,1.287619,-1.320452,0.234068,0.1796091,1.411392,0.8016843,1.5963,-1.313422,8.773799,-1.210619,2.862318,0.7259961,0.9259008,-1.277477,-1.472198,0.3703032,-0.6202354,0.7298335,0.4988669,-1.285069,6.594217,0.01842261,0,0.7313073,0.07452884,-1.341735,7.574995,-1.340678,-9.673758,0.8861094,0.9284354,-1.280882,-4.214078,-0.8345718,2.454633,0.8860388,0.5022311,-1.308814,0,-0.01974667,0,0.8864375,0.07504293,-1.336851,4.329432,-0.6417704,-6.09072,0.7319006,1.410468,-1.300315,-11.20674,-3.277742,1.870848,0.6010011,1.402357,-1.322885,12.22898,17.48096,-65.56818,0.5607942,1.179739,-1.198725,113.665,-3.269059E-05,13.01554,0.8710682,1.410891,-1.303746,-13.5352,-0.6422687,2.887037,0.99964,1.409661,-1.338063,15.29258,24.87038,-63.96808,1.086915,1.218012,-1.188918,117.87,-2.125024E-05,15.30012,0.7923184,1.319117,-1.110897,-38.78433,-28.37583,-10.17084,0.8512014,1.35364,-1.106532,-40.33511,-19.73511,-7.31102,0.7879972,1.344294,-1.134347,36.78324,-31.56347,75.45131,0.8049368,1.371218,-1.157768,0.03956468,38.04342,0,0.8074036,1.400829,-1.161768,0.02797646,-1.347908E-05,0,0.7933087,1.347566,-1.122856,0,-14.88064,1.249918,0.7997099,1.401724,-1.129543,-1.44442,17.94736,-6.025712,0.8089871,1.445695,-1.121408,6.46672,-8.071258E-05,0,0.8174578,1.47225,-1.117874,4.311389,-5.293551E-05,0,0.7972462,1.346756,-1.113015,0,-5.908258E-06,0,0.8086509,1.398661,-1.106696,-5.62483,0.9616995,3.733709,0.8146722,1.444469,-1.098728,8.142493,1.699224E-05,0,0.8227642,1.474063,-1.094858,5.428814,8.624064E-06,0,0.8009896,1.344467,-1.103039,3.069309,14.87364,-2.900701,0.8185343,1.389553,-1.08612,-10.7605,-15.71606,2.001641,0.8220097,1.432634,-1.079076,10.35269,3.158715E-06,0,0.8290127,1.459849,-1.076258,6.902852,-1.862887E-06,0,0.8037137,1.340233,-1.094728,7.703165,29.67835,-7.043752,0.8259259,1.375013,-1.07011,-20.56628,-26.49164,-21.01852,0.8262986,1.409196,-1.06078,19.09504,2.877297E-06,0,0.8323275,1.430599,-1.059499,12.7366,-1.2762E-05,0,0.8477466,1.376273,-1.132576,32.51923,-24.70568,70.35736,0.8227611,1.401657,-1.149657,6.965453,24.10559,-2.856567,0.8091524,1.428133,-1.153229,4.237159,-1.364759E-05,0,0.8445935,1.380342,-1.120557,0,-14.88069,1.249762,0.830949,1.432599,-1.130647,1.019716,23.40992,9.274343,0.8166134,1.47482,-1.120772,11.77672,0.0002461945,0,0.8025625,1.498373,-1.114668,7.852705,0.000160382,0,0.842891,1.380307,-1.110063,0,-1.378576E-05,0,0.8273227,1.431366,-1.106221,-7.406952,7.022582,12.27082,0.8188551,1.476407,-1.096332,16.45616,4.698746E-05,0,0.8049308,1.503162,-1.089511,10.97496,2.452668E-05,0,0.8415701,1.378843,-1.099345,3.069245,14.87368,-2.900768,0.8229858,1.42381,-1.083241,-18.6198,-8.683851,-2.155676,0.8214886,1.466509,-1.073638,20.24734,6.042657E-06,0,0.810893,1.492294,-1.069108,13.50604,3.555836E-06,0,0.8411125,1.375354,-1.090287,7.703165,29.67843,-7.043752,0.8207319,1.410582,-1.06474,-28.26142,-16.99899,-26.44594,0.8227714,1.443946,-1.052978,18.9077,-3.07885E-05,0,0.8175319,1.465204,-1.04889,12.61152,-2.942279E-05,0,sign
2200,0.8062526,0.9271539,-1.278729,0.4401304,0.9143402,1.215309,0.8015535,1.287608,-1.319941,0.2185032,0.2002175,1.416789,0.8019835,1.596207,-1.311819,9.844146,-1.472782,2.902387,0.7261961,0.9258893,-1.27702,-1.505192,0.3809211,-0.6100564,0.7299329,0.4988596,-1.284895,6.579421,0.01847366,0,0.7313145,0.07454404,-1.341731,7.597372,-1.335719,-9.66772,0.8863091,0.9284185,-1.280437,-4.21431,-0.844612,2.45806,0.8861462,0.5022165,-1.308407,0.04423466,-0.01968513,0,0.8864287,0.07505509,-1.336849,4.380477,-0.6652837,-6.096993,0.7320082,1.410427,-1.299764,-11.25494,-3.202522,1.852029,0.6011184,1.402449,-1.322437,12.13107,17.48671,-65.63531,0.5607637,1.179571,-1.198794,113.5283,-4.490233E-05,13.11801,0.8711755,1.4109,-1.303208,-13.60194,-0.6076502,2.834416,0.9997051,1.409806,-1.337687,15.42183,24.59503,-64.03751,1.086627,1.217608,-1.189043,117.7461,-7.716248E-05,14.93475,0.7925866,1.318026,-1.110297,-39.11578,-28.53075,-10.32249,0.851019,1.352962,-1.10591,-40.12135,-19.9201,-7.338315,0.7882513,1.343206,-1.133742,36.7078,-31.70752,75.51239,0.8050791,1.370193,-1.15717,0.1968319,37.96261,-0.1203313,0.8074746,1.399808,-1.161191,0.1027921,-1.126088E-06,0,0.7935328,1.346484,-1.122239,0,-14.88062,1.249918,0.7998188,1.400661,-1.128883,-1.423128,17.91055,-6.047859,0.8089817,1.444654,-1.120739,6.452361,-9.413309E-05,0,0.8173794,1.47123,-1.117192,4.301793,-5.927683E-05,0,0.797453,1.345677,-1.112391,0,9.93922E-07,0,0.8087227,1.397606,-1.106021,-5.625144,0.8705811,3.777143,0.8145941,1.443439,-1.098084,8.108134,3.268712E-05,0,0.8225756,1.473063,-1.094217,5.405916,2.4493E-05,0,0.8011825,1.343392,-1.102408,3.069309,14.87364,-2.900701,0.8185875,1.38851,-1.085431,-10.79751,-15.81322,1.968315,0.8218961,1.431609,-1.078415,10.46253,2.576081E-05,0,0.828846,1.45884,-1.075626,6.976061,1.742067E-05,0,0.8039004,1.33916,-1.094095,7.703165,29.67833,-7.043752,0.8259825,1.373978,-1.069415,-20.45976,-26.64252,-20.95114,0.8262869,1.408184,-1.060168,19.04312,2.768709E-05,0,0.8322672,1.429603,-1.058913,12.70191,1.933472E-05,0,0.8476706,1.375767,-1.131818,32.5086,-24.8901,70.40767,0.822803,1.401222,-1.148966,7.114829,24.07347,-2.914704,0.8091676,1.427692,-1.152472,4.328979,4.457874E-06,0,0.8444518,1.379751,-1.119788,0,-14.88067,1.249918,0.8307984,1.43206,-1.129594,1.159441,23.33165,9.19317,0.8162711,1.474183,-1.119582,11.76603,7.54294E-05,0,0.8021141,1.497663,-1.11344,7.845528,5.164816E-05,0,0.8426958,1.379644,-1.109304,0,-2.860699E-06,0,0.8270491,1.430658,-1.105196,-7.247166,6.954715,12.17583,0.8183588,1.475614,-1.095119,16.39674,5.505299E-05,0,0.804324,1.5023,-1.088251,10.93533,3.470316E-05,0,0.8413221,1.378105,-1.098602,3.069309,14.87368,-2.900701,0.8226042,1.422941,-1.08229,-18.39504,-8.790557,-2.14676,0.8208476,1.465589,-1.072503,20.09789,1.963797E-06,0,0.8101712,1.491329,-1.067908,13.40623,4.3044E-06,0,0.8408225,1.374555,-1.089571,7.703139,29.67841,-7.04378,0.8202714,1.409586,-1.06389,-28.00541,-17.26007,-26.45393,0.8220621,1.442934,-1.052043,18.6178,2.034173E-05,0,0.8167874,1.464172,-1.047895,12.41792,1.303995E-05,0,sign
2233,0.8064386,0.9271612,-1.278299,0.4177785,0.9162983,1.200893,0.8016787,1.287631,-1.319395,0.2046302,0.2242997,1.418307,0.8022243,1.596136,-1.310175,10.93299,-1.719574,2.933916,0.7263817,0.9258931,-1.276612,-1.551543,0.3973903,-0.6016592,0.7300059,0.4988721,-1.284997,6.497183,0.0185584,0,0.7313135,0.07454282,-1.341732,7.585221,-1.326904,-9.645549,0.8864955,0.9284294,-1.279987,-4.238545,-0.8615782,2.467279,0.8862247,0.5022503,-1.308301,0.02797646,-0.01968858,0,0.8864147,0.07509577,-1.336848,4.392042,-0.6891492,-6.11555,0.7320824,1.410416,-1.299187,-11.32764,-3.112039,1.82306,0.6012119,1.402597,-1.322026,12.10654,17.40242,-65.69596,0.5607693,1.179413,-1.198966,113.362,-2.851845E-05,13.09958,0.8712493,1.410948,-1.302634,-13.65852,-0.5912104,2.759744,0.9997444,1.409954,-1.337245,15.42539,24.47702,-64.09451,1.086511,1.217235,-1.189186,117.6145,-5.751706E-05,14.69471,0.7928084,1.316932,-1.10958,-39.33907,-28.75682,-10.47131,0.8509319,1.352087,-1.105159,-39.9736,-19.86943,-7.290138,0.7884321,1.342137,-1.13299,36.6565,-31.79716,75.51833,0.8051555,1.369199,-1.156407,0.1467098,37.86823,-0.08846933,0.8074618,1.398816,-1.160459,0.07401875,-8.331085E-06,0,0.7937041,1.345409,-1.121481,0,-14.88063,1.249762,0.7998892,1.399607,-1.128045,-1.452526,17.88504,-6.069278,0.8089392,1.443613,-1.119846,6.371137,-4.269629E-05,0,0.8172342,1.470215,-1.116247,4.247592,-3.121221E-05,0,0.797623,1.344596,-1.111633,0,-2.531124E-06,0,0.8087925,1.396536,-1.105185,-5.666522,0.7933686,3.749462,0.8145214,1.442383,-1.097226,8.015697,1.700163E-05,0,0.8223644,1.472041,-1.09333,5.344232,1.190211E-05,0,0.8013541,1.342303,-1.101653,3.069309,14.87364,-2.900701,0.8186687,1.387429,-1.084605,-10.81174,-15.8825,1.93856,0.8218654,1.430534,-1.077572,10.4859,2.488652E-05,0,0.8287549,1.45778,-1.074776,6.991705,2.199808E-05,0,0.8040776,1.338064,-1.093344,7.703165,29.67834,-7.043725,0.8260868,1.372889,-1.068608,-20.31385,-26.78253,-20.89809,0.8263771,1.407109,-1.059414,18.82481,3.210261E-05,0,0.8322831,1.428547,-1.058141,12.55616,2.238037E-05,0,0.8475615,1.375111,-1.130869,32.5213,-24.98707,70.3928,0.8226854,1.400654,-1.147873,7.035894,24.04996,-2.879432,0.8090219,1.427128,-1.151241,4.281851,-6.324852E-07,0,0.844327,1.378984,-1.118807,0,-14.88068,1.249762,0.8305877,1.431353,-1.128167,1.301159,23.2917,9.157016,0.8158821,1.473339,-1.117843,11.6493,0.0001566087,0,0.8016741,1.496743,-1.111533,7.767686,0.0001060611,0,0.8425637,1.378783,-1.108325,0,-7.924734E-06,0,0.8268235,1.429731,-1.103784,-7.095005,6.917074,12.11635,0.8179289,1.474571,-1.093371,16.31159,6.507769E-05,0,0.8038117,1.501165,-1.086321,10.87848,4.820326E-05,0,0.8411851,1.377148,-1.097639,3.069373,14.87368,-2.900701,0.8223758,1.421807,-1.08095,-18.21257,-8.86223,-2.120249,0.8204046,1.464375,-1.070859,19.94538,1.394209E-05,0,0.8096696,1.490057,-1.06608,13.30438,1.38779E-05,0,0.8406852,1.373518,-1.088639,7.703165,29.67842,-7.04378,0.8200536,1.408288,-1.062669,-27.74458,-17.46284,-26.39547,0.8216234,1.441584,-1.050647,18.23293,-5.097949E-05,0,0.8163449,1.462787,-1.046327,12.161,-3.112727E-05,0,sign
2267,0.8066509,0.9271769,-1.27806,0.3891652,0.9051912,1.174532,0.8018909,1.287668,-1.318942,0.1643245,0.2464436,1.407504,0.8024856,1.59608,-1.308622,11.86832,-1.88975,2.967089,0.726593,0.9259232,-1.276409,-1.573585,0.4036663,-0.5951191,0.7300894,0.4989088,-1.285176,6.421412,0.01864206,0.02797646,0.7313153,0.07455519,-1.341731,7.563951,-1.313236,-9.612822,0.8867089,0.9284306,-1.27971,-4.236049,-0.8679131,2.481281,0.886323,0.502265,-1.308224,0,-0.01967035,0,0.8864058,0.07511571,-1.33685,4.401041,-0.7167416,-6.142131,0.7322432,1.410411,-1.298659,-11.35595,-3.092341,1.81456,0.6013888,1.402604,-1.321594,11.76959,17.6618,-65.7151,0.5605301,1.179114,-1.199228,113.2978,-4.649373E-05,13.01484,0.8714105,1.411,-1.30208,-13.68313,-0.6120667,2.704288,0.9998974,1.410032,-1.336722,15.36573,24.44316,-64.104,1.086504,1.216796,-1.189244,117.4707,-6.197137E-05,14.46683,0.7927672,1.315788,-1.109064,-39.49408,-28.95592,-10.59132,0.8509949,1.351159,-1.104244,-39.88873,-19.81808,-7.254256,0.7883459,1.341035,-1.13242,36.61615,-31.87314,75.52734,0.8049723,1.368172,-1.155819,0.1046783,37.83692,-0.0656106,0.8071937,1.397798,-1.159855,0.05233916,2.131341E-06,0,0.7936193,1.34429,-1.120907,0,-14.88061,1.250075,0.7997297,1.398509,-1.127364,-1.508439,17.86747,-6.078155,0.808682,1.442519,-1.119077,6.287497,-6.883067E-05,0,0.8168817,1.469141,-1.115409,4.191851,-4.695985E-05,0,0.7975444,1.343462,-1.111063,0,4.06816E-06,0,0.8086486,1.395404,-1.104514,-5.741224,0.7370458,3.778646,0.8142483,1.441255,-1.096486,7.936893,3.560131E-06,0,0.8219686,1.470936,-1.092529,5.291725,4.489601E-06,0.02797646,0.8012834,1.341154,-1.101089,3.069245,14.87364,-2.900701,0.8185472,1.386268,-1.083959,-10.85293,-15.93141,1.885125,0.8216493,1.429369,-1.076862,10.50652,2.248591E-05,0,0.8284864,1.456626,-1.074036,7.005439,1.947578E-05,0,0.8040168,1.336902,-1.092791,7.703139,29.67834,-7.043752,0.8259924,1.371705,-1.067994,-20.23403,-26.87013,-20.85611,0.8262694,1.405923,-1.058793,18.71958,2.898346E-05,0,0.8321335,1.427372,-1.057492,12.48589,2.814908E-05,0,0.8476083,1.374399,-1.129757,32.53854,-25.05824,70.41447,0.8227285,1.400051,-1.146589,7.018476,24.06756,-2.874193,0.8090615,1.426547,-1.149772,4.270722,-1.438559E-07,0,0.8443705,1.378167,-1.117663,0,-14.88067,1.250075,0.8305927,1.430602,-1.126577,1.406392,23.25988,9.099195,0.8157846,1.472472,-1.115932,11.5701,-5.458598E-05,0,0.8015524,1.495813,-1.109447,7.714851,-3.463049E-05,0,0.8426071,1.377874,-1.107184,0,-3.156458E-06,0,0.826829,1.42877,-1.102209,-6.968493,6.903191,12.06407,0.8178018,1.4735,-1.091441,16.17165,5.339522E-05,0,0.8036717,1.500033,-1.084191,10.78509,4.516671E-05,0,0.8412294,1.376148,-1.096511,3.069245,14.87367,-2.900701,0.8223865,1.420649,-1.079443,-18.06276,-8.906039,-2.082529,0.8202741,1.463133,-1.069035,19.79855,1.478086E-05,0,0.8095206,1.488769,-1.064052,13.20635,1.069279E-05,0,0.8407319,1.372441,-1.087543,7.703191,29.67841,-7.04378,0.8200737,1.406973,-1.061278,-27.55929,-17.59951,-26.43989,0.8215099,1.4402,-1.049051,17.93747,6.07846E-05,0,0.8162537,1.461373,-1.04456,11.96374,3.89331E-05,0,sign
2300,0.8068498,0.9271922,-1.277889,0.3642322,0.9001123,1.15012,0.8020898,1.287702,-1.31848,0.08846933,0.2597174,1.38508,0.8027024,1.59603,-1.307101,12.55724,-1.982712,3.005829,0.726791,0.9259446,-1.276273,-1.596917,0.4153793,-0.5861744,0.7301638,0.4989367,-1.285397,6.344245,0.01875898,0,0.7313116,0.07455423,-1.341736,7.538457,-1.298163,-9.57988,0.8869085,0.9284398,-1.279505,-4.209102,-0.8973047,2.49787,0.8862836,0.5022732,-1.308,0.03956468,0.02557085,0,0.886445,0.07514387,-1.336921,4.435839,-0.7194232,-6.167836,0.7324057,1.410402,-1.298061,-11.35191,-3.101909,1.826064,0.6015617,1.402572,-1.321048,11.29979,18.02941,-65.70241,0.5601979,1.178678,-1.199595,113.2262,-4.985822E-05,12.90254,0.8715742,1.411028,-1.301427,-13.72925,-0.6143026,2.67203,1.000047,1.41013,-1.336124,15.20998,24.49849,-64.10518,1.086721,1.216338,-1.189416,117.3687,-6.047969E-05,14.13645,0.7926378,1.314341,-1.108432,-39.62441,-29.20566,-10.7242,0.8512347,1.350087,-1.103389,-39.80441,-19.82121,-7.238824,0.7881681,1.339643,-1.131719,36.59417,-31.92616,75.52724,0.8047118,1.366859,-1.155085,0.05233916,37.82465,-0.03956468,0.8068627,1.396496,-1.159078,0.02797646,-2.356454E-06,0,0.7934495,1.342874,-1.120203,0,-14.88064,1.250075,0.7994983,1.397116,-1.126526,-1.54383,17.85269,-6.079477,0.808385,1.44112,-1.118135,6.265255,-7.483622E-05,0,0.8165342,1.467748,-1.114401,4.177061,-5.255092E-05,0,0.7973848,1.342025,-1.110364,0,-9.192919E-06,0,0.8084424,1.393961,-1.103693,-5.793831,0.6953326,3.806269,0.8139512,1.439806,-1.095566,7.931573,1.477561E-06,0,0.8216096,1.469495,-1.091547,5.288205,1.351919E-08,0,0.8011358,1.339695,-1.1004,3.069245,14.87364,-2.900701,0.8183702,1.384782,-1.08317,-10.92245,-15.96932,1.821557,0.8213774,1.427874,-1.075974,10.6107,-5.983403E-06,0,0.828199,1.45513,-1.07311,7.074903,-9.580637E-06,0,0.8038816,1.335424,-1.092115,7.703139,29.67834,-7.043697,0.8258458,1.370186,-1.067251,-20.17355,-26.93908,-20.82315,0.8261168,1.404393,-1.058009,18.63078,2.288419E-05,0,0.8319466,1.425848,-1.056668,12.42661,1.523197E-05,0,0.8478729,1.373567,-1.128684,32.53872,-25.10233,70.4746,0.8230175,1.399362,-1.145334,7.05021,24.01354,-2.881199,0.8093288,1.425869,-1.148317,4.291765,-4.508219E-06,0,0.8446158,1.377218,-1.116559,0,-14.88068,1.249918,0.8308241,1.429729,-1.124994,1.505452,23.2345,8.995362,0.8159121,1.471473,-1.114002,11.44011,0.0001139628,0,0.8016749,1.494761,-1.107339,7.628152,6.715679E-05,0,0.8428375,1.376825,-1.106086,0,-9.286991E-06,0,0.8270263,1.427664,-1.10065,-6.883646,6.895492,12.03568,0.8178944,1.472274,-1.089486,16.09316,2.861452E-05,0,0.8037378,1.498734,-1.08202,10.73269,1.170412E-05,0,0.8414453,1.374996,-1.095432,3.069309,14.87368,-2.900701,0.8225552,1.419324,-1.077969,-17.95039,-8.929924,-2.048418,0.8203236,1.461709,-1.067186,19.69327,-4.841945E-06,0,0.8095479,1.487291,-1.061982,13.13604,-1.767374E-05,0,0.8409369,1.371204,-1.086501,7.703191,29.67842,-7.043752,0.8202233,1.405474,-1.059938,-27.40674,-17.6892,-26.45314,0.8215356,1.438607,-1.047444,17.65401,6.692379E-05,0,0.8163059,1.459743,-1.042749,11.7745,4.48959E-05,0,sign
2333,0.8070506,0.9272066,-1.277651,0.3449174,0.9011091,1.13246,0.8022778,1.28773,-1.31794,0,0.2677155,1.358403,0.8028973,1.595983,-1.305582,13.09529,-2.036447,3.024527,0.7269914,0.925957,-1.276061,-1.637694,0.4325965,-0.5740312,0.7302408,0.4989579,-1.28563,6.25351,0.0188268,0,0.73131,0.07454506,-1.341742,7.511858,-1.282051,-9.552301,0.8871099,0.9284563,-1.279242,-4.19778,-0.8947647,2.511312,0.8865227,0.5022938,-1.307799,0.05233916,-0.01932858,0,0.8863815,0.07517311,-1.336849,4.449727,-0.7741277,-6.184881,0.732567,1.410389,-1.297366,-11.39008,-3.041351,1.829597,0.6017421,1.402717,-1.320514,10.99114,18.23094,-65.739,0.5598297,1.178417,-1.2,113.1621,-5.370166E-05,12.79951,0.8717369,1.411039,-1.300666,-13.72555,-0.6549771,2.638414,1.000227,1.410118,-1.335296,14.89256,24.71873,-64.09008,1.086976,1.215713,-1.189446,117.3241,-7.139851E-05,13.86342,0.792539,1.312992,-1.107918,-39.78263,-29.41566,-10.85081,0.8514681,1.348902,-1.102615,-39.7107,-19.743,-7.191375,0.7880293,1.338365,-1.13112,36.58374,-31.97126,75.53822,0.8045065,1.365669,-1.15443,0.03956468,37.83001,0,0.8066012,1.395321,-1.158347,0,-1.062506E-06,0,0.7933158,1.341564,-1.119597,0,-14.88063,1.250075,0.79931,1.395832,-1.125751,-1.591884,17.83307,-6.125159,0.8081231,1.439824,-1.117226,6.22526,2.734107E-06,0,0.8162087,1.46646,-1.113406,4.150392,2.916486E-06,0,0.797259,1.340687,-1.109764,0,-4.740461E-06,0,0.8082732,1.392612,-1.102934,-5.859529,0.6608194,3.824642,0.8136855,1.438443,-1.094671,7.907754,-9.82929E-06,0,0.8212692,1.46814,-1.09056,5.272285,-1.606856E-05,0,0.8010193,1.338329,-1.09981,3.069181,14.87364,-2.900701,0.8182241,1.383376,-1.082448,-10.96469,-15.98357,1.802006,0.8211637,1.42645,-1.075115,10.64037,6.704396E-06,0,0.8279547,1.453705,-1.072173,7.094728,1.137205E-06,0,0.8037748,1.334034,-1.091541,7.703139,29.67834,-7.04378,0.8257245,1.368736,-1.066581,-20.09137,-26.98947,-20.7403,0.826005,1.402925,-1.057272,18.47066,1.577381E-05,0,0.8317931,1.424386,-1.055849,12.3197,7.683653E-06,0,0.8481134,1.372628,-1.12768,32.56731,-25.11973,70.46478,0.8232484,1.398552,-1.144114,6.980755,24.02333,-2.853688,0.8095511,1.425078,-1.146882,4.249251,-1.151083E-05,0,0.8448408,1.376156,-1.115523,0,-14.88067,1.249918,0.8310152,1.428738,-1.123451,1.553686,23.22375,8.978222,0.8160252,1.47035,-1.112075,11.41597,9.654558E-05,0,0.8017539,1.493557,-1.105205,7.612029,6.189663E-05,0,0.843052,1.375658,-1.105056,0,-1.731684E-06,0,0.8271939,1.426428,-1.099133,-6.82645,6.899374,12.02746,0.8179686,1.47091,-1.087542,16.0624,5.560569E-05,0,0.8037702,1.497278,-1.079833,10.71221,4.152227E-05,0,0.8416502,1.373723,-1.094422,3.069245,14.87368,-2.900701,0.8227061,1.41786,-1.07654,-17.87295,-8.939034,-2.04373,0.8203715,1.460134,-1.065353,19.63424,-6.278908E-06,0,0.8095622,1.485653,-1.059913,13.09663,-1.267022E-06,0,0.8411357,1.369842,-1.085529,7.703191,29.67841,-7.043752,0.8203668,1.40383,-1.05865,-27.30046,-17.76731,-26.54337,0.8215772,1.436859,-1.045872,17.39928,-0.0002965294,0,0.8163794,1.457955,-1.040967,11.60446,-0.0002098017,0,sign
2367,0.8071947,0.9272166,-1.277712,0.3256589,0.9008458,1.121696,0.8024129,1.287754,-1.317717,-0.08156469,0.274175,1.339691,0.8030444,1.595933,-1.304453,13.59208,-2.08322,2.99722,0.7271352,0.9259667,-1.276137,-1.620033,0.4445822,-0.564406,0.7302982,0.4989672,-1.285715,6.239448,-0.0008753882,0,0.7314481,0.07454255,-1.341736,7.502867,-1.288093,-9.53168,0.8872542,0.9284666,-1.279287,-4.175279,-0.9064466,2.522122,0.8865873,0.5023023,-1.307818,0.05233916,-0.01913325,0,0.8863672,0.07518038,-1.336847,4.44356,-0.7964475,-6.197295,0.7326816,1.410376,-1.296991,-11.42796,-3.039705,1.827349,0.6018803,1.402726,-1.320279,10.5821,18.54011,-65.81071,0.5595213,1.178023,-1.200675,113.0558,-4.569431E-05,12.73351,0.8718525,1.411046,-1.300245,-13.8109,-0.5987523,2.59827,1.000304,1.410319,-1.335025,14.80581,24.68196,-64.11279,1.087189,1.215302,-1.190077,117.2719,-6.273733E-05,13.65937,0.7925686,1.311385,-1.107685,-39.99858,-29.57147,-10.97449,0.8517021,1.347911,-1.102305,-39.66043,-19.68323,-7.159441,0.7880402,1.336846,-1.130787,36.56187,-32.00847,75.55699,0.8044719,1.364262,-1.153998,0.02797646,37.79644,0,0.8065237,1.393928,-1.157825,0,-6.027294E-07,0,0.7933213,1.340003,-1.119251,0,-14.88064,1.249918,0.799266,1.394301,-1.125186,-1.632668,17.81995,-6.159089,0.8080041,1.438273,-1.116482,6.215648,-7.460884E-05,0,0.8160397,1.464908,-1.112553,4.14397,-5.01837E-05,0,0.7972631,1.339091,-1.10942,0,-8.10093E-06,0,0.8082273,1.390998,-1.102381,-5.887129,0.635417,3.845373,0.8135667,1.436807,-1.093944,7.974397,7.514886E-06,0,0.8211373,1.466492,-1.08973,5.316735,3.238807E-06,0,0.8010234,1.336697,-1.099475,3.069245,14.87364,-2.900633,0.8181823,1.381691,-1.081929,-11.01794,-15.98928,1.738776,0.821042,1.424738,-1.074414,10.7064,-4.66657E-06,0,0.8278115,1.451988,-1.071371,7.138722,-5.408338E-06,0,0.8037812,1.332371,-1.091223,7.703165,29.67834,-7.043725,0.825693,1.366994,-1.066119,-20.08068,-27.01667,-20.73106,0.8259404,1.401151,-1.056691,18.45885,9.157465E-06,0,0.8317055,1.422612,-1.055189,12.31182,3.986174E-06,0,0.8483347,1.371853,-1.127163,32.59772,-25.12641,70.40533,0.8234463,1.397891,-1.143377,6.835494,24.04404,-2.796104,0.8097597,1.424442,-1.145962,4.160195,-6.740218E-06,0,0.845061,1.375273,-1.114975,0,-14.88067,1.249918,0.8312097,1.427915,-1.122445,1.574952,23.22045,8.992763,0.8161858,1.469415,-1.110712,11.43997,2.172514E-05,0,0.8018857,1.492544,-1.103642,7.628074,1.135493E-05,0,0.843273,1.374683,-1.104512,0,-2.787457E-06,0,0.8273908,1.425392,-1.098148,-6.778213,6.909016,12.01865,0.8181058,1.469759,-1.086169,16.01986,-1.027255E-05,0,0.8038921,1.49605,-1.078231,10.68375,-1.935941E-05,0,0.8418728,1.372655,-1.093896,3.069245,14.87368,-2.900768,0.8229084,1.416625,-1.07563,-17.82792,-8.937549,-2.059566,0.8205202,1.458799,-1.064079,19.60932,-6.142824E-06,0,0.8096905,1.484261,-1.058421,13.07999,-1.240859E-05,0,0.8413605,1.368696,-1.085037,7.703165,29.67841,-7.043752,0.8205767,1.40244,-1.057862,-27.19155,-17.8187,-26.58751,0.8217082,1.435371,-1.044828,17.10068,-0.0002604295,0,0.8165656,1.45643,-1.039711,11.40513,-0.0001878492,0,sign
2400,0.8073027,0.9272309,-1.278333,0.3090104,0.8931901,1.115398,0.802529,1.28778,-1.318063,-0.1607126,0.2832654,1.333102,0.8031668,1.595892,-1.303983,14.00186,-2.135548,2.94723,0.7272429,0.9259912,-1.276767,-1.531868,0.4457998,-0.5609285,0.7303541,0.4989797,-1.285815,6.299834,0.01869671,0,0.7313018,0.07454357,-1.341752,7.494703,-1.258377,-9.524644,0.8873625,0.9284706,-1.279899,-4.116944,-0.9076039,2.533968,0.8866423,0.5022861,-1.308123,0.05233916,-0.01882939,0,0.8863707,0.07514387,-1.336853,4.402643,-0.8098627,-6.201343,0.7327759,1.410362,-1.297173,-11.47209,-2.987691,1.830345,0.6019896,1.402845,-1.320588,10.2296,18.74692,-65.83246,0.5591593,1.17767,-1.202045,113.0652,-3.201154E-05,12.68588,0.8719471,1.411059,-1.30041,-13.81356,-0.6320549,2.565596,1.0004,1.410324,-1.335183,14.54338,24.83933,-64.11377,1.087324,1.214708,-1.191067,117.2482,-6.39013E-05,13.54437,0.7923692,1.310231,-1.108321,-40.14766,-29.61815,-11.03673,0.8518534,1.346879,-1.102593,-39.63605,-19.67522,-7.151709,0.7878305,1.335797,-1.131305,36.54071,-32.03352,75.57941,0.8042308,1.363343,-1.154383,0.02797646,37.74311,0,0.8062474,1.393026,-1.158101,0,1.408301E-06,0,0.7931013,1.338905,-1.11975,0,-14.88064,1.249918,0.7989968,1.393236,-1.125425,-1.640321,17.81259,-6.157465,0.8076793,1.437177,-1.116511,6.270354,-8.125675E-05,0,0.8157052,1.463797,-1.112465,4.180435,-5.972812E-05,0,0.7970378,1.33795,-1.109922,0,-7.712452E-06,0,0.8079471,1.389833,-1.10263,-5.897941,0.6265231,3.910012,0.8132259,1.435609,-1.093977,8.048716,-1.079678E-05,0,0.8207967,1.465274,-1.089628,5.366296,-1.707611E-05,0,0.8007942,1.335512,-1.099986,3.069245,14.87364,-2.900768,0.8178985,1.380439,-1.082216,-11.13597,-15.98689,1.721015,0.820631,1.423452,-1.074463,10.97562,8.528884E-07,0,0.8274438,1.450679,-1.07131,7.318316,-4.111501E-06,0,0.8035511,1.33115,-1.091752,7.703165,29.67834,-7.043752,0.8254135,1.365675,-1.066471,-20.07398,-27.03074,-20.70698,0.8256229,1.399789,-1.05689,18.46343,1.723355E-05,0,0.8313696,1.421249,-1.055288,12.31491,6.089136E-06,0,0.8484965,1.370974,-1.127304,32.61535,-25.14978,70.39418,0.8236151,1.397102,-1.143385,6.80821,24.06603,-2.787199,0.8099382,1.423671,-1.145828,4.142835,-1.164907E-05,0,0.8452176,1.374319,-1.115097,0,-14.88068,1.249918,0.8313692,1.427006,-1.122249,1.604253,23.21242,8.94079,0.81632,1.468428,-1.110276,11.4132,3.307038E-05,0,0.8020164,1.491516,-1.103079,7.610198,1.691862E-05,0,0.843425,1.373664,-1.104639,0,-7.599305E-06,0,0.8275397,1.424333,-1.097969,-6.743547,6.922472,12.00609,0.8182205,1.468618,-1.085715,15.99495,2.770117E-05,0,0.8039978,1.494856,-1.07762,10.66714,5.274273E-06,0,0.8420202,1.371571,-1.094036,3.069245,14.87368,-2.900633,0.8230475,1.415428,-1.075507,-17.79269,-8.928778,-2.069425,0.8206269,1.457527,-1.063694,19.57771,-1.929719E-05,0,0.8097929,1.482953,-1.057882,13.0589,-1.770412E-05,0,0.8415042,1.367558,-1.085202,7.703165,29.67842,-7.043752,0.8207083,1.401133,-1.057828,-27.12538,-17.82843,-26.60615,0.821795,1.433987,-1.044596,16.89526,-0.0002867542,0,0.8166971,1.455017,-1.039321,11.26806,-0.0001959592,0,sign
2433,0.8073802,0.927241,-1.278519,0.2940859,0.8938651,1.113291,0.8025721,1.2878,-1.317971,-0.2462884,0.2958987,1.333689,0.8032064,1.595859,-1.303188,14.26432,-2.198147,2.906296,0.7273203,0.9259999,-1.276957,-1.487537,0.4524773,-0.5574291,0.7303938,0.4989836,-1.285786,6.333604,0.01852273,0.02797646,0.7313029,0.0745517,-1.341756,7.500565,-1.251792,-9.518451,0.8874401,0.9284821,-1.280082,-4.089452,-0.9136224,2.548218,0.8866854,0.5022914,-1.308213,0.05595291,-0.0182007,0,0.8863829,0.07514384,-1.336862,4.392622,-0.8110845,-6.194763,0.732792,1.410336,-1.296898,-11.50028,-2.985808,1.84345,0.6020185,1.402829,-1.320389,10.03246,18.85357,-65.87339,0.5591086,1.177306,-1.202539,113.0746,-4.991511E-05,12.62111,0.8719631,1.411068,-1.300135,-13.83326,-0.6334388,2.537442,1.000404,1.41041,-1.334953,14.37919,24.87519,-64.10684,1.087343,1.21416,-1.191712,117.2678,-4.8154E-05,13.36963,0.7923808,1.30951,-1.108467,-40.24004,-29.53851,-11.03325,0.851965,1.346088,-1.102631,-39.65313,-19.69642,-7.162865,0.7878289,1.335194,-1.131317,36.53062,-32.06296,75.57932,0.8041967,1.36288,-1.15425,0,37.71817,0,0.8061742,1.392582,-1.157832,0,-5.11907E-06,0,0.7930898,1.338245,-1.119743,0,-14.88064,1.250075,0.7989327,1.392612,-1.125123,-1.650075,17.80792,-6.142546,0.807557,1.436515,-1.11597,6.30907,3.50778E-05,0,0.8155651,1.46312,-1.111787,4.206263,2.225106E-05,0,0.7970219,1.337241,-1.109917,0,-9.424576E-06,0,0.8078737,1.389097,-1.102341,-5.910722,0.615511,3.938356,0.8130878,1.434833,-1.093445,8.089128,2.176549E-05,0,0.8206381,1.46448,-1.088941,5.393214,1.436966E-05,0,0.8007752,1.334754,-1.099992,3.069309,14.87364,-2.900768,0.8178232,1.379603,-1.081973,-11.20613,-15.98235,1.703068,0.8204601,1.422576,-1.073967,11.14905,7.494845E-06,0,0.8272921,1.449782,-1.07068,7.433976,4.642792E-06,0,0.8035318,1.330351,-1.09178,7.703165,29.67835,-7.043752,0.8253444,1.364763,-1.066303,-20.07259,-27.03933,-20.71074,0.8255126,1.398827,-1.056544,18.47596,2.234367E-05,0,0.8312393,1.420283,-1.054831,12.32325,1.425024E-05,0,0.8486817,1.370343,-1.127196,32.60252,-25.16932,70.4356,0.8238778,1.396619,-1.143155,6.871383,23.96479,-2.802258,0.810212,1.423205,-1.145469,4.184556,-1.297765E-05,0,0.8453932,1.373617,-1.114972,0,-14.88068,1.249918,0.8316464,1.426372,-1.121812,1.608638,23.20488,8.913919,0.8166521,1.467747,-1.109606,11.47906,1.025368E-05,0,0.8023506,1.490798,-1.102291,7.654143,7.994537E-06,0,0.8435862,1.372901,-1.104521,0,-1.030535E-05,0,0.8277814,1.423555,-1.097554,-6.722721,6.930077,11.97974,0.8185072,1.467774,-1.085033,16.01272,-1.717327E-05,0,0.8043013,1.493977,-1.076794,10.679,-1.628113E-05,0,0.8421643,1.370743,-1.093933,3.069309,14.87367,-2.900701,0.8232452,1.414518,-1.075155,-17.76446,-8.920558,-2.082247,0.8208616,1.456544,-1.063078,19.56217,3.327507E-07,0,0.8100593,1.48195,-1.057122,13.04851,-3.926659E-06,0,0.84163,1.366676,-1.085124,7.703165,29.67842,-7.04378,0.8208584,1.400117,-1.057568,-27.10299,-17.81336,-26.63852,0.8219727,1.432882,-1.044121,16.80256,-0.0003553196,0,0.8169299,1.453889,-1.038702,11.20616,-0.0002359212,0,sign
2467,0.8075014,0.9272481,-1.278695,0.2825486,0.8946063,1.119775,0.8026448,1.287814,-1.317912,-0.3195939,0.3114427,1.339691,0.8032373,1.595832,-1.30257,14.44117,-2.236748,2.875759,0.7274417,0.9260057,-1.277123,-1.457637,0.4620603,-0.5485832,0.7304524,0.498986,-1.285808,6.350608,0.01811177,0.02797646,0.7313007,0.07455182,-1.341762,7.499362,-1.242526,-9.51653,0.8875611,0.9284905,-1.280266,-4.065919,-0.9220064,2.557266,0.8867495,0.5022938,-1.308303,0.05595291,-0.01802531,0,0.886391,0.07514009,-1.33686,4.381595,-0.8123825,-6.183391,0.7328337,1.410303,-1.296675,-11.5028,-3.010219,1.852135,0.602064,1.402735,-1.320167,9.754373,19.08634,-65.89375,0.5589883,1.176955,-1.202871,113.1499,-3.782867E-05,12.51846,0.8720042,1.411078,-1.299926,-13.82666,-0.6620239,2.497165,1.000445,1.410433,-1.334744,14.31797,24.85552,-64.08615,1.087229,1.213654,-1.192134,117.2768,-3.817384E-05,13.29267,0.7923163,1.309019,-1.108741,-40.314,-29.3799,-10.99351,0.8520101,1.345568,-1.102614,-39.60163,-19.65259,-7.136661,0.7877461,1.334831,-1.131442,36.52994,-32.10378,75.57658,0.8040743,1.362662,-1.154227,0.03956468,37.70613,0,0.8060299,1.392385,-1.157643,0.02797646,-7.063133E-06,0,0.7929994,1.33782,-1.119848,0,-14.88063,1.250075,0.7987873,1.392223,-1.12491,-1.660597,17.79893,-6.17546,0.8073522,1.436084,-1.115502,6.343534,-2.416932E-05,0,0.8153384,1.462672,-1.111172,4.229248,-1.679811E-05,0,0.7969287,1.336764,-1.110027,0,-4.784089E-06,0,0.8077231,1.388585,-1.102145,-5.922483,0.6037186,3.95869,0.8128733,1.434277,-1.092987,8.149074,1.433597E-05,0,0.8204132,1.463902,-1.088319,5.433252,1.12787E-05,0,0.8006809,1.334223,-1.100115,3.069181,14.87364,-2.900633,0.8176748,1.378984,-1.081829,-11.23082,-15.97621,1.682839,0.8202482,1.421911,-1.073561,11.19505,6.022369E-07,0,0.8270612,1.449102,-1.070115,7.464716,-1.34878E-06,0,0.803439,1.329775,-1.091928,7.703191,29.67834,-7.043752,0.8252057,1.36406,-1.066242,-20.06731,-27.03941,-20.70024,0.8253371,1.398068,-1.056286,18.48797,-5.628672E-06,0,0.8310463,1.419518,-1.054449,12.33126,-4.052119E-06,0,0.8487461,1.369941,-1.127063,32.62029,-25.17543,70.45567,0.8239558,1.3963,-1.142907,6.844039,23.98934,-2.793582,0.8103186,1.42291,-1.145107,4.167157,-3.588939E-06,0,0.8454572,1.37316,-1.114824,0,-14.88068,1.249918,0.8317431,1.425955,-1.121414,1.623894,23.19953,8.873939,0.8167607,1.467277,-1.109019,11.51666,0.0001226217,0,0.8024496,1.490291,-1.101605,7.679178,8.481109E-05,0,0.8436477,1.372394,-1.104377,0,-8.045311E-06,0,0.8278717,1.423023,-1.097171,-6.70613,6.939254,11.97329,0.8186073,1.467183,-1.084435,16.05062,3.235446E-05,0,0.8043889,1.49334,-1.076073,10.70431,2.189651E-05,0,0.8422224,1.370187,-1.0938,3.069245,14.87368,-2.900701,0.8233257,1.413882,-1.074816,-17.74459,-8.913636,-2.098911,0.8209494,1.45585,-1.062535,19.57337,-1.693043E-05,0,0.8101472,1.481228,-1.056462,13.05599,-1.978216E-05,0,0.841684,1.366078,-1.085011,7.703191,29.67842,-7.043752,0.820927,1.399399,-1.057299,-27.09218,-17.80444,-26.6722,0.8220516,1.432097,-1.04369,16.73545,0.000526817,0,0.8170406,1.453082,-1.038158,11.1614,0.0003535651,0,sign
2500,0.8076591,0.9272571,-1.278826,0.276953,0.8954237,1.129519,0.8027584,1.287827,-1.317869,-0.3769049,0.3244859,1.358403,0.8032945,1.595811,-1.302089,14.58145,-2.242967,2.843862,0.7275997,0.9260135,-1.277241,-1.441436,0.4736223,-0.5388666,0.7305309,0.4989917,-1.285851,6.355855,0.01776706,0,0.7313014,0.07455248,-1.341768,7.496325,-1.23132,-9.519711,0.8877185,0.9285008,-1.280411,-4.074868,-0.9334588,2.560326,0.8868212,0.5023113,-1.308556,0,-0.01167226,0,0.8864442,0.07514477,-1.33692,4.356445,-0.8089716,-6.173141,0.7329261,1.410278,-1.296488,-11.5253,-2.971082,1.855513,0.6021546,1.402795,-1.319996,9.749977,19.05294,-65.92047,0.5590861,1.176835,-1.203044,113.1445,-5.65003E-05,12.39359,0.8720953,1.411088,-1.299783,-13.81731,-0.70133,2.456865,1.00053,1.410416,-1.334623,14.24978,24.87601,-64.06045,1.087242,1.213232,-1.192531,117.3039,-7.371993E-05,13.22068,0.792491,1.308678,-1.108794,-40.39651,-29.24971,-10.96711,0.8521948,1.345212,-1.102657,-39.49835,-19.69763,-7.133087,0.787901,1.334612,-1.131351,36.5255,-32.13382,75.58905,0.8041919,1.362586,-1.153988,0.1046783,37.68888,-0.06255726,0.8061317,1.392328,-1.15724,0.04845664,-1.221513E-05,0,0.7931477,1.337542,-1.119739,0,-14.88063,1.249918,0.7988809,1.391978,-1.124493,-1.681676,17.78991,-6.187923,0.8073804,1.435798,-1.114837,6.35641,8.543265E-06,0,0.8153327,1.462371,-1.110359,4.237852,2.7221E-06,0,0.7970752,1.336434,-1.109923,0,-2.061965E-06,0,0.8078136,1.388221,-1.101747,-5.938151,0.599011,4.005604,0.8129006,1.433867,-1.092329,8.176564,3.35289E-05,0,0.8204147,1.463472,-1.087493,5.451544,2.929796E-05,0,0.8008269,1.333841,-1.100024,3.069245,14.87364,-2.900768,0.8177691,1.378516,-1.081481,-11.28065,-15.96203,1.680279,0.8202651,1.421396,-1.072949,11.31625,1.797307E-05,0,0.827085,1.448566,-1.069353,7.545535,1.078567E-05,0,0.8035872,1.32935,-1.091862,7.703139,29.67834,-7.04378,0.8253106,1.363513,-1.065977,-20.04235,-27.03914,-20.65919,0.8254171,1.397465,-1.055833,18.44638,4.932296E-06,0,0.8311015,1.418911,-1.053863,12.30349,1.197789E-05,0,0.8489591,1.369646,-1.127049,32.62453,-25.18172,70.4988,0.8241865,1.396039,-1.142862,6.858612,23.97924,-2.798413,0.8105481,1.422653,-1.145019,4.176404,-1.302999E-05,0,0.8456547,1.372833,-1.114806,0,-14.88069,1.249918,0.8319443,1.425644,-1.121281,1.650905,23.20242,8.873672,0.8169245,1.466927,-1.108802,11.49173,-3.195525E-05,0,0.8026023,1.489922,-1.101348,7.6626,-3.365038E-05,0,0.8438323,1.372041,-1.104363,0,-1.301126E-05,0,0.8280431,1.422651,-1.097051,-6.687769,6.951872,11.96519,0.8187435,1.466773,-1.084208,16.07591,-2.573646E-05,0,0.804491,1.492896,-1.075796,10.72119,-4.520823E-05,0,0.8423941,1.369808,-1.093793,3.069309,14.87367,-2.900768,0.8234701,1.413454,-1.074724,-17.73637,-8.90327,-2.106357,0.821068,1.455388,-1.062334,19.60379,6.688074E-06,0,0.8102385,1.480743,-1.056213,13.07633,-4.551011E-06,0,0.841845,1.365677,-1.085015,7.703139,29.67842,-7.043752,0.8210508,1.398926,-1.057246,-27.08559,-17.78069,-26.66157,0.8221517,1.431585,-1.04354,16.69489,-0.001412748,0,0.817143,1.452554,-1.037946,11.13433,-0.0009650905,0,sign
2533,0.8077928,0.9272621,-1.278989,0.2790645,0.8937166,1.137804,0.8028454,1.28783,-1.317918,-0.4228991,0.3422842,1.387339,0.8032851,1.595792,-1.301824,14.65276,-2.233041,2.827916,0.7277336,0.926021,-1.277392,-1.421752,0.4806395,-0.5355885,0.7306013,0.4989955,-1.285838,6.372799,-0.0007239639,0,0.7314388,0.07455203,-1.341722,7.493157,-1.24153,-9.525573,0.8878521,0.9285033,-1.280585,-4.057193,-0.9393916,2.561014,0.8868963,0.5023041,-1.308581,0.01978234,-0.01715671,0,0.8864146,0.07513264,-1.336869,4.349471,-0.8146195,-6.16383,0.7329855,1.410242,-1.296403,-11.51505,-2.988873,1.864666,0.6022027,1.402695,-1.319828,9.530896,19.26554,-65.92277,0.5590059,1.176618,-1.203149,113.2102,-4.223579E-05,12.26643,0.8721527,1.411098,-1.299767,-13.83587,-0.7063014,2.430272,1.000559,1.410483,-1.334714,14.38601,24.70644,-64.00764,1.087182,1.213019,-1.192957,117.3292,-4.655531E-05,13.07708,0.7925026,1.308398,-1.109039,-40.46289,-29.08063,-10.92067,0.8524485,1.34531,-1.10272,-39.42846,-19.73691,-7.133939,0.7878892,1.334446,-1.13146,36.5209,-32.14671,75.57301,0.8041472,1.362553,-1.153955,0.09278741,37.67905,-0.05595291,0.8060583,1.392313,-1.157059,0.04845664,-1.264975E-05,0,0.7931332,1.33732,-1.119833,0,-14.88064,1.250075,0.7988169,1.391786,-1.124301,-1.703068,17.78028,-6.189444,0.8072589,1.435566,-1.114416,6.368244,-0.0001445112,0,0.8151811,1.462125,-1.109804,4.245747,-9.713447E-05,0,0.7970616,1.336164,-1.110022,0,-1.098628E-05,0,0.8077529,1.387918,-1.101575,-5.951999,0.5979069,4.042444,0.8127875,1.433519,-1.091914,8.196158,1.647517E-05,0,0.8202783,1.463103,-1.086922,5.464612,5.100561E-06,0,0.8008156,1.333523,-1.100137,3.069309,14.87364,-2.900768,0.817717,1.378116,-1.08136,-11.30625,-15.95019,1.667066,0.8201596,1.42095,-1.072588,11.37267,1.400521E-05,0,0.8269711,1.448103,-1.068851,7.583151,1.126314E-05,0,0.8035799,1.328992,-1.091999,7.703139,29.67835,-7.043752,0.8252722,1.363039,-1.065935,-20.05506,-27.02708,-20.65982,0.8253432,1.396935,-1.055605,18.50309,-8.872736E-06,0,0.8310224,1.418371,-1.05353,12.34137,-7.360083E-06,0,0.8492688,1.369807,-1.127057,32.63158,-25.18012,70.47566,0.8245441,1.39627,-1.142829,6.813192,23.94553,-2.776221,0.8109379,1.422902,-1.144959,4.149732,-5.37818E-07,0,0.8459581,1.37297,-1.11481,0,-14.88068,1.249918,0.832328,1.425815,-1.121171,1.656467,23.20054,8.858605,0.8173516,1.467089,-1.108609,11.53123,-7.304419E-06,0,0.8030365,1.490075,-1.101117,7.688935,-5.892281E-06,0,0.8441254,1.372156,-1.10437,0,-8.945719E-06,0,0.8284013,1.42277,-1.096951,-6.664856,6.961635,11.94266,0.8191337,1.466869,-1.084007,16.08633,3.430538E-05,0,0.8048942,1.492983,-1.075547,10.72811,1.496882E-05,0,0.8426747,1.369899,-1.093807,3.069245,14.87368,-2.900768,0.8237957,1.413526,-1.07465,-17.72631,-8.891316,-2.111369,0.8214335,1.455431,-1.062155,19.62983,-2.120388E-05,0,0.8106178,1.48078,-1.055982,13.09367,-2.156658E-05,0,0.8421121,1.365748,-1.085039,7.703139,29.67842,-7.043752,0.8213404,1.398961,-1.057209,-27.0747,-17.76501,-26.64323,0.8224689,1.431581,-1.043416,16.63742,-0.002397498,0,0.8174995,1.452543,-1.037758,11.09595,-0.001631279,0,sign
2567,0.8079154,0.9272747,-1.279187,0.2776587,0.8930986,1.151481,0.8028999,1.287842,-1.318013,-0.4609765,0.3653445,1.419411,0.8031887,1.595801,-1.301769,14.59739,-2.198042,2.842002,0.7278566,0.9260345,-1.277572,-1.407226,0.488033,-0.5289715,0.7306643,0.4990065,-1.285912,6.385217,0.01681297,0,0.7313024,0.07456052,-1.341779,7.492686,-1.216849,-9.53735,0.8879743,0.9285149,-1.280803,-4.042202,-0.9459419,2.556731,0.8869603,0.5023088,-1.308691,0,-0.01678101,0,0.8864228,0.07513055,-1.336875,4.340185,-0.8128873,-6.153069,0.7330022,1.410212,-1.296379,-11.52039,-2.983346,1.877323,0.6022108,1.402639,-1.319748,9.565998,19.25252,-65.96363,0.5591817,1.176553,-1.203025,113.2055,-3.413077E-05,12.14637,0.8721672,1.411127,-1.29982,-13.87248,-0.6734158,2.417594,1.000532,1.410663,-1.334921,14.61378,24.46306,-63.96441,1.087157,1.213066,-1.19335,117.3203,-5.704925E-05,12.99326,0.7927704,1.308349,-1.109165,-40.51419,-28.90738,-10.86807,0.8526771,1.345529,-1.102709,-39.34942,-19.79765,-7.140701,0.7881358,1.334495,-1.131466,36.51249,-32.16184,75.54069,0.804361,1.362718,-1.15384,0.06852804,37.65945,-0.03956468,0.8062484,1.392492,-1.15682,0.02797646,-2.778583E-06,0,0.7933791,1.337319,-1.119826,0,-14.88063,1.249762,0.7990236,1.391809,-1.124047,-1.730427,17.77849,-6.154121,0.8074161,1.435552,-1.113956,6.376367,-1.676503E-05,0,0.8153123,1.462097,-1.10922,4.251141,-8.068971E-06,0,0.7973095,1.336122,-1.110022,0,-2.501335E-06,0,0.8079651,1.387844,-1.101339,-5.993778,0.5931592,4.071214,0.8129352,1.433406,-1.091462,8.153215,-1.461534E-05,0,0.8203633,1.46298,-1.086319,5.435992,-1.788122E-05,0,0.8010666,1.333438,-1.10015,3.069309,14.87364,-2.900701,0.8179386,1.377957,-1.081171,-11.33833,-15.94012,1.662952,0.8203324,1.42075,-1.072188,11.44869,1.590191E-05,0,0.8271474,1.447885,-1.06833,7.633886,1.440168E-05,0,0.8038352,1.328872,-1.092032,7.703139,29.67834,-7.043752,0.8255063,1.362814,-1.065815,-20.03847,-27.02619,-20.66924,0.8255634,1.396663,-1.055332,18.47241,1.701687E-05,0,0.8312226,1.418095,-1.053156,12.32087,1.370697E-05,0,0.8495093,1.370045,-1.127028,32.63704,-25.18328,70.45051,0.8247936,1.396523,-1.142789,6.783072,23.91752,-2.760737,0.811186,1.423154,-1.144921,4.132328,1.927492E-06,0,0.8461962,1.3732,-1.114779,0,-14.88067,1.249918,0.8325801,1.426052,-1.121103,1.653866,23.19338,8.825368,0.8176124,1.467323,-1.108519,11.59581,0.00012067,0,0.8032746,1.490293,-1.101021,7.732003,8.470592E-05,0,0.8443607,1.372378,-1.104341,0,-7.210012E-06,0,0.8286464,1.422991,-1.096887,-6.636017,6.972476,11.90809,0.8193619,1.467075,-1.083907,16.07021,2.28313E-06,0,0.8051194,1.493183,-1.075433,10.71737,-6.464071E-06,0,0.8429068,1.370113,-1.093779,3.069309,14.87367,-2.900701,0.824033,1.41373,-1.074594,-17.71401,-8.878519,-2.117478,0.8216671,1.455623,-1.062059,19.64991,-1.309776E-05,0,0.8108408,1.480963,-1.055869,13.10708,-1.284658E-05,0,0.842341,1.365956,-1.085015,7.703165,29.67841,-7.043725,0.82157,1.399152,-1.057165,-27.08369,-17.74842,-26.67783,0.8227077,1.431758,-1.043337,16.63513,-0.003697269,0,0.8177475,1.452717,-1.037661,11.09443,-0.002508792,0,sign
2600,0.8079905,0.9272966,-1.279399,0.2804634,0.8964577,1.16969,0.8028979,1.287861,-1.318173,-0.4841639,0.3851207,1.449964,0.8030022,1.59584,-1.30199,14.39801,-2.112571,2.87283,0.7279322,0.9260519,-1.277758,-1.405556,0.4962108,-0.5226451,0.7307009,0.4990231,-1.286065,6.359894,-0.0006635226,0.02797646,0.731427,0.07454866,-1.341715,7.463428,-1.228604,-9.548328,0.8880488,0.9285412,-1.28104,-4.013711,-0.9523743,2.551673,0.8870068,0.5023199,-1.308692,0.04845664,3.064552E-06,0,0.8865556,0.0751372,-1.336812,4.335579,-0.7925221,-6.139258,0.7329688,1.410197,-1.296452,-11.51362,-2.982755,1.88284,0.602165,1.40259,-1.31974,9.623531,19.22399,-65.95366,0.5592951,1.176515,-1.202937,113.2415,-4.821574E-05,12.01308,0.8721317,1.411162,-1.299967,-13.88114,-0.6638131,2.405989,1.000473,1.410781,-1.335155,14.73423,24.35248,-63.91821,1.087179,1.213143,-1.193691,117.3347,-4.593201E-05,12.98779,0.7928377,1.308577,-1.109337,-40.48765,-28.75747,-10.80192,0.852872,1.345755,-1.102822,-39.29301,-19.86233,-7.153355,0.7881743,1.3348,-1.131541,36.50694,-32.18127,75.50711,0.8043585,1.363112,-1.153832,0.04845664,37.61976,-0.02797646,0.8062353,1.392895,-1.156726,0,-1.367811E-05,0,0.7934231,1.337586,-1.119895,0,-14.88064,1.249918,0.7990332,1.392094,-1.123924,-1.767354,17.77158,-6.147683,0.8073785,1.435809,-1.113677,6.358445,-7.493554E-06,0,0.8152378,1.462348,-1.108842,4.239192,8.445064E-07,0,0.79736,1.336356,-1.110097,0,-8.375706E-06,0,0.8079907,1.388053,-1.101236,-6.014282,0.5883928,4.088782,0.8129232,1.433583,-1.091196,8.171833,-1.041613E-05,0,0.820336,1.463143,-1.085952,5.448415,-1.207381E-05,0,0.8011247,1.333639,-1.100237,3.069245,14.87364,-2.900701,0.8179822,1.378099,-1.081109,-11.32985,-15.92403,1.677831,0.8203666,1.420859,-1.071966,11.39513,-8.914625E-06,0,0.8271506,1.447986,-1.067999,7.598147,-1.13523E-05,0,0.8039008,1.329045,-1.092137,7.703139,29.67834,-7.043725,0.825568,1.362907,-1.065812,-19.95955,-27.03168,-20.6021,0.8256524,1.396722,-1.055223,18.28648,9.13412E-06,0,0.8312724,1.418153,-1.052936,12.19674,3.701534E-06,0,0.8497002,1.370247,-1.127164,32.63852,-25.18985,70.44151,0.8249816,1.396704,-1.142956,6.784922,23.88287,-2.757757,0.8113557,1.423323,-1.145126,4.134554,-4.700627E-06,0,0.8463868,1.373413,-1.114919,0,-14.8807,1.249918,0.8327626,1.426257,-1.121295,1.682955,23.19374,8.801407,0.8177688,1.467532,-1.108754,11.55561,7.001624E-05,0,0.8034333,1.490511,-1.101281,7.705177,3.772969E-05,0,0.8445516,1.372601,-1.104479,0,-1.571119E-05,0,0.8288298,1.423218,-1.097075,-6.603103,6.982078,11.87293,0.8195119,1.467308,-1.084136,16.03137,-2.467643E-05,0,0.8052676,1.493424,-1.075691,10.69146,-2.803758E-05,0,0.8430981,1.370347,-1.093916,3.069245,14.87368,-2.900768,0.824218,1.41398,-1.074773,-17.69135,-8.869608,-2.12486,0.8218283,1.455882,-1.062275,19.6392,5.68959E-07,0,0.8109928,1.481224,-1.056109,13.09996,-1.410067E-05,0,0.8425331,1.366198,-1.085148,7.703165,29.67842,-7.043752,0.8217575,1.399418,-1.05733,-27.08414,-17.7332,-26.70412,0.8228906,1.432034,-1.043525,16.60501,0.002640316,0,0.8179377,1.452997,-1.037859,11.07434,0.001777455,0,sign
2633,0.8076609,0.9273202,-1.280131,0.2873554,0.8937775,1.19321,0.8025256,1.287879,-1.318895,-0.4973219,0.3989179,1.482661,0.8024351,1.595902,-1.302986,14.02959,-1.983755,2.898608,0.7276033,0.9260797,-1.278457,-1.348862,0.4711368,-0.5151029,0.7305436,0.499043,-1.286291,6.391663,0.01413621,0,0.7313107,0.07453737,-1.341701,7.431046,-1.232311,-9.564847,0.8877186,0.9285608,-1.281805,-3.993804,-0.9275727,2.542759,0.8868326,0.5023262,-1.309258,0,4.848255E-06,0,0.8865618,0.07510671,-1.336815,4.263148,-0.7645698,-6.123751,0.7325788,1.410194,-1.297107,-11.48642,-3.003899,1.882736,0.6017556,1.40251,-1.320261,9.69779,19.16161,-65.91354,0.5591896,1.17641,-1.203394,113.3375,-5.615047E-05,11.94469,0.8717394,1.411194,-1.300701,-13.83371,-0.7022715,2.398738,1.00009,1.410761,-1.335855,14.743,24.37984,-63.84631,1.086851,1.213145,-1.194395,117.3906,-4.578244E-05,12.99302,0.7925395,1.309112,-1.11022,-40.39484,-28.56452,-10.7002,0.8527073,1.346072,-1.103563,-39.23494,-19.88208,-7.149212,0.7878523,1.335393,-1.132352,36.49855,-32.19439,75.48143,0.8040028,1.363773,-1.154581,0.01978234,37.58969,0,0.8058629,1.393563,-1.157414,0,-4.434256E-06,0,0.793106,1.33815,-1.120701,0,-14.88064,1.250075,0.7986892,1.392671,-1.124587,-1.783996,17.75922,-6.161252,0.807005,1.436366,-1.114232,6.381009,5.005311E-05,0,0.8148549,1.462897,-1.109339,4.254272,3.53768E-05,0,0.7970487,1.336895,-1.110909,0,-5.056624E-06,0,0.8076605,1.388573,-1.101915,-6.027793,0.5874093,4.136827,0.812567,1.434079,-1.091753,8.193883,1.578918E-05,0,0.8199744,1.463627,-1.086432,5.463142,1.183337E-05,0,0.8008199,1.334154,-1.101058,3.069181,14.87364,-2.900701,0.8176672,1.37857,-1.08182,-11.32822,-15.9112,1.677131,0.8200415,1.421305,-1.072555,11.36384,5.168336E-06,0,0.826804,1.448425,-1.068509,7.577249,7.737036E-06,0,0.8036023,1.32954,-1.092972,7.703139,29.67834,-7.04378,0.8252681,1.36334,-1.066568,-19.96727,-27.02623,-20.62948,0.8253395,1.397126,-1.055885,18.29873,-1.104228E-05,0,0.8309509,1.418554,-1.053545,12.20492,-7.160847E-06,0,0.8495384,1.370532,-1.127938,32.64666,-25.19177,70.47764,0.8248197,1.396966,-1.143769,6.783101,23.90792,-2.759673,0.8112074,1.423589,-1.145975,4.132659,-2.372506E-06,0,0.8462244,1.373714,-1.115697,0,-14.88067,1.249918,0.8326035,1.426551,-1.122144,1.698466,23.18904,8.760983,0.8176005,1.46784,-1.109664,11.55163,7.485831E-05,0,0.8032612,1.49083,-1.102229,7.702528,4.460097E-05,0,0.8443884,1.372916,-1.105257,0,-1.656802E-06,0,0.828669,1.423544,-1.09792,-6.575963,6.990408,11.84508,0.8193304,1.467646,-1.085038,16.00182,-3.380879E-06,0,0.8050875,1.493775,-1.07663,10.67173,4.389117E-06,0.01978234,0.8429342,1.370676,-1.09469,3.069245,14.87367,-2.900701,0.8240553,1.414335,-1.075607,-17.66777,-8.860474,-2.125412,0.8216486,1.456252,-1.06316,19.61418,4.544787E-06,0,0.8108144,1.481601,-1.057024,13.08321,-2.245408E-07,0,0.8423684,1.366539,-1.085917,7.703139,29.67841,-7.043725,0.8215928,1.399797,-1.058144,-27.09196,-17.70769,-26.70957,0.8227311,1.432425,-1.044368,16.59597,0.0007861861,0,0.8177851,1.453394,-1.038719,11.06829,0.0005331137,0,sign
2667,0.8074273,0.9273381,-1.280738,0.2900664,0.8887528,1.218365,0.8022561,1.287894,-1.319486,-0.5070629,0.412912,1.513361,0.8019636,1.595982,-1.304033,13.48635,-1.851458,2.919334,0.7273703,0.9261048,-1.279029,-1.289375,0.4499494,-0.5055169,0.7304362,0.4990608,-1.286403,6.449838,0.01610238,0,0.7312878,0.07455188,-1.341787,7.427612,-1.241551,-9.580024,0.8874843,0.9285714,-1.282448,-3.929097,-0.9043128,2.530567,0.886732,0.5023047,-1.309401,0.05934703,-0.01602853,0,0.8864458,0.07508144,-1.3369,4.259195,-0.7572703,-6.10737,0.7322906,1.410188,-1.29764,-11.4794,-3.00612,1.881592,0.6014543,1.40247,-1.320708,9.898668,19.01579,-65.90569,0.5592175,1.17646,-1.20355,113.3686,-4.75438E-05,11.86646,0.8714491,1.411224,-1.301308,-13.82784,-0.6971979,2.397024,0.9997844,1.410841,-1.336518,14.82595,24.33168,-63.81129,1.086674,1.213307,-1.195021,117.4369,-5.351624E-05,12.98984,0.7924531,1.309647,-1.110782,-40.34391,-28.40821,-10.62505,0.852625,1.346431,-1.104233,-39.14114,-19.92138,-7.145123,0.7877446,1.335969,-1.13286,36.4941,-32.2122,75.48834,0.8038629,1.3644,-1.155047,0.02797646,37.57028,0,0.80571,1.394195,-1.157834,0.02797646,-1.069242E-05,0,0.7930018,1.338706,-1.121206,0,-14.88063,1.249762,0.7985579,1.393237,-1.124986,-1.804502,17.75104,-6.144238,0.8068409,1.436919,-1.114549,6.387182,-0.0001572293,0,0.8146732,1.463445,-1.109607,4.258368,-0.0001007402,0,0.7969491,1.337433,-1.111418,0,-3.498346E-06,0,0.8075405,1.389098,-1.102326,-6.031402,0.5851584,4.166921,0.8124266,1.434587,-1.092077,8.229247,9.144289E-07,0,0.8198386,1.464124,-1.086705,5.486694,7.292733E-06,0,0.8007255,1.334674,-1.101574,3.069245,14.87364,-2.900701,0.8175601,1.37906,-1.082255,-11.34057,-15.90235,1.675847,0.8199121,1.421776,-1.072897,11.37354,-1.042354E-05,0,0.8266641,1.448891,-1.068795,7.583747,-1.248603E-05,0,0.8035135,1.330045,-1.093498,7.703139,29.67834,-7.043752,0.8251743,1.363804,-1.067036,-19.96967,-27.00402,-20.60974,0.825237,1.397565,-1.056273,18.31684,-4.768447E-06,0,0.8308478,1.418987,-1.053888,12.217,-1.83882E-06,0,0.8494449,1.37085,-1.128648,32.65146,-25.18741,70.46999,0.8247057,1.397234,-1.144529,6.744186,23.89227,-2.742026,0.8110698,1.423839,-1.146801,4.109517,-6.479785E-06,0,0.8461217,1.374048,-1.116413,0,-14.8807,1.249918,0.8324534,1.426862,-1.122949,1.679463,23.17842,8.710255,0.8174183,1.468163,-1.110546,11.65821,2.934988E-05,0,0.8030156,1.491131,-1.103166,7.773623,1.959521E-05,0,0.8442812,1.373265,-1.105973,0,-1.631263E-05,0,0.8285095,1.423889,-1.098722,-6.554696,7.0018,11.83311,0.8191044,1.467996,-1.085907,15.976,3.367895E-06,0,0.8048337,1.494124,-1.077544,10.65449,-1.997449E-06,0,0.8428237,1.371039,-1.095404,3.069245,14.87368,-2.900701,0.8238933,1.41471,-1.076397,-17.65248,-8.848508,-2.121541,0.8214278,1.456641,-1.064009,19.60745,6.534272E-07,0,0.8105618,1.481986,-1.057912,13.07873,4.259964E-06,0,0.8422575,1.366915,-1.086624,7.703165,29.67842,-7.043725,0.8214359,1.400196,-1.058913,-27.07884,-17.68572,-26.71992,0.822528,1.432841,-1.045174,16.5167,0.001060604,0,0.8175814,1.453814,-1.039538,11.01539,0.000715608,0,sign
2700,0.8073534,0.9273555,-1.281164,0.2954137,0.8896903,1.235114,0.8021304,1.287907,-1.319918,-0.5124369,0.4268566,1.54383,0.8016301,1.596074,-1.305068,12.81416,-1.714912,2.93031,0.7272969,0.9261212,-1.279431,-1.255074,0.445777,-0.5004597,0.7304037,0.4990725,-1.286508,6.476295,0.01592004,0.02797646,0.7312817,0.07455054,-1.341792,7.414709,-1.241912,-9.592533,0.8874099,0.9285898,-1.282897,-3.904499,-0.899017,2.521967,0.8866996,0.5023088,-1.309626,0.04845664,4.184321E-06,0,0.8865806,0.07506615,-1.336821,4.220672,-0.7265241,-6.095257,0.7321461,1.410182,-1.298024,-11.46896,-3.001988,1.879927,0.6012948,1.402443,-1.321,9.990898,18.93987,-65.90104,0.5592892,1.176448,-1.203729,113.3943,-4.515352E-05,11.83501,0.8713024,1.411252,-1.301766,-13.81659,-0.6988444,2.39351,0.999626,1.4109,-1.337019,15.01083,24.19251,-63.77099,1.086474,1.213474,-1.195347,117.4859,-2.932213E-05,13.04141,0.7924817,1.309917,-1.111258,-40.32019,-28.31883,-10.58368,0.8525951,1.347022,-1.104746,-39.05624,-19.9908,-7.153656,0.7877523,1.336263,-1.133303,36.4937,-32.22941,75.486,0.8038407,1.364724,-1.155473,0.03956468,37.5682,-0.02797646,0.8056771,1.394523,-1.158228,0.02797646,-2.360429E-06,0,0.7930143,1.338988,-1.121648,0,-14.88063,1.250075,0.7985481,1.393525,-1.125367,-1.838986,17.74381,-6.156159,0.806794,1.437202,-1.114878,6.378796,-1.275113E-05,0,0.8145992,1.463731,-1.109905,4.252753,-1.334711E-06,0,0.796967,1.337705,-1.111863,0,-5.836042E-06,0,0.8075436,1.389364,-1.102716,-6.062783,0.58071,4.166216,0.8123927,1.434843,-1.092409,8.203103,1.718435E-05,0,0.819767,1.464383,-1.086998,5.469273,1.157327E-05,0,0.8007494,1.334936,-1.102024,3.069181,14.87364,-2.900701,0.817577,1.379306,-1.082662,-11.34587,-15.894,1.645086,0.8199163,1.42201,-1.073248,11.35593,1.456146E-05,0,0.8266506,1.449124,-1.069112,7.572015,1.073767E-05,0,0.8035432,1.330299,-1.093956,7.703165,29.67834,-7.043752,0.8252046,1.364034,-1.067465,-19.97396,-26.9868,-20.58325,0.8252608,1.397779,-1.056652,18.33276,7.40695E-06,0,0.8308721,1.419199,-1.054239,12.22765,3.194348E-06,0,0.8494214,1.371357,-1.129245,32.66366,-25.19151,70.47221,0.8246791,1.397672,-1.145236,6.747007,23.91531,-2.745735,0.8110387,1.424267,-1.147601,4.110422,-9.671894E-07,0,0.8460898,1.374595,-1.117024,0,-14.88069,1.250075,0.8324077,1.427382,-1.123747,1.68121,23.18414,8.754075,0.8173498,1.468718,-1.111491,11.69506,3.601938E-05,0,0.8029191,1.491695,-1.104192,7.798226,1.218329E-05,0,0.8442433,1.373847,-1.106582,0,-1.377408E-05,0,0.8284503,1.42449,-1.099514,-6.536631,7.014113,11.83358,0.8190073,1.468632,-1.086847,15.95932,-1.716216E-05,0,0.8047217,1.494782,-1.078578,10.64339,-2.785791E-05,0,0.8427804,1.371657,-1.096006,3.069245,14.87367,-2.900701,0.823824,1.415386,-1.07716,-17.63463,-8.836051,-2.128633,0.8213227,1.457355,-1.064909,19.59168,2.416679E-05,0,0.8104434,1.482716,-1.058901,13.0682,1.372296E-05,0,0.8422103,1.367563,-1.087212,7.703139,29.67842,-7.043752,0.8213611,1.400931,-1.059628,-27.08946,-17.65559,-26.74815,0.82244,1.433616,-1.045983,16.50827,0.0002072021,0,0.817491,1.454605,-1.040411,11.00974,0.0001415155,0,sign
2733,0.8072512,0.927368,-1.281598,0.3039024,0.8956492,1.247724,0.8019581,1.287913,-1.320389,-0.5093729,0.441848,1.573336,0.8012396,1.596162,-1.306239,12.08565,-1.57343,2.914435,0.7271953,0.9261257,-1.279848,-1.213859,0.444877,-0.4977152,0.7303579,0.4990714,-1.286555,6.509485,-0.0009542546,0,0.7314023,0.07453451,-1.341721,7.399001,-1.261741,-9.600624,0.8873072,0.9286103,-1.283349,-3.907156,-0.8982776,2.512169,0.88664,0.5023265,-1.310034,0,-0.01521904,0,0.8864686,0.0750635,-1.336908,4.180576,-0.7257843,-6.084311,0.7319525,1.41017,-1.298466,-11.44038,-3.039035,1.875445,0.6010852,1.402309,-1.32131,10.10811,18.86461,-65.90182,0.5594979,1.17638,-1.203763,113.4228,-4.61768E-05,11.8602,0.8711064,1.411278,-1.302279,-13.83319,-0.660012,2.384088,0.9994022,1.411048,-1.337635,15.12081,24.11185,-63.73079,1.086488,1.213727,-1.195963,117.5111,-4.64855E-05,13.04321,0.7925922,1.310349,-1.11177,-40.28805,-28.17711,-10.51973,0.8526938,1.347337,-1.105235,-38.98316,-20.12004,-7.186217,0.7878539,1.336704,-1.133802,36.48751,-32.23922,75.47726,0.8039259,1.365183,-1.155961,0.04845664,37.54787,-0.02797646,0.805755,1.394983,-1.158711,0.02797646,-9.3968E-06,0,0.7931148,1.339425,-1.122146,0,-14.88064,1.250075,0.7986296,1.393966,-1.125839,-1.856146,17.72992,-6.201532,0.8068445,1.437645,-1.115333,6.410379,-7.631326E-05,0,0.814643,1.464176,-1.110361,4.273839,-5.006678E-05,0,0.7970678,1.338139,-1.112362,0,-8.670716E-06,0,0.8076264,1.389797,-1.103189,-6.068245,0.5720372,4.122078,0.8124527,1.435275,-1.092866,8.253072,-1.180943E-05,0,0.8198365,1.464812,-1.087454,5.502566,-1.223304E-05,0,0.800851,1.335366,-1.102524,3.069245,14.87364,-2.900768,0.817663,1.379733,-1.08314,-11.3659,-15.88147,1.624497,0.8199769,1.42243,-1.073691,11.37993,-1.041582E-05,0,0.8267055,1.449543,-1.069539,7.587989,-1.244506E-05,0,0.8036463,1.330726,-1.094457,7.703139,29.67834,-7.04378,0.8252957,1.364457,-1.06795,-19.95451,-26.9763,-20.56137,0.8253522,1.398195,-1.057118,18.28004,-2.986546E-06,0,0.8309487,1.419616,-1.054679,12.19244,-6.744158E-06,0,0.849515,1.371602,-1.129803,32.66714,-25.18018,70.51223,0.8247545,1.397849,-1.145877,6.713028,23.92089,-2.7323,0.8111047,1.42443,-1.148337,4.089596,-6.501824E-06,0,0.8461711,1.37487,-1.117593,0,-14.88068,1.249762,0.832443,1.427625,-1.12447,1.708346,23.19074,8.76531,0.8173169,1.468972,-1.112336,11.64158,-6.532379E-07,0,0.8028705,1.491961,-1.105106,7.762531,-1.054373E-05,0,0.8443175,1.374148,-1.10715,0,-7.460586E-06,0,0.8284702,1.424796,-1.100232,-6.521794,7.024878,11.82655,0.8189621,1.468958,-1.087686,15.94088,6.267448E-07,0,0.8046461,1.495116,-1.079496,10.63106,-1.628367E-06,0,0.8428487,1.371986,-1.096569,3.069245,14.87368,-2.900768,0.8238358,1.415748,-1.077856,-17.62683,-8.824255,-2.134326,0.8212778,1.457744,-1.065714,19.59464,1.234071E-06,0,0.8103641,1.483108,-1.05978,13.0702,-1.005652E-05,0,0.8422759,1.367915,-1.087765,7.703139,29.67842,-7.043752,0.8213736,1.401338,-1.060287,-27.11829,-17.61746,-26.79289,0.8224272,1.434051,-1.046709,16.55023,0.0006038192,0,0.8174515,1.45505,-1.041194,11.03776,0.000397338,0,sign
2767,0.8071434,0.9273717,-1.281999,0.3090104,0.8982221,1.258344,0.8018002,1.287913,-1.320834,-0.4996771,0.4545161,1.603155,0.8008811,1.596237,-1.307387,11.39319,-1.435881,2.861839,0.7270879,0.9261261,-1.280234,-1.155891,0.4396343,-0.4977152,0.7303168,0.4990652,-1.286471,6.594723,0.01597355,0,0.7312723,0.07454875,-1.341796,7.420952,-1.250298,-9.614866,0.887199,0.9286173,-1.283765,-3.884336,-0.8928919,2.49881,0.8865898,0.5023205,-1.310243,0,-0.01511299,0,0.8864772,0.07504454,-1.33691,4.154071,-0.7100317,-6.080637,0.7317784,1.410158,-1.298896,-11.4389,-3.014648,1.869907,0.6008971,1.402319,-1.321667,10.252,18.75619,-65.93082,0.5595202,1.176486,-1.203862,113.3845,-5.155052E-05,11.85923,0.8709301,1.411296,-1.302782,-13.83571,-0.65069,2.373638,0.999206,1.411111,-1.33821,15.19371,24.08193,-63.71242,1.086454,1.213926,-1.196447,117.518,-7.602699E-05,13.01419,0.792711,1.310475,-1.112143,-40.33772,-28.13396,-10.51704,0.8527014,1.347574,-1.105667,-38.92213,-20.19285,-7.200454,0.7879601,1.336833,-1.134169,36.48512,-32.24773,75.49732,0.8040138,1.365323,-1.156327,0.06255726,37.53539,-0.03956468,0.8058326,1.395123,-1.159079,0.02797646,-9.286266E-06,0,0.7932216,1.339554,-1.122512,0,-14.88065,1.249918,0.7987162,1.394098,-1.126194,-1.878261,17.72221,-6.178729,0.8068991,1.43778,-1.11568,6.42596,-4.515162E-05,0,0.814685,1.464314,-1.110705,4.284229,-3.285113E-05,0,0.7971765,1.338267,-1.112729,0,-1.317168E-05,0,0.8077176,1.389926,-1.103547,-6.066144,0.5720651,4.123266,0.8125305,1.435404,-1.093215,8.305792,7.955859E-06,0,0.8199318,1.464938,-1.087808,5.537713,6.740687E-06,0,0.8009621,1.335493,-1.102893,3.069245,14.87364,-2.900633,0.8177606,1.379862,-1.083501,-11.37941,-15.86618,1.616889,0.8200552,1.422555,-1.074029,11.38633,-3.141293E-06,0,0.8267742,1.449669,-1.069864,7.592281,-5.061324E-06,0,0.8037601,1.330853,-1.094827,7.703191,29.67835,-7.043752,0.8254009,1.364585,-1.068316,-19.98548,-26.93472,-20.55077,0.8254377,1.398312,-1.057448,18.37862,9.895025E-06,0,0.8310522,1.419728,-1.055009,12.25824,6.833751E-06,0,0.8495169,1.371799,-1.130274,32.68859,-25.17096,70.49371,0.8247325,1.397991,-1.1464,6.638056,23.97497,-2.707399,0.8110875,1.42457,-1.148916,4.042202,-3.132471E-06,0,0.8461628,1.375083,-1.118071,0,-14.88069,1.249918,0.8323941,1.427816,-1.125037,1.72306,23.18892,8.732214,0.8172155,1.469166,-1.112977,11.62875,4.541354E-05,0,0.8027447,1.492154,-1.105796,7.75398,2.958519E-05,0,0.8443035,1.374376,-1.107628,0,-1.250497E-05,0,0.828409,1.42502,-1.100796,-6.512979,7.032026,11.81735,0.8188483,1.46919,-1.088319,15.92798,4.195127E-06,0,0.8045066,1.495349,-1.080176,10.62245,-7.424052E-07,0,0.8428301,1.372228,-1.097045,3.069309,14.87368,-2.900701,0.8237687,1.416002,-1.07841,-17.6118,-8.815835,-2.136067,0.8211558,1.458013,-1.066328,19.56432,2.95875E-05,0,0.8102236,1.483378,-1.060435,13.04994,2.009736E-05,0,0.8422554,1.36817,-1.088235,7.703165,29.67842,-7.043752,0.8213081,1.401617,-1.060821,-27.13771,-17.57945,-26.83614,0.8223367,1.434342,-1.047269,16.56423,0.0002670488,0,0.817344,1.455344,-1.041781,11.0471,0.0001711359,0,sign
2800,0.8070586,0.9273692,-1.282347,0.315279,0.9092568,1.268875,0.8016173,1.287905,-1.321246,-0.4841639,0.4736194,1.631948,0.8004887,1.596292,-1.308446,10.79598,-1.324306,2.790568,0.7270036,0.9261085,-1.280566,-1.098605,0.4443673,-0.4992853,0.7302875,0.4990413,-1.28633,6.67829,0.01549839,0,0.7312711,0.07454428,-1.341803,7.44168,-1.254211,-9.628922,0.8871136,0.92863,-1.284127,-3.866853,-0.8973442,2.480098,0.8865508,0.5023221,-1.310426,0,-0.01508177,0,0.8864852,0.07503492,-1.336914,4.131617,-0.6959349,-6.081347,0.7315651,1.410133,-1.299308,-11.42215,-3.022765,1.864981,0.6006696,1.402224,-1.321973,10.2952,18.75129,-65.95766,0.5595074,1.176484,-1.203914,113.3586,-3.118211E-05,11.86088,0.8707145,1.411316,-1.303262,-13.78209,-0.703124,2.36132,0.9990056,1.411042,-1.338634,15.12604,24.18868,-63.6571,1.086358,1.213949,-1.196809,117.5496,-6.097996E-05,12.95107,0.7927905,1.310533,-1.112518,-40.37289,-28.08984,-10.50989,0.852679,1.347751,-1.106067,-38.86499,-20.21774,-7.19811,0.7880245,1.336892,-1.13454,36.4842,-32.2636,75.52041,0.8040547,1.365386,-1.15671,0.1046783,37.536,-0.06255726,0.805868,1.395187,-1.159458,0.05233916,-5.97567E-06,0,0.7932894,1.339613,-1.122885,0,-14.88063,1.249918,0.7987677,1.394159,-1.126565,-1.907315,17.71628,-6.154376,0.8069203,1.437846,-1.116046,6.422725,-1.828744E-06,0,0.8146866,1.464385,-1.111068,4.28208,-4.570596E-06,0,0.7972482,1.338327,-1.113103,0,-5.077261E-06,0,0.8077784,1.389988,-1.103921,-6.089272,0.5714749,4.127064,0.8125647,1.435467,-1.09358,8.282331,2.38646E-06,0,0.8199368,1.465006,-1.088165,5.522084,4.451642E-06,0,0.8010381,1.335554,-1.103268,3.069245,14.87364,-2.900768,0.8178314,1.379925,-1.08388,-11.39888,-15.85727,1.570598,0.8201066,1.422617,-1.074394,11.40612,6.634616E-06,0,0.8268204,1.449731,-1.070229,7.605478,5.108087E-06,0,0.8038403,1.330913,-1.095204,7.703165,29.67834,-7.04378,0.8254814,1.364649,-1.068698,-19.96141,-26.92105,-20.53572,0.8255279,1.398374,-1.057824,18.31436,2.856356E-06,0,0.8311279,1.419792,-1.055367,12.21535,6.131692E-06,0,0.8495059,1.371965,-1.130685,32.69379,-25.15981,70.48062,0.8247212,1.398144,-1.146833,6.582936,23.96472,-2.68358,0.8110771,1.424719,-1.149386,4.008927,-6.331986E-07,0,0.8461427,1.375253,-1.118486,0,-14.88068,1.249762,0.8323671,1.42798,-1.125482,1.727937,23.19331,8.76531,0.8171675,1.469329,-1.113446,11.62542,9.235266E-05,0,0.8026863,1.492315,-1.106279,7.751777,6.097505E-05,0,0.8442765,1.37455,-1.108044,0,-7.421482E-06,0,0.8283661,1.425193,-1.101243,-6.511894,7.038079,11.81825,0.8187856,1.469365,-1.088786,15.93265,2.667912E-05,0,0.8044295,1.495521,-1.08066,10.62556,1.596439E-05,0,0.8427963,1.372406,-1.097461,3.069245,14.87367,-2.900633,0.8237126,1.416183,-1.078857,-17.60335,-8.803062,-2.133867,0.8210747,1.458195,-1.066784,19.54801,1.299567E-05,0,0.8101358,1.483559,-1.060901,13.03905,7.842251E-06,0,0.8422166,1.368351,-1.08865,7.703191,29.67841,-7.043752,0.8212432,1.401805,-1.061263,-27.14555,-17.54326,-26.86864,0.8222595,1.434527,-1.047703,16.53994,0.0003869479,0,0.8172706,1.455528,-1.042211,11.03089,0.0002600596,0,sign
2833,0.8069906,0.9273676,-1.282637,0.3268584,0.9171306,1.275335,0.8014582,1.287895,-1.321647,-0.4575681,0.4954963,1.661422,0.8001235,1.596336,-1.309471,10.28413,-1.231523,2.726347,0.726936,0.9260963,-1.280847,-1.056103,0.447095,-0.5043544,0.7302645,0.4990242,-1.286208,6.748576,0.01627888,0.02797646,0.7312602,0.07454288,-1.341801,7.458562,-1.255627,-9.643042,0.8870453,0.928639,-1.284427,-3.834051,-0.8986652,2.465216,0.8865337,0.5023109,-1.310396,0.05934703,-0.01533462,0,0.8864936,0.07502559,-1.336915,4.137869,-0.6824432,-6.082282,0.7313702,1.410105,-1.29973,-11.4354,-2.97752,1.852029,0.6004651,1.402241,-1.322354,10.37834,18.67868,-65.95942,0.5593716,1.176555,-1.204168,113.32,-4.833124E-05,11.81226,0.870517,1.411341,-1.303756,-13.82018,-0.6451269,2.338331,0.9987668,1.411235,-1.339279,15.25453,24.0461,-63.66943,1.086271,1.214182,-1.197492,117.5051,-5.31641E-05,12.98666,0.7927161,1.310525,-1.112813,-40.38185,-28.12894,-10.52755,0.8525985,1.347784,-1.106438,-38.94249,-20.2154,-7.212731,0.7879268,1.336883,-1.134832,36.48462,-32.26743,75.53361,0.8039315,1.365379,-1.157017,0.1170339,37.53787,-0.07132626,0.8057361,1.39518,-1.159768,0.06255726,-3.556183E-06,0,0.7932007,1.339605,-1.123181,0,-14.88064,1.249918,0.7986647,1.394152,-1.126866,-1.930264,17.7041,-6.175714,0.8067975,1.437845,-1.116357,6.430596,1.145909E-05,0,0.8145534,1.464389,-1.11139,4.287291,3.415534E-06,0,0.7971676,1.338319,-1.113403,0,-8.451691E-06,0,0.8076946,1.389983,-1.10423,-6.095964,0.572739,4.145057,0.8124753,1.435463,-1.093891,8.30955,5.317931E-06,0,0.8198567,1.465002,-1.088483,5.540225,2.076447E-06,0,0.8009661,1.335547,-1.103571,3.069245,14.87364,-2.900768,0.817766,1.379922,-1.084197,-11.41999,-15.8448,1.567105,0.820029,1.422612,-1.0747,11.44293,9.759013E-06,0,0.8267503,1.449725,-1.070537,7.630003,1.91025E-06,0,0.8037758,1.330907,-1.095509,7.703165,29.67834,-7.043752,0.8254315,1.364648,-1.069021,-19.95556,-26.89916,-20.52127,0.825487,1.39837,-1.058136,18.29679,2.811779E-05,0,0.8310844,1.419787,-1.055672,12.20361,2.822097E-05,0,0.8493883,1.371995,-1.131055,32.69151,-25.16402,70.49494,0.8245847,1.39818,-1.147164,6.621136,23.93659,-2.696459,0.8109277,1.424751,-1.149695,4.033132,-8.633241E-06,0,0.8460483,1.375287,-1.11885,0,-14.88067,1.249762,0.8322763,1.428016,-1.12583,1.742149,23.19272,8.753312,0.8171017,1.469369,-1.113775,11.60125,9.979335E-05,0,0.8026454,1.492364,-1.106586,7.735658,7.095131E-05,0,0.8442008,1.374585,-1.108405,0,-5.637453E-06,0,0.8283185,1.425234,-1.101583,-6.509093,7.044529,11.82765,0.8187714,1.469409,-1.08911,15.94188,2.838093E-05,0,0.8044323,1.495566,-1.080958,10.63171,2.179179E-05,0,0.8427392,1.372443,-1.097819,3.069309,14.87367,-2.900701,0.8237028,1.416229,-1.079187,-17.6013,-8.793442,-2.128541,0.8210976,1.458242,-1.067109,19.54961,-3.045184E-06,0,0.810175,1.483609,-1.061206,13.0401,-2.873966E-06,0,0.8421742,1.36839,-1.089006,7.703165,29.67841,-7.043725,0.8212609,1.401854,-1.061586,-27.15227,-17.49566,-26.88818,0.8223154,1.434567,-1.048006,16.52013,-0.0001756913,0,0.8173528,1.455567,-1.042489,11.01766,-0.0001203108,0,sign
2867,0.8069436,0.9273722,-1.282883,0.3304307,0.9177104,1.285423,0.8013414,1.287896,-1.321993,-0.4247459,0.5184968,1.689107,0.7997963,1.596381,-1.310383,9.87006,-1.141512,2.696024,0.7268893,0.9261003,-1.281079,-1.02412,0.4439378,-0.5066768,0.7302496,0.4990252,-1.286174,6.790123,0.01592912,0,0.7312596,0.0745495,-1.341809,7.464848,-1.259022,-9.658829,0.8869979,0.9286442,-1.284687,-3.845271,-0.8963916,2.449525,0.8865007,0.5023193,-1.31071,0,2.321548E-06,0,0.8866195,0.07500973,-1.336834,4.087009,-0.6552994,-6.080702,0.7312143,1.410091,-1.300112,-11.45496,-2.946171,1.830559,0.6003049,1.402233,-1.322714,10.41922,18.64065,-65.94747,0.5592607,1.17657,-1.204469,113.3365,-4.140991E-05,11.76807,0.8703587,1.41138,-1.304206,-13.7973,-0.6492948,2.314015,0.9986057,1.411296,-1.339739,15.30808,23.9962,-63.66579,1.086091,1.214294,-1.197869,117.4543,-5.276703E-05,13.02242,0.792563,1.310674,-1.113203,-40.34613,-28.13914,-10.52143,0.8524243,1.347807,-1.10667,-38.94848,-20.2101,-7.212051,0.7877499,1.337031,-1.135218,36.48389,-32.27112,75.5394,0.8037285,1.365529,-1.157419,0.1153499,37.54603,-0.06852804,0.8055187,1.395331,-1.160171,0.05934703,-1.129121E-07,0,0.7930329,1.339754,-1.123572,0,-14.88064,1.249762,0.7984829,1.394302,-1.127263,-1.956047,17.6961,-6.189666,0.8065952,1.438,-1.116759,6.438611,3.198725E-05,0,0.8143405,1.464549,-1.111801,4.292632,1.849377E-05,0,0.7970083,1.338469,-1.113797,0,-8.052006E-06,0,0.8075324,1.390136,-1.104634,-6.10997,0.5732771,4.166733,0.8123019,1.435616,-1.094295,8.316163,-2.276532E-06,0,0.8196788,1.465157,-1.08889,5.544609,-3.549389E-06,0,0.8008155,1.335698,-1.103969,3.069245,14.87364,-2.900768,0.8176225,1.380077,-1.084609,-11.4543,-15.82683,1.586219,0.8198659,1.422763,-1.075093,11.51497,-1.328797E-05,0,0.8266069,1.449872,-1.070933,7.678054,-1.323955E-05,0,0.8036328,1.331059,-1.095909,7.703165,29.67834,-7.043725,0.8253036,1.364805,-1.069439,-19.9452,-26.87373,-20.4876,0.8253713,1.398522,-1.058542,18.27476,-5.445543E-06,0,0.8309681,1.419939,-1.056067,12.18892,-6.152175E-06,0,0.8491789,1.372007,-1.131292,32.6975,-25.16389,70.56258,0.8243451,1.398172,-1.147387,6.661442,23.97378,-2.716925,0.810684,1.424743,-1.149897,4.056565,-7.216552E-06,0,0.8458492,1.375302,-1.119085,0,-14.88068,1.249918,0.8320457,1.428023,-1.12607,1.736411,23.19501,8.797834,0.8168671,1.469374,-1.114014,11.64909,5.653017E-05,0,0.8023893,1.492352,-1.106815,7.767535,3.486053E-05,0,0.844012,1.374603,-1.108638,0,-8.644824E-06,0,0.8281125,1.425247,-1.101819,-6.50014,7.051014,11.82895,0.8185491,1.46942,-1.089349,15.93843,3.02665E-05,0,0.8042027,1.495571,-1.081191,10.62943,2.34698E-05,0,0.8425617,1.372465,-1.09805,3.069309,14.87368,-2.900701,0.8235227,1.416248,-1.079415,-17.59757,-8.78605,-2.125412,0.820906,1.458263,-1.067345,19.54822,9.633537E-06,0,0.8099757,1.483625,-1.061437,13.03919,-5.705151E-06,0,0.842007,1.368414,-1.089235,7.703165,29.67842,-7.04378,0.8211045,1.401879,-1.061807,-27.17088,-17.44517,-26.9065,0.8221673,1.434584,-1.048211,16.53225,-0.0001917977,0,0.8172032,1.455582,-1.042681,11.02577,-0.0001281497,0,sign
2900,0.8069379,0.9273834,-1.283097,0.3333784,0.9162409,1.297243,0.8012725,1.287905,-1.322296,-0.3951527,0.5413603,1.711208,0.7995221,1.596425,-1.31117,9.524232,-1.058196,2.711228,0.7268839,0.9261137,-1.281276,-1.007165,0.4411107,-0.509757,0.7302557,0.499037,-1.286224,6.793531,-0.001080838,0,0.7313899,0.07454619,-1.341741,7.447479,-1.27889,-9.67648,0.8869919,0.9286531,-1.284917,-3.824745,-0.8933036,2.437831,0.8865044,0.5023175,-1.310766,0.01978234,-0.01616222,0,0.8864987,0.07500944,-1.336914,4.094334,-0.6631016,-6.071184,0.7311046,1.410082,-1.300452,-11.44503,-2.977084,1.810349,0.6001903,1.402089,-1.322977,10.38258,18.69647,-65.92641,0.5593059,1.17645,-1.20463,113.3394,-2.827019E-05,11.74422,0.8702469,1.411426,-1.304599,-13.76579,-0.682508,2.29499,0.9984998,1.411297,-1.340111,15.15825,24.15825,-63.6465,1.086215,1.214361,-1.198291,117.4713,-5.299965E-05,13.0309,0.7925293,1.310756,-1.113458,-40.30825,-28.12772,-10.50631,0.8524954,1.34774,-1.107031,-38.9519,-20.23203,-7.220697,0.7877001,1.33711,-1.135471,36.48218,-32.27415,75.54773,0.8036598,1.365612,-1.157681,0.1186941,37.54804,-0.07401875,0.8054394,1.395415,-1.160435,0.06255726,-1.372247E-05,0,0.7929879,1.339835,-1.123828,0,-14.88066,1.249918,0.798424,1.394384,-1.127522,-1.982582,17.69072,-6.173586,0.8065116,1.438087,-1.11702,6.445307,4.293401E-05,0,0.8142443,1.46464,-1.112064,4.297147,2.078292E-05,0,0.7969682,1.338552,-1.114055,0,-1.582503E-05,0,0.8074852,1.390221,-1.104897,-6.102168,0.5713043,4.157417,0.8122548,1.435703,-1.094565,8.351954,-8.326682E-06,0,0.8196489,1.465241,-1.089174,5.568486,-1.238485E-05,0,0.8007806,1.335781,-1.104227,3.069309,14.87364,-2.900701,0.8175869,1.380164,-1.084877,-11.48134,-15.81427,1.571345,0.8198102,1.422849,-1.075347,11.58143,4.025484E-06,0,0.8265673,1.449955,-1.071192,7.722428,-6.23935E-06,0,0.8036028,1.331143,-1.096169,7.703191,29.67835,-7.043752,0.8252786,1.364894,-1.06971,-19.96457,-26.83927,-20.49849,0.8253399,1.398605,-1.058791,18.33484,9.244414E-06,0,0.8309481,1.420019,-1.05632,12.22903,6.006368E-06,0,0.8492314,1.371924,-1.131668,32.71061,-25.15233,70.54048,0.8243706,1.398059,-1.147769,6.601321,23.9877,-2.693699,0.8107038,1.424625,-1.150303,4.019464,-4.050308E-06,0,0.845902,1.375224,-1.119462,0,-14.88066,1.250075,0.8320665,1.427932,-1.126476,1.740013,23.19884,8.819511,0.8168632,1.46928,-1.114439,11.66648,0.0001160537,0,0.8023648,1.492248,-1.107248,7.779125,8.340373E-05,0,0.8440672,1.37453,-1.109014,0,-1.707039E-06,0,0.8281394,1.425169,-1.102222,-6.488334,7.056886,11.8238,0.8185426,1.46934,-1.089774,15.92304,3.806423E-05,0,0.8041838,1.495489,-1.081627,10.61917,2.868075E-05,0,0.84262,1.372397,-1.098424,3.069245,14.87368,-2.900701,0.8235589,1.416181,-1.079812,-17.59469,-8.77898,-2.126793,0.8209172,1.458199,-1.067762,19.54658,-4.972881E-06,0,0.8099725,1.483558,-1.061864,13.0381,-7.273935E-06,0,0.8420694,1.368352,-1.089607,7.703191,29.67841,-7.043725,0.8211524,1.401821,-1.062195,-27.17833,-17.39564,-26.91578,0.8222025,1.434523,-1.048591,16.51649,0.0002530062,0,0.8172352,1.455517,-1.043051,11.01524,0.0001764225,0,sign
2933,0.806917,0.9273924,-1.283392,0.3414966,0.9186297,1.310002,0.8011825,1.287907,-1.322687,-0.3700944,0.5609695,1.724877,0.7992492,1.596457,-1.311981,9.221557,-0.9816917,2.750792,0.7268634,0.9261197,-1.281553,-0.9829774,0.4409303,-0.513962,0.7302569,0.4990404,-1.286255,6.822915,-0.001112892,0,0.7313913,0.07454613,-1.341747,7.442207,-1.28287,-9.698074,0.8869705,0.928665,-1.28523,-3.820801,-0.8937721,2.429064,0.8864917,0.5023238,-1.310984,0,-4.803574E-05,0,0.8866287,0.07499784,-1.336839,4.057289,-0.6387029,-6.060325,0.7309778,1.41007,-1.30088,-11.45803,-2.951324,1.789473,0.6000623,1.402082,-1.3234,10.4406,18.63828,-65.93079,0.5592746,1.176449,-1.205008,113.3105,-2.845495E-05,11.72766,0.8701187,1.41146,-1.305061,-13.75744,-0.6696388,2.281905,0.9983683,1.411389,-1.340584,15.26905,24.0402,-63.66349,1.085972,1.214497,-1.198636,117.4376,-5.086099E-05,13.02319,0.792497,1.310739,-1.113811,-40.31103,-28.15211,-10.51655,0.852234,1.347869,-1.107413,-38.93857,-20.23001,-7.217299,0.7876552,1.337092,-1.135824,36.48354,-32.27957,75.56459,0.8035997,1.365596,-1.158042,0.1480375,37.53706,-0.09065409,0.8053792,1.395398,-1.1608,0.07401875,-9.603496E-06,0,0.7929459,1.339818,-1.124182,0,-14.88063,1.250075,0.7983685,1.394368,-1.127879,-2.00974,17.68099,-6.196915,0.8064275,1.438077,-1.11738,6.454853,-3.760255E-05,0,0.814146,1.464636,-1.11243,4.303477,-2.951469E-05,0,0.7969294,1.338536,-1.11441,0,-4.652051E-06,0,0.8074374,1.390207,-1.105257,-6.108077,0.568312,4.155014,0.8121944,1.435691,-1.094928,8.359521,1.38243E-05,0,0.8195836,1.465232,-1.089542,5.573587,1.681415E-05,0,0.8007454,1.335767,-1.104584,3.069245,14.87364,-2.900633,0.8175474,1.380154,-1.085239,-11.48746,-15.80118,1.541927,0.8197631,1.422837,-1.0757,11.58441,4.995854E-06,0,0.8265153,1.449943,-1.071545,7.724359,1.626484E-07,0,0.8035711,1.331129,-1.096527,7.703165,29.67834,-7.043725,0.8252472,1.364886,-1.070075,-19.93035,-26.81961,-20.46977,0.8253256,1.398595,-1.059151,18.25266,9.502154E-06,0,0.8309195,1.42001,-1.056658,12.17416,5.374554E-06,0,0.8489688,1.372053,-1.132049,32.71307,-25.15877,70.55514,0.8241056,1.398181,-1.148159,6.648535,23.98052,-2.712383,0.8104196,1.424737,-1.150685,4.048447,-6.893253E-06,0,0.8456362,1.375351,-1.119844,0,-14.88068,1.249918,0.831789,1.428057,-1.12686,1.747197,23.19843,8.803103,0.8165683,1.469399,-1.114825,11.66969,9.491625E-05,0,0.8020586,1.492361,-1.107639,7.781269,7.172594E-05,0,0.8437995,1.374657,-1.109396,0,-9.965871E-06,0,0.8278579,1.425292,-1.102607,-6.480653,7.062318,11.81633,0.8182411,1.469458,-1.090156,15.91465,8.472381E-06,0,0.8038743,1.495602,-1.08201,10.61354,5.780862E-07,0,0.8423508,1.372523,-1.098807,3.069245,14.87368,-2.900768,0.8232753,1.416302,-1.080198,-17.58723,-8.77034,-2.128448,0.8206146,1.458317,-1.068141,19.53495,-4.283581E-07,0,0.8096639,1.483673,-1.062241,13.03033,6.21198E-06,0,0.8417994,1.368478,-1.08999,7.703165,29.67842,-7.043752,0.8208688,1.40194,-1.062582,-27.22012,-17.33585,-26.95848,0.8219323,1.434628,-1.048942,16.59893,6.022401E-05,0,0.8169476,1.455616,-1.043399,11.07027,4.387581E-05,0,sign
2967,0.8068944,0.9273992,-1.283701,0.3466151,0.9292412,1.318341,0.8010579,1.287909,-1.323088,-0.3426407,0.5827905,1.73054,0.79895,1.596483,-1.312767,8.968501,-0.9263933,2.778336,0.7268413,0.9261119,-1.281851,-0.9466738,0.4498604,-0.5162413,0.7302526,0.4990295,-1.286244,6.866928,-0.001154429,0,0.7313854,0.07453761,-1.341753,7.443288,-1.284946,-9.713875,0.8869474,0.9286865,-1.285551,-3.805086,-0.9026808,2.422124,0.8864799,0.5023358,-1.311149,0,-0.01575971,0,0.886505,0.07500526,-1.336928,4.051638,-0.6465173,-6.049479,0.7308087,1.410056,-1.301332,-11.44517,-2.978556,1.766246,0.5998929,1.401943,-1.323807,10.3476,18.73546,-65.92102,0.5591778,1.176294,-1.205421,113.3225,-4.529298E-05,11.73119,0.8699486,1.411496,-1.305528,-13.72969,-0.6793309,2.263994,0.9982121,1.411435,-1.341001,15.21078,24.10602,-63.62421,1.085955,1.214601,-1.199058,117.4687,-5.104766E-05,13.01595,0.7923523,1.310695,-1.114267,-40.29922,-28.14231,-10.50942,0.8522074,1.347987,-1.10788,-38.98317,-20.1928,-7.21265,0.7875028,1.337047,-1.136279,36.48211,-32.28166,75.58184,0.8034377,1.365555,-1.158499,0.1678588,37.52167,-0.1008706,0.8052161,1.395356,-1.161263,0.08846933,-3.230431E-08,0,0.792794,1.339775,-1.124637,0,-14.88063,1.249918,0.7982045,1.394326,-1.128335,-2.015865,17.66855,-6.230108,0.8062476,1.43804,-1.117844,6.494073,-4.714519E-05,0,0.8139718,1.4646,-1.11291,4.329613,-3.104546E-05,0,0.7967786,1.338493,-1.114866,0,-1.698804E-06,0,0.8072764,1.390167,-1.105714,-6.108686,0.5657067,4.147418,0.8120234,1.435653,-1.095387,8.370483,3.460636E-06,0,0.8194113,1.465195,-1.090005,5.580862,1.029141E-05,0,0.8005961,1.335725,-1.10504,3.069181,14.87364,-2.900633,0.8173904,1.380116,-1.085697,-11.49806,-15.7902,1.51904,0.8195935,1.422797,-1.076148,11.61047,1.520035E-05,0,0.8263488,1.449903,-1.071993,7.74177,1.290228E-05,0,0.8034235,1.331088,-1.096983,7.703165,29.67834,-7.043725,0.8250948,1.36485,-1.070533,-19.91138,-26.79296,-20.41562,0.8251818,1.398555,-1.059597,18.20726,2.376268E-05,0,0.8307703,1.419968,-1.057082,12.14387,2.513709E-05,0,0.84894,1.372177,-1.13251,32.71837,-25.15386,70.56799,0.8240775,1.398319,-1.148597,6.646027,23.98618,-2.711805,0.8104064,1.424885,-1.151109,4.046801,-3.208835E-06,0,0.8456169,1.375475,-1.120302,0,-14.88068,1.250231,0.8317947,1.428189,-1.1273,1.764584,23.19955,8.784472,0.8165926,1.469534,-1.11525,11.64268,5.710622E-05,0,0.8021047,1.492506,-1.108052,7.763238,1.877712E-05,0,0.8437866,1.37478,-1.109853,0,-9.233248E-06,0,0.8278775,1.425423,-1.103045,-6.469448,7.069426,11.81159,0.8182839,1.469589,-1.090577,15.90259,2.362308E-05,0,0.8039368,1.495739,-1.082415,10.60553,4.299785E-06,0,0.8423434,1.372645,-1.099263,3.069309,14.87367,-2.900633,0.8233042,1.416431,-1.080634,-17.58484,-8.763205,-2.12946,0.8206723,1.458444,-1.068564,19.5213,-2.22406E-05,0,0.8097443,1.483806,-1.062648,13.02122,-3.31105E-05,0,0.8417954,1.368598,-1.090447,7.703191,29.67842,-7.043725,0.820901,1.402068,-1.063019,-27.24297,-17.29097,-26.98253,0.8220045,1.434741,-1.049349,16.64038,0.0003408651,0,0.8170301,1.455729,-1.043792,11.09794,0.000223613,0,sign
3000,0.8068743,0.9274046,-1.284028,0.3516591,0.9301725,1.319973,0.8009785,1.28791,-1.323506,-0.315279,0.6036391,1.729748,0.7987152,1.596505,-1.313527,8.763181,-0.8850107,2.78256,0.7268214,0.9261162,-1.282175,-0.9039564,0.4497093,-0.5158621,0.730248,0.4990303,-1.286212,6.919229,-0.001185963,0,0.7313827,0.07454279,-1.341755,7.447162,-1.284568,-9.721017,0.8869273,0.928693,-1.285881,-3.779941,-0.9018239,2.415002,0.8864769,0.502329,-1.311255,0.01978234,-0.01605513,0,0.8865091,0.07499215,-1.33693,4.040796,-0.6385663,-6.04734,0.7306846,1.410042,-1.30181,-11.47216,-2.936718,1.744506,0.5997766,1.401969,-1.324344,10.43864,18.65288,-65.94556,0.5591001,1.176357,-1.205874,113.2669,-5.859953E-05,11.70195,0.869824,1.411531,-1.306005,-13.7479,-0.6405267,2.247944,0.9980767,1.41159,-1.341517,15.27662,24.03943,-63.62371,1.08594,1.214838,-1.199534,117.4614,-6.090737E-05,13.01193,0.7923126,1.310616,-1.114608,-40.32604,-28.18404,-10.53314,0.8521389,1.348111,-1.108327,-38.98112,-20.19282,-7.212296,0.787456,1.336967,-1.13662,36.48152,-32.28797,75.59961,0.8033804,1.365477,-1.158845,0.1887116,37.51521,-0.1136409,0.8051554,1.395279,-1.161612,0.1008706,-8.824375E-06,0,0.7927476,1.339696,-1.124979,0,-14.88064,1.249762,0.7981466,1.394248,-1.128677,-2.028543,17.65974,-6.25423,0.8061701,1.437967,-1.11819,6.512888,-1.581019E-05,0,0.8138897,1.464529,-1.113265,4.342215,-1.568879E-05,0,0.7967331,1.338415,-1.115208,0,-6.20186E-06,0,0.8072209,1.390091,-1.106057,-6.098086,0.5660893,4.16866,0.8119674,1.435578,-1.095734,8.412582,-1.171429E-05,0,0.8193765,1.465116,-1.090361,5.608954,-1.328275E-05,0,0.800552,1.335648,-1.105382,3.069181,14.87364,-2.900701,0.8173385,1.380042,-1.086041,-11.53278,-15.78281,1.476313,0.8195116,1.422722,-1.076478,11.7103,1.395792E-05,0,0.8262917,1.449824,-1.072335,7.808388,1.241476E-05,0,0.8033808,1.331012,-1.097325,7.703165,29.67834,-7.043752,0.825047,1.364778,-1.070878,-19.91504,-26.77372,-20.41605,0.8251294,1.398479,-1.05993,18.20552,1.205596E-05,0,0.8307141,1.419893,-1.057408,12.14272,7.052959E-06,0,0.8488529,1.372295,-1.13296,32.72897,-25.1465,70.53476,0.8239658,1.398417,-1.149043,6.60138,23.98412,-2.693263,0.8102793,1.424973,-1.151567,4.01966,-8.742834E-06,0,0.8455303,1.375593,-1.120752,0,-14.88067,1.250075,0.8316766,1.428299,-1.127754,1.764362,23.20424,8.822518,0.8164532,1.469635,-1.115704,11.66572,1.784691E-05,0,0.8019442,1.492593,-1.108501,7.77867,1.939535E-05,0,0.8437024,1.374899,-1.110302,0,-4.161425E-06,0,0.8277658,1.425533,-1.103498,-6.461259,7.074972,11.80332,0.8181423,1.469693,-1.091031,15.89139,1.344084E-05,0,0.8037829,1.495837,-1.08287,10.59801,1.265144E-05,0,0.8422625,1.372765,-1.099712,3.069245,14.87367,-2.900633,0.8232018,1.416543,-1.081086,-17.57747,-8.758913,-2.135334,0.8205424,1.458555,-1.069018,19.49457,-5.786035E-06,0,0.8096097,1.483914,-1.063101,13.00336,-2.427061E-06,0,0.8417186,1.368719,-1.090895,7.703191,29.67841,-7.04378,0.8208103,1.402181,-1.063468,-27.26462,-17.25067,-26.99943,0.8219103,1.434846,-1.04978,16.67248,0.0002178106,0,0.8169225,1.455829,-1.044217,11.11935,0.000155233,0,sign
3033,0.8068554,0.9274105,-1.284385,0.360452,0.933948,1.309554,0.8009037,1.28791,-1.323965,-0.2880355,0.6222119,1.723742,0.798507,1.596519,-1.314276,8.610621,-0.8536187,2.7808,0.7268022,0.9261171,-1.282546,-0.8627541,0.4533804,-0.5192646,0.7302379,0.499028,-1.286212,6.970323,-0.00122052,0.02797646,0.731376,0.07454169,-1.341765,7.448822,-1.281604,-9.720714,0.8869087,0.928704,-1.286223,-3.765512,-0.9050138,2.413218,0.8864702,0.5023298,-1.311427,0,-9.757191E-06,0,0.8866397,0.07497814,-1.336852,4.007657,-0.6150194,-6.051909,0.7305679,1.410029,-1.302335,-11.43573,-2.994093,1.730653,0.5996591,1.401769,-1.324796,10.34817,18.77717,-65.91775,0.5590866,1.17621,-1.206188,113.2883,-2.492058E-05,11.69054,0.8697073,1.411561,-1.306515,-13.71485,-0.6683251,2.239745,0.9979844,1.41158,-1.341939,15.14345,24.19654,-63.61659,1.086002,1.21495,-1.199883,117.4768,-5.793661E-05,13.01589,0.7921944,1.310733,-1.115041,-40.29745,-28.13818,-10.50732,0.8520617,1.348076,-1.108821,-39.0346,-20.16882,-7.214173,0.7873344,1.337082,-1.137055,36.47746,-32.29363,75.62346,0.8032508,1.365596,-1.15928,0.2158,37.51471,-0.1312212,0.8050191,1.395398,-1.162046,0.1136409,-5.443553E-06,0,0.7926239,1.339812,-1.125413,0,-14.88063,1.249918,0.7980109,1.394365,-1.129112,-2.044879,17.65737,-6.232751,0.806011,1.438087,-1.118622,6.519538,-0.0001163868,0.01978234,0.8137199,1.464653,-1.113695,4.346633,-7.559716E-05,0,0.7966086,1.338533,-1.115641,0,-3.421475E-06,0,0.8070834,1.390211,-1.106491,-6.085214,0.5606216,4.136402,0.8118265,1.4357,-1.096176,8.450895,2.895692E-06,0,0.8192518,1.465237,-1.090817,5.634438,-4.653425E-07,0,0.8004269,1.335766,-1.105815,3.069245,14.87364,-2.900633,0.8172009,1.380165,-1.086473,-11.54154,-15.77231,1.45871,0.8193599,1.422843,-1.076901,11.72822,-1.488263E-06,0,0.8261389,1.449945,-1.072757,7.820319,2.781148E-06,0,0.8032559,1.331131,-1.097758,7.703165,29.67834,-7.043725,0.8249112,1.364903,-1.071308,-19.94644,-26.74052,-20.41994,0.8249739,1.398597,-1.060338,18.27386,2.455496E-05,0,0.8305678,1.420008,-1.057817,12.18832,1.628132E-05,0,0.8487712,1.372257,-1.133457,32.73463,-25.13566,70.50699,0.8238754,1.398374,-1.149534,6.54832,23.95971,-2.669025,0.8101851,1.424927,-1.15208,3.988112,-4.368453E-06,0,0.8454507,1.375557,-1.121249,0,-14.88068,1.249918,0.8315952,1.428261,-1.128258,1.74316,23.20663,8.872322,0.8163881,1.469603,-1.116207,11.7744,-2.369902E-05,0,0.8018433,1.492537,-1.109002,7.85113,-1.599642E-05,0,0.8436246,1.374864,-1.1108,0,-8.962787E-06,0,0.8276886,1.4255,-1.104001,-6.45382,7.079516,11.7947,0.8180606,1.46966,-1.091537,15.88439,2.23197E-05,0,0.8037019,1.495804,-1.083377,10.59338,1.588716E-05,0,0.8421866,1.372732,-1.100209,3.069309,14.87367,-2.900701,0.8231288,1.416512,-1.081586,-17.57577,-8.754991,-2.157037,0.8204695,1.458526,-1.069522,19.49097,-1.059692E-05,0,0.8095388,1.483887,-1.063608,13.00096,-1.075068E-05,0,0.8416442,1.368687,-1.09139,7.703165,29.67841,-7.043725,0.8207405,1.402153,-1.063966,-27.28983,-17.2256,-27.06103,0.8218572,1.434815,-1.050268,16.70477,0.0006399338,0,0.816871,1.455799,-1.044709,11.14092,0.0004321532,0,sign
3067,0.8068557,0.9274184,-1.284713,0.3722032,0.9389024,1.294071,0.8008715,1.287909,-1.324407,-0.261696,0.6316347,1.71395,0.7983901,1.596531,-1.314962,8.503575,-0.8212423,2.781223,0.7268021,0.9261183,-1.282896,-0.8336869,0.4600303,-0.5211454,0.7302318,0.4990266,-1.286258,7.005971,-0.001278749,0.02797646,0.7313687,0.07453546,-1.341773,7.444554,-1.275168,-9.713207,0.8869092,0.9287186,-1.28653,-3.756505,-0.9110138,2.415975,0.8864719,0.5023354,-1.311582,0.02797646,-0.01619396,0,0.8865165,0.07497907,-1.33693,3.99939,-0.626722,-6.05479,0.7305119,1.410027,-1.302846,-11.44293,-2.99009,1.716118,0.5996105,1.401744,-1.325342,10.40957,18.72864,-65.92384,0.5591123,1.176236,-1.206614,113.2934,-4.319073E-05,11.68707,0.8696519,1.41158,-1.307002,-13.71103,-0.6579211,2.234846,0.9979374,1.411627,-1.342395,15.07046,24.26784,-63.61063,1.086106,1.21507,-1.200332,117.4821,-5.222338E-05,12.99163,0.7921504,1.310921,-1.115529,-40.2915,-28.10316,-10.49211,0.8520688,1.348041,-1.109292,-39.09131,-20.18314,-7.230742,0.7872922,1.337268,-1.137544,36.47872,-32.29267,75.63349,0.8032109,1.365785,-1.159765,0.2148914,37.51439,-0.1312212,0.8049716,1.395587,-1.162534,0.1153499,-3.07516E-06,0,0.7925771,1.34,-1.125901,0,-14.88064,1.249762,0.7979533,1.394554,-1.1296,-2.05214,17.64859,-6.24372,0.8059326,1.438281,-1.119112,6.53393,5.319367E-06,0,0.8136351,1.464849,-1.11419,4.356175,1.586334E-06,0,0.7965588,1.338722,-1.116127,0,-6.122762E-06,0,0.807019,1.390403,-1.106975,-6.057283,0.5568601,4.125972,0.8117687,1.435893,-1.096671,8.522953,9.382218E-06,0,0.8192344,1.465424,-1.091332,5.682514,2.821195E-06,0,0.8003743,1.335957,-1.1063,3.069245,14.87364,-2.900633,0.8171318,1.38036,-1.086953,-11.5493,-15.76676,1.4125,0.8192742,1.423038,-1.077376,11.75996,1.101751E-05,0.01978234,0.8260562,1.450139,-1.073236,7.841499,8.154446E-06,0,0.8032015,1.331322,-1.098242,7.703139,29.67834,-7.043725,0.8248402,1.365099,-1.071786,-19.95619,-26.71893,-20.40546,0.8248904,1.398789,-1.060803,18.28913,1.091079E-05,0,0.8304839,1.4202,-1.058273,12.19851,8.592762E-06,0,0.8487901,1.372224,-1.133928,32.74463,-25.13541,70.51971,0.8239019,1.398345,-1.150009,6.553499,23.99034,-2.674227,0.8102287,1.424907,-1.152548,3.990322,-8.517883E-06,0,0.8454693,1.375525,-1.121721,0,-14.88066,1.249918,0.8316337,1.428234,-1.12873,1.756023,23.19886,8.802947,0.8164312,1.46958,-1.116688,11.77142,2.959424E-05,0,0.8018896,1.49252,-1.109496,7.849154,1.775041E-05,0,0.8436416,1.374832,-1.111271,0,1.546341E-06,0,0.8277229,1.425473,-1.104474,-6.445429,7.084881,11.78716,0.8181021,1.469634,-1.092007,15.87086,3.18055E-05,0,0.8037539,1.495784,-1.083848,10.58435,2.396458E-05,0,0.8422015,1.3727,-1.100681,3.069309,14.87368,-2.900768,0.823157,1.416487,-1.08206,-17.5748,-8.750144,-2.180501,0.8205101,1.4585,-1.069992,19.48846,9.245743E-06,0,0.8095888,1.483866,-1.064081,12.9993,4.015436E-06,0,0.8416564,1.368656,-1.091862,7.703191,29.67841,-7.043752,0.8207611,1.402129,-1.06444,-27.30253,-17.20196,-27.11436,0.8218951,1.434784,-1.050728,16.70372,0.0003657881,0,0.8169233,1.45577,-1.045165,11.14019,0.0002568513,0,sign
3100,0.8068539,0.92743,-1.28503,0.3805216,0.9394791,1.275489,0.8008736,1.287915,-1.32482,-0.2365626,0.6342017,1.700078,0.7983415,1.596546,-1.315578,8.428021,-0.7857575,2.782489,0.7267997,0.9261291,-1.283239,-0.8166127,0.4624763,-0.5233933,0.7302203,0.4990359,-1.286411,7.011317,-0.001216206,0,0.7313612,0.07452536,-1.341777,7.425076,-1.267857,-9.703973,0.8869081,0.9287308,-1.286822,-3.753324,-0.9131783,2.421639,0.8864685,0.5023427,-1.311788,0,-0.01656935,0,0.8865162,0.07497388,-1.336925,3.972911,-0.6222544,-6.058707,0.7305035,1.410039,-1.303328,-11.46099,-2.955583,1.703643,0.59961,1.401821,-1.325894,10.58526,18.56831,-65.95084,0.559216,1.176394,-1.206975,113.2574,-3.842004E-05,11.66745,0.8696443,1.411596,-1.307452,-13.71678,-0.6491712,2.230375,0.9979348,1.411654,-1.342827,15.00941,24.32243,-63.63362,1.086169,1.215147,-1.200734,117.4962,-6.285684E-05,13.02622,0.7922444,1.311113,-1.115915,-40.3036,-28.09573,-10.49263,0.8520156,1.348013,-1.109839,-39.10942,-20.22997,-7.251443,0.7873843,1.337458,-1.137933,36.47937,-32.29688,75.6329,0.8032988,1.365976,-1.160155,0.2185032,37.51256,-0.132704,0.8050547,1.395779,-1.162927,0.1136409,-3.371204E-06,0,0.7926668,1.340192,-1.126289,0,-14.88064,1.249918,0.7980324,1.394747,-1.12999,-2.061181,17.6384,-6.262532,0.8059922,1.438479,-1.119509,6.550086,-6.611363E-06,0,0.8136893,1.46505,-1.114595,4.366998,-4.363179E-06,0,0.7966472,1.338915,-1.116515,0,-7.21003E-06,0,0.8070955,1.390599,-1.107364,-6.053269,0.5519417,4.120368,0.811836,1.436092,-1.097067,8.529979,1.133633E-05,0,0.8192994,1.465624,-1.091733,5.687272,1.16885E-06,0,0.8004618,1.336151,-1.106687,3.069309,14.87364,-2.900701,0.8172073,1.380559,-1.08734,-11.5371,-15.75575,1.372733,0.8193509,1.423236,-1.077761,11.72872,6.099473E-06,0,0.8261185,1.450341,-1.073617,7.820695,-3.22473E-06,0,0.8032888,1.331518,-1.098628,7.703165,29.67834,-7.043725,0.8249165,1.365301,-1.07217,-19.99317,-26.6913,-20.43023,0.8249437,1.398985,-1.061169,18.37633,-3.938319E-06,0,0.8305486,1.420393,-1.058648,12.25675,-1.155406E-06,0,0.848747,1.372163,-1.134509,32.75537,-25.11947,70.49841,0.8238529,1.398252,-1.150633,6.468114,23.99998,-2.64012,0.8101893,1.424812,-1.153236,3.938057,1.573437E-06,0,0.8454164,1.375478,-1.122308,0,-14.88068,1.249918,0.8315696,1.428174,-1.129396,1.762697,23.19806,8.798906,0.8163414,1.46953,-1.11742,11.76978,0.0001389451,0,0.8017858,1.492474,-1.110268,7.848055,9.424311E-05,0,0.8435816,1.374799,-1.111859,0,-7.256931E-06,0,0.8276425,1.425444,-1.105138,-6.44129,7.089645,11.78046,0.8179955,1.469616,-1.092733,15.85878,6.540894E-06,0,0.8036369,1.495774,-1.084617,10.57626,7.250796E-06,0,0.8421346,1.372681,-1.101266,3.069309,14.87368,-2.900768,0.8230634,1.416486,-1.082716,-17.56776,-8.741945,-2.181488,0.8203892,1.458512,-1.0707,19.45151,3.282754E-05,0,0.8094689,1.483886,-1.064822,12.97462,2.043795E-05,0,0.8415846,1.368647,-1.092443,7.703139,29.67842,-7.043752,0.8206596,1.40215,-1.065079,-27.30935,-17.16286,-27.12552,0.8217775,1.434813,-1.051387,16.69936,0.000123235,0,0.8167995,1.455802,-1.04584,11.1373,8.465992E-05,0,sign
3133,0.8068907,0.9274409,-1.28462,0.386643,0.9398803,1.257411,0.8009442,1.287922,-1.324483,-0.2185032,0.6255401,1.688064,0.7984133,1.596561,-1.315405,8.358582,-0.7405485,2.775868,0.726836,0.9261395,-1.282854,-0.884702,0.4665889,-0.5248867,0.7302197,0.4990497,-1.286486,6.947067,0.01724891,0,0.7312155,0.07453585,-1.34183,7.423093,-1.239664,-9.697426,0.8869454,0.9287423,-1.286387,-3.780563,-0.9153615,2.424628,0.8864967,0.5023634,-1.31151,0,-0.01695099,0,0.8865249,0.0750109,-1.336921,4.012638,-0.6148189,-6.062847,0.7305882,1.410063,-1.303044,-11.47286,-2.947516,1.696967,0.5997017,1.401877,-1.325662,10.63715,18.49977,-65.96862,0.5593451,1.176455,-1.206722,113.2762,-1.717298E-05,11.69393,0.8697301,1.411598,-1.307139,-13.70133,-0.6670981,2.22818,0.9980376,1.411584,-1.342453,15.01128,24.33535,-63.6282,1.086154,1.215129,-1.200216,117.5101,-6.289305E-05,13.03913,0.7923355,1.31129,-1.115736,-40.30886,-28.0634,-10.48162,0.8520167,1.348168,-1.109535,-39.13078,-20.2448,-7.261122,0.7874797,1.337631,-1.13776,36.47523,-32.29998,75.63993,0.8033953,1.36615,-1.15998,0.220287,37.51158,-0.132704,0.8051443,1.395952,-1.162757,0.1153499,-3.360342E-06,0,0.7927572,1.340367,-1.126114,0,-14.88064,1.249762,0.7981156,1.394923,-1.129821,-2.07726,17.6315,-6.301327,0.8060511,1.438659,-1.119342,6.543736,-1.174628E-05,0,0.8137305,1.465236,-1.11443,4.36269,-1.36302E-05,0,0.796734,1.339092,-1.116338,0,-1.148762E-05,0,0.8071705,1.390779,-1.10719,-6.070215,0.5443724,4.102601,0.8118846,1.436276,-1.096898,8.493546,-2.180598E-05,0,0.8193128,1.465816,-1.09156,5.662959,-2.585461E-05,0,0.8005452,1.33633,-1.106508,3.069309,14.87364,-2.900701,0.8172761,1.380743,-1.087161,-11.54722,-15.74322,1.347556,0.8194056,1.42342,-1.077576,11.76253,8.349994E-06,0,0.8261794,1.450523,-1.073434,7.843201,2.37402E-06,0,0.8033698,1.331698,-1.098447,7.703139,29.67835,-7.04378,0.8249818,1.365489,-1.071986,-19.99285,-26.66789,-20.45591,0.8250036,1.39917,-1.060976,18.37643,1.390073E-05,0,0.8306049,1.420578,-1.05845,12.2568,7.171421E-06,0,0.848778,1.372292,-1.134234,32.75174,-25.10552,70.50822,0.8239085,1.398385,-1.15039,6.424281,23.96771,-2.61883,0.8102677,1.424951,-1.153051,3.912415,1.34718E-06,0,0.8454443,1.375624,-1.122038,0,-14.88068,1.249918,0.8316408,1.428322,-1.129192,1.763807,23.19683,8.79129,0.8164377,1.469704,-1.117271,11.77958,9.551154E-05,0,0.8018916,1.492664,-1.110154,7.854555,6.516918E-05,0,0.843604,1.374958,-1.111589,0,-6.409641E-06,0,0.8277002,1.425622,-1.104933,-6.436387,7.095009,11.77179,0.8180765,1.469814,-1.092579,15.83998,5.161386E-05,0,0.8037402,1.495995,-1.084497,10.56373,3.819279E-05,0,0.8421504,1.372852,-1.100995,3.069245,14.87368,-2.900768,0.8231038,1.416693,-1.082502,-17.56283,-8.733377,-2.180232,0.8204514,1.458732,-1.070529,19.41293,-9.666172E-06,0,0.8095624,1.484126,-1.064677,12.94886,7.402733E-07,0,0.8415931,1.36883,-1.092167,7.703139,29.67842,-7.043752,0.8206807,1.402379,-1.064851,-27.32767,-17.12283,-27.15374,0.8218274,1.435047,-1.051172,16.71973,0.0001073888,0,0.8168636,1.456044,-1.045642,11.15088,7.539726E-05,0,sign
3167,0.8068978,0.9274519,-1.284403,0.3936644,0.933676,1.240016,0.8010186,1.287929,-1.324334,-0.2017412,0.613085,1.674562,0.7985152,1.596577,-1.315419,8.277706,-0.7018244,2.76612,0.7268424,0.9261592,-1.282661,-0.9339799,0.4627205,-0.5263757,0.7302025,0.499072,-1.286611,6.887292,0.0174041,0,0.7312014,0.07454178,-1.341829,7.405892,-1.229585,-9.688867,0.8869531,0.9287446,-1.286145,-3.811359,-0.910231,2.427613,0.8864998,0.5023763,-1.311449,0,-4.731902E-06,0,0.8866625,0.07502323,-1.336851,4.013614,-0.5871001,-6.06608,0.7306843,1.410092,-1.302947,-11.4646,-2.971484,1.690613,0.5998014,1.401872,-1.325574,10.51208,18.64092,-65.99494,0.5592686,1.176502,-1.206595,113.2946,-5.560503E-05,11.71418,0.8698274,1.411595,-1.307009,-13.70883,-0.6713535,2.223344,0.9981384,1.411533,-1.34231,14.99387,24.34706,-63.61044,1.086218,1.215062,-1.200072,117.5258,-7.380109E-05,12.99985,0.7923721,1.311217,-1.115722,-40.37806,-28.04091,-10.49235,0.8521501,1.348241,-1.109415,-39.14393,-20.20984,-7.25101,0.7875245,1.337555,-1.137751,36.47391,-32.30515,75.65261,0.8034452,1.366073,-1.159968,0.2390311,37.50807,-0.1440177,0.8051939,1.395875,-1.162748,0.1251145,-5.013597E-06,0,0.7927957,1.340293,-1.126103,0,-14.88063,1.250075,0.7981492,1.394849,-1.129813,-2.07528,17.62154,-6.344245,0.8060726,1.43859,-1.119343,6.574531,-5.470063E-05,0,0.8137572,1.465168,-1.114444,4.383248,-3.507542E-05,0,0.7967675,1.33902,-1.116325,0,-4.916835E-06,0,0.8071929,1.390709,-1.107177,-6.056345,0.54322,4.137916,0.8119062,1.436208,-1.096892,8.527054,1.864271E-05,0,0.8193521,1.465744,-1.091561,5.685272,1.333579E-05,0,0.8005739,1.33626,-1.106493,3.069181,14.87364,-2.900633,0.8172893,1.380677,-1.087142,-11.54118,-15.72667,1.342463,0.8194171,1.423352,-1.07755,11.7461,2.366378E-07,0,0.8261833,1.450456,-1.073399,7.832282,-4.415631E-07,0,0.8033949,1.331629,-1.09843,7.703139,29.67834,-7.043725,0.8249891,1.365425,-1.071961,-20.00967,-26.63776,-20.46866,0.8249974,1.399101,-1.060935,18.4223,4.032586E-06,0,0.8306057,1.420508,-1.058408,12.28742,4.209516E-07,0,0.8489278,1.372388,-1.134093,32.76222,-25.10485,70.48137,0.8240735,1.39851,-1.150225,6.40236,23.97586,-2.61067,0.8104548,1.42509,-1.152865,3.898827,-6.798227E-06,0,0.8455991,1.375713,-1.121894,0,-14.88067,1.249918,0.8318395,1.428429,-1.129003,1.765581,23.19578,8.791201,0.8166729,1.469813,-1.117046,11.79973,-2.482465E-05,0,0.8021387,1.492775,-1.109909,7.868037,-1.643658E-05,0,0.84376,1.37504,-1.111445,0,-2.557197E-06,0,0.8279008,1.425713,-1.104746,-6.427607,7.097643,11.75757,0.81831,1.4699,-1.092353,15.81457,-1.958851E-06,0,0.8040052,1.496092,-1.084249,10.54677,-6.780073E-06,0,0.8423064,1.372927,-1.100853,3.069309,14.87368,-2.900633,0.8233005,1.416769,-1.082322,-17.55723,-8.727799,-2.183371,0.8206816,1.4588,-1.07031,19.37635,4.804744E-05,0,0.8098291,1.484202,-1.06443,12.92442,3.942642E-05,0,0.8417473,1.368897,-1.092029,7.703165,29.67841,-7.043808,0.8208683,1.402442,-1.064681,-27.33833,-17.09385,-27.17564,0.8220514,1.435091,-1.050959,16.71732,0.0012441,0,0.8171119,1.456086,-1.045401,11.14926,0.0008470003,0,sign
3200,0.8068984,0.9274647,-1.28446,0.4020255,0.9405426,1.224932,0.8010368,1.287936,-1.324483,-0.1780411,0.600849,1.663658,0.7985749,1.596593,-1.31576,8.20875,-0.6782148,2.750508,0.7268427,0.9261624,-1.282739,-0.9505931,0.4713144,-0.5278606,0.7301891,0.4990757,-1.286752,6.859555,0.0176386,0.01978234,0.7311913,0.07452706,-1.341828,7.386552,-1.219331,-9.680746,0.886954,0.9287669,-1.286182,-3.808789,-0.9170833,2.43156,0.8865086,0.502394,-1.311407,0,3.334051E-06,0,0.8866714,0.0750435,-1.336853,4.022289,-0.5765859,-6.064108,0.7307247,1.410123,-1.303158,-11.44833,-3.012683,1.676548,0.5998439,1.401826,-1.325769,10.45835,18.69443,-66.01475,0.5593808,1.17647,-1.206741,113.2894,-2.237372E-05,11.74117,0.8698689,1.411595,-1.307196,-13.69691,-0.6956109,2.205668,0.9981939,1.411435,-1.342446,14.95379,24.3653,-63.58799,1.08612,1.214867,-1.200246,117.5456,-4.815126E-05,13.00905,0.7925079,1.311206,-1.115959,-40.40152,-28.01731,-10.4898,0.8521644,1.348275,-1.109636,-39.09347,-20.17909,-7.229712,0.7876629,1.337542,-1.137991,36.47231,-32.31142,75.66386,0.8035825,1.36606,-1.160209,0.2661444,37.50893,-0.1619255,0.8053326,1.395862,-1.162987,0.1412742,-4.147831E-06,0,0.7929307,1.340281,-1.126342,0,-14.88066,1.250075,0.7982788,1.394837,-1.130054,-2.089285,17.61673,-6.344059,0.8061833,1.438582,-1.119585,6.576559,3.421721E-05,0,0.8138577,1.465163,-1.114686,4.384677,1.727369E-05,0,0.7969002,1.339009,-1.116563,0,-1.921915E-05,0,0.8073171,1.3907,-1.107416,-6.058481,0.5331464,4.074772,0.812018,1.436202,-1.09714,8.517836,-1.56373E-05,0,0.8194501,1.465743,-1.091817,5.679167,-1.280885E-05,0,0.8007044,1.33625,-1.10673,3.069309,14.87364,-2.900633,0.8174096,1.38067,-1.087377,-11.55289,-15.71454,1.325299,0.8195251,1.423344,-1.077777,11.78721,2.195046E-06,0,0.8263021,1.450446,-1.073627,7.859675,-1.583016E-06,0,0.8035238,1.33162,-1.098665,7.703139,29.67836,-7.043752,0.8251072,1.36542,-1.072194,-20.03426,-26.61557,-20.4702,0.8250998,1.399092,-1.061154,18.48452,2.785561E-07,0,0.8307185,1.420497,-1.058631,12.32896,1.037616E-06,0,0.8489442,1.372431,-1.134307,32.77404,-25.11349,70.48303,0.8240899,1.398554,-1.150437,6.42959,24.01745,-2.626145,0.8104771,1.42514,-1.15305,3.914116,2.50099E-06,0,0.8456154,1.375752,-1.122107,0,-14.88066,1.249918,0.8318597,1.428471,-1.129198,1.789145,23.19492,8.766856,0.8166795,1.469847,-1.117231,11.74356,2.924059E-05,0,0.802161,1.492818,-1.110089,7.830553,1.969112E-05,-0.02797646,0.8437762,1.375075,-1.111658,0,2.27596E-06,0,0.8279204,1.425747,-1.104942,-6.423365,7.100055,11.75165,0.8183289,1.46993,-1.092533,15.79991,5.017219E-05,0,0.8040307,1.496122,-1.08442,10.537,4.542167E-05,0,0.8423223,1.372959,-1.101066,3.069245,14.87368,-2.900768,0.8233192,1.416796,-1.082521,-17.55551,-8.721875,-2.178885,0.8207012,1.458821,-1.070491,19.34562,3.038496E-05,0,0.8098632,1.484226,-1.064596,12.9039,2.555805E-05,0,0.8417627,1.368927,-1.092244,7.703165,29.67841,-7.04378,0.8208857,1.402463,-1.064885,-27.33754,-17.07791,-27.19004,0.8220702,1.435104,-1.051143,16.66802,-0.0002436153,0,0.8171491,1.456098,-1.045565,11.1164,-0.000160555,0,sign
3233,0.806916,0.9274783,-1.284477,0.4092611,0.9415131,1.211923,0.8011119,1.287945,-1.324614,-0.14537,0.5810691,1.656467,0.7987446,1.59661,-1.316099,8.175147,-0.6667237,2.733446,0.72686,0.9261748,-1.282774,-0.9715644,0.4750127,-0.5315546,0.7301843,0.4990889,-1.286888,6.821909,-0.001057953,0.01978234,0.7313206,0.07451794,-1.341789,7.362713,-1.226543,-9.675282,0.886972,0.9287817,-1.286181,-3.82454,-0.9197911,2.435823,0.8865173,0.5024126,-1.311468,0,-0.01748587,0,0.8865439,0.0750621,-1.336915,4.027835,-0.5845633,-6.057607,0.7308393,1.410169,-1.303368,-11.47346,-2.984229,1.654812,0.5999643,1.40197,-1.326049,10.40549,18.73451,-66.04883,0.5592481,1.176635,-1.207068,113.2963,-4.543232E-05,11.74518,0.8699846,1.41159,-1.307389,-13.71798,-0.6875659,2.181398,0.998301,1.411384,-1.342669,14.93821,24.37738,-63.59172,1.086209,1.214799,-1.200483,117.5433,-5.427984E-05,13.00663,0.7925202,1.311116,-1.11628,-40.47517,-28.03898,-10.51893,0.8523034,1.348258,-1.10982,-39.09483,-20.21583,-7.243403,0.787678,1.337449,-1.138315,36.47098,-32.3149,75.67838,0.8035983,1.365967,-1.160533,0.2907402,37.5131,-0.1769387,0.8053476,1.395769,-1.16331,0.1519511,-1.087619E-05,0,0.7929428,1.34019,-1.126665,0,-14.88065,1.249918,0.7982866,1.394747,-1.130381,-2.103754,17.61104,-6.343379,0.8061725,1.438495,-1.119914,6.574053,-9.490232E-05,0,0.8138349,1.465079,-1.115015,4.382891,-6.858979E-05,0,0.79691,1.338919,-1.116885,0,-1.352259E-05,0,0.8073198,1.390612,-1.10774,-6.069957,0.524831,4.021121,0.8120026,1.436117,-1.09747,8.494471,-1.459864E-05,0,0.8194105,1.465665,-1.092149,5.663616,-1.581248E-05,0,0.800712,1.336161,-1.10705,3.069245,14.87364,-2.900701,0.8174083,1.380585,-1.087698,-11.58597,-15.70415,1.285118,0.8194974,1.423258,-1.078085,11.90117,2.634777E-06,0,0.8263085,1.450353,-1.073949,7.93568,-5.140555E-06,0,0.8035299,1.331532,-1.098985,7.703165,29.67835,-7.043752,0.8251036,1.365337,-1.072511,-20.02084,-26.59062,-20.43856,0.8251017,1.399006,-1.061463,18.46158,9.429146E-06,0,0.8307199,1.420409,-1.058925,12.31366,1.290311E-06,0,0.8490956,1.372402,-1.134503,32.76695,-25.10104,70.50215,0.8242517,1.398529,-1.150643,6.398776,23.98291,-2.609921,0.810648,1.425116,-1.153291,3.896415,-6.04355E-07,0,0.8457656,1.37573,-1.122305,0,-14.88067,1.250075,0.8320279,1.42845,-1.129426,1.788598,23.19612,8.78322,0.8168588,1.469837,-1.117482,11.76306,0.0001273512,0,0.8023384,1.49281,-1.110353,7.843551,8.571312E-05,0,0.843924,1.375059,-1.111857,0,-3.563671E-06,0,0.8280831,1.42574,-1.105169,-6.418663,7.103219,11.74625,0.8184993,1.469931,-1.092783,15.7908,1.642586E-05,0,0.8042096,1.496132,-1.084686,10.53089,1.369854E-05,0,0.8424675,1.372949,-1.101264,3.069245,14.87368,-2.900701,0.8234748,1.416802,-1.082745,-17.55474,-8.717145,-2.188922,0.8208669,1.458833,-1.070733,19.3104,-7.161578E-06,0,0.8100513,1.48425,-1.064849,12.88039,-5.26216E-06,0,0.8419049,1.368921,-1.09244,7.703165,29.67842,-7.043752,0.8210333,1.402479,-1.065102,-27.35938,-17.04943,-27.19052,0.8222381,1.435118,-1.05136,16.69658,0.0008659644,0,0.8173204,1.456115,-1.045787,11.1354,0.0005770424,0,sign
3267,0.8069016,0.9274926,-1.284527,0.4154301,0.9339601,1.202359,0.8011849,1.287956,-1.324786,-0.1083524,0.5610186,1.650549,0.7989296,1.596628,-1.316474,8.173755,-0.6714534,2.722108,0.7268451,0.9261997,-1.282837,-0.9857605,0.4673213,-0.5374122,0.7301694,0.4991144,-1.287014,6.801956,0.01819282,0,0.7311699,0.07453156,-1.341826,7.352633,-1.199373,-9.678675,0.8869581,0.9287854,-1.286217,-3.828173,-0.911041,2.436224,0.8865166,0.5024153,-1.311489,0,-0.01819552,0,0.886552,0.07506323,-1.336909,4.02944,-0.5733907,-6.054143,0.7309529,1.410218,-1.303627,-11.45934,-3.01342,1.636858,0.600076,1.401983,-1.326283,10.30508,18.83837,-66.05119,0.5592552,1.176692,-1.207252,113.3271,-3.116907E-05,11.75489,0.8700991,1.411588,-1.307634,-13.68115,-0.7479692,2.160936,0.9984413,1.411174,-1.342819,14.79542,24.51255,-63.57975,1.086187,1.214526,-1.200618,117.5709,-5.234349E-05,13.00801,0.7925714,1.311191,-1.116603,-40.50447,-28.00745,-10.51491,0.8523531,1.348219,-1.110114,-39.07379,-20.16691,-7.221294,0.7877325,1.337522,-1.138642,36.46857,-32.31592,75.68434,0.8036544,1.36604,-1.160859,0.2934199,37.5155,-0.1791368,0.8053988,1.395842,-1.163637,0.1557664,-4.188201E-06,0,0.792994,1.340264,-1.126991,0,-14.88064,1.249918,0.7983339,1.394821,-1.130711,-2.116091,17.60359,-6.366242,0.8062028,1.438573,-1.120248,6.570085,-5.703799E-05,0,0.8138528,1.465161,-1.11535,4.380298,-4.014983E-05,0,0.7969589,1.338995,-1.11721,0,-9.179655E-06,0,0.8073618,1.390689,-1.108067,-6.064432,0.5178737,3.978329,0.8120402,1.436197,-1.097807,8.507546,-6.24347E-06,0,0.8194511,1.465746,-1.092496,5.672296,-7.919627E-06,0,0.8007588,1.336238,-1.107374,3.069181,14.87364,-2.900633,0.8174462,1.380665,-1.088022,-11.57389,-15.68937,1.260053,0.8195414,1.423336,-1.078405,11.8813,5.736728E-07,0,0.8263469,1.450432,-1.074265,7.922436,-9.236552E-07,0,0.803575,1.33161,-1.099308,7.703165,29.67834,-7.04378,0.8251391,1.365419,-1.072831,-19.99235,-26.5866,-20.44927,0.8251473,1.399089,-1.061788,18.38124,9.220638E-06,0,0.830747,1.420496,-1.059235,12.26001,4.455654E-06,0,0.8491591,1.372376,-1.134786,32.76472,-25.09138,70.4828,0.824327,1.398525,-1.15091,6.359247,23.94217,-2.589516,0.8107287,1.425114,-1.153567,3.873633,-4.684668E-06,0,0.8458295,1.375701,-1.122587,0,-14.88067,1.250231,0.8321177,1.42843,-1.129684,1.777732,23.19009,8.760737,0.8169752,1.469823,-1.117726,11.82678,-3.583299E-05,0,0.8024427,1.492787,-1.110593,7.886054,-3.512512E-05,0,0.8439867,1.375026,-1.112139,0,-4.154528E-06,0,0.8281695,1.42571,-1.105429,-6.416769,7.105247,11.73976,0.8186039,1.4699,-1.093021,15.78863,5.749749E-06,0,0.8043261,1.496104,-1.084913,10.52946,-5.680241E-06,0,0.8425282,1.372911,-1.101548,3.069309,14.87368,-2.900768,0.8235549,1.416764,-1.083009,-17.56315,-8.714389,-2.209303,0.8209721,1.458791,-1.070975,19.30326,3.976126E-05,0,0.8101753,1.484213,-1.06508,12.87561,2.078782E-05,0,0.841963,1.368879,-1.092725,7.703139,29.67841,-7.043752,0.8211049,1.402434,-1.065374,-27.40183,-17.02225,-27.21874,0.822349,1.435059,-1.051601,16.79326,0.0007988382,0,0.8174247,1.456054,-1.046027,11.19999,0.0005347678,0,sign
3300,0.8068572,0.9275063,-1.284605,0.4173099,0.9449902,1.192554,0.8011657,1.287969,-1.324973,-0.06852804,0.5387599,1.646038,0.7990399,1.596646,-1.316862,8.180814,-0.6819709,2.720453,0.7268007,0.926198,-1.282929,-0.9915005,0.4764763,-0.5435666,0.7301393,0.4991131,-1.287133,6.778704,-0.001005682,0,0.7313062,0.0745126,-1.341805,7.334786,-1.214182,-9.677963,0.8869137,0.9288146,-1.286282,-3.826229,-0.9193454,2.43325,0.8864975,0.5024428,-1.311525,0,-0.01827396,0,0.8865578,0.07508889,-1.336914,4.030849,-0.5619829,-6.052719,0.7309796,1.410272,-1.303902,-11.46522,-3.016886,1.620154,0.600104,1.402065,-1.326575,10.30866,18.83091,-66.09778,0.5592724,1.176834,-1.207435,113.3408,-5.429869E-05,11.7836,0.8701265,1.411585,-1.307899,-13.73007,-0.7134215,2.143658,0.9984415,1.411178,-1.343183,14.74875,24.55177,-63.62492,1.086314,1.214565,-1.201012,117.5868,-6.16078E-05,12.94907,0.7926872,1.311325,-1.11703,-40.55339,-27.9581,-10.50942,0.8524183,1.348166,-1.110531,-39.12539,-20.17339,-7.23397,0.7878518,1.337655,-1.139072,36.46842,-32.3199,75.68916,0.8037753,1.366172,-1.161288,0.3051875,37.51437,-0.1855749,0.8055203,1.395975,-1.164066,0.1619255,-1.619411E-05,0,0.7931103,1.340398,-1.127419,0,-14.88064,1.249762,0.7984471,1.394955,-1.13114,-2.118679,17.59542,-6.383037,0.8063062,1.43871,-1.120682,6.587433,-0.0001487447,0,0.8139575,1.465299,-1.115791,4.391953,-0.0001000448,0,0.7970729,1.339129,-1.117637,0,-1.025025E-05,0,0.8074697,1.390825,-1.108494,-6.067081,0.5151141,3.967781,0.8121396,1.436334,-1.098235,8.499971,-7.098753E-06,0,0.8195412,1.465885,-1.092924,5.667283,-6.732414E-06,0,0.8008705,1.336373,-1.1078,3.069309,14.87364,-2.900701,0.8175498,1.380802,-1.088446,-11.56236,-15.67238,1.258033,0.819652,1.423472,-1.078821,11.86367,9.813217E-06,0,0.8264542,1.450567,-1.074672,7.910658,2.200474E-06,0,0.8036851,1.331746,-1.099733,7.703165,29.67835,-7.04378,0.8252402,1.365558,-1.073253,-19.98755,-26.56599,-20.40846,0.8252494,1.399225,-1.062199,18.37202,1.010927E-05,0,0.8308508,1.420629,-1.059633,12.25385,9.851324E-06,0,0.8492515,1.372342,-1.135188,32.77253,-25.10141,70.47491,0.8244449,1.398516,-1.151311,6.395281,23.9546,-2.605567,0.8108588,1.425113,-1.153942,3.895159,-4.053757E-06,0,0.8459198,1.37566,-1.122988,0,-14.88069,1.249762,0.8322498,1.428405,-1.130055,1.777292,23.19263,8.786909,0.8171335,1.4698,-1.118072,11.85016,-4.223037E-05,0,0.8026059,1.492764,-1.110927,7.901645,-3.677531E-05,0,0.8440726,1.37498,-1.112541,0,-1.247083E-05,0,0.8282903,1.425672,-1.105803,-6.413131,7.106668,11.72669,0.8187498,1.469859,-1.093369,15.78432,-1.258206E-05,0,0.8044884,1.496069,-1.085249,10.52656,-1.30568E-05,0,0.8426085,1.372859,-1.101952,3.069309,14.87367,-2.900768,0.8236606,1.416714,-1.083391,-17.56616,-8.709606,-2.220525,0.8211063,1.458733,-1.071326,19.29099,2.187403E-05,0,0.810333,1.484162,-1.065415,12.86741,1.030313E-05,0,0.8420369,1.368822,-1.093132,7.703165,29.67842,-7.04378,0.8211933,1.402374,-1.065766,-27.41476,-17.00196,-27.2327,0.8224638,1.434983,-1.051959,16.80282,0.0005256199,0,0.8175549,1.455977,-1.046368,11.20636,0.0003516157,0,sign
3333,0.8068165,0.9275169,-1.284652,0.4228991,0.9452994,1.183495,0.8011839,1.287976,-1.325148,-0.02797646,0.5184104,1.643301,0.7991822,1.596659,-1.317249,8.189521,-0.6978601,2.730866,0.7267597,0.9262082,-1.282988,-0.9989719,0.4747072,-0.5453635,0.7301138,0.4991235,-1.287207,6.768281,-0.0009888564,0.02797646,0.7313044,0.07451504,-1.341816,7.327291,-1.21373,-9.678329,0.8868733,0.9288256,-1.286316,-3.829605,-0.9171866,2.43156,0.8864794,0.5024527,-1.311544,0,3.795777E-06,0,0.8867019,0.07509515,-1.33687,4.025696,-0.5344294,-6.0522,0.7310401,1.410319,-1.304167,-11.45076,-3.027464,1.604619,0.6001585,1.402117,-1.326808,10.30647,18.83163,-66.12805,0.5593609,1.176951,-1.207533,113.3165,-4.403503E-05,11.80707,0.8701879,1.41158,-1.308159,-13.69137,-0.7769603,2.127069,0.9985277,1.410954,-1.343349,14.62716,24.68461,-63.60802,1.086252,1.214347,-1.20108,117.6382,-4.381146E-05,12.94159,0.7928962,1.311339,-1.117286,-40.6125,-27.93218,-10.51595,0.8524419,1.348294,-1.110892,-39.11546,-20.13157,-7.216728,0.7880653,1.337668,-1.13933,36.466,-32.32155,75.69786,0.8039917,1.366186,-1.161543,0.3208161,37.50992,-0.1958353,0.8057387,1.395988,-1.164322,0.1701742,-4.916457E-06,0,0.7933205,1.340412,-1.127676,0,-14.88064,1.250075,0.7986555,1.394969,-1.131398,-2.124122,17.589,-6.388533,0.806504,1.438727,-1.120942,6.597517,-8.527166E-05,0,0.8141534,1.465317,-1.116056,4.398548,-5.821111E-05,0,0.7972805,1.339144,-1.117893,0,-5.400888E-06,0,0.8076721,1.39084,-1.108749,-6.100819,0.5084921,3.930641,0.8123092,1.436352,-1.098486,8.42914,1.378229E-06,0,0.8196537,1.465914,-1.09316,5.619985,1.005324E-06,0,0.8010756,1.336388,-1.108055,3.069245,14.87364,-2.900768,0.8177474,1.380819,-1.088698,-11.57221,-15.65353,1.272724,0.819843,1.423485,-1.079059,11.90751,1.704362E-05,0,0.8266619,1.450576,-1.074905,7.939909,1.135572E-05,0,0.8038883,1.331761,-1.099987,7.703191,29.67834,-7.043725,0.8254343,1.365575,-1.073502,-19.98292,-26.55237,-20.39982,0.8254437,1.399241,-1.062443,18.34998,2.029388E-05,0,0.8310401,1.420645,-1.059866,12.23914,1.260606E-05,0,0.8493063,1.372468,-1.135555,32.76962,-25.10315,70.50216,0.8245314,1.398663,-1.151693,6.427211,23.9451,-2.617709,0.8109646,1.425269,-1.154329,3.914816,-7.404084E-06,0,0.8459734,1.375792,-1.123357,0,-14.88069,1.249918,0.8323547,1.428548,-1.13044,1.78257,23.18933,8.759705,0.817269,1.46996,-1.118474,11.858,4.095158E-05,0,0.8027546,1.492936,-1.111344,7.906885,2.453157E-05,0,0.8441218,1.375116,-1.112911,0,-1.546467E-05,0,0.828384,1.425823,-1.106189,-6.408145,7.109732,11.71625,0.8188757,1.470021,-1.093765,15.77196,2.522308E-06,0,0.8046389,1.496247,-1.085657,10.51835,-7.141309E-06,0,0.8426519,1.372999,-1.102321,3.069309,14.87367,-2.900701,0.8237379,1.416874,-1.083776,-17.57073,-8.705729,-2.224928,0.8212213,1.458898,-1.071718,19.28226,1.757223E-05,0,0.8104753,1.48434,-1.065814,12.86158,1.24303E-06,0,0.8420734,1.368964,-1.093501,7.703165,29.67842,-7.043752,0.8212512,1.40254,-1.066149,-27.44038,-16.9792,-27.26306,0.8225617,1.435146,-1.052336,16.8585,0.0007802566,0,0.8176621,1.456145,-1.046755,11.24349,0.0005234355,0,sign
3367,0.8066635,0.9275202,-1.284924,0.4284154,0.9426284,1.175531,0.8011003,1.287976,-1.325546,0,0.4979303,1.645562,0.7992267,1.596665,-1.317852,8.203918,-0.7163265,2.742454,0.7266064,0.9262153,-1.283271,-0.9600154,0.4623017,-0.5446455,0.7300401,0.4991282,-1.287162,6.820931,0.01864921,0,0.7311597,0.07452723,-1.341831,7.335507,-1.2037,-9.678756,0.8867205,0.928825,-1.286576,-3.817211,-0.9049097,2.432365,0.8864043,0.5024446,-1.311676,0,-3.83709E-06,0,0.8867046,0.07507941,-1.336873,4.011369,-0.5212098,-6.048669,0.7310011,1.410359,-1.304649,-11.46951,-2.994416,1.589916,0.6001185,1.402265,-1.327322,10.27942,18.83784,-66.15425,0.5591279,1.177137,-1.208042,113.3686,-6.419975E-05,11.8311,0.8701491,1.411567,-1.308647,-13.72189,-0.7563409,2.11211,0.9984688,1.410919,-1.34391,14.70102,24.58747,-63.60036,1.08609,1.214284,-1.201615,117.6598,-5.461279E-05,12.99122,0.792762,1.311493,-1.118003,-40.66017,-27.89252,-10.51388,0.8524452,1.348533,-1.111445,-39.08702,-20.158,-7.220697,0.7879359,1.337819,-1.140051,36.46252,-32.32386,75.6967,0.8038647,1.366336,-1.162263,0.3316129,37.49611,-0.2017412,0.8056176,1.396137,-1.165048,0.1758294,1.80419E-07,0,0.7931881,1.340564,-1.128396,0,-14.88062,1.249762,0.7985223,1.395121,-1.132122,-2.129092,17.58168,-6.423396,0.8063612,1.438882,-1.121674,6.604053,6.671088E-06,0,0.814007,1.465475,-1.116794,4.402998,7.875133E-06,0,0.7971457,1.339297,-1.118612,0,1.688859E-06,0,0.8075333,1.390995,-1.109471,-6.092168,0.5141244,3.97365,0.8121746,1.436507,-1.09921,8.455564,1.036161E-05,0,0.8195363,1.466066,-1.093887,5.637603,1.061893E-05,0,0.8009383,1.336543,-1.108772,3.069245,14.87364,-2.900701,0.8176038,1.380977,-1.089416,-11.58175,-15.63733,1.27134,0.8196934,1.423641,-1.079767,11.95734,-5.370731E-06,0,0.8265315,1.450727,-1.075615,7.973167,-5.919258E-06,0,0.8037491,1.331917,-1.100703,7.703139,29.67834,-7.043725,0.8252875,1.365735,-1.074217,-20.03357,-26.52382,-20.45423,0.8252712,1.399393,-1.063138,18.47511,4.202776E-06,0,0.8308877,1.420795,-1.06058,12.32267,1.199882E-06,0,0.8493136,1.372667,-1.136148,32.76812,-25.09538,70.52876,0.8245435,1.398846,-1.152318,6.416005,23.93669,-2.61217,0.8109905,1.425454,-1.155002,3.908258,-5.365658E-06,0,0.8459847,1.376012,-1.123955,0,-14.88069,1.249918,0.8323851,1.428762,-1.131122,1.787284,23.18459,8.739141,0.8173155,1.470199,-1.119225,11.86913,9.043811E-05,0,0.8028053,1.49319,-1.112134,7.914329,5.712994E-05,0,0.8441352,1.375354,-1.113507,0,-1.179841E-05,0,0.8284188,1.426079,-1.106865,-6.406982,7.112444,11.71524,0.8189295,1.470299,-1.094511,15.77035,-5.32843E-06,0,0.8047048,1.496545,-1.086442,10.51725,-6.752459E-06,0,0.8426669,1.373255,-1.102914,3.069309,14.87367,-2.900701,0.8237743,1.417169,-1.084437,-17.58157,-8.701049,-2.216732,0.8212847,1.459212,-1.072443,19.28938,-5.219413E-06,0,0.8105512,1.484668,-1.066575,12.86635,7.081065E-08,0,0.8420888,1.369235,-1.094086,7.703165,29.67842,-7.04378,0.8212859,1.402865,-1.066786,-27.44395,-16.96392,-27.28037,0.8226144,1.435489,-1.053018,16.84699,0.0001582107,0,0.8177302,1.456498,-1.047465,11.23582,0.0001106879,0,sign
3400,0.8063169,0.9275208,-1.28556,0.4334104,0.9537735,1.164829,0.80076,1.287972,-1.3263,0.04845664,0.4828926,1.647226,0.7989931,1.596666,-1.318794,8.219315,-0.7433741,2.752997,0.7262598,0.9262003,-1.283921,-0.8760335,0.4511849,-0.5464389,0.7298736,0.4991092,-1.28715,6.911996,0.01851388,0.02797646,0.7311611,0.07451084,-1.341836,7.33639,-1.225211,-9.675384,0.8863739,0.9288412,-1.287198,-3.780666,-0.8942464,2.433813,0.8862311,0.5024427,-1.31199,0,-0.0191119,0,0.8865603,0.07506114,-1.336908,3.976261,-0.5157083,-6.047015,0.7306936,1.410388,-1.305481,-11.48875,-2.986121,1.581648,0.5998147,1.402332,-1.328189,10.27449,18.83554,-66.19128,0.5587568,1.17727,-1.208808,113.4219,-4.983846E-05,11.84027,0.8698418,1.411557,-1.309484,-13.7105,-0.7804275,2.09919,0.9981669,1.410795,-1.344725,14.67708,24.59574,-63.54612,1.085695,1.214118,-1.202432,117.7098,-6.722084E-05,12.94885,0.7924381,1.311745,-1.119071,-40.67172,-27.83911,-10.49627,0.8522662,1.348784,-1.112326,-39.03848,-20.20739,-7.229033,0.7876084,1.338068,-1.141122,36.45964,-32.33085,75.6992,0.8035293,1.366582,-1.163345,0.3642322,37.47814,-0.2211734,0.8052937,1.396381,-1.166137,0.191797,-2.881242E-06,0,0.7928621,1.340815,-1.129469,0,-14.88062,1.249918,0.7981946,1.395371,-1.133205,-2.129644,17.57508,-6.44923,0.8060318,1.439136,-1.122769,6.62078,3.615271E-05,0,0.8136829,1.465729,-1.117902,4.41415,1.92285E-05,0,0.796821,1.33955,-1.119685,0,4.80244E-06,0,0.8072087,1.391249,-1.110554,-6.073767,0.5150248,3.985263,0.8118646,1.436762,-1.100306,8.497661,2.699396E-05,0,0.8192568,1.466316,-1.094999,5.665692,1.925603E-05,0,0.800615,1.336797,-1.109845,3.069245,14.87364,-2.900768,0.817282,1.381234,-1.090498,-11.59457,-15.62482,1.250857,0.8193665,1.423898,-1.080845,12.02097,2.953551E-06,0,0.8262292,1.450979,-1.076704,8.015598,-1.550015E-06,0,0.803427,1.332173,-1.101776,7.703165,29.67834,-7.04378,0.824968,1.365995,-1.075298,-20.04073,-26.5086,-20.45141,0.8249514,1.399652,-1.064215,18.49265,7.623641E-06,0,0.8305727,1.421053,-1.061659,12.3344,3.762566E-06,0,0.8491821,1.372898,-1.137054,32.76937,-25.08815,70.51314,0.8244511,1.399087,-1.153267,6.384726,23.91586,-2.597291,0.8109247,1.425705,-1.156001,3.889877,-2.905312E-06,0,0.8458453,1.376258,-1.124867,0,-14.88067,1.249918,0.8323064,1.429015,-1.132095,1.766579,23.17646,8.723505,0.8172829,1.470485,-1.120255,11.97803,0.000129036,0,0.8027522,1.493476,-1.113206,7.986942,9.136124E-05,0,0.8439855,1.375611,-1.11442,0,-5.169658E-06,0,0.828315,1.426359,-1.10784,-6.409737,7.11184,11.71447,0.8188618,1.470601,-1.095535,15.78833,2.29772E-05,0,0.8046494,1.496864,-1.087504,10.52927,1.683858E-05,0,0.8425053,1.373524,-1.103826,3.069245,14.87368,-2.900701,0.8236406,1.417474,-1.085407,-17.59744,-8.695373,-2.209569,0.8211945,1.45953,-1.073449,19.31913,7.839914E-07,0,0.8104749,1.484999,-1.067612,12.88621,6.603904E-06,0,0.8419149,1.369512,-1.094996,7.703165,29.67842,-7.04378,0.8211212,1.403189,-1.067745,-27.47017,-16.94711,-27.31778,0.8224857,1.435819,-1.053997,16.9042,-0.0003178682,0,0.81761,1.456839,-1.048475,11.274,-0.0002157123,0,sign
3433,0.8061934,0.9275203,-1.28571,0.4374548,0.9502593,1.153518,0.8006905,1.287969,-1.326566,0.08622923,0.4702745,1.650787,0.7990199,1.596667,-1.319247,8.239524,-0.7725005,2.757828,0.7261359,0.9262047,-1.284087,-0.845804,0.4401493,-0.5467969,0.7298116,0.4991123,-1.287063,6.956999,-0.001303792,0,0.7313088,0.07452586,-1.341837,7.346359,-1.251778,-9.670078,0.8862509,0.9288358,-1.287332,-3.775587,-0.883022,2.433733,0.886172,0.5024334,-1.312058,0,-0.0193401,0,0.886564,0.07504773,-1.336903,3.967288,-0.5061055,-6.050256,0.7306524,1.410414,-1.305824,-11.47645,-2.958621,1.57545,0.5997616,1.402436,-1.328492,10.29587,18.80334,-66.20216,0.55866,1.177439,-1.209003,113.4466,-4.082053E-05,11.8574,0.8698005,1.41155,-1.309836,-13.72728,-0.7740417,2.082905,0.9981131,1.410751,-1.345122,14.69042,24.59147,-63.57968,1.085609,1.214143,-1.202714,117.7409,-4.010488E-05,12.94467,0.7924295,1.311929,-1.119519,-40.7029,-27.7999,-10.48969,0.8521691,1.348949,-1.112847,-39.10258,-20.15828,-7.223929,0.7875996,1.338248,-1.141575,36.45507,-32.33774,75.71854,0.8035154,1.366759,-1.163805,0.4242849,37.46443,-0.2579304,0.8052957,1.396557,-1.166598,0.2255535,-1.548079E-06,0,0.7928536,1.340997,-1.129922,0,-14.88064,1.250075,0.7981865,1.395553,-1.133668,-2.136525,17.57491,-6.41796,0.8060195,1.43932,-1.123239,6.618795,-0.0001317476,0,0.8136679,1.465914,-1.118374,4.41273,-9.424213E-05,0,0.7968127,1.339734,-1.120137,0,-5.265071E-06,0,0.8072012,1.391435,-1.111016,-6.051293,0.5152149,3.985559,0.8118749,1.436949,-1.100784,8.541506,4.071996E-06,0,0.8193007,1.466499,-1.095494,5.694917,2.932146E-06,0,0.8006069,1.336983,-1.110298,3.069245,14.87364,-2.900701,0.8172749,1.381423,-1.09096,-11.56635,-15.61791,1.221733,0.8193812,1.424088,-1.081316,11.97001,1.142984E-05,0,0.8262334,1.451172,-1.077177,7.981631,5.309385E-06,0,0.8034191,1.33236,-1.102227,7.703165,29.67834,-7.04378,0.8249611,1.366187,-1.075756,-20.04068,-26.4943,-20.44939,0.8249476,1.399844,-1.064671,18.49144,4.901111E-06,0,0.8305706,1.421243,-1.062114,12.33358,4.431459E-06,0,0.849109,1.373067,-1.137574,32.78131,-25.08673,70.47156,0.8244015,1.399281,-1.153783,6.348755,23.92793,-2.583766,0.8109095,1.425915,-1.15652,3.867663,-6.193796E-06,0,0.8457794,1.376431,-1.125386,0,-14.88068,1.249918,0.8323045,1.429205,-1.132613,1.780043,23.17912,8.741815,0.8173262,1.47069,-1.12077,11.97439,9.080973E-05,0,0.8028224,1.493697,-1.113716,7.984533,6.153846E-05,0,0.8439214,1.375787,-1.114939,0,-8.61234E-06,0,0.8283158,1.426554,-1.108357,-6.407748,7.111448,11.72175,0.8189193,1.470808,-1.096052,15.81022,3.076455E-05,0,0.8047303,1.497084,-1.088018,10.54387,1.286578E-05,0,0.8424411,1.373702,-1.104345,3.069309,14.87368,-2.900701,0.8236359,1.417676,-1.085923,-17.60908,-8.693703,-2.20948,0.8212537,1.459736,-1.073964,19.33958,-9.443064E-06,0,0.8105631,1.485216,-1.068125,12.89988,-1.708047E-05,0,0.841848,1.369691,-1.095514,7.703114,29.67841,-7.043725,0.821103,1.403395,-1.06826,-27.46204,-16.93975,-27.30007,0.8225067,1.436022,-1.054509,16.86948,-0.000293637,0,0.8176662,1.457047,-1.048976,11.25087,-0.0002067808,0,sign
3467,0.8060942,0.9275237,-1.285822,0.4365593,0.9542619,1.141924,0.800612,1.287973,-1.326781,0.1266688,0.4599886,1.653156,0.799024,1.596674,-1.319656,8.264009,-0.8006375,2.760524,0.7260364,0.9262024,-1.284216,-0.8296872,0.4384278,-0.5475121,0.7297585,0.4991096,-1.287078,6.971477,-0.001366415,0.01978234,0.731309,0.07452261,-1.341845,7.344195,-1.258714,-9.669489,0.8861519,0.9288449,-1.287428,-3.759892,-0.8812827,2.435421,0.8861238,0.5024363,-1.312047,0.01978234,-0.01954749,0,0.8865581,0.07505092,-1.336896,3.968275,-0.5018806,-6.052783,0.7305967,1.410444,-1.306123,-11.46003,-2.978432,1.565606,0.5996997,1.402428,-1.328741,10.3378,18.78197,-66.24016,0.5587457,1.177548,-1.208982,113.4604,-5.968185E-05,11.89521,0.8697449,1.411553,-1.310142,-13.7534,-0.7657081,2.065259,0.9980398,1.410725,-1.345491,14.71386,24.57119,-63.60755,1.085513,1.214174,-1.202991,117.7742,-5.741607E-05,12.98607,0.7925743,1.312209,-1.119911,-40.7297,-27.70818,-10.46131,0.8520948,1.349147,-1.113319,-39.08554,-20.15394,-7.21893,0.7877488,1.338523,-1.141974,36.45211,-32.34266,75.72342,0.8036656,1.36703,-1.164209,0.4519747,37.45279,-0.2755364,0.8054549,1.396828,-1.167008,0.2390311,-1.373425E-07,0,0.7930001,1.341275,-1.130321,0,-14.88062,1.249918,0.7983327,1.39583,-1.134077,-2.130103,17.56658,-6.484283,0.8061648,1.439601,-1.123663,6.639799,-0.0001387071,0,0.8138201,1.466196,-1.118816,4.426822,-9.464656E-05,0,0.796957,1.340014,-1.120535,0,1.131852E-06,0,0.8073423,1.391717,-1.111423,-6.057801,0.510758,3.957848,0.8120064,1.437235,-1.1012,8.52399,2.244379E-05,0,0.8194169,1.466789,-1.095915,5.683272,1.532821E-05,0,0.8007491,1.337265,-1.110694,3.069309,14.87364,-2.900701,0.8174117,1.38171,-1.091361,-11.5504,-15.60953,1.206421,0.8195281,1.424376,-1.081725,11.9517,1.148111E-05,0,0.8263782,1.451461,-1.077587,7.969423,1.296274E-05,0,0.8035594,1.332644,-1.102622,7.703165,29.67834,-7.043752,0.8250947,1.366477,-1.076153,-20.04496,-26.48306,-20.46815,0.8250777,1.400134,-1.065069,18.50269,1.045674E-06,0,0.8307015,1.421534,-1.062515,12.34109,9.226636E-06,0,0.8490341,1.373232,-1.138079,32.78139,-25.09224,70.49804,0.8243269,1.399422,-1.154327,6.392153,23.92686,-2.601432,0.8108253,1.426049,-1.15709,3.894053,3.002398E-06,0,0.8457034,1.376612,-1.125896,0,-14.88067,1.249918,0.8322239,1.429375,-1.133193,1.779493,23.17983,8.758023,0.817241,1.470874,-1.121405,12.01624,-1.250549E-05,0,0.8027171,1.493878,-1.114381,8.012464,-5.980807E-06,0,0.8438446,1.375982,-1.115448,0,-3.040711E-06,0,0.8282337,1.426756,-1.108933,-6.403339,7.111427,11.71845,0.8188285,1.471025,-1.096688,15.81872,4.45829E-05,0,0.8046303,1.497306,-1.088691,10.54953,1.949493E-05,0,0.8423638,1.37391,-1.104851,3.069309,14.87368,-2.900768,0.823553,1.417907,-1.086488,-17.61469,-8.689837,-2.207176,0.8211697,1.459981,-1.074581,19.35396,4.041447E-06,0,0.8104721,1.485466,-1.068776,12.90945,-7.526539E-07,0,0.8417704,1.369911,-1.096015,7.703165,29.67841,-7.043725,0.8210202,1.403648,-1.068807,-27.47883,-16.92583,-27.31354,0.8224296,1.436291,-1.05509,16.9025,-0.0002109182,0,0.8175822,1.457322,-1.049587,11.27288,-0.0001454444,0,sign
3500,0.806002,0.9275278,-1.285889,0.4361108,0.9613,1.133669,0.8005241,1.287977,-1.32694,0.1631294,0.4507938,1.657058,0.7990106,1.596682,-1.319988,8.287213,-0.8258357,2.757473,0.7259442,0.9261966,-1.284294,-0.8204377,0.4399644,-0.5482264,0.7297096,0.4991037,-1.287096,6.978563,-0.001414117,0.02797646,0.7313089,0.07451591,-1.341855,7.341603,-1.2678,-9.671826,0.8860598,0.928859,-1.287484,-3.739264,-0.8830299,2.436787,0.8860783,0.5024419,-1.311955,0.05233916,-0.01960584,0,0.8865435,0.07506204,-1.336898,3.981527,-0.5019947,-6.052945,0.7305299,1.410473,-1.306354,-11.46743,-2.957856,1.556203,0.5996302,1.402511,-1.328976,10.36787,18.75353,-66.28886,0.5586637,1.177715,-1.209065,113.4299,-5.419449E-05,11.90299,0.869678,1.411556,-1.310383,-13.73542,-0.8080745,2.053666,0.997981,1.410588,-1.3457,14.65579,24.63677,-63.59277,1.085371,1.214066,-1.203108,117.8198,-6.775498E-05,12.94095,0.7926583,1.312197,-1.120158,-40.79167,-27.71031,-10.4794,0.852048,1.349348,-1.113653,-39.10465,-20.18522,-7.234161,0.7878303,1.338505,-1.142228,36.45194,-32.34891,75.7207,0.8037416,1.367006,-1.164474,0.4677188,37.45427,-0.2839303,0.8055345,1.396802,-1.167278,0.2478722,-1.681774E-06,0,0.793083,1.34126,-1.130575,0,-14.88063,1.249918,0.7984155,1.395814,-1.134346,-2.133041,17.56591,-6.493379,0.8062469,1.439588,-1.123944,6.646027,-1.282854E-05,0,0.813904,1.466184,-1.119106,4.430935,-5.465949E-06,0,0.7970412,1.340001,-1.12079,0,-4.61696E-06,0,0.8074279,1.391707,-1.111692,-6.064723,0.5073148,3.937809,0.8120874,1.437228,-1.101482,8.505815,-9.488274E-06,0,0.8194851,1.466786,-1.096204,5.671121,-8.936478E-06,0,0.8008344,1.337255,-1.110949,3.069181,14.87364,-2.900768,0.8174998,1.381705,-1.091629,-11.5632,-15.59912,1.201382,0.8196117,1.424371,-1.081994,12.01995,1.014595E-05,0,0.8264893,1.451451,-1.07787,8.014913,6.781474E-06,0,0.8036458,1.332636,-1.102876,7.703165,29.67834,-7.043697,0.8251846,1.366476,-1.076418,-20.05446,-26.46305,-20.47539,0.8251678,1.400131,-1.06533,18.53507,1.842676E-05,0,0.8308005,1.421529,-1.062782,12.36271,9.681137E-06,0,0.8490494,1.373417,-1.138436,32.77247,-25.0946,70.51472,0.8244034,1.399636,-1.15473,6.428949,23.88494,-2.612245,0.8109279,1.426273,-1.157528,3.917717,-6.382881E-06,0,0.8457118,1.376812,-1.126258,0,-14.88068,1.250075,0.8323217,1.42959,-1.133611,1.795042,23.18074,8.75118,0.817381,1.471119,-1.121873,12.01423,-2.520645E-05,0,0.8028808,1.494147,-1.114883,8.011115,-2.552522E-05,0,0.8438417,1.376193,-1.115812,0,-5.512092E-06,0,0.8283033,1.426996,-1.109354,-6.398561,7.111248,11.70619,0.8189512,1.471289,-1.097154,15.82435,-1.907447E-05,0,0.8047808,1.497598,-1.089195,10.55328,-1.382518E-05,0,0.8423472,1.374132,-1.105215,3.069245,14.87368,-2.900768,0.8235866,1.418173,-1.086906,-17.62189,-8.688321,-2.209657,0.8212623,1.46026,-1.075033,19.37073,2.673826E-05,0,0.8105942,1.485765,-1.06926,12.92067,2.150952E-05,0,0.8417388,1.370142,-1.096376,7.703139,29.67842,-7.04378,0.8210142,1.403933,-1.069215,-27.4983,-16.90971,-27.33182,0.822472,1.436579,-1.055515,16.95124,5.952033E-05,0,0.8176433,1.457622,-1.050037,11.30538,3.08568E-05,0,sign
3533,0.8059261,0.9275311,-1.285985,0.4356619,0.9615276,1.130558,0.8004703,1.287981,-1.327108,0.1907741,0.4429469,1.659772,0.7990223,1.596688,-1.320297,8.297845,-0.8496013,2.752713,0.7258682,0.9261996,-1.284394,-0.8084246,0.4351355,-0.5478694,0.7296734,0.4991065,-1.287109,6.989348,-0.001470376,0.02797646,0.7313138,0.07451802,-1.341862,7.339118,-1.277319,-9.678228,0.8859839,0.9288627,-1.287575,-3.732765,-0.8791841,2.435662,0.8860353,0.5024431,-1.312003,0.05233916,-0.01971024,0,0.886533,0.07506022,-1.336895,3.975965,-0.5045903,-6.052524,0.7304938,1.410496,-1.306578,-11.42975,-2.998253,1.552426,0.5995827,1.402448,-1.329103,10.21889,18.90196,-66.29443,0.5585949,1.177685,-1.209135,113.4686,-5.393429E-05,11.92671,0.8696419,1.411559,-1.310615,-13.72768,-0.8375582,2.047079,0.9979474,1.410487,-1.345919,14.57993,24.71115,-63.58439,1.085326,1.213977,-1.203303,117.8614,-5.741649E-05,12.93825,0.7926639,1.312225,-1.120512,-40.80534,-27.67638,-10.46992,0.852062,1.349455,-1.113991,-39.09502,-20.16567,-7.22507,0.7878299,1.338527,-1.142588,36.45245,-32.3605,75.71838,0.80373,1.367019,-1.164853,0.5031891,37.45668,-0.3064671,0.8055324,1.396815,-1.167661,0.2661444,-3.766072E-06,0,0.7930865,1.341285,-1.130938,0,-14.88062,1.249918,0.7984202,1.395838,-1.134726,-2.126148,17.55693,-6.558135,0.8062593,1.439616,-1.124348,6.666798,1.80203E-05,0,0.8139278,1.466213,-1.119533,4.444749,1.272544E-05,0,0.7970478,1.340029,-1.121153,0,1.850656E-06,0,0.8074398,1.391737,-1.112074,-6.065434,0.5041397,3.918117,0.8121032,1.437261,-1.101881,8.502905,1.626612E-07,0,0.819501,1.466821,-1.096616,5.669219,3.92062E-06,0,0.8008441,1.337285,-1.111313,3.069245,14.87364,-2.900701,0.8175177,1.38174,-1.092012,-11.53804,-15.58344,1.191897,0.8196562,1.424407,-1.082385,11.97367,4.142368E-06,0,0.8265285,1.451488,-1.078261,7.984016,2.417814E-07,0,0.8036579,1.332668,-1.103239,7.703165,29.67834,-7.043752,0.8252069,1.366515,-1.076799,-20.07807,-26.44574,-20.49577,0.8251857,1.400169,-1.065706,18.60436,1.554322E-05,0,0.8308341,1.421565,-1.063176,12.40896,1.819579E-05,0,0.8490759,1.373518,-1.138781,32.77728,-25.09587,70.52451,0.8244409,1.39974,-1.155087,6.437423,23.90016,-2.617335,0.8109797,1.426383,-1.157889,3.922512,3.145094E-06,0,0.8457386,1.376919,-1.126605,0,-14.88067,1.249918,0.8323714,1.429699,-1.133975,1.795042,23.17726,8.762418,0.8174473,1.471239,-1.122253,12.06204,-2.437199E-05,0,0.8029364,1.494264,-1.115274,8.043006,-1.711803E-05,0,0.8438672,1.376303,-1.116158,0,-5.789921E-06,0,0.8283496,1.427115,-1.109717,-6.401962,7.108971,11.70166,0.8190179,1.471416,-1.097533,15.8551,-1.413174E-05,0,0.8048449,1.497727,-1.089585,10.57382,-1.245363E-05,0,0.8423709,1.374246,-1.105561,3.069245,14.87368,-2.900701,0.8236272,1.4183,-1.087267,-17.63586,-8.687116,-2.211251,0.8213298,1.460392,-1.075405,19.40942,-1.468315E-05,0,0.8106607,1.485899,-1.069643,12.94651,-1.322027E-05,0,0.84176,1.370258,-1.096721,7.703165,29.67842,-7.04378,0.8210471,1.404066,-1.069572,-27.47544,-16.91677,-27.33084,0.8225039,1.436719,-1.055886,16.8633,-0.0001670697,0,0.8177049,1.457766,-1.050401,11.24672,-0.0001221787,0,sign
3567,0.8058875,0.9275331,-1.286056,0.4365593,0.9528659,1.127612,0.8004878,1.287982,-1.327248,0.2158,0.4344368,1.66307,0.7991035,1.596692,-1.320567,8.299998,-0.8677668,2.748657,0.7258293,0.9262136,-1.284469,-0.7991739,0.4236439,-0.5467969,0.7296572,0.4991203,-1.28711,6.999893,-0.001503268,0.02797646,0.7313216,0.07453254,-1.341867,7.33762,-1.286422,-9.68495,0.8859456,0.9288526,-1.287642,-3.729302,-0.8686702,2.436867,0.8860128,0.5024312,-1.312037,0.04845664,-0.01970147,0,0.8865266,0.07504639,-1.336895,3.972122,-0.5107217,-6.052427,0.7305307,1.410517,-1.306767,-11.43325,-2.98597,1.543703,0.5996168,1.402507,-1.329289,10.21766,18.91199,-66.32388,0.5585672,1.177811,-1.209217,113.5084,-5.830122E-05,11.94334,0.8696787,1.411557,-1.310811,-13.71756,-0.859,2.037112,0.9979879,1.410401,-1.346099,14.54826,24.70499,-63.56213,1.085226,1.213782,-1.203548,117.8746,-4.461459E-05,12.93788,0.7927147,1.312405,-1.120885,-40.8279,-27.63406,-10.45965,0.8521053,1.349484,-1.114203,-39.07762,-20.15742,-7.218631,0.7878782,1.338701,-1.142967,36.44952,-32.37043,75.71426,0.8037702,1.367186,-1.165247,0.5377761,37.45121,-0.3262592,0.8055832,1.396981,-1.168059,0.2846186,-4.304131E-06,0,0.7931365,1.341462,-1.131319,0,-14.88062,1.249918,0.7984709,1.396014,-1.135123,-2.132582,17.55815,-6.53345,0.8063083,1.439795,-1.124756,6.661472,6.113785E-06,0,0.8139738,1.466394,-1.119945,4.441267,5.301151E-06,0,0.7970991,1.340209,-1.121534,0,2.214889E-06,0,0.8074935,1.391919,-1.112471,-6.052848,0.5069458,3.939897,0.8121697,1.437445,-1.102293,8.525903,1.073289E-05,0,0.8195876,1.467003,-1.097041,5.684548,1.343245E-05,0,0.8008967,1.337468,-1.111694,3.069309,14.87364,-2.900701,0.817574,1.381928,-1.092407,-11.50537,-15.57349,1.192554,0.8197399,1.424596,-1.082794,11.90084,1.822839E-05,0,0.8265961,1.451682,-1.078669,7.935482,1.191857E-05,0,0.8037115,1.332853,-1.103619,7.703165,29.67834,-7.043752,0.8252649,1.366707,-1.077191,-20.04625,-26.43553,-20.43578,0.8252646,1.400364,-1.066107,18.53947,3.556554E-05,0,0.8309094,1.421759,-1.063564,12.36565,3.024806E-05,0,0.8491339,1.373555,-1.138987,32.77139,-25.09255,70.51129,0.8245174,1.399802,-1.155282,6.429895,23.85429,-2.609396,0.8110604,1.426447,-1.15809,3.919266,-4.062361E-06,0,0.8458002,1.376956,-1.12681,0,-14.88068,1.249918,0.8324698,1.429747,-1.134166,1.794824,23.17429,8.764031,0.8175766,1.471296,-1.122436,12.1104,9.528885E-05,0,0.8030627,1.494318,-1.115453,8.075283,5.801676E-05,0,0.8439294,1.376339,-1.116363,0,-6.141033E-06,0,0.8284485,1.42716,-1.109909,-6.410226,7.107471,11.71948,0.8191561,1.471467,-1.097713,15.91271,2.575097E-06,0,0.8049791,1.497772,-1.089757,10.61228,-5.593789E-06,0,0.8424325,1.37428,-1.105766,3.069245,14.87368,-2.900701,0.8237218,1.418344,-1.087461,-17.65468,-8.686621,-2.214965,0.8214696,1.460435,-1.075586,19.47032,1.565281E-05,0,0.8108001,1.485941,-1.069822,12.98717,-1.917611E-06,0,0.8418195,1.370291,-1.096927,7.703165,29.67841,-7.043752,0.8211331,1.404108,-1.069769,-27.48316,-16.90894,-27.34654,0.822619,1.436754,-1.05607,16.8685,0.0003607681,0,0.817837,1.457803,-1.050579,11.25018,0.0002390114,0,sign
3600,0.805861,0.9275335,-1.286078,0.4334104,0.9593672,1.124658,0.8004507,1.287985,-1.327327,0.2414744,0.4303086,1.664364,0.7991062,1.596697,-1.320778,8.30851,-0.8859477,2.747944,0.7258029,0.9262048,-1.284496,-0.7656615,0.4278083,-0.5446455,0.7296535,0.4991103,-1.286908,7.05619,0.01802625,0.01978234,0.7311869,0.07454607,-1.341851,7.36146,-1.277825,-9.694121,0.8859191,0.9288622,-1.28766,-3.749619,-0.8755184,2.436787,0.8859819,0.5024508,-1.312229,0,-0.01976222,0,0.8865144,0.07505465,-1.336891,3.944814,-0.5188568,-6.052362,0.730503,1.410533,-1.3069,-11.44811,-2.949201,1.526622,0.5995889,1.402608,-1.32945,10.27092,18.84195,-66.34285,0.5585157,1.177916,-1.209379,113.4785,-4.371121E-05,11.93596,0.869651,1.411561,-1.310948,-13.73011,-0.8595005,2.021295,0.9979516,1.41038,-1.346267,14.46104,24.79037,-63.56585,1.085326,1.213774,-1.203781,117.8958,-4.923606E-05,12.93306,0.7927392,1.312345,-1.120996,-40.84708,-27.68156,-10.48359,0.8521859,1.349426,-1.11441,-39.13374,-20.17673,-7.236872,0.7878959,1.338635,-1.143084,36.44778,-32.37648,75.71121,0.8037778,1.367114,-1.165379,0.5602303,37.44291,-0.3414966,0.8055998,1.396907,-1.168199,0.2967354,-3.233227E-06,0,0.7931584,1.341399,-1.131438,0,-14.88065,1.249918,0.7984936,1.39595,-1.135259,-2.114148,17.54994,-6.575634,0.806347,1.439734,-1.124916,6.703146,-2.927384E-05,0,0.8140382,1.466331,-1.120135,4.469053,-2.961163E-05,0,0.7971244,1.340148,-1.121655,0,-1.280077E-05,0,0.807524,1.39186,-1.112609,-6.050775,0.5044591,3.918716,0.8122064,1.43739,-1.102447,8.523622,-3.597518E-06,0,0.8196263,1.46695,-1.097208,5.682997,-1.393749E-07,0,0.8009254,1.33741,-1.111814,3.069309,14.87364,-2.900633,0.8176111,1.381874,-1.092546,-11.47561,-15.56199,1.190254,0.8198056,1.424544,-1.082945,11.82837,7.439641E-06,0,0.8266461,1.451633,-1.078817,7.887149,6.673842E-06,0,0.8037428,1.332797,-1.10374,7.703191,29.67835,-7.043752,0.8253068,1.366657,-1.077328,-20.07116,-26.41798,-20.46765,0.8253016,1.400313,-1.06624,18.60611,-3.214247E-06,0,0.8309601,1.421707,-1.063713,12.41016,-5.582533E-06,0,0.8492286,1.373492,-1.139201,32.7742,-25.09732,70.50699,0.8246292,1.39975,-1.155503,6.449625,23.84715,-2.616811,0.8111819,1.4264,-1.158313,3.931488,-1.699855E-06,0,0.845899,1.376898,-1.127024,0,-14.88068,1.250075,0.8326059,1.429698,-1.134394,1.824133,23.1781,8.756027,0.817724,1.471253,-1.122673,12.06214,-4.450056E-05,0,0.8032365,1.494293,-1.115694,8.043031,-3.577572E-05,0,0.8440292,1.376286,-1.116577,0,-7.655157E-06,0,0.828586,1.427121,-1.110135,-6.409798,7.105796,11.71839,0.8193272,1.471438,-1.097952,15.96089,-1.757451E-05,0,0.8051473,1.497744,-1.090003,10.64444,-2.233917E-05,0,0.8425323,1.374232,-1.105979,3.069181,14.87367,-2.900701,0.8238561,1.418314,-1.087684,-17.66576,-8.68691,-2.232392,0.8216444,1.46041,-1.07582,19.51584,-2.266709E-05,0,0.810979,1.485921,-1.070069,13.01757,-2.417435E-05,0,0.8419177,1.370245,-1.097139,7.703165,29.67842,-7.04378,0.8212596,1.404085,-1.069987,-27.5026,-16.88715,-27.35513,0.8227822,1.436728,-1.056286,16.92944,-0.0001127539,0,0.8180032,1.45778,-1.050804,11.29086,-8.054217E-05,0,sign
3633,0.8065935,0.9275349,-1.287842,0.4279585,0.9574969,1.119251,0.8012103,1.28799,-1.329127,0.2624426,0.4240687,1.665304,0.7999042,1.596704,-1.322688,8.312527,-0.89077,2.748443,0.7265353,0.9262086,-1.286268,-0.5311863,0.4763953,-0.5467969,0.7300448,0.4991049,-1.286966,7.279688,0.01820746,0.02797646,0.7311937,0.07453334,-1.341862,7.355834,-1.235615,-9.70772,0.8866518,0.9288611,-1.289417,-3.627308,-0.9267772,2.441762,0.88634,0.5024002,-1.313108,0,-0.01977221,0,0.8864971,0.07495382,-1.33689,3.827611,-0.5854755,-6.048118,0.7312763,1.410554,-1.308744,-11.42674,-2.978279,1.515041,0.6003564,1.402567,-1.33124,10.17287,18.93945,-66.34641,0.5592733,1.177882,-1.211158,113.5008,-5.208547E-05,11.96074,0.8704242,1.411565,-1.312794,-13.75927,-0.8350098,2.009155,0.9987066,1.410413,-1.34818,14.45948,24.74293,-63.57787,1.086064,1.213699,-1.205832,117.8974,-5.248814E-05,12.8903,0.7935351,1.312341,-1.122922,-40.8572,-27.66239,-10.47888,0.852975,1.349359,-1.116336,-39.13895,-20.19401,-7.244188,0.7886912,1.338626,-1.145015,36.44618,-32.37962,75.71861,0.8045704,1.367099,-1.16732,0.5712977,37.44999,-0.3466151,0.8063912,1.396893,-1.170143,0.3032579,-1.14933E-05,0,0.7939545,1.341393,-1.13337,0,-14.88064,1.249918,0.7992911,1.395942,-1.137204,-2.108493,17.54807,-6.561513,0.8071501,1.439728,-1.126876,6.718869,2.38126E-05,0,0.8148516,1.466325,-1.122105,4.479471,1.167573E-05,0,0.7979211,1.340144,-1.123587,0,-7.398566E-06,0,0.8083228,1.391858,-1.114554,-6.054111,0.4989077,3.872015,0.8130032,1.437391,-1.104406,8.508146,-4.249343E-06,0,0.8204129,1.466955,-1.099177,5.672675,-7.634572E-06,0,0.8017226,1.337408,-1.113746,3.069373,14.87364,-2.900768,0.818411,1.381876,-1.094489,-11.44782,-15.55068,1.19321,0.8206297,1.424547,-1.084897,11.75931,-9.335997E-06,0,0.8274539,1.451639,-1.080764,7.841074,-6.304462E-06,0,0.8045405,1.332797,-1.105671,7.703191,29.67834,-7.043752,0.8261073,1.366663,-1.079269,-20.06404,-26.40701,-20.43854,0.8261096,1.400319,-1.068183,18.60133,-5.681009E-06,0,0.8317729,1.421711,-1.065655,12.40695,-1.070151E-05,0,0.8500404,1.37345,-1.141105,32.77023,-25.09769,70.53342,0.825464,1.39974,-1.15739,6.474598,23.82922,-2.625101,0.8120265,1.426397,-1.160179,3.947246,-8.489681E-06,0,0.8467088,1.376846,-1.128926,0,-14.88068,1.250075,0.8334501,1.429661,-1.13625,1.836856,23.17555,8.727219,0.8185808,1.471212,-1.124499,12.07847,4.293134E-05,0,0.8040931,1.494248,-1.117508,8.053934,2.526461E-05,0,0.8448352,1.376225,-1.11848,0,-9.669215E-06,0,0.8294207,1.427063,-1.111995,-6.404289,7.10206,11.69775,0.8201807,1.471374,-1.099777,15.98745,2.351498E-05,0,0.8059987,1.497675,-1.091814,10.66214,4.181502E-06,0,0.8433336,1.374162,-1.107885,3.069309,14.87368,-2.900768,0.824678,1.418238,-1.089554,-17.67358,-8.688172,-2.250642,0.8224937,1.460324,-1.077652,19.54882,2.460248E-05,0,0.811831,1.485833,-1.071886,13.03958,1.124686E-05,0,0.8427137,1.370168,-1.099049,7.703165,29.67842,-7.043752,0.822067,1.403994,-1.071872,-27.50583,-16.8798,-27.37016,0.8236066,1.436621,-1.058135,16.92718,0.0003995067,0,0.818841,1.457671,-1.052633,11.28936,0.0002684491,0,sign
3667,0.8071631,0.9275376,-1.28922,0.4196478,0.9500875,1.11645,0.8018354,1.287999,-1.330503,0.2733977,0.4141337,1.662952,0.8005738,1.596716,-1.324131,8.303617,-0.8818166,2.747659,0.7271046,0.9262214,-1.287649,-0.3386196,0.524671,-0.5467969,0.7302275,0.4991147,-1.286968,7.457378,-0.0177983,0,0.7312271,0.07453653,-1.341816,7.349377,-1.222966,-9.717316,0.8872216,0.9288538,-1.29079,-3.50297,-0.9592385,2.444566,0.8866331,0.5023458,-1.313614,0.04423466,-0.01978347,0.02797646,0.8864898,0.07487148,-1.336888,3.759319,-0.6389382,-6.045524,0.7319217,1.410579,-1.310146,-11.44209,-2.955806,1.505192,0.6010044,1.402662,-1.332681,10.19107,18.89903,-66.3745,0.5598831,1.177954,-1.212657,113.4584,-4.267262E-05,11.97005,0.87107,1.411565,-1.314191,-13.76061,-0.8538488,2.005353,0.9993525,1.41034,-1.349574,14.3676,24.80822,-63.58151,1.086683,1.213543,-1.207325,117.8659,-6.723642E-05,12.86426,0.7942476,1.312157,-1.124305,-40.90022,-27.71524,-10.51156,0.8536164,1.349105,-1.117627,-39.1468,-20.20254,-7.248872,0.7894026,1.338439,-1.146402,36.44299,-32.3863,75.72636,0.8052765,1.366909,-1.168715,0.5914913,37.45645,-0.3599087,0.8070967,1.396702,-1.171538,0.3127867,-7.305233E-06,0,0.7946666,1.341208,-1.134759,0,-14.88064,1.249918,0.8000031,1.395756,-1.138601,-2.091251,17.53754,-6.594158,0.807872,1.439545,-1.128293,6.753312,-6.915868E-06,0,0.815593,1.46614,-1.123545,4.502543,-8.588511E-06,0,0.7986337,1.33996,-1.124975,0,-7.063798E-06,0,0.8090361,1.391675,-1.115951,-6.056507,0.495539,3.852241,0.8137141,1.437211,-1.105812,8.499741,2.638629E-06,0,0.8211176,1.466777,-1.10059,5.667076,5.608533E-06,0,0.8024358,1.337226,-1.115134,3.069245,14.87364,-2.900701,0.8191252,1.381697,-1.095885,-11.42096,-15.54884,1.155891,0.8213634,1.42437,-1.086306,11.68938,1.077275E-05,0,0.8281669,1.451467,-1.082173,7.794399,8.335864E-06,0,0.805254,1.332616,-1.107058,7.703165,29.67834,-7.043752,0.8268222,1.366485,-1.080662,-20.06378,-26.3975,-20.43462,0.826827,1.400142,-1.069577,18.61045,1.827499E-05,0,0.8324946,1.421533,-1.067051,12.41305,1.401522E-05,0,0.8506827,1.373222,-1.14237,32.77504,-25.09718,70.51734,0.8261066,1.399531,-1.158625,6.462534,23.82491,-2.619727,0.8126703,1.426191,-1.161389,3.939996,-2.830684E-06,0,0.8473533,1.376607,-1.130188,0,-14.88067,1.249918,0.8341027,1.429431,-1.137455,1.858148,23.17802,8.726904,0.8192274,1.470967,-1.125659,12.06794,7.524905E-05,0,0.8047408,1.493996,-1.118642,8.046935,4.90428E-05,0,0.845481,1.375975,-1.119743,0,-1.958246E-06,0,0.8300761,1.426809,-1.113202,-6.39338,7.099338,11.68555,0.8208371,1.471108,-1.100941,16.00974,3.895755E-05,0,0.806645,1.497396,-1.092954,10.67702,2.508463E-05,0,0.8439804,1.373901,-1.109149,3.069309,14.87368,-2.900701,0.8253349,1.417961,-1.09077,-17.68437,-8.68832,-2.257674,0.8231676,1.460036,-1.078823,19.60471,-1.6494E-05,0,0.8124899,1.485534,-1.073035,13.0769,-2.014035E-05,0,0.843361,1.369898,-1.100317,7.703139,29.67841,-7.043752,0.8227238,1.403699,-1.073102,-27.52778,-16.86702,-27.40319,0.8242837,1.436308,-1.059324,16.98236,1.190048E-05,0,0.8195136,1.457354,-1.053808,11.32618,1.361214E-05,0,sign
3700,0.8074223,0.9275479,-1.289902,0.4116447,0.9465958,1.111003,0.8021412,1.288015,-1.331163,0.2755364,0.4026999,1.657766,0.8009249,1.596734,-1.324819,8.285412,-0.8654223,2.743738,0.7273636,0.9262363,-1.288339,-0.254109,0.5223799,-0.5478694,0.7304899,0.4991309,-1.287092,7.528846,-0.0009747995,0,0.7313571,0.07454777,-1.341904,7.343982,-1.210415,-9.727103,0.8874811,0.9288595,-1.291464,-3.474347,-0.9763063,2.447766,0.8867462,0.5023434,-1.314133,0,-0.01978494,0,0.8864795,0.0748409,-1.336881,3.687058,-0.6689132,-6.045848,0.7322501,1.41061,-1.310817,-11.44486,-2.944433,1.492003,0.6013328,1.402745,-1.33337,10.21702,18.84775,-66.37756,0.5602234,1.177972,-1.213463,113.3895,-3.792788E-05,11.96807,0.8713989,1.411569,-1.314849,-13.76064,-0.8720236,2.009837,0.999684,1.410274,-1.35022,14.1825,24.91603,-63.55738,1.087044,1.213246,-1.20831,117.8425,-5.530585E-05,12.82617,0.7946469,1.311885,-1.124827,-40.92562,-27.80167,-10.55257,0.8540514,1.34866,-1.118194,-39.1107,-20.2884,-7.273002,0.7897994,1.338164,-1.146926,36.43924,-32.39063,75.74427,0.8056673,1.366633,-1.169244,0.6255757,37.45887,-0.3805216,0.8074905,1.396426,-1.172065,0.3310224,-8.881542E-07,0,0.7950647,1.340934,-1.135283,0,-14.88062,1.249918,0.800401,1.395482,-1.139131,-2.087223,17.52633,-6.621106,0.8082711,1.439274,-1.128836,6.759466,-0.0001521979,0,0.8159945,1.46587,-1.1241,4.506674,-0.0001097013,0,0.799033,1.339688,-1.1255,0,-1.021773E-06,0,0.8094366,1.391404,-1.116481,-6.047956,0.4905156,3.816801,0.8141212,1.436941,-1.106354,8.516084,4.161298E-06,0,0.8215361,1.466507,-1.101145,5.677993,-2.665614E-06,0,0.8028362,1.336954,-1.115659,3.069309,14.87364,-2.900701,0.8195282,1.381427,-1.096416,-11.40133,-15.53837,1.151311,0.821784,1.424099,-1.086839,11.63206,3.790846E-06,0,0.8285722,1.451199,-1.082698,7.756182,-5.397647E-06,0,0.8056555,1.332345,-1.107583,7.703139,29.67834,-7.043752,0.8272269,1.366217,-1.081193,-20.05382,-26.39079,-20.42758,0.8272397,1.399873,-1.070108,18.59371,8.036025E-06,0,0.8329067,1.421265,-1.067579,12.40187,2.894086E-06,0,0.8511289,1.372801,-1.142915,32.77442,-25.09816,70.54058,0.8265589,1.399122,-1.15916,6.481772,23.8225,-2.627412,0.8131175,1.425782,-1.161902,3.951857,-6.535323E-06,0,0.8477913,1.376173,-1.130731,0,-14.88069,1.249918,0.8345358,1.429002,-1.137955,1.87701,23.17692,8.698001,0.8196325,1.47052,-1.12613,12.06173,8.961894E-05,0,0.8051325,1.493538,-1.119103,8.042787,5.498902E-05,0,0.8459125,1.375531,-1.120288,0,-1.523369E-05,0,0.8304942,1.426355,-1.113707,-6.37566,7.097714,11.66718,0.8212256,1.470639,-1.101411,16.00125,-4.409477E-06,0,0.8070192,1.496915,-1.093411,10.67136,-1.254989E-05,0,0.8444056,1.373446,-1.109697,3.069245,14.87368,-2.900633,0.8257405,1.417484,-1.091286,-17.69326,-8.689004,-2.269693,0.8235648,1.459547,-1.079298,19.64752,-1.818422E-06,0,0.8128637,1.485032,-1.073498,13.1055,-1.486168E-05,0,0.8437813,1.369433,-1.10087,7.703191,29.67842,-7.043752,0.8231208,1.403204,-1.073634,-27.54311,-16.85744,-27.43218,0.8246751,1.435797,-1.059817,17.02614,8.132922E-06,0,0.81989,1.456836,-1.05429,11.35541,-6.051596E-06,0,sign
3733,0.8076468,0.9275498,-1.290581,0.4044518,0.9517294,1.102339,0.8023894,1.288023,-1.331747,0.2502292,0.3887638,1.648176,0.8012294,1.596741,-1.325294,8.254047,-0.8470089,2.730078,0.7275879,0.9262308,-1.289031,-0.1594904,0.5434076,-0.5510744,0.7306097,0.4991271,-1.287125,7.610328,0.01862371,0,0.7312156,0.07453635,-1.341882,7.336176,-1.179214,-9.738032,0.8877056,0.9288689,-1.292132,-3.397823,-0.9977164,2.450563,0.8868647,0.5023258,-1.314283,0.04845664,-0.01978439,0,0.8864686,0.07481533,-1.336879,3.664579,-0.6963911,-6.048636,0.7325246,1.410625,-1.311358,-11.44322,-2.90511,1.495802,0.6016034,1.402894,-1.333935,10.2693,18.68741,-66.36703,0.5605994,1.177871,-1.214462,113.1976,-5.465455E-05,11.98861,0.8716744,1.411552,-1.315366,-13.77201,-0.8657175,2.081119,0.9999583,1.410257,-1.350741,13.9825,24.87346,-63.46527,1.087195,1.212646,-1.209568,117.7443,-4.96264E-05,12.78406,0.7951339,1.31101,-1.124959,-40.98103,-28.03256,-10.65889,0.8545347,1.347867,-1.118313,-38.93089,-20.50144,-7.3144,0.7902869,1.337289,-1.147058,36.43311,-32.39077,75.80475,0.8061533,1.365758,-1.169377,0.6867107,37.47413,-0.4182466,0.8079757,1.395553,-1.172188,0.3631561,-6.494157E-07,0,0.7955533,1.340059,-1.135416,0,-14.88063,1.250075,0.8008937,1.394606,-1.139266,-2.097139,17.5284,-6.566532,0.8087617,1.438398,-1.12897,6.734554,3.042222E-05,0,0.8164746,1.464996,-1.124224,4.48991,2.114943E-05,0,0.7995222,1.338812,-1.125633,0,-4.305081E-06,0,0.8099306,1.390528,-1.116617,-6.051293,0.4957311,3.858641,0.8146184,1.436064,-1.106486,8.512578,2.630278E-06,0,0.8220345,1.465629,-1.101272,5.675611,2.824813E-06,0.01978234,0.8033258,1.336079,-1.115792,3.069309,14.87364,-2.900633,0.8200226,1.380551,-1.096552,-11.38102,-15.52442,1.179354,0.8223003,1.423221,-1.086972,11.55683,-4.886668E-06,0,0.829069,1.450324,-1.082815,7.705993,-1.152853E-06,0,0.8061453,1.33147,-1.107716,7.703165,29.67834,-7.043752,0.8277212,1.365341,-1.081329,-20.01159,-26.36938,-20.33288,0.8277637,1.398996,-1.07024,18.51197,1.208289E-05,0,0.8334299,1.420384,-1.067683,12.34728,7.456202E-06,0,0.8516016,1.372043,-1.142999,32.79749,-25.09352,70.58313,0.8269987,1.398343,-1.159227,6.457707,23.93424,-2.629124,0.8135639,1.425011,-1.161921,3.933729,-2.349119E-06,0,0.8482469,1.375391,-1.130813,0,-14.88067,1.249918,0.8349212,1.428212,-1.137967,1.902692,23.18183,8.699491,0.8199273,1.469682,-1.126091,12.01396,7.434172E-05,0,0.8053966,1.492673,-1.11904,8.010919,5.243357E-05,0,0.8463585,1.374729,-1.120372,0,-5.839689E-07,0,0.8308593,1.425521,-1.113727,-6.356719,7.097901,11.65849,0.8214985,1.469769,-1.101374,15.98024,7.881643E-05,0,0.8072467,1.496013,-1.09335,10.65734,5.712003E-05,0,0.8448441,1.372625,-1.109787,3.069245,14.87368,-2.900633,0.8260961,1.416607,-1.091325,-17.68599,-8.689387,-2.289782,0.8238413,1.458648,-1.079274,19.63654,1.130931E-05,0,0.8130994,1.48411,-1.073448,13.09816,1.024605E-05,0,0.8442169,1.368598,-1.100966,7.703165,29.67841,-7.043725,0.8234798,1.402296,-1.073698,-27.54064,-16.84734,-27.41719,0.8249708,1.434867,-1.059823,17.03202,-0.0001001802,0,0.8201458,1.455889,-1.054264,11.35933,-6.099489E-05,0,sign
3767,0.8078268,0.9275498,-1.29127,0.4000739,0.9438275,1.089124,0.8026518,1.288028,-1.332173,0.1557664,0.3718452,1.630629,0.8015757,1.59674,-1.325272,8.193428,-0.8418611,2.696677,0.7277673,0.9262415,-1.289739,-0.06255726,0.5486863,-0.5567266,0.730705,0.4991409,-1.28714,7.703471,-0.0007775446,0,0.7313612,0.07455099,-1.341903,7.335802,-1.186664,-9.74108,0.8878862,0.928858,-1.292802,-3.347085,-1.004539,2.453836,0.8869491,0.5022975,-1.31461,0.05233916,-0.01965433,0,0.8864565,0.07476997,-1.336878,3.617687,-0.7192684,-6.053366,0.7328166,1.410618,-1.311604,-11.39684,-2.883366,1.544337,0.601879,1.403012,-1.334128,10.44397,18.32031,-66.30405,0.5614186,1.177511,-1.215373,112.7554,-3.745226E-05,12.02069,0.871968,1.41151,-1.315568,-13.71239,-0.9554368,2.283277,1.000297,1.410028,-1.350771,13.39957,25.04148,-63.20988,1.087425,1.211441,-1.210903,117.5882,-5.904628E-05,12.65047,0.7960374,1.309272,-1.124069,-41.02965,-28.47868,-10.84854,0.8554139,1.346372,-1.117588,-38.46457,-20.81784,-7.333608,0.7911986,1.335554,-1.146166,36.41299,-32.3825,76.11166,0.8070706,1.364027,-1.168476,0.9477068,37.56301,-0.57743,0.8088761,1.393828,-1.171233,0.5008504,-1.054758E-05,0,0.7964671,1.338321,-1.134524,0,-14.88065,1.249918,0.801828,1.392867,-1.138372,-2.166002,17.54215,-6.425716,0.8096688,1.436657,-1.128044,6.62081,-0.0001214566,0,0.8173208,1.463262,-1.123246,4.41415,-8.748942E-05,0,0.8004363,1.337073,-1.124742,0,-1.240663E-05,0,0.8108653,1.388784,-1.115724,-6.139482,0.5028692,3.930741,0.8155064,1.434317,-1.105559,8.357712,-1.308421E-05,0,0.8228167,1.463898,-1.100289,5.572321,-1.859832E-05,0,0.8042397,1.334337,-1.114902,3.069309,14.87364,-2.900768,0.8209553,1.378802,-1.09566,-11.29803,-15.49184,1.276409,0.823316,1.421467,-1.086077,11.21303,6.560878E-06,0,0.8299843,1.448584,-1.081851,7.476641,-2.230187E-06,0,0.8070581,1.329727,-1.106826,7.703165,29.67835,-7.043725,0.8286493,1.363588,-1.080438,-19.88286,-26.36441,-20.13989,0.8287748,1.397248,-1.069364,18.18582,-4.00121E-06,0,0.8344046,1.418636,-1.066727,12.12956,6.630011E-07,0,0.8524142,1.370636,-1.14218,32.84518,-25.06337,70.6936,0.8276915,1.39687,-1.158334,6.337225,24.19188,-2.605717,0.8142569,1.423549,-1.160915,3.852546,2.0672E-07,0,0.8490219,1.373918,-1.129987,0,-14.88068,1.249762,0.8354659,1.426706,-1.136949,1.963836,23.21019,8.802947,0.8202158,1.468038,-1.124916,11.78509,1.166033E-05,0,0.8056387,1.49097,-1.117771,7.858277,1.084475E-05,0,0.8471177,1.373205,-1.119553,0,-6.562456E-06,0,0.8313724,1.423897,-1.112728,-6.336235,7.102069,11.66025,0.8217688,1.468047,-1.10021,15.9076,4.070947E-05,0,0.8074064,1.494205,-1.092103,10.60886,3.160967E-05,0,0.8455938,1.371051,-1.108978,3.069245,14.87368,-2.900701,0.8266097,1.41487,-1.090371,-17.66215,-8.684427,-2.282334,0.8241211,1.456848,-1.078151,19.5465,4.561423E-05,0,0.8132808,1.482246,-1.072229,13.03802,3.666899E-05,0,0.844969,1.366985,-1.100175,7.703165,29.67841,-7.04378,0.8240273,1.400474,-1.072808,-27.41935,-16.88135,-27.3314,0.8252717,1.433006,-1.058816,16.64673,0.0002970105,0,0.8204209,1.453983,-1.053114,11.10218,0.000207455,0,sign
3800,0.8079936,0.9275492,-1.292025,0.3990945,0.9489762,1.067529,0.8028681,1.288031,-1.332495,0,0.3512654,1.604741,0.8019264,1.596725,-1.324777,8.131467,-0.8692839,2.638043,0.7279337,0.9262335,-1.290524,0.02797646,0.5670315,-0.5637122,0.7307872,0.4991375,-1.287183,7.798503,0.01889047,0,0.731208,0.07454243,-1.341908,7.330237,-1.155078,-9.742977,0.8880535,0.928865,-1.293527,-2.994279,-1.011115,2.4672,0.8871663,0.5021785,-1.312717,0.6581939,-0.01896948,0,0.8864456,0.07475448,-1.336885,3.868777,-0.7402447,-6.057963,0.7330676,1.410586,-1.311609,-11.32609,-2.806699,1.607056,0.6020999,1.403269,-1.334054,10.72848,17.71922,-66.1346,0.5623391,1.176932,-1.216661,111.9114,-7.281354E-05,11.96782,0.8722209,1.41144,-1.315508,-13.67469,-1.022524,2.584599,1.000587,1.409855,-1.350572,12.68755,25.14883,-62.7746,1.087772,1.209852,-1.212774,117.1436,-6.72364E-05,12.25892,0.7971071,1.305826,-1.121722,-41.07515,-29.39982,-11.22626,0.8568344,1.343641,-1.115245,-37.16082,-21.3125,-7.238417,0.7922836,1.332123,-1.143806,36.33786,-32.28691,77.35994,0.808191,1.360622,-1.166057,1.795587,37.95095,-1.104467,0.8098522,1.390448,-1.168618,0.9435682,-2.101244E-06,0,0.7975677,1.334878,-1.132168,0,-14.88063,1.249762,0.8030023,1.389418,-1.136003,-2.441922,17.62773,-5.704098,0.8107446,1.43319,-1.12553,6.194984,-4.463865E-05,0,0.8181726,1.459818,-1.12051,4.130242,-2.608317E-05,0,0.8015448,1.333621,-1.12239,0,-1.122226E-06,0,0.8120564,1.385314,-1.113365,-6.418694,0.5487556,4.358603,0.8165731,1.430831,-1.103073,7.935012,2.49455E-06,0,0.8235998,1.460447,-1.097613,5.290503,2.483063E-06,0,0.8053542,1.330877,-1.112555,3.069245,14.87364,-2.900633,0.8221522,1.375311,-1.093315,-11.05191,-15.40227,1.535823,0.8247766,1.417959,-1.083723,10.05262,5.053004E-06,0,0.8310913,1.445124,-1.079273,6.702678,6.183432E-07,0,0.8081741,1.32626,-1.104484,7.703165,29.67834,-7.04378,0.8298399,1.360081,-1.078106,-19.31668,-26.37914,-19.36442,0.8303217,1.393766,-1.067117,16.66611,1.560432E-05,0,0.8357487,1.41516,-1.06413,11.1151,1.39068E-05,0,0.8535102,1.368115,-1.139585,32.96315,-25.00724,71.16422,0.8283371,1.394043,-1.155535,6.268697,24.97233,-2.655202,0.8147702,1.420691,-1.157714,3.787238,1.144129E-07,0,0.8500159,1.371206,-1.12737,0,-14.88068,1.249918,0.8355793,1.423826,-1.133814,2.203892,23.30712,9.114967,0.8194051,1.464676,-1.121353,10.7412,-1.064586E-05,0,0.8047502,1.487468,-1.113922,7.161934,2.579263E-06,0,0.8480849,1.370347,-1.116952,0,-9.317018E-06,0,0.8314435,1.420683,-1.109641,-6.176698,7.168637,11.81541,0.8209021,1.464483,-1.096657,15.14798,1.648044E-05,0,0.8063438,1.490443,-1.088264,10.10194,6.477887E-06,0,0.8465584,1.368052,-1.106407,3.069309,14.87368,-2.900768,0.8267525,1.411333,-1.087403,-17.4523,-8.65846,-2.109885,0.823336,1.453115,-1.074741,18.67154,3.232624E-05,0,0.812331,1.478358,-1.068469,12.45383,2.505498E-05,0,0.8459706,1.36388,-1.097652,7.703165,29.67842,-7.04378,0.8243521,1.396705,-1.070007,-27.12438,-16.97401,-26.97535,0.82481,1.429126,-1.055714,15.61966,0.0002650207,0,0.8197978,1.449954,-1.049618,10.41669,0.0001751665,0,sign
3833,0.8080983,0.9275446,-1.292817,0.4025119,0.9494055,1.036465,0.8030354,1.288025,-1.332787,-0.199792,0.3346053,1.579791,0.8022385,1.596694,-1.324054,8.102732,-0.9281781,2.549754,0.7280377,0.926228,-1.291359,0.1440177,0.5777772,-0.5719823,0.7308283,0.4991388,-1.287198,7.899757,-0.0005772196,0,0.7313359,0.07453623,-1.341864,7.320112,-1.163759,-9.730721,0.888159,0.9288611,-1.294275,-2.60429,-1.008589,2.483331,0.8873607,0.502053,-1.310541,1.345521,-0.01640876,0,0.8864312,0.07475874,-1.336897,4.156757,-0.7571898,-6.069666,0.7332615,1.41053,-1.311518,-11.27105,-2.719448,1.644967,0.602269,1.403529,-1.333919,10.7705,17.17171,-65.76852,0.5630264,1.175819,-1.219033,110.5165,-3.178939E-05,11.51365,0.8724169,1.411356,-1.315353,-13.78736,-0.9316362,2.833725,1.000731,1.410064,-1.35062,12.18128,24.77899,-62.27796,1.087849,1.207817,-1.216093,116.2371,-6.114531E-05,10.62275,0.7978587,1.299445,-1.117477,-40.77706,-31.18346,-11.84239,0.8585443,1.338968,-1.111393,-34.87706,-22.27649,-7.07798,0.7930332,1.325809,-1.139479,36.19154,-31.91276,79.89149,0.8090714,1.354362,-1.161567,3.415123,38.53268,-2.129,0.810558,1.384227,-1.16375,1.780592,-1.293221E-05,0,0.7984129,1.328513,-1.127872,0,-14.88064,1.250075,0.8041317,1.383028,-1.131645,-2.882218,17.74751,-4.655052,0.8119192,1.426735,-1.120934,5.717072,-7.159818E-05,0,0.8191848,1.453353,-1.11563,3.811513,-5.27971E-05,0,0.80245,1.327215,-1.118124,0,-9.456705E-06,0,0.8133178,1.37883,-1.109078,-6.888687,0.6058306,4.729239,0.8178243,1.424294,-1.098548,7.505116,1.720559E-05,0,0.8246293,1.453917,-1.092854,5.003785,1.122821E-05,0,0.8063114,1.32443,-1.10832,3.069245,14.87364,-2.900701,0.8234943,1.368733,-1.089116,-11.54855,-15.2803,1.698005,0.8261199,1.411317,-1.079247,9.466392,3.452163E-06,0,0.8321696,1.438495,-1.074515,6.311711,6.480266E-06,0,0.8091604,1.319782,-1.100277,7.703165,29.67834,-7.043752,0.8311995,1.353431,-1.073988,-19.00525,-26.22512,-18.26476,0.8321422,1.387075,-1.062905,15.52425,3.651111E-05,0,0.837548,1.408419,-1.059543,10.353,2.660849E-05,0,0.8550162,1.364111,-1.135013,33.01715,-24.94869,72.35562,0.8294311,1.389877,-1.150564,7.250685,25.83463,-3.173422,0.8154501,1.416378,-1.151652,4.348705,1.456433E-06,0,0.8512384,1.366726,-1.122772,0,-14.88067,1.249762,0.8355889,1.419151,-1.127826,2.235196,23.45914,9.994224,0.8181491,1.459125,-1.114276,9.914568,0.0001093528,0,0.8031288,1.481462,-1.106222,6.610642,7.500334E-05,0,0.8491533,1.36549,-1.112421,0,-5.579368E-06,0,0.8311245,1.415144,-1.10384,-6.005018,7.32147,12.36262,0.8191122,1.458167,-1.089596,13.93309,2.525792E-05,0,0.8042501,1.483707,-1.080483,9.291237,1.168035E-05,0,0.8475067,1.362826,-1.101982,3.069245,14.87367,-2.900701,0.8262948,1.404982,-1.081991,-17.23799,-8.574614,-1.697313,0.8214426,1.446213,-1.068057,17.28905,1.529707E-05,0,0.8102049,1.471129,-1.060949,11.5309,6.742452E-06,0,0.8468761,1.358366,-1.093373,7.703139,29.67841,-7.043752,0.8239701,1.389755,-1.065105,-26.97623,-16.98624,-26.46764,0.8232793,1.421712,-1.049811,14.75811,-3.911126E-05,0,0.8178483,1.442196,-1.042954,9.841748,-2.863573E-05,0,sign
3867,0.8083328,0.9275326,-1.292974,0.4078243,0.9605631,0.9962258,0.8031964,1.288008,-1.332536,-0.3615361,0.3570523,1.567729,0.8023456,1.596653,-1.32296,8.071027,-0.996908,2.42721,0.7282714,0.9262002,-1.291572,0.1791368,0.6077812,-0.5794597,0.7309253,0.499113,-1.287115,7.946434,-0.0003944612,0,0.73132,0.07451707,-1.341834,7.325604,-1.143506,-9.713875,0.8883942,0.928865,-1.294376,-2.576179,-1.038344,2.492379,0.8874745,0.5020478,-1.310395,1.398578,-0.01110902,0,0.8864441,0.07476297,-1.336901,4.170867,-0.7767716,-6.089046,0.73337,1.410425,-1.310934,-11.40038,-2.481476,1.642586,0.6024078,1.403991,-1.33368,10.43735,16.54764,-64.95432,0.5629737,1.173956,-1.223592,108.1195,-4.270351E-05,10.10729,0.8725258,1.411316,-1.314737,-13.95416,-0.8589861,2.855265,1.000746,1.410345,-1.350353,10.96352,24.81741,-61.6259,1.088393,1.204642,-1.221532,114.9771,-5.853807E-05,8.884624,0.7969956,1.287645,-1.109348,-39.57329,-34.55579,-12.76968,0.8613278,1.330652,-1.10618,-33.12267,-22.43674,-6.75093,0.792165,1.314254,-1.131053,36.09926,-31.28307,82.47183,0.8084893,1.342855,-1.152868,6.133475,38.00591,-3.785583,0.8108012,1.372701,-1.15454,3.219661,-6.189342E-06,0,0.7977873,1.316786,-1.119524,0,-14.88062,1.250075,0.8042281,1.371242,-1.122971,-2.671517,17.85439,-3.827815,0.8130125,1.414706,-1.112045,6.683691,-8.224232E-05,0,0.8212898,1.441048,-1.106845,4.456061,-5.174247E-05,0,0.8019767,1.315351,-1.10986,0,6.8012E-07,0,0.8137494,1.366731,-1.100603,-6.721787,0.7448634,4.928236,0.8192674,1.412007,-1.089752,8.708924,2.535898E-05,0,0.8273131,1.44133,-1.084126,5.806571,2.13548E-05,0,0.8059698,1.312433,-1.100148,3.069245,14.87364,-2.900768,0.8241293,1.356327,-1.080905,-12.16366,-15.20506,1.584738,0.827146,1.398765,-1.07053,11.41365,7.878391E-06,0,0.8342956,1.425693,-1.065907,7.610507,7.193102E-06,0,0.8088927,1.307679,-1.092193,7.703165,29.67834,-7.043752,0.8318778,1.340794,-1.066037,-20.05489,-25.8695,-17.55677,0.8330168,1.374222,-1.054336,17.95956,2.120383E-05,0,0.8393014,1.39535,-1.051142,11.97847,2.155885E-05,0,0.8572704,1.357041,-1.128307,33.03769,-24.54686,73.24084,0.8310187,1.383134,-1.142103,8.397512,25.82189,-3.679137,0.8163061,1.409242,-1.141175,5.036295,-8.42797E-06,0,0.8534557,1.358869,-1.115935,0,-14.88069,1.249918,0.8367568,1.411175,-1.117952,1.711093,23.55921,11.22558,0.8188844,1.45004,-1.101959,11.54465,7.953596E-05,0,0.8029748,1.471187,-1.092519,7.697864,4.614779E-05,0,0.8514081,1.356996,-1.105673,0,-1.684573E-05,0,0.8324019,1.405701,-1.094237,-6.481107,7.367455,12.65741,0.8199148,1.447643,-1.077414,14.90973,5.0166E-05,0,0.8043221,1.472134,-1.066768,9.942931,3.520025E-05,0,0.8498275,1.353701,-1.095406,3.069373,14.87367,-2.900633,0.8278021,1.394199,-1.073011,-17.84526,-8.463788,-1.78586,0.8225879,1.434452,-1.056573,18.51409,2.90251E-05,0,0.8105828,1.458565,-1.048084,12.3487,2.369553E-05,0,0.8492963,1.348739,-1.087068,7.703191,29.67841,-7.043725,0.8258019,1.377979,-1.057033,-28.04939,-16.65517,-26.50137,0.8251238,1.408891,-1.039723,17.6512,1.485445E-05,0,0.8187069,1.428809,-1.032095,11.77264,5.509049E-06,0,end
3900,0.8087826,0.9275281,-1.2923,0.4182466,0.9612159,0.9520329,0.8035927,1.287996,-1.331651,-0.4558544,0.3874064,1.583874,0.8026142,1.596632,-1.32167,7.965186,-1.029271,2.284391,0.7287201,0.9261946,-1.29096,0.1101434,0.6415403,-0.587175,0.7311177,0.4991016,-1.286937,7.926102,0.01148207,0,0.7312099,0.07454163,-1.341935,7.362393,-1.096904,-9.697771,0.888845,0.9288617,-1.293641,-2.771917,-1.078233,2.500768,0.8876224,0.5020994,-1.311042,1.120998,-0.01084409,0,0.8864225,0.07477328,-1.336866,4.075349,-0.8121299,-6.107659,0.7337073,1.41034,-1.309829,-11.71701,-2.155633,1.576815,0.6028342,1.404635,-1.333272,9.268513,16.34714,-63.44045,0.5615885,1.171496,-1.23063,105.0931,-5.141889E-05,8.565638,0.8728616,1.411311,-1.31367,-14.22598,-0.7808962,2.611795,1.000903,1.410652,-1.349929,8.539275,25.76616,-60.57712,1.090956,1.200454,-1.230355,113.3583,-6.535978E-05,6.820241,0.792541,1.270834,-1.098205,-38.0141,-38.18207,-13.59758,0.8674334,1.3174,-1.099571,-32.41815,-22.85861,-6.726803,0.7882237,1.298015,-1.119301,36.41843,-29.75503,84.68659,0.805934,1.326699,-1.13989,7.535463,36.98215,-4.5498,0.8096392,1.356437,-1.140826,4.008927,-3.975807E-06,0,0.7939503,1.300166,-1.107746,0,-14.88062,1.249918,0.8016092,1.354525,-1.110031,-1.0093,18.01375,-3.358938,0.8126132,1.397346,-1.09859,9.732337,0.0002005331,0,0.8234975,1.4228,-1.093788,6.489029,0.0001226084,0,0.7981466,1.298425,-1.098135,0,1.953818E-06,0,0.8111196,1.34931,-1.087813,-7.174003,0.9041299,5.332045,0.8174154,1.394173,-1.07574,14.20523,7.579933E-06,0,0.8286539,1.422473,-1.070347,9.472868,8.675407E-06,0,0.8021132,1.295204,-1.088508,3.069309,14.87364,-2.900633,0.8213434,1.338244,-1.068396,-13.79905,-15.24712,0.9456397,0.8242321,1.380345,-1.056695,17.64161,3.490755E-07,0,0.8340329,1.406493,-1.052467,11.76623,1.992126E-06,0,0.8049609,1.290213,-1.080673,7.703139,29.67834,-7.043752,0.8288002,1.322218,-1.053908,-22.18654,-25.34112,-17.11267,0.8297055,1.355148,-1.040852,24.18958,5.604878E-06,0,0.8378178,1.375713,-1.038141,16.13977,5.287591E-07,0,0.8628922,1.345328,-1.119618,33.3706,-23.72386,74.03052,0.8359171,1.372012,-1.130603,9.104808,26.68352,-4.116278,0.8211462,1.397819,-1.126762,5.419276,-8.81204E-06,0,0.8592683,1.346213,-1.107086,0,-14.88067,1.250075,0.8422852,1.398423,-1.104962,0.2112177,23.46021,13.19254,0.8255,1.436266,-1.085679,17.31283,0.0002291839,0,0.807969,1.455173,-1.074515,11.54676,0.0001461518,0,0.8573952,1.343574,-1.09696,0,-4.693503E-06,0,0.8383392,1.391184,-1.081653,-7.716682,7.261922,13.12842,0.8268939,1.431911,-1.061443,19.87884,-1.98042E-06,0,0.80967,1.454334,-1.04892,13.25995,-8.820008E-06,0,0.8559961,1.339519,-1.086941,3.069309,14.87368,-2.900768,0.8341375,1.378117,-1.061267,-19.48923,-8.344543,-1.83547,0.8302161,1.417035,-1.041576,24.95965,5.335307E-06,0,0.8161387,1.439488,-1.031814,16.65445,4.458275E-06,0,0.8556232,1.333951,-1.078986,7.703139,29.67842,-7.043752,0.8324736,1.360748,-1.046504,-30.36923,-15.85507,-26.66482,0.833307,1.390019,-1.026551,26.33973,-8.261974E-06,0,0.8248726,1.409093,-1.01873,17.57708,-2.958316E-06,0,end
3933,0.8090265,0.9275232,-1.292494,0.4187142,0.9603969,0.9170658,0.8038318,1.287991,-1.33184,-0.4588492,0.3991396,1.636858,0.8027821,1.596636,-1.321975,7.827695,-1.011365,2.141649,0.7289633,0.9261904,-1.291203,0.132704,0.6591879,-0.5881739,0.7312253,0.4990983,-1.287013,7.938005,0.01269902,0,0.7312065,0.07452846,-1.341935,7.350738,-1.075159,-9.681152,0.8890898,0.928856,-1.293786,-2.735379,-1.095048,2.514895,0.8877527,0.5020829,-1.310914,1.173198,-0.01153161,0,0.8864126,0.07476419,-1.336853,4.087872,-0.8350483,-6.114332,0.7339406,1.410319,-1.309948,-12.20925,-1.82505,1.404442,0.6032203,1.405365,-1.334393,7.298207,16.69586,-61.30256,0.5585713,1.168794,-1.241488,101.3396,-4.456264E-05,6.812558,0.873091,1.41132,-1.313917,-14.47718,-0.8849081,2.184984,1.000937,1.410451,-1.350857,4.872908,27.69349,-58.83536,1.094931,1.195155,-1.244071,111.2127,-5.926076E-05,4.687133,0.7832558,1.248128,-1.086677,-36.35095,-41.3526,-14.12617,0.8776141,1.298474,-1.092936,-32.64752,-22.9368,-6.800687,0.7801384,1.276413,-1.106495,37.2478,-27.76848,87.07879,0.8002645,1.305173,-1.124609,8.840913,36.00045,-5.223672,0.8058879,1.334615,-1.123882,4.762015,2.047752E-06,0,0.785732,1.277824,-1.094761,0,-14.88064,1.249918,0.795104,1.331961,-1.09429,-2.756195,18.36713,-1.525724,0.8061128,1.373867,-1.079857,19.23468,5.53356E-05,0,0.8208932,1.397322,-1.07529,12.8298,4.161929E-05,0,0.789709,1.275492,-1.085182,0,-1.158323E-05,0,0.8040708,1.325387,-1.072206,-8.79837,0.8786017,5.73962,0.8103037,1.369433,-1.057399,24.2838,-2.09268E-06,0,0.8262516,1.39538,-1.052047,16.20271,2.55251E-07,0,0.7934105,1.27169,-1.075663,3.069309,14.87364,-2.900633,0.8136175,1.313084,-1.053193,-15.46118,-15.37143,0.1813082,0.8164223,1.354449,-1.039093,27.32139,-5.583528E-06,0,0.8302695,1.37876,-1.035239,18.23354,-4.352036E-06,0,0.7959695,1.26624,-1.068036,7.703191,29.67834,-7.043752,0.820329,1.296153,-1.039386,-22.86717,-25.05763,-16.62671,0.8217067,1.328275,-1.024488,28.75432,-9.893078E-06,0,0.8316125,1.347996,-1.021479,19.19202,-6.52203E-06,0,0.8723246,1.32818,-1.110025,33.65038,-22.67273,75.37752,0.8446286,1.355562,-1.116623,10.7797,26.7221,-4.893249,0.8298796,1.380474,-1.108827,6.412061,-2.188438E-05,0,0.8692742,1.327878,-1.097314,0,-14.88068,1.249762,0.8526863,1.379671,-1.089494,-1.645443,23.20176,15.09405,0.8382819,1.416001,-1.065865,27.04514,-4.674271E-05,0,0.8185658,1.431073,-1.052692,18.04878,-4.675528E-05,0,0.8678453,1.324294,-1.087409,0,-1.565092E-05,0,0.8497561,1.370261,-1.066819,-9.631903,6.999308,13.51743,0.8409875,1.409227,-1.042264,30.79642,-3.326472E-06,0,0.8206657,1.427483,-1.027772,20.55857,-1.182138E-05,0,0.8668774,1.31931,-1.077765,3.069245,14.87367,-2.900633,0.8464073,1.355327,-1.04759,-21.15367,-8.086199,-1.66906,0.8448344,1.392123,-1.023899,37.40651,1.110978E-07,0,0.8269314,1.41115,-1.013172,24.98731,-6.841096E-06,0,0.8668335,1.313014,-1.070364,7.703191,29.67841,-7.04378,0.8453168,1.33664,-1.034476,-30.5118,-14.93974,-25.25574,0.8473209,1.363523,-1.011477,37.96866,7.954303E-06,0,0.8356576,1.380771,-1.003568,25.36438,6.385623E-06,0,end
3967,0.8092457,0.9275106,-1.29252,0.4092611,0.9613416,0.8970026,0.8040224,1.287985,-1.332013,-0.3896677,0.4136683,1.714064,0.8028712,1.596647,-1.322586,7.760761,-0.9735872,2.019648,0.7291821,0.9261761,-1.291256,0.1607126,0.6761405,-0.5861744,0.7313277,0.4990848,-1.286923,7.970507,0.01397402,0,0.731201,0.07452762,-1.341942,7.362793,-1.058236,-9.67386,0.8893093,0.928845,-1.293783,-2.666751,-1.109373,2.531263,0.887888,0.5020549,-1.310472,1.291043,-0.01300666,0,0.8863998,0.07476348,-1.336849,4.14671,-0.8518144,-6.103613,0.7341285,1.410321,-1.310176,-12.79595,-1.52139,1.164325,0.6036064,1.406019,-1.335776,5.364178,16.8685,-59.2407,0.5562821,1.166141,-1.253258,95.9786,-4.783592E-05,5.380191,0.8732731,1.411354,-1.314334,-14.82522,-0.922549,1.67035,1.000841,1.41039,-1.35222,1.453469,29.20866,-56.78167,1.098609,1.19021,-1.259741,108.4596,-7.086132E-05,0.5901666,0.7717499,1.216769,-1.075063,-35.87735,-43.12891,-14.58209,0.8904067,1.275999,-1.086435,-32.1417,-21.80665,-6.352583,0.77078,1.246757,-1.092447,38.54153,-25.47955,90.23335,0.7943271,1.275374,-1.10612,11.22126,34.91508,-6.478262,0.8023879,1.303966,-1.102065,6.122054,-3.180874E-06,0,0.7758006,1.246914,-1.080375,0,-14.88062,1.249918,0.7872344,1.300353,-1.074692,-1.721924,19.32503,-0.1008706,0.8000136,1.339893,-1.055746,30.06044,3.881971E-05,0,0.8198463,1.359135,-1.050664,20.06599,2.889008E-05,0,0.7791756,1.243598,-1.070856,0,8.959959E-07,0,0.7947672,1.291527,-1.05286,-6.994819,2.112575,6.160107,0.8036009,1.333339,-1.033576,34.41409,6.830012E-06,0,0.8252919,1.354465,-1.027295,22.98133,5.846418E-06,0,0.7822216,1.238837,-1.061538,3.069309,14.87364,-2.900701,0.8028167,1.277237,-1.034557,-12.95026,-14.74335,-0.2832403,0.8083882,1.316913,-1.016878,37.3886,5.278171E-06,0,0.8275589,1.337306,-1.013102,24.97531,5.014226E-06,0,0.7841627,1.232647,-1.054303,7.703139,29.67834,-7.043752,0.8081303,1.25891,-1.021978,-21.797,-24.33993,-15.49985,0.8106479,1.289349,-1.004013,35.46677,1.78553E-05,0,0.8234297,1.307202,-1.000272,23.68681,1.80234E-05,0,0.8845463,1.307921,-1.098647,34.05974,-21.55367,77.82209,0.856392,1.335624,-1.099127,14.64024,26.15705,-6.56916,0.8416589,1.358011,-1.085685,8.743836,-2.614193E-06,0,0.8821439,1.305746,-1.08598,0,-14.88066,1.249918,0.8664845,1.355845,-1.069741,-0.1928145,23.42852,15.37079,0.8526425,1.38795,-1.040359,38.10915,-6.783103E-06,0,0.8300515,1.396551,-1.026038,25.45862,-4.451598E-06,0,0.8811857,1.300737,-1.076653,0,3.461632E-06,0,0.8646197,1.343186,-1.048585,-8.420282,7.993909,11.87514,0.8564978,1.377462,-1.017645,43.44821,2.273217E-05,0,0.8319854,1.388696,-1.002504,29.04351,1.239787E-05,0,0.8806609,1.294381,-1.067815,3.069245,14.87368,-2.900701,0.8621072,1.325575,-1.031628,-16.80737,-6.140138,-1.200241,0.8587916,1.357394,-1.001724,49.03616,-1.298901E-05,0,0.8361392,1.370214,-0.9907635,32.80336,-1.466734E-05,0,0.8809319,1.287059,-1.061433,7.703165,29.67841,-7.043752,0.8615021,1.305154,-1.021382,-22.58589,-14.33232,-23.01482,0.8602355,1.327901,-0.994242,44.23139,1.472831E-05,0,0.8450986,1.341934,-0.9858725,29.56997,2.250346E-05,0,end
4000,0.809436,0.927502,-1.292534,0.393167,0.9632186,0.8913127,0.8042127,1.287988,-1.332234,-0.2887141,0.4126966,1.800593,0.8030307,1.596664,-1.32333,7.782707,-0.9205217,1.933506,0.7293722,0.9261644,-1.291279,0.1938267,0.6918046,-0.5855064,0.7314186,0.4990739,-1.286825,7.988048,0.0007162147,0,0.7312959,0.07451847,-1.341858,7.364392,-1.059012,-9.677943,0.8894997,0.9288395,-1.293788,-2.626741,-1.12394,2.541989,0.8879907,0.5020427,-1.310298,1.339983,-0.0139336,0,0.8863849,0.074763,-1.336858,4.17359,-0.8591811,-6.084022,0.7343526,1.410363,-1.310509,-13.31429,-1.391142,0.9563395,0.6040171,1.406327,-1.337084,3.960124,16.61425,-57.42865,0.5559897,1.163669,-1.263594,88.90215,-5.30752E-05,3.708293,0.8734908,1.411387,-1.314878,-15.22361,-0.8637508,1.147736,1.000735,1.410494,-1.353841,-1.990561,30.63455,-54.87523,1.101987,1.186115,-1.276431,105.1638,-6.923534E-05,-3.540165,0.7586392,1.177939,-1.064916,-36.4129,-42.96062,-14.74953,0.9045166,1.2495,-1.082187,-31.87519,-19.2703,-5.551109,0.7604917,1.209965,-1.078084,40.12941,-22.9932,93.31138,0.7877744,1.23769,-1.084963,13.39185,34.9461,-7.765842,0.7975295,1.264465,-1.075644,7.297213,-2.476141E-05,0,0.7644478,1.208253,-1.065741,0,-14.88067,1.249762,0.7776669,1.259768,-1.051949,7.334571,21.48287,-1.68702,0.7969509,1.293258,-1.027613,37.5082,1.585463E-05,0,0.821733,1.305143,-1.02178,25.05553,1.412538E-05,0,0.7668359,1.203532,-1.05652,0,-2.403349E-05,0,0.7828838,1.247742,-1.030985,2.707182,5.793632,4.655304,0.7998208,1.283328,-1.005589,41.60088,-1.608451E-07,0,0.8272473,1.295898,-0.9988046,27.80237,8.82746E-06,0,0.7688508,1.197424,-1.047722,3.069245,14.87362,-2.900633,0.788683,1.230745,-1.014209,-2.12108,-12.08073,-0.2927522,0.8024976,1.265628,-0.9916242,43.53842,-9.013374E-06,0,0.8269271,1.279342,-0.9880517,29.10415,-2.250426E-06,0,0.7698847,1.190238,-1.041264,7.703139,29.67834,-7.043752,0.7920798,1.210656,-1.003853,-15.59933,-22.83513,-13.19102,0.7979297,1.237648,-0.9816525,41.85469,1.408629E-05,0,0.8143121,1.251971,-0.9769041,27.97282,4.861261E-06,0,0.8980071,1.283043,-1.088105,35.08812,-20.19486,80.95506,0.8693718,1.309383,-1.081281,19.87817,25.94983,-8.990491,0.8553293,1.327016,-1.061512,11.87376,-9.016688E-06,0,0.8964831,1.27864,-1.075888,0,-14.8807,1.249762,0.8822962,1.324962,-1.049969,8.543322,24.33124,12.09548,0.8647951,1.349027,-1.015324,44.61828,-5.637936E-06,0,0.8399559,1.350071,-1.002234,29.83011,-2.068035E-06,0,0.8961497,1.272051,-1.067553,0,-2.768128E-05,0,0.8818398,1.308741,-1.031315,2.164104,11.23158,8.014153,0.8678719,1.333498,-0.9940303,55.81044,-2.022211E-05,0,0.8387685,1.334288,-0.983607,37.37369,-1.777672E-05,0,0.8962061,1.264225,-1.059968,3.069309,14.87366,-2.900701,0.880414,1.288386,-1.017617,-1.366303,-2.571537,-1.28664,0.8678649,1.310889,-0.982207,59.10396,-4.394345E-06,0,0.8404908,1.314647,-0.9763616,39.60115,-3.842852E-06,0,0.896879,1.255889,-1.055021,7.703191,29.67841,-7.04378,0.8804051,1.266469,-1.011137,-7.610456,-13.12614,-19.76921,0.8723099,1.282484,-0.9805822,50.50362,-1.412826E-05,0,0.8531645,1.291871,-0.9741456,33.79217,-9.327426E-06,0,end
4033,0.8096161,0.9274989,-1.292697,0.3711503,0.9636147,0.8970026,0.8043523,1.287999,-1.332603,-0.1802258,0.4262127,1.885437,0.8031123,1.596687,-1.324218,7.851405,-0.9215748,1.893309,0.7295525,0.9261605,-1.291434,0.2406627,0.7054982,-0.5931431,0.7315055,0.4990715,-1.286787,8.023358,0.0009231282,0,0.7312682,0.07452509,-1.341889,7.37411,-1.046854,-9.701338,0.8896797,0.9288374,-1.29396,-2.565291,-1.136419,2.542913,0.888086,0.5020295,-1.310172,1.399277,-0.01388226,0,0.8863679,0.07475939,-1.336878,4.185539,-0.8559034,-6.057542,0.7344946,1.410399,-1.311006,-13.68913,-1.590055,0.8504184,0.6043115,1.405823,-1.338233,2.371246,16.68734,-55.56205,0.5564162,1.160826,-1.272867,81.14345,-4.450504E-05,1.378282,0.8736259,1.411448,-1.315583,-15.60552,-0.7990618,0.6781085,1.000549,1.410663,-1.355579,-5.886397,32.44764,-53.0638,1.105752,1.183194,-1.294089,100.6898,-0.0001005585,-5.851127,0.7420809,1.135439,-1.059262,-36.81897,-40.81572,-14.11843,0.9215334,1.215612,-1.080184,-30.82036,-17.68933,-4.91195,0.7468457,1.169071,-1.066234,41.6668,-20.86788,96.53925,0.7770489,1.194482,-1.064674,16.48075,35.97607,-9.859236,0.7869989,1.217845,-1.048734,8.85053,-1.886459E-05,0,0.74932,1.165,-1.054058,0,-14.88065,1.250075,0.7632533,1.212394,-1.030008,21.83311,23.48981,-6.963565,0.7903053,1.234643,-1.000702,40.0228,-1.793657E-05,0,0.8176009,1.238204,-0.9950712,26.74276,-2.393655E-05,0,0.7504486,1.158612,-1.045636,0,-1.363708E-05,0,0.7655494,1.196615,-1.011112,18.80894,10.16186,0.589503,0.7927222,1.219634,-0.9806182,44.43103,1.783236E-05,0,0.8231442,1.222146,-0.9756724,29.70421,2.332738E-05,0,0.7511906,1.150958,-1.037913,3.069309,14.87363,-2.900701,0.7686635,1.176635,-0.9971443,15.89587,-7.900653,0.1678588,0.7938418,1.200873,-0.9707562,48.1887,-3.617357E-07,0,0.8217292,1.2053,-0.9701858,32.23259,-9.943677E-06,0,0.7511702,1.142712,-1.032773,7.703165,29.67833,-7.043725,0.7699669,1.154882,-0.9902564,-2.597592,-20.08361,-9.435652,0.7818842,1.175161,-0.9637545,45.34885,4.802168E-05,0,0.8015397,1.184324,-0.9586744,30.32141,5.309478E-05,0,0.9135771,1.249364,-1.080169,36.76108,-18.25509,83.54019,0.8837241,1.271646,-1.067028,22.98582,26.71234,-10.79529,0.870717,1.28366,-1.042833,13.61841,-9.219269E-06,0,0.913044,1.24301,-1.068754,0,-14.88067,1.249762,0.8992405,1.283967,-1.034831,22.48539,25.69204,5.843484,0.8750031,1.296468,-0.9981982,46.26521,3.801218E-05,0,0.849171,1.290359,-0.9889894,30.93785,2.934808E-05,0,0.9134973,1.235168,-1.061591,0,-6.333839E-06,0,0.9005902,1.264975,-1.019058,24.40206,14.27941,0.8570652,0.8732597,1.274981,-0.9823012,56.99735,1.479045E-05,0,0.8432539,1.267598,-0.9811178,38.17599,1.059638E-05,0,0.9143262,1.226243,-1.055392,3.069245,14.87368,-2.900701,0.9007596,1.242655,-1.008773,21.87239,-0.2987917,-1.509477,0.8743248,1.252939,-0.9754084,58.49277,6.457985E-06,0,0.8462945,1.250093,-0.9773673,39.18751,4.109004E-06,0,0.9156026,1.217261,-1.051912,7.703165,29.67841,-7.043725,0.9018897,1.220004,-1.005939,13.02381,-10.91671,-16.50675,0.8839064,1.227382,-0.9763115,50.27212,1.459889E-05,0,0.8623799,1.23242,-0.9736056,33.63614,1.673803E-05,0,end
4067,0.8096724,0.9274703,-1.293052,0.3615361,0.9791603,0.9151434,0.8041651,1.287974,-1.333194,-0.07912937,0.4925464,1.959946,0.8026564,1.596669,-1.325286,7.932959,-1.002609,1.886682,0.7296095,0.92611,-1.291764,0.3177519,0.7101825,-0.5947903,0.7316531,0.4990273,-1.286617,8.124557,0.03619722,-0.02797646,0.7312032,0.07451275,-1.341962,7.407507,-1.020804,-9.728942,0.8897352,0.9288305,-1.29434,-2.457662,-1.156073,2.526465,0.8881183,0.5019953,-1.309816,1.529311,-9.142253E-05,0,0.8864209,0.07473984,-1.336756,4.168942,-0.8180101,-6.020081,0.7341933,1.410331,-1.311726,-13.90381,-2.12459,0.8434873,0.6041327,1.404317,-1.339257,0.3533245,17.00929,-53.47422,0.5576161,1.156891,-1.282625,73.32054,-6.420897E-05,-0.2055842,0.8733172,1.411533,-1.316486,-15.98535,-0.6032497,0.3256589,0.9999219,1.411277,-1.357486,-10.71664,34.78964,-51.60837,1.109781,1.181938,-1.313606,94.62419,-7.171042E-05,-5.036723,0.7230182,1.091453,-1.061033,-36.87746,-38.02464,-13.10696,0.9420958,1.171233,-1.084455,-30.37031,-15.26926,-4.167203,0.7303973,1.125335,-1.061106,43.06765,-19.03297,100.4051,0.7623656,1.146418,-1.051417,21.58581,35.17604,-12.83981,0.7720482,1.164311,-1.029394,11.67199,-1.484036E-05,0,0.731214,1.118983,-1.049707,0,-14.88064,1.249918,0.7448378,1.160144,-1.015959,36.70554,23.95568,-12.58801,0.7772123,1.168611,-0.9848807,44.01169,4.399136E-06,0,0.8048729,1.164147,-0.9827848,29.42228,-2.846743E-07,0,0.7310049,1.111129,-1.042547,0,-1.077121E-05,0,0.7440553,1.14112,-1.000187,37.09142,12.54324,-4.413529,0.7792045,1.148353,-0.970015,46.23186,1.348512E-06,0,0.8095413,1.142395,-0.9706885,30.91543,2.91732E-06,0,0.7304242,1.102186,-1.036344,3.069245,14.87363,-2.900768,0.7444259,1.118793,-0.9899231,36.43451,-3.612962,1.223333,0.7791306,1.128506,-0.965044,50.19394,-1.316564E-05,0,0.8066674,1.125057,-0.9702848,33.58346,-1.206082E-05,0,0.7293549,1.093181,-1.032854,7.703139,29.67833,-7.043725,0.7437258,1.096124,-0.9870952,14.7367,-15.29725,-5.293909,0.7628821,1.106228,-0.9590491,47.25111,-1.095776E-05,0,0.7846947,1.109601,-0.9560608,31.60134,-1.750726E-05,0,0.9311651,1.203503,-1.078003,38.45337,-16.33572,84.79279,0.9001053,1.218519,-1.058763,24.10086,26.67615,-11.35574,0.8882743,1.223714,-1.031708,14.27602,1.433599E-07,0,0.9323241,1.195356,-1.067843,0,-14.88067,1.249762,0.9182568,1.228558,-1.026388,37.55093,25.15505,-1.124832,0.88895,1.226705,-0.991412,44.276,3.857644E-05,0,0.8640941,1.214514,-0.986618,29.59997,3.087055E-05,-0.02797646,0.9341802,1.186544,-1.062193,0,-2.245107E-06,0,0.922848,1.207501,-1.014271,45.2029,13.71751,-6.236053,0.887359,1.201544,-0.9842185,54.00708,3.612781E-05,0,0.8595133,1.189956,-0.9910466,36.15561,2.882137E-05,0,0.9364123,1.176866,-1.057706,3.069309,14.87369,-2.900768,0.926034,1.183948,-1.008018,43.77332,0.5537292,-2.631431,0.8907629,1.180552,-0.9822856,55.27198,-3.367414E-06,0,0.8648131,1.174042,-0.9913334,37.00988,-8.717789E-06,0,0.9388277,1.167623,-1.055934,7.703165,29.67841,-7.04378,0.9294751,1.161385,-1.009215,31.34583,-8.582685,-14.60162,0.9050583,1.158929,-0.9836528,49.37914,-6.040818E-06,0,0.8828557,1.160417,-0.9846154,33.0344,-1.553734E-05,0,end
4100,0.8095275,0.9274213,-1.293559,0.3443497,0.9763247,0.9383693,0.803656,1.287932,-1.333752,-0.03426402,0.6284397,2.016642,0.8015679,1.596627,-1.326051,7.963805,-1.155545,1.897336,0.7294651,0.9260648,-1.292239,0.4242849,0.6885579,-0.5804718,0.7316628,0.4989914,-1.286421,8.245765,0.05666131,0,0.7311811,0.07450649,-1.341993,7.437064,-1.01398,-9.740171,0.8895899,0.9287778,-1.294879,-2.374216,-1.100277,2.50069,0.888371,0.5019238,-1.309866,1.577312,-0.06928153,0,0.8865353,0.07465854,-1.336642,4.073907,-0.797059,-5.973467,0.7334152,1.410139,-1.312307,-14.02288,-3.031121,0.8921905,0.603515,1.401694,-1.339956,-2.973482,18.61467,-51.59635,0.5574619,1.152049,-1.293617,65.54775,-5.38886E-05,-0.7828471,0.8725313,1.411668,-1.317206,-16.36656,-0.1026533,0.1083524,0.9988133,1.412841,-1.359174,-14.57094,35.51207,-50.79392,1.109803,1.181453,-1.332122,87.02846,-9.693011E-05,-1.575325,0.7012998,1.044836,-1.073256,-38.0271,-35.31833,-12.52094,0.96267,1.122008,-1.096408,-29.69851,-12.40366,-3.300611,0.7109378,1.077461,-1.066536,44.77623,-17.44678,102.9814,0.743631,1.092333,-1.050094,25.61948,35.26929,-15.47711,0.751716,1.103978,-1.023676,13.79,-4.269583E-06,0,0.7099603,1.06923,-1.056425,0,-14.88064,1.249918,0.7222722,1.102744,-1.014664,51.7839,21.90246,-19.15255,0.7578734,1.097581,-0.9865286,44.20731,6.68182E-06,0,0.7843404,1.08848,-0.9889972,29.55377,-1.022298E-05,0,0.7083665,1.060329,-1.050835,0,-7.662565E-06,0,0.7183247,1.081475,-1.002691,55.08207,12.18165,-9.539308,0.7578505,1.074249,-0.9785326,46.77982,1.675101E-05,0,0.7859556,1.064075,-0.9864613,31.28415,9.848713E-06,0,0.7064437,1.050555,-1.046415,3.069245,14.87364,-2.900768,0.7159463,1.057791,-0.9965745,54.99913,-1.127557,1.668122,0.7554109,1.054772,-0.9778352,51.34927,-6.762012E-08,0,0.7800745,1.047773,-0.9896829,34.3623,-7.012119E-07,0,0.7043542,1.041219,-1.044712,7.703114,29.67834,-7.043752,0.7133657,1.035121,-0.997907,31.56458,-10.56456,-2.508348,0.7377344,1.034672,-0.9721852,46.62955,1.887792E-06,0,0.7599964,1.033966,-0.9722169,31.18303,5.02386E-06,0,0.9481383,1.150778,-1.083618,39.70703,-14.89831,86.12017,0.9169336,1.156377,-1.060053,24.37916,25.03116,-10.85449,0.9063475,1.154235,-1.032084,14.65185,-1.918399E-08,0,0.9513368,1.141333,-1.075161,0,-14.88066,1.249918,0.9368764,1.164778,-1.027621,47.97764,23.39303,-6.825962,0.9069282,1.149445,-0.9967394,44.05106,6.747058E-07,0,0.8841904,1.132945,-0.9971197,29.44874,3.906108E-06,0,0.9548883,1.132088,-1.071298,0.02797646,3.482133E-06,0,0.9453871,1.142936,-1.01976,59.27647,11.60228,-10.53373,0.9083742,1.123869,-0.9982045,56.22387,4.389708E-05,0,0.8843442,1.111373,-1.013127,37.65311,2.752846E-05,0,0.9588185,1.122246,-1.068754,3.069309,14.87368,-2.900768,0.9522974,1.119418,-1.017998,60.0075,-0.03663007,-2.913158,0.9143964,1.104876,-1.001573,56.76423,1.645956E-05,0,0.8922562,1.097831,-1.01763,38.01838,1.330778E-05,0,0.9626155,1.113302,-1.068815,7.703139,29.67841,-7.043752,0.9586251,1.098129,-1.023395,46.93478,-6.176706,-13.32058,0.9312543,1.086122,-1.004361,48.47124,2.826492E-05,0,0.9094622,1.0851,-1.008851,32.42286,1.852873E-05,0,end
4133,0.8094214,0.9273719,-1.293232,0.311533,0.9878054,0.9596078,0.8030406,1.287898,-1.333214,-0.06852804,0.799909,2.05852,0.8002114,1.596585,-1.32537,7.922634,-1.34454,1.914995,0.7293598,0.9259987,-1.291883,0.4660423,0.6725959,-0.5503638,0.7317684,0.4989274,-1.285999,8.314652,0.09476169,0,0.7312087,0.07450023,-1.34201,7.496562,-0.9938493,-9.732377,0.889483,0.928745,-1.29458,-2.443925,-1.096773,2.473143,0.8883602,0.5019182,-1.310329,1.396337,-0.09493151,0,0.8865123,0.0746161,-1.33651,3.918766,-0.766179,-5.926222,0.73245,1.409881,-1.311645,-14.1815,-3.950312,0.9323022,0.6027891,1.398937,-1.33954,-6.123751,20.37599,-50.18111,0.5569843,1.147694,-1.302534,57.33094,-5.405232E-05,-0.8782644,0.8715572,1.41183,-1.316643,-16.68822,0.6354387,-0.02797646,0.997535,1.415117,-1.359406,-15.93745,34.26274,-50.43164,1.10666,1.181792,-1.34386,78.03973,-8.943258E-05,-1.258966,0.6778572,0.9990239,-1.0927,-38.91667,-33.20236,-12.02574,0.984608,1.075132,-1.110472,-27.57247,-9.811098,-2.412894,0.6895105,1.029011,-1.07976,45.80201,-16.46531,103.1355,0.7219208,1.036833,-1.058577,25.58278,36.05396,-15.73606,0.7283764,1.042951,-1.029944,13.62982,-1.298013E-05,0,0.6868505,1.019395,-1.071311,0,-14.88065,1.249918,0.6977821,1.044331,-1.023588,61.94504,19.59786,-23.58192,0.7335558,1.028342,-1.000131,41.9967,1.420291E-06,0,0.7587491,1.017138,-1.005535,28.06822,4.998559E-06,0,0.6839677,1.009912,-1.067465,0,-1.77758E-05,0,0.6908919,1.02191,-1.015772,67.65672,11.03479,-13.40099,0.7309595,1.004315,-0.998944,45.69592,-3.277528E-05,0,0.7569667,0.9936545,-1.011837,30.55486,-2.843169E-05,0,0.6808,0.9997936,-1.064945,3.069245,14.87363,-2.900768,0.6859298,0.997906,-1.013986,67.45094,0.4847763,1.143123,0.7261637,0.9858487,-1.001593,50.98248,9.971008E-06,0,0.7483884,0.9789741,-1.017607,34.11499,1.058545E-05,0,0.6777714,0.9905613,-1.065031,7.703165,29.67834,-7.043752,0.6815857,0.9761203,-1.019359,43.28966,-6.719647,-1.267023,0.7079176,0.9668085,-0.9975516,43.29069,9.475831E-06,0,0.7298872,0.9635073,-0.999145,28.93765,3.170542E-06,0,0.9685078,1.098994,-1.091136,40.96067,-13.92622,87.31689,0.9385192,1.095428,-1.065673,24.63771,23.9863,-10.56114,0.9298257,1.085846,-1.038627,14.93598,-2.862189E-06,0,0.9732088,1.088425,-1.085041,0,-14.88063,1.249918,0.9603524,1.100058,-1.032905,54.23268,22.01465,-9.98889,0.9319572,1.074306,-1.008081,46.10454,9.895366E-05,0,0.9109558,1.056766,-1.014461,30.82977,8.292343E-05,0,0.9778876,1.07902,-1.083409,0,2.169E-05,0,0.9714277,1.078108,-1.03029,67.15025,9.692231,-12.18662,0.9353354,1.051267,-1.01706,62.58295,4.424376E-05,0,0.9147284,1.043418,-1.038739,41.95829,2.825315E-05,0,0.9828956,1.069342,-1.083212,3.069245,14.87369,-2.900701,0.9805988,1.055593,-1.033892,69.41207,-0.8503513,-2.008473,0.9428558,1.035087,-1.025365,63.56036,5.981001E-05,0,0.9247283,1.03265,-1.046885,42.62134,3.204651E-05,0,0.9874875,1.061052,-1.08536,7.703165,29.67841,-7.04378,0.9884329,1.036641,-1.043981,55.73288,-4.765927,-11.73037,0.9609622,1.01838,-1.031037,49.83673,5.9159E-05,0,0.9397944,1.017477,-1.037908,33.34273,4.913322E-05,-0.01978234,end
4167,0.8094716,0.9273548,-1.292988,0.2733977,0.9815351,0.9669209,0.8029255,1.287905,-1.33262,-0.1506579,0.8690642,2.118032,0.7998292,1.596582,-1.324422,7.84225,-1.450777,1.938661,0.72941,0.9259896,-1.29163,0.4821389,0.6684722,-0.5233933,0.731805,0.498916,-1.285908,8.288184,0.1100232,0,0.7311441,0.07448408,-1.341882,7.4941,-0.9581808,-9.713449,0.8895332,0.92872,-1.294346,-2.575267,-1.09927,2.463469,0.8883256,0.5019417,-1.311353,1.07974,-0.1019399,0,0.8864837,0.0745737,-1.336435,3.727726,-0.7507977,-5.888261,0.73221,1.409773,-1.310808,-14.432,-3.783338,0.9134313,0.6026247,1.3991,-1.339155,-9.164718,21.77673,-49.0483,0.5533022,1.147121,-1.313379,50.24421,-6.385849E-05,-1.610584,0.8713095,1.411896,-1.315948,-16.91902,1.346189,-0.1480375,0.997013,1.417044,-1.35933,-13.63613,30.39894,-50.51775,1.09904,1.180368,-1.346476,66.37342,-7.380069E-05,-1.052019,0.6506457,0.9616028,-1.121414,-37.80096,-30.74227,-10.75404,1.008175,1.029128,-1.123736,-23.21047,-7.622477,-1.567604,0.6638786,0.987479,-1.102498,46.56321,-16.23409,104.5465,0.6955171,0.9878509,-1.078851,27.57411,35.58259,-16.90207,0.7003976,0.9874964,-1.04927,14.7534,-5.242992E-06,0,0.6598092,0.9767998,-1.096146,0,-14.88064,1.250075,0.6694178,0.9915193,-1.044091,67.2757,18.1944,-25.76005,0.7035829,0.9673094,-1.025862,43.57401,4.597101E-05,0,0.7274935,0.9557493,-1.035031,29.12808,3.463033E-05,0,0.6558575,0.9671056,-1.094298,0,-1.339514E-05,0,0.6600912,0.968834,-1.040977,73.92035,10.15986,-15.19685,0.6987391,0.9444793,-1.030427,49.02198,1.275536E-07,0,0.7227723,0.9359937,-1.047938,32.7938,4.682998E-06,0,0.6516622,0.9570553,-1.093884,3.069181,14.87363,-2.900768,0.6529738,0.9455021,-1.043969,74.2605,1.291547,0.6635236,0.6922804,0.9275089,-1.036972,53.93079,3.46579E-05,0,0.7123265,0.9232722,-1.05641,36.10411,2.822066E-05,0,0.6478667,0.9483303,-1.095854,7.703165,29.67834,-7.043725,0.6471702,0.9255742,-1.053537,50.68755,-4.332976,-0.8897746,0.6736057,0.9093403,-1.036412,42.38039,4.40086E-05,0,0.6951221,0.9047707,-1.039914,28.32599,4.165144E-05,0,0.9911975,1.046484,-1.098977,42.16079,-13.31457,87.43823,0.9626884,1.034008,-1.074647,24.11162,24.6145,-10.55965,0.9560797,1.017777,-1.05032,14.54418,2.113758E-06,0,0.9970781,1.035307,-1.095593,0,-14.8807,1.249762,0.9860878,1.033796,-1.041781,58.24407,21.03127,-11.94037,0.9598008,1.000343,-1.025182,47.1538,2.265712E-05,0,0.9400933,0.9840015,-1.036758,31.53584,1.170737E-05,0,1.002602,1.026252,-1.096288,0,-2.218761E-05,0,0.9990724,1.012942,-1.044572,71.90029,8.400491,-13.01883,0.9645039,0.9815879,-1.04009,66.60217,-1.369761E-05,0,0.9457986,0.9803324,-1.064683,44.68724,-1.456312E-05,0,1.008401,1.017281,-1.098453,3.069309,14.87367,-2.900768,1.009879,0.9927461,-1.05348,74.81853,-1.300884,-1.361713,0.9730988,0.9690145,-1.052153,68.07795,1.819252E-05,0,0.9572717,0.9727957,-1.075236,45.69092,1.058671E-05,0,1.013545,1.010141,-1.102573,7.703165,29.67842,-7.043752,1.018714,0.977327,-1.067852,62.12062,-3.423714,-10.92602,0.9917373,0.9551288,-1.061925,49.02567,-1.436289E-06,0,0.9709077,0.9550215,-1.069812,32.79628,3.093198E-06,0,end
4200,0.8097898,0.9273742,-1.293148,0.2193969,0.9834809,0.9636774,0.803481,1.287966,-1.33244,-0.2036718,0.7771912,2.20407,0.8008376,1.596643,-1.324006,7.791806,-1.397948,1.987019,0.7297282,0.926005,-1.291795,0.5207698,0.7139259,-0.513962,0.7318035,0.4989282,-1.286186,8.251882,0.07280451,0,0.7311249,0.07447672,-1.342011,7.479843,-0.9286919,-9.696777,0.8898515,0.9287435,-1.2945,-2.643602,-1.142332,2.469817,0.8883294,0.5020034,-1.312416,0.8101172,-0.07961028,0,0.8864603,0.07457313,-1.336412,3.563483,-0.7470303,-5.856284,0.7329934,1.409927,-1.310412,-14.70217,-2.79862,0.8315719,0.6033236,1.401772,-1.339206,-11.11021,22.14481,-48.88061,0.5498163,1.149879,-1.322549,43.49229,-6.273829E-05,-3.343807,0.8720883,1.411832,-1.315759,-16.96315,1.450239,-0.315279,0.9976919,1.41706,-1.35942,-9.871276,26.0718,-51.13439,1.089068,1.176337,-1.342285,53.00916,-8.736113E-05,1.914484,0.6246505,0.9339657,-1.153656,-34.33703,-28.42646,-8.948807,1.02978,0.984891,-1.140849,-15.63646,-4.294793,-0.5901666,0.6389549,0.9545736,-1.129715,47.15711,-15.95582,104.6919,0.6698725,0.9476948,-1.106112,28.86032,36.10794,-17.99291,0.6733232,0.9408094,-1.077135,15.31267,-8.794364E-06,0,0.6339405,0.9431884,-1.125692,0,-14.88066,1.249918,0.6426978,0.9466572,-1.071562,69.74836,17.75246,-26.34851,0.6750281,0.9167051,-1.059592,45.33772,-5.45291E-05,0,0.6979184,0.9062914,-1.072122,30.31393,-3.682726E-05,0,0.6292697,0.9336409,-1.125885,0,-1.724065E-05,0,0.6317313,0.9245585,-1.073201,76.89947,9.799757,-15.81943,0.6688274,0.8961698,-1.069191,51.86065,-2.25955E-07,0,0.691544,0.8914271,-1.089629,34.70718,-1.220244E-05,0,0.624382,0.9240445,-1.127559,3.069309,14.87364,-2.900701,0.6231381,0.902861,-1.080906,77.57478,1.705776,0.4837596,0.6613288,0.881497,-1.079241,55.96954,-2.149937E-05,0,0.6801702,0.8811415,-1.100277,37.4812,-2.14847E-05,0,0.6200679,0.9161819,-1.131298,7.703139,29.67834,-7.043752,0.61632,0.885684,-1.094353,55.36542,-2.605406,-0.6268256,0.6424146,0.8646,-1.082944,40.85608,-2.938996E-05,0,0.6635076,0.8596153,-1.088076,27.3022,-4.639869E-05,0,1.010914,0.9932045,-1.112967,42.67214,-13.23759,87.87717,0.9835678,0.9718302,-1.094107,24.55882,24.82664,-10.86127,0.9786248,0.9490061,-1.075304,14.78449,4.928806E-06,0,1.01792,0.9821763,-1.112471,0,-14.88066,1.249918,1.006821,0.965237,-1.061396,59.34648,20.16292,-12.15961,0.9833459,0.9264582,-1.055845,46.98277,2.286217E-05,0,0.9654784,0.9123444,-1.072307,31.42073,1.678266E-05,0,1.024373,0.9742364,-1.115356,0,-3.18371E-06,0,1.02195,0.9472966,-1.069177,73.24098,7.857899,-13.02559,0.9903289,0.9132094,-1.075201,68.11849,-6.466708E-06,0,0.9728042,0.9180365,-1.100218,45.71848,-4.675E-06,0,1.031099,0.9667985,-1.119624,3.069245,14.87368,-2.900768,1.034882,0.9314051,-1.08275,76.38802,-1.605788,-0.5784457,1.000346,0.9054255,-1.089824,70.41759,1.040014E-05,0,0.9857324,0.9149454,-1.112038,47.284,6.221785E-06,0,1.036993,0.9615725,-1.125313,7.703165,29.67841,-7.04378,1.045383,0.9213557,-1.100388,65.08581,-3.353749,-9.992669,1.019912,0.8968261,-1.102665,47.12934,3.630128E-05,0,0.9994432,0.8970045,-1.111444,31.51939,3.059218E-05,0,end
4233,0.8102974,0.927389,-1.293453,0.1813082,0.9693386,0.9575664,0.8045254,1.288014,-1.332554,-0.2229358,0.5950593,2.28944,0.8027334,1.596695,-1.323998,7.808262,-1.251225,2.063553,0.7302353,0.9260386,-1.29211,0.5845029,0.7606167,-0.5245137,0.7318646,0.4989625,-1.286303,8.242645,0.03371156,-0.02797646,0.7310331,0.07447743,-1.341871,7.453115,-0.8868243,-9.697628,0.8903595,0.9287394,-1.294796,-2.752073,-1.194785,2.487741,0.888329,0.5020484,-1.313796,0.4796977,-0.03366198,0,0.8864422,0.07454407,-1.336434,3.383851,-0.7483945,-5.831093,0.7344584,1.410191,-1.310382,-14.74683,-1.412099,0.7306137,0.6045936,1.405674,-1.339097,-11.89756,21.52039,-49.61706,0.5481072,1.154113,-1.328297,36.71424,-5.717806E-05,-3.788066,0.8735504,1.411657,-1.315937,-16.7177,0.4469831,-0.5173771,0.9993517,1.414171,-1.359269,-7.535489,24.02995,-53.02305,1.079772,1.17027,-1.334054,39.46534,-5.779166E-05,4.07607,0.6019626,0.9144931,-1.185379,-30.48905,-25.97351,-7.19282,1.047042,0.9449573,-1.164037,-7.43197,-1.784503,-0.1170339,0.6177681,0.9290937,-1.158186,47.18512,-15.76511,104.5702,0.6479831,0.9154485,-1.13671,28.8624,36.11255,-17.99624,0.6507983,0.9029041,-1.109624,15.31281,5.339427E-06,0,0.6118811,0.9175721,-1.156302,0,-14.88065,1.249762,0.6207713,0.91015,-1.102593,71.0359,17.52781,-26.03655,0.6509284,0.8761904,-1.0978,47.54797,-2.109688E-05,0,0.672466,0.8675751,-1.113654,31.80118,-3.406212E-05,0,0.606487,0.9086147,-1.15822,0,-1.155163E-05,0,0.6081336,0.8896527,-1.108201,78.73662,9.62008,-15.79203,0.6432363,0.85874,-1.111415,54.29602,-1.783462E-05,0,0.6644961,0.8578435,-1.133854,36.3507,-1.156927E-05,0,0.6008759,0.8999037,-1.161598,3.069245,14.87364,-2.900701,0.5979053,0.8705047,-1.119722,79.41462,2.343607,0.5326577,0.6344092,0.8466969,-1.124008,57.62211,-9.703176E-06,0,0.6521149,0.8499445,-1.145771,38.59846,-1.191031E-06,0,0.5959748,0.893234,-1.166688,7.703165,29.67834,-7.043752,0.5898076,0.8567252,-1.136059,58.17149,-1.454941,-0.315899,0.6149409,0.8323069,-1.130796,39.93473,1.733236E-05,0,0.6354489,0.8271272,-1.137773,26.68363,1.334375E-05,0,1.026505,0.9440267,-1.136111,42.74411,-13.11541,88.44275,1.000115,0.9165832,-1.125585,25.52682,24.69381,-11.28273,0.9964574,0.8890418,-1.114315,15.37789,5.779524E-07,0,1.034289,0.9337412,-1.138251,0,-14.88067,1.249918,1.022443,0.9026201,-1.094548,59.18711,20.19835,-11.76325,1.001767,0.8624401,-1.101163,47.18131,5.678021E-06,0,0.9857797,0.8523859,-1.121965,31.55437,5.81755E-06,0,1.041427,0.9273231,-1.14282,0,-4.06233E-06,0,1.039168,0.888503,-1.10605,73.20607,8.329539,-12.89468,1.010747,0.8554075,-1.123228,68.77323,3.034532E-06,0,0.9941614,0.8661385,-1.147019,46.16409,2.009729E-06,0,1.048854,0.921788,-1.148562,3.069309,14.87368,-2.900836,1.053782,0.8778287,-1.122677,76.2742,-1.417381,-0.14537,1.021705,0.8526878,-1.138698,70.95942,-7.228994E-06,0,1.007596,0.867195,-1.158399,47.65325,-8.150853E-06,0,1.055345,0.9187179,-1.155108,7.703191,29.67841,-7.043752,1.065703,0.8737384,-1.141743,65.73898,-3.351956,-9.405817,1.042032,0.8496034,-1.152366,45.42161,-9.656943E-06,0,1.02203,0.8505595,-1.162118,30.37035,-9.02632E-06,0,end
4267,0.8107057,0.9274287,-1.293788,0.1582588,0.9576227,0.96773,0.8052674,1.288074,-1.332798,-0.2255535,0.4824022,2.325153,0.8040208,1.59675,-1.324135,7.905917,-1.180759,2.138722,0.7306435,0.9260942,-1.292432,0.5954478,0.7849836,-0.5399548,0.732006,0.4990161,-1.286712,8.181078,0.002149702,-0.02797646,0.7311306,0.0744836,-1.341915,7.410924,-0.873642,-9.719237,0.8907678,0.9287632,-1.295145,-2.886833,-1.226305,2.498967,0.8883939,0.5021275,-1.315313,0.1027921,-1.406567E-05,0,0.8865837,0.07454103,-1.336347,3.175642,-0.7391521,-5.803633,0.7354544,1.410387,-1.310577,-14.74196,-0.5661476,0.6495153,0.6055108,1.408091,-1.3392,-11.89347,20.9733,-51.86171,0.5491215,1.156515,-1.328218,28.13024,-5.966551E-05,-3.517138,0.8745455,1.41158,-1.316221,-16.35015,-0.5825393,-0.7162784,1.000618,1.411456,-1.358831,-7.059637,23.58802,-56.10473,1.07182,1.165436,-1.327297,27.74133,-3.081473E-05,4.54226,0.5800956,0.897445,-1.215673,-25.59934,-23.61165,-5.437434,1.060593,0.9157146,-1.19218,-0.315899,0.4348443,0,0.59797,0.9050336,-1.186943,47.21009,-15.62037,105.1137,0.6275806,0.8849988,-1.170145,29.43159,36.17032,-18.41684,0.6300185,0.8671088,-1.146209,15.59249,1.265699E-05,0,0.5911932,0.8938529,-1.187084,0,-14.88063,1.249918,0.6011896,0.8751358,-1.136404,72.23495,17.19975,-25.69401,0.628781,0.8390052,-1.140759,47.72026,-2.405851E-05,0,0.6486496,0.8325502,-1.159547,31.91717,-2.784063E-05,0,0.5849991,0.8859023,-1.190465,0,-1.240072E-07,0,0.5866823,0.8572101,-1.145321,79.95869,9.76712,-15.79062,0.6189445,0.8253428,-1.157226,54.99273,-6.699289E-06,0,0.6387691,0.8281192,-1.180797,36.82122,-7.192975E-06,0,0.5785618,0.8785025,-1.195217,3.069245,14.87364,-2.900701,0.5744939,0.8416058,-1.159879,80.44581,3.03193,0.4347627,0.608556,0.8166504,-1.171486,57.78863,1.958436E-05,0,0.6253313,0.823243,-1.193229,38.71112,2.00472E-05,0,0.5729479,0.8733858,-1.201277,7.703139,29.67834,-7.043725,0.5647231,0.832049,-1.178197,60.0131,-0.755991,0.07661668,0.5883254,0.8056892,-1.180127,37.94428,-4.301332E-05,0,0.6079369,0.8003018,-1.189208,25.34801,-3.747514E-05,0,1.039122,0.9067618,-1.166465,42.64469,-12.91183,88.46552,1.013918,0.8763986,-1.164674,26.18571,24.98265,-11.73285,1.011715,0.8467092,-1.161124,15.73092,2.633179E-06,0,1.047494,0.8977011,-1.170797,0,-14.88066,1.249918,1.035661,0.855873,-1.137193,58.80857,20.57688,-11.22232,1.017642,0.8177662,-1.154766,46.73362,9.422464E-06,0,1.003147,0.8123577,-1.17822,31.25307,8.221984E-06,0,1.055113,0.8929759,-1.176509,0,-7.734901E-07,0,1.053496,0.8458969,-1.15111,72.81852,8.902409,-12.61152,1.02789,0.8169201,-1.17762,68.31349,2.569438E-06,0,1.011618,0.8323149,-1.198939,45.85118,2.382379E-07,0,1.06302,0.8894185,-1.183113,3.069245,14.87368,-2.900701,1.069237,0.8404871,-1.169192,75.6788,-1.012133,-0.03426402,1.039435,0.818664,-1.192715,69.91013,1.085491E-05,0,1.024973,0.8365781,-1.209072,46.93826,2.308575E-06,0,1.069894,0.8884111,-1.189905,7.703165,29.67841,-7.04378,1.082042,0.8419555,-1.188067,65.56393,-3.291061,-9.224198,1.060121,0.8203896,-1.205674,42.64206,1.368798E-05,0,1.040519,0.8219352,-1.216138,28.50179,1.334608E-05,-0.01978234,end
4300,0.8110284,0.9274432,-1.294051,0.1467098,0.959246,0.9879416,0.8056811,1.288097,-1.33294,-0.2548778,0.4404174,2.313676,0.8046714,1.596764,-1.324036,7.990996,-1.191725,2.16012,0.7309667,0.9261062,-1.292667,0.6218109,0.8050014,-0.5496522,0.7321972,0.4990292,-1.286829,8.19465,0.0178596,-0.03426402,0.7310393,0.07449466,-1.342011,7.41291,-0.8404868,-9.7527,0.89109,0.9287802,-1.295436,-2.901173,-1.248675,2.500376,0.8885519,0.5021542,-1.315789,0.02797646,-0.01525405,0,0.8864982,0.07454997,-1.336436,3.132504,-0.7669722,-5.777434,0.7359536,1.41045,-1.310669,-14.64107,-0.6370994,0.6471007,0.6059667,1.408097,-1.33909,-13.16122,22.16994,-55.54039,0.5511194,1.156314,-1.325389,19.30737,-7.257182E-05,-5.172635,0.8750466,1.411544,-1.316285,-16.04984,-0.9613796,-0.7977034,1.001344,1.410469,-1.35821,-8.235233,23.9355,-60.827,1.064514,1.162681,-1.323545,18.02716,-9.554446E-05,2.431962,0.5589201,0.8841983,-1.243932,-18.2266,-19.4935,-3.156721,1.07107,0.8970387,-1.222878,5.578156,2.613516,-0.1266688,0.5781213,0.8833718,-1.215068,47.23846,-15.50428,105.9315,0.6067922,0.8580748,-1.205149,31.36066,36.39572,-19.88144,0.6080499,0.8346347,-1.186496,16.52481,2.393336E-06,0,0.5706112,0.8729841,-1.217647,0,-14.88062,1.249762,0.5808603,0.8417175,-1.173645,72.47034,17.34321,-25.50913,0.6057439,0.8063015,-1.188212,46.56192,1.913018E-05,0,0.6244995,0.8030693,-1.208881,31.13752,8.508304E-06,0,0.5638003,0.8664917,-1.222593,0,-4.178978E-07,0,0.5649247,0.8274319,-1.186026,80.18862,10.13129,-16.1558,0.5944021,0.7977216,-1.207156,54.09042,1.067917E-05,0,0.6137965,0.8047321,-1.230199,36.21186,6.266037E-06,0,0.5567421,0.8608864,-1.22872,3.069245,14.87364,-2.900768,0.5512863,0.81666,-1.203402,80.3756,3.62667,0,0.5829321,0.793281,-1.22263,56.53721,3.823945E-06,0,0.5997796,0.8035399,-1.242843,37.86491,4.783245E-06,0,0.5506184,0.8577664,-1.235589,7.703165,29.67833,-7.043752,0.5403499,0.8125316,-1.223042,60.62888,-0.4689735,0.5135812,0.5622021,0.7864013,-1.232806,34.75044,1.434538E-07,0,0.580917,0.78133,-1.243766,23.20675,-2.176924E-06,0,1.049445,0.881675,-1.200544,42.39221,-12.7193,88.18102,1.025505,0.8508285,-1.20652,26.69399,25.49476,-12.21198,1.024838,0.8210545,-1.209982,15.96049,2.517544E-06,0,1.058226,0.8741384,-1.206631,0,-14.88068,1.249918,1.047281,0.8252819,-1.184002,58.0827,20.99668,-10.76825,1.031412,0.7913729,-1.210156,46.5905,1.258108E-05,0,1.017717,0.7906924,-1.23468,31.15673,5.26646E-06,0,1.066123,0.8711141,-1.213074,0,-3.459422E-06,0,1.065736,0.8193842,-1.199362,71.93009,9.448396,-12.38572,1.042241,0.7959413,-1.232476,68.11823,-7.322025E-06,0,1.02571,0.8148875,-1.250477,45.71829,-3.235627E-06,0,1.07428,0.8694417,-1.220105,3.069245,14.87368,-2.900836,1.082013,0.8188304,-1.217768,74.6046,-0.5371703,-0.2947506,1.054009,0.8014486,-1.246602,69.08106,4.282909E-06,0,1.038741,0.8215787,-1.259223,46.37364,7.996708E-06,0,1.081318,0.8702595,-1.226754,7.703191,29.67843,-7.043725,1.095119,0.8250557,-1.235427,64.80866,-3.454083,-9.382592,1.074555,0.8071098,-1.258026,40.25167,1.286571E-05,0,1.055191,0.8093114,-1.268809,26.89639,6.72453E-06,0,end
4333,0.8114281,0.927447,-1.294196,0.14537,0.9636679,0.9930781,0.8062056,1.288102,-1.332838,-0.3466151,0.3854492,2.257761,0.8054744,1.596758,-1.323478,7.951027,-1.180683,2.118772,0.7313667,0.9261038,-1.292804,0.646193,0.8344375,-0.5595313,0.7324142,0.4990287,-1.286793,8.2093,0.00269389,-0.03426402,0.7311701,0.07448643,-1.341913,7.405706,-0.8338665,-9.77133,0.8914894,0.9287901,-1.295588,-2.889951,-1.279545,2.502254,0.8887538,0.5021616,-1.315863,0,-9.119367E-06,0,0.8866214,0.07454979,-1.336344,3.117532,-0.7794387,-5.768776,0.7365743,1.410486,-1.310439,-14.52342,-0.7634273,0.7682129,0.6065601,1.40801,-1.338724,-16.53597,25.02185,-60.58983,0.5532113,1.155986,-1.323601,12.28387,-8.184383E-05,-9.52479,0.8756737,1.411455,-1.315917,-15.80653,-1.145805,-0.7088641,1.002182,1.409895,-1.357185,-12.74079,26.73533,-67.23107,1.057493,1.16016,-1.323067,10.35216,-0.0001146815,-1.830666,0.5413518,0.8775291,-1.268246,-8.459744,-13.00312,-0.9659084,1.078551,0.885527,-1.253238,10.98666,4.054977,-0.3896677,0.5607983,0.8679214,-1.241191,46.9856,-15.32712,106.1204,0.5885406,0.8398583,-1.239407,33.40035,36.3903,-21.3656,0.5882855,0.8119385,-1.228482,17.55337,-8.060185E-06,0,0.552913,0.8589317,-1.246479,0,-14.88061,1.249918,0.5625246,0.81611,-1.213422,71.37691,18.06259,-25.19909,0.5854985,0.7848622,-1.237536,46.05529,1.965463E-05,0,0.6039478,0.7862471,-1.258681,30.79664,1.84686E-05,0,0.545836,0.8543286,-1.252939,0,2.655088E-06,0,0.5459892,0.8064374,-1.229053,79.14908,10.72316,-16.26314,0.573733,0.7823213,-1.258153,53.38212,1.067281E-05,0,0.593431,0.7941186,-1.278868,35.73374,3.148568E-06,0,0.5385305,0.8509199,-1.260273,3.069309,14.87364,-2.900701,0.53182,0.8014887,-1.248515,79.1405,4.029064,-0.4558544,0.5620015,0.7827641,-1.274131,55.2908,-1.435029E-06,0,0.5795758,0.7968235,-1.291193,37.0226,-1.314339E-06,0,0.5322362,0.8500757,-1.267627,7.703139,29.67833,-7.043725,0.5205553,0.8034692,-1.268302,60.07721,-0.3787203,1.293768,0.5411677,0.7803278,-1.285485,31.45762,2.697629E-05,0,0.5592055,0.7765999,-1.298008,21.0012,2.116891E-05,0,1.056775,0.8656728,-1.23496,42.1041,-12.4985,87.53738,1.033729,0.8361716,-1.247566,26.692,26.36202,-12.58501,1.034143,0.8076283,-1.256733,15.83486,1.107039E-06,0,1.065814,0.8596428,-1.242232,0,-14.88067,1.249918,1.055332,0.8070786,-1.230152,57.36115,21.42571,-10.50105,1.041033,0.7784705,-1.262752,46.09689,5.966387E-06,0,1.02794,0.7819605,-1.287366,30.82463,9.272553E-06,0,1.073892,0.8580911,-1.248966,0,-4.400936E-08,0,1.074196,0.8046594,-1.245951,70.89758,9.97881,-12.17633,1.052353,0.7872738,-1.283617,67.74242,-1.624334E-06,0,1.035663,0.8086979,-1.298406,45.46263,4.450093E-06,0,1.082218,0.8579857,-1.255998,3.069245,14.87368,-2.900836,1.090843,0.8080567,-1.263708,73.50811,-0.09658105,-0.7401926,1.064279,0.7957353,-1.296269,68.13828,5.726294E-06,0,1.048362,0.8171481,-1.30553,45.73197,5.720537E-07,0,1.089371,0.8602265,-1.262181,7.703139,29.67841,-7.043752,1.10418,0.8178977,-1.279444,64.32861,-3.558981,-10.07208,1.084545,0.8043132,-1.305627,37.7099,7.818435E-06,0,1.065465,0.8073099,-1.316721,25.19078,-2.212986E-07,0,end
4367,0.8121369,0.927451,-1.294338,0.1186941,0.967665,0.9695482,0.807083,1.288124,-1.332516,-0.4857778,0.3218394,2.177267,0.8066425,1.596775,-1.322626,7.716173,-1.140836,2.036728,0.7320751,0.9261015,-1.29298,0.6991359,0.8871123,-0.5637122,0.7327644,0.4990286,-1.286766,8.252429,0.01726227,-0.04423466,0.7310694,0.07450286,-1.342001,7.420714,-0.7715898,-9.762734,0.8921988,0.9288004,-1.295697,-2.865394,-1.333511,2.485616,0.8891027,0.5021749,-1.315982,0.01978234,-0.01377186,0,0.8865076,0.07456502,-1.33645,3.131504,-0.853141,-5.811261,0.7375575,1.410532,-1.309916,-14.48248,-0.7783534,0.9731742,0.6075606,1.408234,-1.338296,-20.79029,28.17755,-65.01978,0.5563322,1.155696,-1.324494,7.697175,-7.93275E-05,-13.3706,0.8766654,1.411358,-1.315198,-15.71294,-1.109745,-0.5574291,1.003298,1.409838,-1.356085,-25.19264,36.79446,-74.88656,1.052135,1.158167,-1.326641,5.490408,-0.0001242242,-8.982707,0.5310097,0.8751229,-1.287334,1.220771,-5.822333,0.05934703,1.082611,0.8794903,-1.280235,15.10206,5.582644,-0.7404569,0.5504307,0.858466,-1.263928,46.40005,-14.96107,105.0745,0.5775647,0.8303688,-1.269814,33.49166,36.38306,-21.4297,0.5765778,0.8005322,-1.267032,17.60091,1.768493E-06,0,0.5424408,0.8512858,-1.271382,0,-14.88064,1.249918,0.5517076,0.8011086,-1.251006,69.98473,19.02873,-24.69013,0.5735456,0.7761962,-1.282441,46.28887,1.517338E-05,0,0.5918829,0.7823808,-1.302811,30.95377,5.823828E-06,0,0.5353003,0.8486385,-1.278799,0,-2.337966E-06,0,0.5350333,0.7961095,-1.268564,77.68522,11.37004,-16.01864,0.5618499,0.7792504,-1.30313,53.31032,7.754626E-06,0,0.5817841,0.7952536,-1.320531,35.68527,2.56203E-06,0,0.5279409,0.8473775,-1.286738,3.069309,14.87365,-2.900633,0.5207627,0.7966638,-1.288565,77.591,4.334559,-0.800886,0.5501817,0.7840933,-1.318469,54.58206,7.151321E-06,0,0.5683462,0.8011655,-1.331744,36.54387,7.406213E-07,0,0.5216187,0.8485841,-1.294017,7.703165,29.67836,-7.043752,0.5094655,0.8039566,-1.307046,58.91317,-0.4532546,1.084442,0.5293708,0.7854809,-1.329807,29.8314,-2.637075E-05,0,0.5471077,0.7840329,-1.343201,19.9127,-1.767053E-05,0,1.06096,0.85679,-1.265456,43.11891,-11.91804,78.959,1.038255,0.8298634,-1.28334,18.522,34.38247,-10.71329,1.039275,0.8021461,-1.294726,10.13578,-7.288523E-06,0,1.070107,0.8520696,-1.273519,0,-14.88068,1.249762,1.060154,0.7981556,-1.269911,56.49091,21.74414,-10.53329,1.04672,0.7743225,-1.306478,46.23294,-9.130006E-06,0,1.033677,0.78115,-1.330409,30.91616,-6.842705E-06,0,1.07824,0.8516774,-1.280354,0,2.732663E-06,0,1.079131,0.7984406,-1.285756,69.78752,10.44258,-11.99613,1.05823,0.7861477,-1.325883,67.86547,3.331304E-06,0,1.041262,0.8091405,-1.337702,45.54633,7.958128E-07,0,1.086605,0.8527628,-1.287254,3.069245,14.8737,-2.900701,1.095838,0.8047542,-1.302639,72.40549,0.1485264,-1.164997,1.070043,0.7967054,-1.3371,67.77083,-5.938795E-06,0,1.053532,0.8187185,-1.34346,45.48198,-5.350303E-06,0,1.093766,0.8560198,-1.292957,7.703165,29.67846,-7.043752,1.10915,0.8170799,-1.316539,63.7858,-3.741715,-10.88486,1.089951,0.8072456,-1.344652,36.35533,1.684483E-05,0,1.070941,0.8110596,-1.355614,24.28244,7.059494E-06,0,end
4400,0.8126463,0.9274591,-1.294878,0.06255726,0.9604232,0.9215358,0.8078071,1.288172,-1.332496,-0.618656,0.2627204,2.110442,0.8076254,1.596824,-1.322219,7.365458,-1.093684,1.944809,0.7325832,0.9261183,-1.293588,0.8110828,0.9177749,-0.5685511,0.7329987,0.4990512,-1.286963,8.264769,0.00353562,-0.04845664,0.7311803,0.07448545,-1.341886,7.37435,-0.7447806,-9.724738,0.8927095,0.9287999,-1.296167,-2.535821,-1.353866,2.516995,0.8894669,0.502084,-1.314428,0.4977152,-0.01362299,0,0.886507,0.07455474,-1.336471,3.35433,-0.9006087,-5.834051,0.7383831,1.410599,-1.309691,-14.55195,-0.6519958,1.165668,0.6084465,1.408798,-1.338381,-23.92745,29.9493,-67.27537,0.5588445,1.155744,-1.328693,5.519918,-6.985705E-05,-13.86943,0.8774978,1.411292,-1.314811,-15.81793,-0.837837,-0.4575681,1.004108,1.410369,-1.355785,-0.7072059,12.57844,-48.89615,1.048357,1.157132,-1.333345,2.511935,-1.892581,11.38008,0.5270604,0.8745301,-1.303167,8.458653,-0.278767,0,1.082719,0.8767263,-1.302765,13.54512,7.396315,-0.8793777,0.5469221,0.8536034,-1.28393,45.69437,-14.57437,103.7338,0.5735345,0.826943,-1.295819,32.06858,35.99266,-20.21388,0.5726754,0.7971746,-1.299289,16.97593,-1.253778E-05,0,0.5387824,0.8480278,-1.29251,0,-14.88063,1.250075,0.5484067,0.7948256,-1.282727,68.57422,19.76062,-23.73211,0.5689983,0.7757158,-1.318734,48.33794,1.791341E-05,0,0.586762,0.7861845,-1.33782,32.33309,1.51131E-05,0,0.5314963,0.8468895,-1.300166,0,8.559687E-08,0,0.5313886,0.7933739,-1.300604,76.10439,11.80943,-15.09079,0.5570072,0.7826096,-1.338366,55.34212,1.234875E-05,0,0.5763577,0.8020693,-1.352619,37.05725,-1.599203E-06,0,0.5239823,0.847213,-1.308054,3.069245,14.87365,-2.900701,0.5167303,0.7978587,-1.319814,75.90457,4.46304,-0.4985009,0.545082,0.7904022,-1.352345,56.28707,1.380105E-05,0,0.5629238,0.809871,-1.362359,37.69582,1.099125E-05,0,0.51752,0.8498264,-1.314823,7.703165,29.67836,-7.043725,0.5050798,0.8086529,-1.336249,57.31459,-0.4744962,1.030406,0.5238987,0.794381,-1.362665,31.28495,-1.532181E-05,0,0.5413573,0.7956356,-1.376439,20.88561,-1.158572E-05,0,1.064138,0.8526292,-1.286134,42.97007,-11.79077,62.86117,1.040157,0.8254804,-1.301888,-3.937859,38.22668,2.439035,1.039593,0.7967458,-1.310428,-2.061655,-6.669844E-06,0,1.07221,0.8485926,-1.295595,0,-14.88066,1.249918,1.064672,0.7942288,-1.293033,55.03604,21.85213,-9.215502,1.047415,0.7704242,-1.327978,49.73995,1.487804E-05,0,1.03109,0.7787117,-1.349292,33.2775,8.353795E-06,0,1.079306,0.8487892,-1.303508,0,-4.636244E-08,0,1.081205,0.795882,-1.311341,68.65708,10.68581,-11.72405,1.055703,0.7835355,-1.348695,69.75179,1.513618E-06,0,1.036644,0.806529,-1.356716,46.8304,3.602211E-06,0,1.086574,0.850473,-1.311453,3.069245,14.87367,-2.900701,1.095144,0.8035061,-1.330092,71.1605,0.3634517,-1.703643,1.065513,0.7950133,-1.361199,69.73685,8.680412E-06,0,1.047585,0.8166792,-1.363806,46.82022,7.181407E-06,0,1.092746,0.8542306,-1.317949,7.703139,29.67841,-7.043752,1.105944,0.8168823,-1.345152,62.84458,-4.268277,-12.84787,1.083512,0.8067812,-1.370655,36.78732,3.70271E-06,0,1.062833,0.809687,-1.378402,24.57209,-1.026768E-05,0,end
4433,0.8114012,0.9274629,-1.295065,0,0.9491248,0.8713301,0.8067529,1.288215,-1.332163,-0.733287,0.2189004,2.082905,0.8067688,1.596874,-1.321627,6.985559,-1.06486,1.864456,0.7313367,0.9261365,-1.293847,0.8787099,0.8270773,-0.5678623,0.7323461,0.499071,-1.287184,8.252357,0.01643519,-0.03426402,0.7310783,0.0744864,-1.341976,7.349297,-0.8059077,-9.668187,0.8914657,0.9287893,-1.296283,-2.077919,-1.24645,2.478203,0.8890103,0.5019524,-1.311602,1.272109,-0.0136504,0,0.8865045,0.07457495,-1.336464,3.713411,-0.8318672,-5.922847,0.7374123,1.41065,-1.309146,-14.70293,-0.4539918,1.316261,0.607558,1.409472,-1.338238,-25.53793,30.14421,-67.62622,0.5584717,1.156159,-1.334517,5.512778,-6.647459E-05,-12.1579,0.8765299,1.411246,-1.314199,-16.07079,-0.4497955,-0.4029978,1.002983,1.411215,-1.355664,-0.6084505,10.91987,-43.92216,1.044685,1.156961,-1.341302,2.497792,-1.797034,6.870269,0.5272797,0.8743491,-1.315721,12.0349,2.623401,-0.276953,1.077264,0.8756273,-1.318213,10.69349,5.216925,-0.4881886,0.5478287,0.8516762,-1.299407,45.22525,-14.27333,102.8371,0.5739923,0.8264453,-1.314874,30.66813,35.5323,-19.01556,0.5734982,0.7972508,-1.321684,16.36368,-1.073146E-05,0,0.5394815,0.8469729,-1.308304,0,-14.88064,1.249762,0.5497387,0.7931251,-1.304564,67.62412,20.19543,-22.57221,0.5690345,0.7774901,-1.34289,51.20348,6.394312E-06,0,0.5858638,0.7909791,-1.360897,34.26399,5.243654E-06,0,0.5319845,0.8465906,-1.315831,0,1.903039E-06,0,0.5322204,0.7934314,-1.322008,75.06955,12.05004,-13.97153,0.5565,0.7862309,-1.361465,58.27861,-9.546861E-07,0,0.5747552,0.8080769,-1.373538,39.04259,-3.523537E-06,0,0.5242434,0.8476841,-1.323424,3.069245,14.87366,-2.900633,0.5169826,0.7998053,-1.340207,74.70809,4.540102,0.02797646,0.5440924,0.7953211,-1.374305,59.05407,-8.208485E-06,0,0.5610951,0.8164391,-1.382215,39.56738,-5.915007E-07,0,0.5175705,0.8509447,-1.32969,7.703165,29.67838,-7.04378,0.5047897,0.8121844,-1.355054,56.01526,-0.4455047,0.9581792,0.5224003,0.8004112,-1.38346,33.45284,1.630702E-05,0,0.5395324,0.803583,-1.397336,22.33734,1.412822E-05,0,1.061593,0.8526667,-1.297484,40.60157,-12.87705,64.89853,1.035981,0.8239416,-1.306387,-0.6909717,39.58408,0.4401304,1.03541,0.7946447,-1.312734,-0.3544303,3.812988E-08,0,1.067993,0.848039,-1.307904,0,-14.88066,1.249918,1.060823,0.79398,-1.301194,54.35151,22.57633,-9.458414,1.038645,0.7681625,-1.331645,53.27065,2.29977E-05,0,1.019171,0.7767842,-1.349972,35.65851,1.443097E-05,0,1.073696,0.847732,-1.31687,0,1.453692E-09,0,1.074136,0.7944648,-1.322023,68.0714,11.70413,-12.16019,1.043536,0.7801304,-1.354523,73.57087,3.505633E-06,0,1.024202,0.8037746,-1.359365,49.43493,5.173361E-06,0,1.079568,0.8489062,-1.325976,3.069245,14.87368,-2.900768,1.084833,0.8009185,-1.343187,70.065,1.261401,-2.176908,1.051143,0.7906075,-1.369195,73.96078,1.325636E-05,0,1.033981,0.8130364,-1.368995,49.70119,8.082969E-06,0,1.084602,0.8522411,-1.333589,7.703191,29.67841,-7.04378,1.093055,0.8133487,-1.360514,60.75634,-3.640121,-13.41399,1.067602,0.8014016,-1.382079,41.84436,2.972525E-06,0,1.045887,0.8048572,-1.385628,27.9659,3.16698E-06,0,end
4467,0.8097295,0.9274091,-1.294773,-0.02797646,0.9395688,0.8089085,0.8052397,1.288182,-1.331336,-0.8906538,0.1874498,2.095178,0.8053918,1.596835,-1.320281,6.636283,-1.036183,1.796458,0.7296634,0.9260954,-1.293643,0.922597,0.7085906,-0.5821548,0.7314821,0.4990337,-1.286914,8.29607,0.01434471,0,0.7310772,0.07448107,-1.341967,7.377409,-0.9081552,-9.612104,0.8897955,0.9287228,-1.295903,-1.913155,-1.124746,2.383759,0.8882107,0.5018485,-1.31026,1.571096,-0.01248478,0,0.8864872,0.07454264,-1.336389,3.837574,-0.7409691,-6.063365,0.7359711,1.41059,-1.307967,-14.86085,-0.3190248,1.475252,0.6061873,1.409882,-1.337387,-27.6087,30.90511,-67.78342,0.556723,1.156627,-1.339767,7.018252,-8.102514E-05,-11.07242,0.8750879,1.411125,-1.313049,-16.35758,-0.05489575,-0.2880355,1.001324,1.412065,-1.355161,-7.965259,15.56697,-59.75785,1.042455,1.157419,-1.347773,4.527099,-0.517423,-15.50148,0.5314549,0.8740468,-1.323853,12.54039,3.457237,-0.3800071,1.070886,0.8756381,-1.324665,8.46304,2.293927,-0.1690205,0.5527113,0.8512297,-1.308687,45.05801,-14.07698,102.0804,0.5787383,0.8267625,-1.325549,29.1481,35.42251,-17.9129,0.5789046,0.7977806,-1.333227,15.60225,-4.160701E-06,0,0.5442268,0.8466579,-1.317523,0,-14.88064,1.250075,0.5553557,0.7928879,-1.315595,67.43533,20.26409,-21.76873,0.5739118,0.778525,-1.354774,53.37354,-6.671446E-06,0,0.5898101,0.7936447,-1.372326,35.72792,-7.153308E-06,0,0.5365613,0.8463783,-1.324883,0,1.657353E-06,0,0.5374293,0.7934293,-1.332614,74.83131,12.03264,-13.14598,0.5608581,0.7875531,-1.372797,60.70185,4.771872E-06,0,0.5779377,0.81082,-1.383897,40.6832,5.474108E-06,0,0.5286285,0.8475719,-1.33226,3.069309,14.87366,-2.900633,0.5216761,0.8000918,-1.350262,74.2226,4.547142,0.4698059,0.5479156,0.7966655,-1.385154,61.33507,-4.615339E-06,0,0.5639656,0.8187913,-1.392259,41.11229,2.167455E-06,0,0.5217631,0.8509094,-1.338272,7.703165,29.67837,-7.043752,0.5089576,0.8127061,-1.364456,55.2369,-0.4358602,0.8924097,0.5257507,0.8016675,-1.393641,35.16869,-6.102821E-05,0,0.5426007,0.8057904,-1.407612,23.48701,-5.018655E-05,0,1.057196,0.8545902,-1.300747,38.45435,-13.77987,72.2247,1.031254,0.8249471,-1.303692,7.826917,38.80627,-4.923622,1.030393,0.7952743,-1.307901,4.06139,-1.282477E-05,0,1.06242,0.8490775,-1.31139,0,-14.88068,1.249762,1.055361,0.7958162,-1.299892,54.46983,22.83292,-9.504604,1.029945,0.7683097,-1.326027,55.20957,8.167161E-07,0,1.008963,0.7768655,-1.34264,36.96772,5.572728E-06,0,1.067154,0.8479944,-1.320847,0,8.374057E-09,0,1.066436,0.7944931,-1.321958,68.20952,12.04091,-12.30049,1.032584,0.7785073,-1.350183,76.8666,2.289447E-06,0,1.014185,0.8031087,-1.353721,51.68797,9.127212E-06,0,1.072058,0.8483743,-1.330572,3.069245,14.87369,-2.900701,1.074943,0.7991471,-1.34454,69.79277,1.695869,-2.209923,1.038827,0.7874889,-1.36639,77.36769,5.045652E-06,0,1.023141,0.8109518,-1.36536,52.031,1.776424E-05,0,1.07631,0.8510358,-1.338894,7.703165,29.67843,-7.04378,1.081459,0.8100932,-1.363516,59.55813,-3.226015,-13.10773,1.054249,0.7966191,-1.381783,45.69274,-2.367996E-06,0,1.032441,0.801047,-1.382746,30.55272,-3.825028E-06,0,end
4500,0.8093256,0.927363,-1.294401,-0.04423466,0.9373869,0.7399282,0.8049555,1.288141,-1.330357,-1.099673,0.1618371,2.122187,0.8052196,1.596772,-1.318454,6.34341,-1.013201,1.760587,0.7292582,0.9260521,-1.293368,0.9406604,0.6831781,-0.6000308,0.7312434,0.4989913,-1.286623,8.335574,0.01297225,0,0.7310624,0.07447487,-1.341956,7.412989,-0.9222867,-9.567621,0.8893929,0.9286739,-1.295434,-1.860253,-1.100634,2.286703,0.887994,0.5017898,-1.309522,1.695698,-0.01102121,0,0.8864523,0.07452404,-1.336308,3.881309,-0.7403513,-6.205988,0.7357519,1.410494,-1.306509,-14.97379,-0.2848521,1.624015,0.6060111,1.410034,-1.336123,-28.30757,30.65668,-67.41611,0.5567166,1.156836,-1.343301,8.992348,-9.417815E-05,-10.18018,0.8748664,1.410986,-1.311656,-16.58461,0.1818996,-0.132704,1.000912,1.412583,-1.354315,-9.726598,16.56373,-61.71329,1.042303,1.157904,-1.350305,5.914866,-0.0001227872,-17.01965,0.5397509,0.8736432,-1.327266,11.54676,2.992009,-0.301316,1.067614,0.8760368,-1.32475,5.812812,0.8209783,-0.03956468,0.5616969,0.851597,-1.311942,45.04107,-14.00855,101.4645,0.5880619,0.8274205,-1.328698,27.7319,35.45325,-16.95851,0.5892432,0.7983186,-1.335812,14.8606,-1.790784E-05,0,0.553223,0.8466732,-1.320597,0,-14.88062,1.249918,0.5656148,0.7932162,-1.317843,67.5864,20.04194,-21.36658,0.5842293,0.7787033,-1.356939,55.68632,7.384694E-06,0,0.5993242,0.7948782,-1.374258,37.28982,-5.137749E-07,0,0.5454849,0.8460852,-1.327862,0,9.782609E-07,0,0.547493,0.7930394,-1.334661,74.9999,11.78929,-12.70247,0.570794,0.7870958,-1.374909,63.38745,8.521754E-06,0,0.5866194,0.8114684,-1.385482,42.50401,-5.632844E-06,0,0.5374452,0.8469633,-1.335168,3.069245,14.87364,-2.900768,0.531395,0.7990196,-1.352242,73.95731,4.396439,0.7378095,0.5573418,0.7953406,-1.387327,64.40308,2.659728E-06,0,0.5721998,0.8184167,-1.393988,43.19331,-4.347083E-06,0,0.5304382,0.8500334,-1.341159,7.703165,29.67834,-7.043725,0.5182312,0.8110807,-1.366511,54.24594,-0.597158,0.6781085,0.5346211,0.7993807,-1.395668,38.07722,-2.15332E-05,0,0.5514417,0.8041931,-1.409452,25.4372,-1.923181E-05,0,1.054116,0.8559961,-1.299877,37.8256,-15.04332,74.54122,1.028791,0.8256874,-1.300513,10.38592,38.36688,-6.490087,1.028555,0.7957987,-1.302865,5.417685,-1.44958E-05,0,1.059536,0.8500412,-1.310179,0,-14.88068,1.249762,1.053382,0.7973208,-1.295984,54.84622,22.59466,-9.799161,1.028461,0.7682326,-1.320854,56.43219,6.604909E-06,0,1.007513,0.7762545,-1.337773,37.79391,6.124538E-06,0,1.064371,0.8485611,-1.31953,0,-4.193707E-07,0,1.06467,0.7950702,-1.317866,68.91754,11.70628,-12.3772,1.031015,0.7775036,-1.345377,79.22633,5.167828E-06,0,1.01321,0.802467,-1.349386,53.30444,3.659173E-06,0,1.069351,0.8485312,-1.329224,3.069245,14.87369,-2.900633,1.073284,0.7987114,-1.340593,70.30194,1.450608,-2.018097,1.037355,0.7855567,-1.361895,80.17385,-5.371178E-07,0,1.02244,0.8095357,-1.361456,53.95429,2.232842E-06,0.02797646,1.073624,0.8508396,-1.33764,7.703165,29.67844,-7.04378,1.079756,0.8087834,-1.360061,59.12705,-3.353182,-12.42253,1.053096,0.7936157,-1.377804,48.51107,-1.615181E-06,0,1.031354,0.7983742,-1.378673,32.44967,-3.960005E-06,0,end
4533,0.8096655,0.9273455,-1.294261,-0.05233916,0.9405671,0.6746368,0.8053825,1.288123,-1.329654,-1.299503,0.1400281,2.14831,0.8057529,1.596723,-1.316829,6.180886,-1.003726,1.77564,0.7295971,0.9260301,-1.293319,0.9602193,0.7135531,-0.5997046,0.7313732,0.4989696,-1.286501,8.360436,0.0123836,-0.02797646,0.7310563,0.07446805,-1.341947,7.429725,-0.8823395,-9.517253,0.8897339,0.9286609,-1.295202,-1.863196,-1.131123,2.293028,0.8881468,0.5017809,-1.309389,1.692348,-0.01010184,0,0.8864377,0.07452038,-1.336249,3.861076,-0.7783036,-6.242118,0.7362354,1.410418,-1.305348,-15.05072,-0.3180189,1.705939,0.6065212,1.410037,-1.335079,-27.60872,29.40125,-66.60995,0.5580635,1.156791,-1.34552,10.85988,-7.234566E-05,-9.284762,0.8753477,1.410876,-1.310557,-16.70621,0.3092063,0.02797646,1.001281,1.412877,-1.353529,-9.533701,16.4592,-62.13382,1.042937,1.158247,-1.349144,6.27523,-0.0001045919,-15.64091,0.5493581,0.8733491,-1.327402,10.56472,2.488837,-0.2298502,1.067192,0.8764365,-1.32199,3.938704,-0.2675256,0,0.5718375,0.8522428,-1.311538,44.77773,-13.24036,97.53622,0.5983779,0.8280792,-1.328033,19.73654,36.3396,-12.00224,0.6020986,0.7988738,-1.333702,10.52671,-1.463121E-05,0,0.5634806,0.8468935,-1.320053,0,-14.88063,1.250075,0.5771601,0.7938402,-1.315929,68.3895,19.55816,-21.9135,0.5964587,0.7793878,-1.354715,55.58558,1.152699E-05,0,0.6112263,0.7957333,-1.372156,37.22175,1.039434E-05,0,0.5557552,0.8459311,-1.327291,0,-3.938168E-07,0,0.5590393,0.7927907,-1.332717,75.83754,11.35598,-12.98846,0.5828341,0.7870168,-1.3727,63.73391,4.303838E-06,0,0.5979407,0.811814,-1.383337,42.73912,-2.777512E-06,0,0.547693,0.8464255,-1.334608,3.069245,14.87365,-2.900701,0.5427927,0.7979235,-1.350429,74.64754,4.123768,0.6413296,0.5691079,0.7944041,-1.385255,64.73573,8.123685E-06,0,0.5832496,0.8178739,-1.392097,43.41919,-8.972014E-08,0,0.5406108,0.8491696,-1.340669,7.703165,29.67835,-7.043752,0.5293344,0.8092901,-1.36499,54.41657,-0.8749425,0.8485757,0.54616,0.7972299,-1.393749,38.51813,1.444323E-05,0,0.5629256,0.8022608,-1.407523,25.73299,1.318497E-05,0,1.05333,0.8570187,-1.296825,37.50313,-15.89801,76.81324,1.028555,0.8262538,-1.296496,13.13977,37.82418,-8.146784,1.028958,0.7963032,-1.297809,6.897309,-3.526569E-07,0,1.059162,0.8508139,-1.306746,0,-14.88065,1.249918,1.05356,0.7985122,-1.290873,55.38465,22.11149,-10.03145,1.02948,0.7684101,-1.315362,57.83728,2.240324E-05,0,1.00897,0.7763503,-1.332847,38.74403,1.073095E-05,0,1.0643,0.8491022,-1.315894,0,3.531139E-07,0,1.065535,0.7957181,-1.312324,70.13527,11.1315,-12.40809,1.032425,0.7774289,-1.340025,80.50317,2.235051E-05,0,1.015178,0.8026657,-1.344708,54.18027,-2.457446E-06,0,1.069567,0.8488303,-1.325432,3.069309,14.87366,-2.900701,1.074753,0.7987295,-1.334906,71.62844,1.040804,-1.783338,1.039189,0.7850073,-1.356461,81.32525,8.385579E-06,0,1.024769,0.8092889,-1.356781,54.74463,-1.68375E-05,0,1.074046,0.8509257,-1.333797,7.703165,29.67838,-7.04378,1.081616,0.8082388,-1.354523,59.90995,-3.563551,-11.7123,1.055448,0.7922647,-1.37229,49.65453,1.818856E-05,0,1.033786,0.7972684,-1.373644,33.21996,1.005332E-05,0,end
4567,0.809832,0.9273199,-1.294501,-0.04845664,0.9565555,0.6428534,0.8055361,1.28809,-1.329571,-1.426013,0.1302568,2.145119,0.8059691,1.596661,-1.316058,6.18748,-1.01628,1.849597,0.7297634,0.9259822,-1.293604,1.028315,0.7465527,-0.5630175,0.7314143,0.4989299,-1.286258,8.463457,0.01217961,-0.02797646,0.7310343,0.07446,-1.341945,7.463165,-0.8527773,-9.460991,0.8899005,0.9286575,-1.295398,-1.865925,-1.161224,2.304607,0.8882155,0.5017779,-1.309586,1.658828,-0.009449248,0,0.8864306,0.07450223,-1.336199,3.805806,-0.7947486,-6.240642,0.7364087,1.410343,-1.304998,-15.12503,-0.3288751,1.69362,0.6067348,1.410029,-1.334905,-25.64575,27.35279,-65.73703,0.5599646,1.156505,-1.346245,11.71776,-7.62097E-05,-8.582749,0.8755215,1.410789,-1.310199,-16.6999,0.325445,0.1557664,1.001462,1.4129,-1.353145,-9.218849,16.4087,-62.78559,1.043043,1.158294,-1.347029,6.127879,-0.0001367492,-15.19413,0.5560095,0.8731176,-1.325764,10.00764,2.294568,-0.2007689,1.067481,0.8766124,-1.318726,3.53258,-0.6857635,0,0.5786304,0.8526005,-1.309338,44.89453,-13.03598,94.98306,0.6055752,0.8285426,-1.325324,16.71823,37.75896,-10.42158,0.6099321,0.7992479,-1.32999,8.76587,-6.052962E-06,0,0.5704169,0.8469886,-1.317823,0,-14.88063,1.249918,0.5847594,0.7942048,-1.312632,69.24542,19.19844,-22.9719,0.6048287,0.7799654,-1.351104,54.75751,2.274374E-05,0,0.6197872,0.7961462,-1.368536,36.66236,1.170867E-05,0,0.5627663,0.8457937,-1.325106,0,-3.90914E-07,0,0.5667964,0.7926131,-1.329546,76.77455,11.06877,-13.69833,0.5912672,0.7871816,-1.369167,63.05407,3.177154E-06,0,0.6063023,0.8119964,-1.379864,42.27783,-2.713026E-07,0,0.5547604,0.8460494,-1.332497,3.069245,14.87364,-2.900701,0.5506338,0.7972107,-1.34748,75.58473,3.934521,0.4049353,0.5775799,0.7940661,-1.381857,63.73128,1.782103E-05,0,0.5915721,0.8175482,-1.388959,42.73734,5.582468E-06,0,0.5476941,0.8485897,-1.338664,7.703165,29.67835,-7.043752,0.5371503,0.808134,-1.362354,55.02322,-1.129991,1.053877,0.5547022,0.7960044,-1.390646,37.90022,1.894193E-05,0,0.5715364,0.8009889,-1.404352,25.31847,2.297909E-05,0,1.053237,0.857432,-1.293592,37.40365,-16.23865,78.56506,1.028581,0.8265743,-1.293117,15.02703,37.34256,-9.248837,1.029173,0.7966155,-1.294139,7.931969,-6.628638E-06,0,1.059289,0.8511367,-1.303324,0,-14.88067,1.249918,1.053645,0.7990047,-1.286916,56.48396,21.51345,-10.29579,1.029508,0.7691195,-1.311613,57.56689,-8.762298E-06,0,1.009331,0.7771293,-1.32945,38.56113,-8.299925E-06,0,1.06461,0.8493401,-1.31235,0,-4.098122E-07,0,1.066042,0.7960109,-1.308098,71.60518,10.5448,-12.59185,1.032885,0.7782905,-1.336112,80.05355,3.134079E-06,0,1.015981,0.803697,-1.341115,53.87176,-4.415259E-06,0,1.070059,0.848979,-1.321781,3.069309,14.87368,-2.900633,1.075675,0.7987937,-1.330535,73.27544,0.6312418,-1.518911,1.039987,0.7857262,-1.352292,80.78493,3.348455E-06,0,1.025912,0.8102009,-1.353008,54.37366,-5.981582E-06,0,1.074686,0.8509952,-1.330084,7.703165,29.67842,-7.04378,1.082865,0.808098,-1.350134,61.635,-3.631833,-11.42893,1.056475,0.7925912,-1.367987,48.79977,1.677347E-05,0,1.034886,0.7977939,-1.369715,32.6441,3.668618E-06,0,end
4600,0.8098448,0.9272919,-1.294941,-0.02797646,0.980214,0.6262009,0.8054714,1.288046,-1.329862,-1.50779,0.1306995,2.111276,0.805914,1.596589,-1.315819,6.281913,-1.032075,1.929148,0.7297766,0.9259214,-1.294067,1.115047,0.7732631,-0.5442861,0.7314093,0.4988833,-1.285937,8.610895,0.01225245,-0.03426402,0.731029,0.07445472,-1.341938,7.503756,-0.8412567,-9.439734,0.889913,0.9286623,-1.295816,-1.892895,-1.188974,2.274,0.8881991,0.5017849,-1.310067,1.579791,-0.00912262,0,0.8864277,0.07447669,-1.336154,3.716416,-0.7967668,-6.264317,0.7363303,1.410264,-1.305156,-15.20576,-0.3572842,1.663188,0.6067171,1.409932,-1.335325,-22.46192,24.53614,-64.3109,0.5620268,1.155981,-1.345436,11.28315,-8.101521E-05,-6.88128,0.8754461,1.410716,-1.310274,-16.60833,0.2688355,0.2900664,1.001482,1.412751,-1.352945,-7.942183,15.35116,-61.13664,1.042822,1.158132,-1.345831,6.065143,-0.0001531129,-12.48284,0.5575307,0.8727287,-1.323274,10.15914,2.052449,-0.1823843,1.067809,0.8766488,-1.316066,4.002033,-0.2774521,0,0.5801506,0.8524014,-1.306612,44.50039,-12.5317,91.95217,0.6069211,0.8280666,-1.322471,12.6664,38.6899,-7.997037,0.611608,0.7987135,-1.326391,6.570771,-8.794873E-06,0,0.571991,0.8467035,-1.315092,0,-14.88063,1.249918,0.5864857,0.7940049,-1.309475,69.81734,18.828,-23.0138,0.6070193,0.7800194,-1.347795,54.19138,4.473535E-06,0,0.6219733,0.7961626,-1.365265,36.28005,5.636356E-06,0,0.5643747,0.8454326,-1.322399,0,-5.662531E-07,0,0.5685986,0.7922363,-1.326452,77.46068,10.68989,-13.91627,0.5935548,0.7871544,-1.365816,62.41163,7.677877E-06,0,0.6086086,0.8119506,-1.37653,41.84208,8.179342E-06,0,0.5563988,0.8456105,-1.329824,3.069245,14.87364,-2.900633,0.5524956,0.7966557,-1.344484,76.26789,3.622653,0.3058279,0.5799001,0.793802,-1.378522,62.94384,-6.169908E-06,0,0.593938,0.8172304,-1.385712,42.20304,3.960378E-06,0,0.54935,0.8480845,-1.336037,7.703139,29.67835,-7.043752,0.5390381,0.8074307,-1.359489,55.64685,-1.497509,1.319231,0.5571199,0.7953596,-1.387471,37.1025,-2.218378E-05,0,0.5740199,0.8002171,-1.401142,24.78345,-1.875711E-05,0,1.053102,0.8572923,-1.291338,37.3746,-16.45007,79.62413,1.028419,0.8264521,-1.2914,16.11469,36.92176,-9.846004,1.02899,0.7965027,-1.292679,8.548999,-3.114334E-06,0,1.05934,0.8510658,-1.300995,0,-14.88066,1.249918,1.053415,0.7988212,-1.285051,57.5241,20.91122,-10.64019,1.029112,0.7697186,-1.310509,56.80234,-4.882757E-06,0,1.00923,0.7779744,-1.328564,38.04413,-9.332523E-06,0,1.064832,0.8493326,-1.309931,0,3.750074E-07,0,1.066212,0.7959763,-1.306014,72.84463,10.08406,-12.83838,1.03307,0.779356,-1.334712,79.2137,5.427735E-06,0,1.016382,0.8049092,-1.339693,53.29579,4.338936E-06,0,1.070459,0.8490378,-1.31926,3.069309,14.87367,-2.900701,1.076267,0.7989154,-1.328246,74.69331,0.2978007,-1.329279,1.040504,0.7869413,-1.350503,79.95413,6.696761E-06,0,1.026682,0.8115595,-1.351231,53.80354,1.399845E-05,0,1.075242,0.8511122,-1.327459,7.703139,29.6784,-7.043752,1.083822,0.8083555,-1.347641,63.43789,-3.767754,-11.25531,1.057113,0.7938113,-1.365828,47.11946,-5.228477E-06,0,1.035581,0.7990931,-1.367961,31.51273,-6.060645E-06,0,end
4633,0.8101204,0.9272808,-1.29495,0,0.9978637,0.6029587,0.8056663,1.288009,-1.329798,-1.580534,0.1425251,2.04028,0.8060374,1.596529,-1.315292,6.355175,-1.030513,1.961143,0.7300522,0.9258862,-1.294107,1.119775,0.807394,-0.5814822,0.731559,0.498853,-1.285697,8.680029,0.01250043,-0.03956468,0.7310264,0.07445538,-1.341931,7.532572,-0.8164039,-9.475606,0.8901886,0.9286755,-1.295793,-2.03932,-1.23066,2.244371,0.888289,0.501828,-1.310892,1.349732,-0.008604568,0,0.8864319,0.07446828,-1.336115,3.587905,-0.8139448,-6.289274,0.7364734,1.410184,-1.305022,-15.24264,-0.4280542,1.659182,0.6069188,1.409706,-1.33544,-19.16566,21.96624,-62.29974,0.563543,1.155439,-1.343006,10.21223,-5.83299E-05,-4.125118,0.8755953,1.410666,-1.309967,-16.51046,0.2513081,0.4252063,1.001756,1.412731,-1.352264,-6.326666,13.9852,-58.51941,1.042961,1.158117,-1.344254,6.06776,-0.0001195856,-8.565592,0.5549274,0.8723936,-1.319459,10.75969,1.63542,-0.1532334,1.06877,0.8769135,-1.312604,4.750276,0.211271,0,0.5775757,0.852046,-1.30286,43.7857,-11.67941,91.09347,0.6036482,0.8271612,-1.319026,9.945007,37.97176,-6.157274,0.6086745,0.7978261,-1.322648,5.216917,-3.462638E-06,0,0.5693628,0.8463504,-1.31129,0,-14.88063,1.250075,0.5837559,0.7936285,-1.305631,70.24861,18.54502,-22.8665,0.6042714,0.7798579,-1.344039,53.70972,1.171153E-05,0,0.6191124,0.7959476,-1.361654,35.95487,1.260543E-05,0,0.5617094,0.8450829,-1.318559,0,-2.144997E-07,0,0.5657855,0.7918682,-1.322521,77.87282,10.43911,-14.03671,0.5907418,0.7869706,-1.361908,61.97687,8.064004E-06,0,0.6058484,0.8116988,-1.372705,41.54731,7.758346E-06,0,0.5536993,0.8452647,-1.325947,3.069309,14.87364,-2.900701,0.5496092,0.7962893,-1.340487,76.68367,3.42382,0.1802258,0.5770373,0.7935646,-1.374516,62.38766,2.063828E-05,0,0.5911957,0.8168859,-1.381817,41.82584,1.913617E-05,0,0.5466275,0.847743,-1.332132,7.703139,29.67835,-7.043752,0.536108,0.8070658,-1.355451,56.13624,-1.776901,1.426699,0.5543173,0.7950501,-1.383374,36.35079,-4.470654E-05,0,0.5711915,0.7997162,-1.397143,24.2794,-2.891339E-05,0,1.053463,0.8573393,-1.288417,37.32396,-16.53996,80.64993,1.028758,0.8265293,-1.289288,17.05426,36.45811,-10.33112,1.029284,0.7965958,-1.290911,9.098072,-4.086377E-06,0,1.059923,0.8511978,-1.297983,0,-14.88067,1.249918,1.05357,0.7988104,-1.282686,58.27304,20.47988,-11.0303,1.029387,0.7704425,-1.30907,56.18317,9.574448E-06,0,1.009868,0.7789558,-1.327399,37.6256,4.742114E-06,0,1.065622,0.8495435,-1.306803,0,2.275005E-07,0,1.066856,0.7961506,-1.303367,73.70903,9.78993,-13.08784,1.034042,0.7804964,-1.332969,78.75079,7.82736E-07,0,1.017606,0.8062208,-1.337906,52.97846,-4.263022E-06,0,1.071468,0.8493311,-1.315998,3.069309,14.87368,-2.900768,1.077438,0.7992899,-1.325325,75.72373,0.07599077,-1.289071,1.041855,0.7882771,-1.348353,79.46288,1.584178E-06,0,1.028277,0.8130322,-1.349032,53.46663,7.607096E-06,-0.01978234,1.076446,0.851478,-1.324062,7.703139,29.67842,-7.043725,1.085459,0.8089058,-1.344445,64.85956,-3.937544,-11.12978,1.058646,0.7952312,-1.363146,45.49548,3.422731E-06,0,1.037175,0.8005213,-1.365814,30.42003,-7.209252E-06,0,end
4667,0.8106565,0.9272962,-1.295117,0.02797646,1.012186,0.5532007,0.8060858,1.288001,-1.329947,-1.629308,0.1794451,1.971594,0.8062449,1.596508,-1.315167,6.366858,-1.021557,1.868127,0.730588,0.925882,-1.294343,1.109417,0.8577005,-0.6382713,0.7318185,0.4988508,-1.285787,8.687675,0.01288486,-0.05934703,0.7310008,0.07444188,-1.341933,7.52144,-0.762533,-9.506818,0.890725,0.9287105,-1.295891,-2.18382,-1.287853,2.257328,0.8885078,0.5018956,-1.311846,1.101273,-0.008005963,0,0.886435,0.07447949,-1.336076,3.447533,-0.8483072,-6.294883,0.7367882,1.410113,-1.305151,-15.24209,-0.5212763,1.663658,0.6072731,1.409365,-1.335732,-17.65075,21.16905,-60.88337,0.5634341,1.155123,-1.341175,9.587367,-7.980283E-05,-1.785422,0.8759156,1.410684,-1.309927,-16.41141,0.2206596,0.5200178,1.0022,1.412785,-1.351852,-5.69113,13.62199,-57.63164,1.043796,1.158277,-1.34259,6.062718,-0.000136151,-5.833009,0.5510672,0.8723383,-1.316214,11.27122,1.260934,-0.1219466,1.070344,0.8773288,-1.309327,5.306257,0.4488443,0,0.5738574,0.8519501,-1.299862,43.30134,-10.79585,92.81504,0.5991075,0.826608,-1.316612,9.483797,36.6373,-5.692852,0.6044529,0.7973269,-1.320215,5.065465,4.371885E-06,0,0.5655165,0.8462638,-1.308171,0,-14.88063,1.250075,0.5797985,0.7935051,-1.302574,70.50729,18.32414,-22.76772,0.5999209,0.7797877,-1.341208,53.3782,1.476323E-05,0,0.614557,0.7957847,-1.359077,35.73106,8.100681E-06,0,0.5577654,0.8450062,-1.315337,0,-8.013754E-07,0,0.5616053,0.7917684,-1.319226,78.10669,10.27046,-14.03222,0.5861633,0.7868772,-1.358863,61.69589,9.110402E-06,0,0.6012222,0.8115208,-1.369917,41.35683,8.723194E-06,0,0.5496612,0.8451989,-1.322622,3.069245,14.87364,-2.900701,0.5452135,0.7962043,-1.336992,76.91898,3.309495,0.1545051,0.5722989,0.7934546,-1.371293,62.01487,-5.646087E-06,0,0.5864955,0.8166667,-1.378862,41.57307,-6.996854E-06,0,0.5425187,0.8476875,-1.328721,7.703165,29.67835,-7.043752,0.5315574,0.8069934,-1.351806,56.46825,-1.966697,1.461793,0.5495582,0.7949558,-1.379854,35.79009,-7.758438E-05,0,0.5662896,0.799426,-1.393861,23.9035,-6.6122E-05,0,1.054231,0.8575924,-1.285804,37.24187,-16.57497,81.95515,1.029625,0.8267475,-1.287671,18.20503,35.97504,-10.93454,1.030267,0.7968304,-1.289536,9.766379,-1.192552E-05,0,1.061022,0.8515156,-1.295181,0,-14.88068,1.250075,1.054193,0.7990287,-1.280439,58.75484,20.16842,-11.34,1.030646,0.7711136,-1.307861,55.89777,4.130221E-05,0,1.011694,0.7798217,-1.326688,37.43272,2.900086E-05,0,1.067023,0.8499207,-1.303809,0,-1.239995E-07,0,1.068186,0.7965081,-1.300667,74.31885,9.526946,-13.28848,1.036154,0.781479,-1.331427,78.4533,-3.675017E-07,0,1.019945,0.8073015,-1.336598,52.77459,2.121598E-06,0,1.073182,0.8497701,-1.312799,3.069245,14.87369,-2.900701,1.079514,0.7997926,-1.322228,76.45383,-0.1299719,-1.254918,1.044493,0.7893928,-1.346375,79.23339,6.74273E-06,0,1.031104,0.8142447,-1.347227,53.30928,4.52944E-06,0,1.078433,0.8519711,-1.320673,7.703165,29.67843,-7.043752,1.08818,0.8095341,-1.340999,65.89423,-4.093764,-10.97797,1.061651,0.7964357,-1.3605,44.15528,1.203173E-05,0,1.040279,0.8016587,-1.363972,29.51879,7.434917E-06,0,end
4700,0.8112743,0.92729,-1.295462,0.04845664,1.027095,0.4751895,0.806538,1.287981,-1.330359,-1.631948,0.241402,1.908341,0.8063411,1.596487,-1.315562,6.367382,-1.000145,1.689107,0.7312052,0.9258551,-1.294796,1.160115,0.9195327,-0.6555129,0.7320776,0.4988338,-1.28572,8.767976,0.01305422,-0.06255726,0.7309611,0.07443607,-1.341945,7.536765,-0.691649,-9.467325,0.8913435,0.9287249,-1.296128,-2.367281,-1.355545,2.291405,0.8887424,0.5019599,-1.313309,0.7501709,-0.01285791,0,0.8863827,0.07446864,-1.336148,3.257684,-0.8961946,-6.308417,0.7370842,1.410018,-1.305635,-15.23234,-0.5930728,1.649126,0.6076018,1.408969,-1.336344,-18.04333,22.07237,-60.82874,0.5620683,1.155,-1.340503,9.739708,-6.429655E-05,-0.7952467,0.8762164,1.410736,-1.310253,-16.31499,0.1816301,0.5528469,1.002617,1.412875,-1.351825,-6.029712,14.15227,-58.28358,1.045197,1.158565,-1.341626,6.246043,-0.000135419,-4.616516,0.548405,0.8724496,-1.31364,11.49053,1.201026,-0.1203313,1.071897,0.8778046,-1.306931,5.463142,0.4971323,0,0.5714259,0.8520555,-1.297622,43.04905,-10.23449,96.48215,0.5959738,0.8264005,-1.31493,11.10087,35.07448,-6.432913,0.6015264,0.7971782,-1.318693,6.044778,-5.850403E-06,0,0.5629213,0.8463628,-1.305759,0,-14.88063,1.249762,0.5771501,0.7935836,-1.30022,70.61406,18.13465,-22.63367,0.5966718,0.7797663,-1.339125,53.39327,6.315826E-06,0,0.6109955,0.7957303,-1.357275,35.74128,4.271838E-06,0,0.5550395,0.8451014,-1.31278,0,-2.357149E-07,0,0.5586565,0.7918386,-1.316537,78.20908,10.11262,-13.94437,0.5826029,0.7868083,-1.356529,61.7488,4.940549E-06,0,0.5974851,0.811427,-1.367874,41.3927,2.3312E-06,0,0.5468067,0.8452908,-1.319919,3.069245,14.87364,-2.900701,0.541962,0.7962565,-1.334023,77.02034,3.160573,0.1735894,0.5685259,0.793345,-1.368716,62.00459,3.159604E-05,0,0.5826501,0.8165038,-1.376578,41.56613,2.287211E-05,0,0.5395632,0.8477777,-1.325899,7.703165,29.67834,-7.043725,0.5280737,0.8070305,-1.348631,56.58858,-2.142483,1.533911,0.5456476,0.7948424,-1.376884,35.6873,-1.543625E-05,0,0.5621656,0.7991965,-1.391177,23.8346,-1.55541E-05,0,1.055006,0.8580018,-1.284017,37.12529,-16.56972,83.95576,1.030633,0.8270363,-1.286755,19.92792,35.38119,-11.85536,1.031597,0.7971324,-1.288691,10.7602,-2.363826E-06,0,1.06215,0.8519527,-1.293145,0,-14.88068,1.249918,1.05496,0.7994347,-1.27869,59.10421,19.89764,-11.60045,1.032256,0.7716877,-1.30698,55.64586,-2.984221E-06,0,1.013897,0.7803974,-1.326383,37.26247,-2.358868E-06,0,1.068465,0.8503825,-1.301552,0,-2.866979E-07,0,1.069684,0.7969717,-1.298399,74.75443,9.318836,-13.47539,1.038629,0.7821919,-1.330263,78.21636,-1.194758E-07,0,1.02256,0.8080109,-1.335869,52.61223,1.865442E-05,0,1.074946,0.8502575,-1.310313,3.069245,14.87369,-2.900768,1.081774,0.8003066,-1.319534,76.97199,-0.3338694,-1.169021,1.047473,0.790152,-1.344793,79.14346,-8.901692E-07,0,1.034206,0.8150545,-1.346011,53.2476,2.0249E-05,0,1.080471,0.8524803,-1.317991,7.703191,29.67845,-7.04378,1.091083,0.8100878,-1.337974,66.64207,-4.245927,-10.87991,1.065027,0.7972535,-1.358273,43.15953,9.810562E-06,0,1.043776,0.8023463,-1.362578,28.8495,5.496452E-06,0,end
4733,0.8120072,0.9272833,-1.295666,0.06255726,1.041766,0.3663747,0.8071264,1.287965,-1.330723,-1.591516,0.303793,1.827885,0.8065369,1.596478,-1.316106,6.406095,-0.9436339,1.510513,0.7319373,0.9258279,-1.295152,1.20366,0.9909052,-0.661456,0.7323724,0.4988151,-1.285654,8.835112,0.01350862,-0.07401875,0.7309286,0.07442915,-1.34196,7.553281,-0.615399,-9.384478,0.8920771,0.9287388,-1.29618,-2.622117,-1.434623,2.331625,0.8890156,0.5020533,-1.315166,0.2414744,-0.007070771,0,0.8864251,0.0744625,-1.336031,2.989372,-0.9420059,-6.351071,0.7375093,1.409946,-1.306185,-15.22953,-0.5864153,1.623291,0.6080705,1.408756,-1.337072,-19.37155,23.66854,-61.62167,0.560618,1.155129,-1.340571,10.28075,-6.128971E-05,0.07661668,0.8766471,1.410807,-1.310603,-16.25274,0.2148902,0.5252593,1.003149,1.413124,-1.351856,-6.648063,14.84704,-59.18469,1.046868,1.15902,-1.341331,6.62383,-0.0001047225,-3.837063,0.5473939,0.8727376,-1.311871,11.48357,1.194345,-0.1186941,1.073126,0.8783892,-1.305281,5.466047,0.5241804,-0.02797646,0.5708874,0.8523871,-1.296496,42.93331,-10.15724,100.647,0.5947578,0.8265374,-1.314451,14.19923,33.49146,-7.948434,0.6001358,0.7973325,-1.318584,7.871006,-2.078419E-05,0,0.5621167,0.8466671,-1.304326,0,-14.88065,1.249762,0.5764364,0.7938931,-1.298975,70.73804,17.93974,-22.58973,0.594813,0.7799598,-1.338394,53.20935,-1.517845E-05,0,0.6085756,0.7958052,-1.357074,35.61712,-8.554533E-06,0,0.5540112,0.845383,-1.311084,0,-1.784578E-06,0,0.5574247,0.7920957,-1.314679,78.32233,9.98405,-13.98784,0.5801618,0.7869101,-1.355352,61.61621,8.657918E-07,0,0.5947376,0.8114383,-1.367276,41.30282,7.583068E-06,0,0.5455531,0.8455498,-1.317955,3.069245,14.87366,-2.900768,0.5401828,0.7964523,-1.331642,77.13149,3.022635,0.1823843,0.5657148,0.7933732,-1.367087,61.92216,1.088486E-05,0,0.5796277,0.8164685,-1.375494,41.51021,1.056903E-05,0,0.5381247,0.8480183,-1.323712,7.703139,29.67838,-7.043725,0.5258478,0.8071747,-1.345851,56.71472,-2.322934,1.54015,0.5426038,0.7948209,-1.374526,35.55319,-5.946776E-05,0,0.5586972,0.7990429,-1.389334,23.7447,-4.99401E-05,0,1.055538,0.8585657,-1.282916,37.04165,-16.56116,86.05399,1.031397,0.8274941,-1.286398,21.72026,34.8864,-12.83526,1.032757,0.7976032,-1.288299,11.78656,-9.184245E-06,0,1.063,0.8525261,-1.291793,0,-14.88068,1.249918,1.055482,0.8000053,-1.277516,59.34589,19.69767,-11.87851,1.033629,0.7723147,-1.306522,55.38943,-4.124863E-06,0,1.015809,0.7809414,-1.326459,37.08922,2.483429E-06,0,1.069596,0.8509639,-1.299982,0,-4.167056E-07,0,1.070861,0.7975608,-1.29672,75.07213,9.137501,-13.67346,1.04076,0.7828928,-1.329537,78.02115,-6.929718E-07,0,1.024799,0.8086777,-1.33559,52.47851,8.19566E-06,0,1.076365,0.8508468,-1.308523,3.069309,14.87369,-2.900768,1.083639,0.8009045,-1.317445,77.34757,-0.5203438,-1.098605,1.050056,0.7908596,-1.343694,79.11674,1.74689E-06,0,1.036895,0.8157966,-1.345294,53.22928,2.071977E-05,0,1.082136,0.8530762,-1.316016,7.703139,29.67845,-7.043752,1.093528,0.8106901,-1.335578,67.21466,-4.407444,-10.80048,1.067964,0.7980004,-1.35658,42.23614,1.594462E-07,0,1.046847,0.8029232,-1.361674,28.22906,-6.734356E-06,0,end
4767,0.8126279,0.9272771,-1.295786,0.08392937,1.047224,0.235734,0.8077003,1.287948,-1.331087,-1.528799,0.3474787,1.707085,0.8067709,1.596469,-1.316716,6.497997,-0.8414361,1.395917,0.7325572,0.9258139,-1.295452,1.227007,1.0423,-0.7138155,0.7326301,0.498808,-1.28564,8.881418,0.01377254,-0.07912937,0.7309093,0.07442749,-1.34198,7.560966,-0.5637192,-9.329339,0.8926985,0.9287403,-1.29612,-2.746591,-1.49296,2.379568,0.8892821,0.5020934,-1.315898,0.02797646,-0.006925324,0,0.8864118,0.07446831,-1.336009,2.881471,-0.9894844,-6.409124,0.7379453,1.409907,-1.306828,-15.21634,-0.5369462,1.606569,0.6085645,1.408705,-1.337958,-20.70031,25.09514,-62.60087,0.5598409,1.155313,-1.340978,10.73268,-7.427653E-05,1.082094,0.8770915,1.410861,-1.310952,-16.23894,0.2359397,0.4698059,1.003689,1.41327,-1.351906,-7.321774,15.545,-59.98173,1.048315,1.159327,-1.341317,6.996025,-0.0001317947,-3.465941,0.5475474,0.8730037,-1.311086,11.22925,1.043802,-0.1008706,1.0739,0.8787689,-1.30423,5.525383,0.6248008,-0.02797646,0.5715643,0.8527415,-1.29642,43.19469,-10.4257,103.5126,0.5949404,0.82688,-1.314996,17.62929,33.42992,-9.930186,0.5995195,0.7975332,-1.319087,9.763238,-1.117918E-05,0,0.5625087,0.846973,-1.303881,0,-14.88063,1.249918,0.5769606,0.7942232,-1.298647,70.88554,17.74495,-22.61614,0.5940146,0.7800969,-1.338588,52.83222,-1.120555E-06,0,0.6071403,0.7957067,-1.357914,35.36263,-3.175071E-06,0,0.5541615,0.8456475,-1.310329,0,-8.416895E-07,0,0.5573884,0.7923298,-1.313636,78.45806,9.851849,-14.11078,0.5787286,0.7869108,-1.355028,61.27498,-8.374558E-07,0,0.5929725,0.8112556,-1.367706,41.07155,1.656398E-07,0,0.5454593,0.8457724,-1.316889,3.069245,14.87365,-2.900633,0.5395452,0.7965782,-1.329993,77.31512,2.906957,0.1101434,0.5638735,0.7933071,-1.366258,61.54665,4.410578E-06,0,0.5775732,0.8162557,-1.375386,41.25568,-1.671786E-06,0,0.5378289,0.8482062,-1.322391,7.703165,29.67835,-7.043752,0.5247137,0.8072097,-1.343753,56.96686,-2.501353,1.541927,0.5405698,0.7946863,-1.372863,35.07748,-3.21179E-05,0,0.5561404,0.7986687,-1.388284,23.42588,-2.326263E-05,0,1.055796,0.8589137,-1.282309,36.97192,-16.55503,87.7859,1.031811,0.8277918,-1.28637,23.13124,34.46693,-13.59077,1.03346,0.797914,-1.288249,12.60473,1.607419E-06,0,1.063478,0.8528873,-1.291006,0,-14.88067,1.249918,1.055673,0.8003501,-1.276944,59.50338,19.53913,-12.13255,1.03442,0.7727579,-1.306485,55.20189,3.500409E-05,0,1.01699,0.7813637,-1.326771,36.96251,2.017878E-05,0,1.070271,0.8513368,-1.299034,0,-9.509441E-08,0,1.071515,0.7979332,-1.295772,75.28922,8.993987,-13.84018,1.042107,0.7834169,-1.329277,77.93905,5.298935E-06,0,1.026261,0.8092119,-1.335586,52.42228,2.595503E-06,0,1.077246,0.8512319,-1.307408,3.069245,14.87368,-2.900701,1.084788,0.8013026,-1.316179,77.62598,-0.6762208,-1.067346,1.051725,0.7914125,-1.343138,79.14125,3.281393E-06,0,1.038681,0.8163968,-1.344949,53.24611,1.375007E-05,0,1.083194,0.8534718,-1.314758,7.703165,29.67842,-7.043752,1.095102,0.8111092,-1.334062,67.75342,-4.557935,-10.77877,1.069845,0.7986362,-1.355559,41.09511,7.818326E-06,0,1.048844,0.8033515,-1.36129,27.46268,-1.909123E-06,0,end
4800,0.8131403,0.9272645,-1.295754,0.1153499,1.050688,0.1101434,0.8082001,1.287919,-1.33135,-1.458308,0.3805176,1.578552,0.8069543,1.59645,-1.317275,6.583026,-0.7044489,1.26424,0.7330692,0.9257963,-1.295597,1.231941,1.079137,-0.8057577,0.7328731,0.498796,-1.285542,8.929136,0.01399642,-0.08156469,0.7309199,0.07443157,-1.341995,7.575824,-0.5369184,-9.313906,0.8932115,0.9287326,-1.29591,-2.769939,-1.536697,2.450803,0.8895398,0.5020868,-1.315664,0.06852804,-0.006811075,0,0.8864036,0.07447371,-1.335991,2.903466,-1.025657,-6.444516,0.7383275,1.409871,-1.307398,-15.20917,-0.4974914,1.588685,0.6090126,1.408655,-1.338799,-21.50825,25.93583,-63.272,0.5597943,1.155354,-1.341426,10.91924,-6.889949E-05,1.848009,0.8774822,1.410892,-1.311208,-16.23307,0.249027,0.4092611,1.004174,1.413347,-1.351866,-7.845228,16.05244,-60.7059,1.049208,1.159482,-1.341145,7.131354,-0.0001403006,-3.754524,0.5480537,0.8730781,-1.311004,10.76701,0.7487648,-0.06852804,1.074384,0.8789209,-1.303802,5.606718,0.617967,-0.02797646,0.5724025,0.8529344,-1.296727,43.3469,-10.66685,106.0211,0.5954396,0.8269475,-1.315551,20.26757,32.99249,-11.36926,0.5994995,0.7974954,-1.319426,11.2649,-2.067718E-06,0,0.5631581,0.8471019,-1.303902,0,-14.88064,1.249918,0.5776728,0.7943884,-1.298479,71.02267,17.57477,-22.625,0.5938353,0.7799466,-1.338677,52.34686,7.202438E-06,0,0.6065281,0.795213,-1.358558,35.03514,6.159344E-06,0,0.5546522,0.8457217,-1.310127,0,-1.851601E-06,0,0.5577331,0.7923681,-1.312958,78.60021,9.750892,-14.27311,0.5781161,0.7866031,-1.354784,60.75652,4.315139E-06,0,0.5921878,0.8106635,-1.368176,40.72025,3.970703E-06,0,0.5457903,0.8457912,-1.316471,3.069245,14.87366,-2.900701,0.5394953,0.7964725,-1.328912,77.50321,2.817402,0.03956468,0.5630054,0.7929123,-1.365686,60.94494,1.526694E-05,0,0.5766143,0.8156231,-1.375517,40.8479,1.584283E-05,0,0.5380288,0.8481788,-1.321807,7.703165,29.67837,-7.043752,0.52434,0.8069822,-1.342411,57.29256,-2.640349,1.543323,0.5396337,0.7942554,-1.371733,34.24505,5.623701E-06,0,0.554811,0.7978588,-1.387631,22.86807,1.721381E-06,0,1.05602,0.8590674,-1.282098,36.9571,-16.55618,88.769,1.03205,0.8279722,-1.286443,23.96797,34.30686,-14.0667,1.033843,0.7981021,-1.288311,13.07796,-3.554253E-06,0,1.063789,0.8530397,-1.290716,0,-14.88067,1.249918,1.055769,0.8004994,-1.276788,59.6106,19.428,-12.25766,1.034713,0.7730303,-1.306583,54.97059,-5.21641E-07,0,1.01746,0.7816192,-1.327028,36.80629,2.580778E-08,0,1.070668,0.8514884,-1.298671,0,-9.836419E-08,0,1.071813,0.7980805,-1.295444,75.44253,8.888382,-14.01259,1.042664,0.7837452,-1.329252,77.81264,-7.929668E-08,0,1.026873,0.8095556,-1.335634,52.3357,1.099008E-06,0,1.077733,0.8513827,-1.306969,3.069245,14.87368,-2.900701,1.085312,0.8014525,-1.315702,77.82705,-0.803027,-1.057769,1.052429,0.7917495,-1.342947,79.16708,1.253863E-06,0,1.039507,0.8167936,-1.344802,53.26381,-1.649758E-06,0,1.083764,0.8536222,-1.314251,7.703165,29.67843,-7.043752,1.095833,0.8112628,-1.333462,68.34495,-4.671597,-10.75351,1.070568,0.7991083,-1.355132,39.56013,5.759807E-06,0,1.049638,0.8035668,-1.361311,26.43221,-2.729634E-06,0,end
4833,0.8136944,0.9272316,-1.295424,0.1532334,1.055256,0,0.8087388,1.287864,-1.331364,-1.380693,0.4104586,1.455353,0.8071569,1.596413,-1.317701,6.583711,-0.5246231,0.9339799,0.7336232,0.9257567,-1.29543,1.216275,1.118,-0.9089215,0.7331527,0.4987602,-1.285225,8.992501,0.01415332,-0.08392937,0.7309359,0.07443988,-1.341999,7.61306,-0.5146715,-9.311879,0.8937655,0.9287065,-1.295418,-2.861907,-1.584639,2.565367,0.8898121,0.5020831,-1.315597,0.02797646,-0.006731327,0,0.8864107,0.07447517,-1.335989,2.913495,-1.051306,-6.430413,0.7387576,1.409815,-1.307726,-15.21483,-0.4422274,1.54611,0.6095126,1.408625,-1.339415,-21.57194,25.99279,-63.5437,0.5605494,1.155273,-1.341792,10.83749,-6.319967E-05,2.28944,0.8779197,1.410897,-1.311237,-16.2205,0.2607973,0.358274,1.004706,1.413384,-1.351595,-8.454775,16.56525,-61.51304,1.049919,1.159549,-1.340912,7.168587,-0.00010943,-4.816742,0.5488494,0.8729872,-1.31144,10.11363,0.3456591,-0.02797646,1.074734,0.8789116,-1.303899,5.684307,0.6444817,-0.02797646,0.5733018,0.8529824,-1.297145,43.90448,-11.53972,107.2953,0.5966849,0.8270851,-1.315663,25.27157,31.95006,-14.02661,0.5993879,0.797543,-1.320009,14.16743,-6.224466E-06,0,0.5639781,0.847076,-1.304155,0,-14.88062,1.249762,0.5784555,0.7944095,-1.298203,71.20786,17.41667,-22.78942,0.5943096,0.7795824,-1.338383,51.35618,8.865401E-06,0,0.6069257,0.7942477,-1.358759,34.36697,6.790522E-06,0,0.5554097,0.8456323,-1.310279,0,-4.032343E-08,0,0.5583724,0.7922414,-1.31246,78.81266,9.65389,-14.52961,0.5784191,0.7860776,-1.354392,59.64724,2.154612E-06,0,0.592609,0.8096296,-1.368541,39.96896,-2.722503E-06,0,0.5464866,0.8456371,-1.316537,3.069245,14.87364,-2.900701,0.5399872,0.7961757,-1.328287,77.80296,2.734094,-0.05595291,0.563242,0.7923107,-1.365192,59.66371,2.713295E-06,0,0.5769972,0.8145875,-1.375784,39.9801,-5.995042E-06,0,0.5386776,0.8479708,-1.321827,7.703165,29.67834,-7.043752,0.5247191,0.8065405,-1.341771,57.87275,-2.759387,1.65871,0.5399683,0.7936671,-1.371052,32.47533,-6.796499E-05,0,0.5548998,0.7966194,-1.387313,21.68263,-5.039533E-05,0.01978234,1.056354,0.8590488,-1.282217,36.98019,-16.53363,89.18185,1.032308,0.8280205,-1.286623,24.32515,34.21553,-14.2619,1.034091,0.7981555,-1.28858,13.28402,2.596788E-07,0,1.064098,0.8530238,-1.290859,0,-14.88067,1.250075,1.055982,0.8004693,-1.27704,59.65859,19.3763,-12.31104,1.034783,0.7731473,-1.306869,54.94554,3.480128E-05,0,1.017504,0.7818327,-1.327251,36.78934,1.972216E-05,0,1.070964,0.8514757,-1.298826,0,9.677363E-08,0,1.071996,0.7980582,-1.295722,75.54187,8.83688,-14.1932,1.042724,0.7839402,-1.329515,77.79931,2.637609E-06,0,1.026946,0.8098024,-1.335719,52.32658,1.982705E-07,0,1.078018,0.8513736,-1.307133,3.069309,14.87368,-2.900701,1.085476,0.8014469,-1.315991,77.94933,-0.8876853,-1.099139,1.052471,0.7919529,-1.343161,79.36608,-4.805793E-06,0,1.039693,0.8170847,-1.34482,53.40025,5.409235E-06,0,1.084045,0.8536165,-1.314418,7.703139,29.67842,-7.043752,1.095996,0.8112749,-1.333742,68.73776,-4.815077,-10.74779,1.070507,0.7993866,-1.355297,38.37406,6.971355E-06,0,1.049576,0.8036538,-1.361606,25.63632,-6.542692E-06,0,end
4867,0.8141028,0.9272001,-1.294191,0.1948336,1.049997,-0.1370561,0.8091571,1.287809,-1.330512,-1.294524,0.4477998,1.330163,0.8072171,1.596383,-1.317404,6.48525,-0.3519143,0.1065312,0.7340317,0.9257319,-1.294378,1.082636,1.136574,-1.048292,0.7333657,0.4987195,-1.284874,8.944129,0.01382387,-0.08622923,0.7309492,0.07444561,-1.341985,7.647063,-0.5062465,-9.321499,0.8941739,0.9286683,-1.294003,-2.971704,-1.610901,2.740955,0.8900352,0.5020721,-1.314715,0.0656106,-0.006457391,0,0.8864331,0.07450959,-1.336005,3.044976,-1.051885,-6.374214,0.739051,1.409752,-1.30721,-15.22643,-0.4555366,1.470202,0.6098837,1.408407,-1.339208,-21.67812,26.05389,-63.64251,0.561311,1.154981,-1.341755,10.75859,-8.27223E-05,1.516074,0.8782198,1.410913,-1.310417,-16.20987,0.2653384,0.3208161,1.005101,1.413426,-1.350476,-8.665399,16.64287,-61.95833,1.049971,1.159534,-1.339711,6.984884,-0.0001399781,-5.935906,0.5497155,0.8726486,-1.311804,9.23978,-0.02060552,0,1.074808,0.8787941,-1.303499,5.719676,0.552645,-0.02797646,0.573922,0.8528249,-1.296853,44.47564,-11.77668,105.4048,0.597783,0.8269184,-1.314738,25.75297,33.90755,-15.06218,0.5999227,0.7972362,-1.318388,14.10034,-1.198368E-05,0,0.5646893,0.8468271,-1.303906,0,-14.88063,1.249918,0.5789811,0.7942341,-1.296941,71.65111,17.2225,-22.99926,0.5955064,0.7791084,-1.336738,49.02099,2.091189E-05,0,0.6085488,0.7926542,-1.357615,32.79313,8.986402E-06,0,0.5562072,0.8453038,-1.31013,0,-3.11918E-07,0,0.5591015,0.791881,-1.311452,79.3727,9.582596,-15.02592,0.5798166,0.7854905,-1.353023,56.85046,7.507517E-06,0,0.5946659,0.8080025,-1.368155,38.07667,6.930468E-06,0,0.5473753,0.8452276,-1.316515,3.069245,14.87364,-2.900633,0.5409535,0.7956028,-1.3276,78.60323,2.716304,-0.3516591,0.5648934,0.7917223,-1.364063,56.30293,-3.320104E-06,0,0.5793443,0.8130363,-1.375662,37.70654,-5.474524E-06,0,0.5396476,0.8474928,-1.321953,7.703165,29.67834,-7.043752,0.5259005,0.8057849,-1.34146,58.82762,-2.833421,1.743272,0.5419251,0.7928935,-1.370316,29.18354,-3.842291E-05,0,0.5568753,0.7947477,-1.386722,19.47917,-2.810674E-05,0,1.056581,0.8589549,-1.281666,37.04984,-16.46825,89.2562,1.032405,0.8280102,-1.285941,24.33677,34.21259,-14.26827,1.03408,0.7981439,-1.287972,13.29072,-3.429637E-07,0,1.064227,0.8529195,-1.290388,0,-14.88067,1.250075,1.056101,0.8003706,-1.276553,59.67887,19.33859,-12.32426,1.034516,0.7731558,-1.306204,55.01467,3.177665E-05,0,1.017066,0.7819551,-1.32639,36.83609,3.329793E-05,0,1.071012,0.8513623,-1.298422,0,-3.880594E-07,0,1.071931,0.7979386,-1.295389,75.61974,8.809073,-14.38508,1.04227,0.7839989,-1.328917,77.76282,2.084523E-06,0,1.026453,0.8098986,-1.334858,52.30159,-1.721598E-06,0,1.077987,0.8512512,-1.306795,3.069245,14.87368,-2.900633,1.085226,0.8013153,-1.315781,78.0465,-0.9412185,-1.188444,1.051892,0.7920035,-1.342612,79.6209,3.939556E-06,0,1.03926,0.8172261,-1.343975,53.57498,-3.79698E-06,0,1.08395,0.8534865,-1.314134,7.703165,29.67843,-7.043752,1.095603,0.811136,-1.33362,69.22578,-4.957271,-10.80055,1.069682,0.7995527,-1.354823,36.84351,1.296756E-06,0,1.048703,0.8035488,-1.361149,24.60978,8.717428E-06,0,end
4900,0.8139502,0.9272217,-1.291996,0.2306999,1.014871,-0.3202056,0.8091492,1.287811,-1.328666,-1.212892,0.4888271,1.180183,0.8068991,1.596407,-1.316056,6.422022,-0.2359961,-1.332808,0.7338793,0.9258015,-1.292438,0.7880787,1.086429,-1.277175,0.7333126,0.49875,-1.284884,8.677947,0.01242261,-0.07912937,0.7309766,0.07447088,-1.34196,7.624497,-0.5446596,-9.359164,0.8940212,0.9286419,-1.291554,-3.168791,-1.574931,2.97493,0.8899667,0.5021065,-1.313499,0.0656106,-0.005864456,0,0.886453,0.07460675,-1.336027,3.225676,-1.008863,-6.318045,0.7389019,1.409742,-1.30572,-15.2451,-0.4198149,1.377146,0.6098295,1.40835,-1.338096,-21.32877,25.67134,-63.52443,0.5618739,1.154809,-1.340868,10.84076,-6.861418E-05,-0.3146578,0.8780779,1.410989,-1.308562,-16.20885,0.280009,0.3140353,1.005063,1.413565,-1.348287,-8.699513,16.49017,-61.98567,1.04958,1.159603,-1.3377,6.930445,-0.0001016002,-6.736039,0.5510923,0.8724707,-1.310666,8.20102,-0.2537008,0,1.074151,0.8787811,-1.301942,5.624412,0.4267061,0,0.5746908,0.8529296,-1.294426,44.11213,-11.94562,108.1325,0.5991641,0.8265166,-1.310667,27.21755,31.48263,-15.03463,0.6015664,0.7968241,-1.314061,15.31627,-5.418281E-06,0,0.5657259,0.8468005,-1.301708,0,-14.88063,1.249918,0.5796828,0.794346,-1.293192,72.47967,17.00238,-23.63673,0.5978155,0.7790628,-1.332221,44.33599,3.675067E-05,0,0.6118883,0.7905058,-1.353679,29.64029,2.529181E-05,0,0.5574847,0.8451608,-1.308219,0,-9.708137E-07,0,0.5603661,0.7917212,-1.3084,80.27561,9.587561,-15.97255,0.5826753,0.7852411,-1.349123,51.38528,6.046844E-06,0,0.5988775,0.8056937,-1.36572,34.3866,-8.188782E-07,0,0.5489015,0.8449649,-1.314933,3.069245,14.87365,-2.900701,0.5428489,0.7951378,-1.325295,79.66038,2.824827,-0.839068,0.5682803,0.7913452,-1.360744,50.03146,7.882411E-06,0,0.5841034,0.8107059,-1.373875,33.47395,-7.522036E-07,0,0.5413887,0.8471278,-1.320703,7.703165,29.67835,-7.04378,0.528345,0.8050566,-1.339911,59.66103,-2.855538,2.081307,0.5457502,0.7920145,-1.367886,24.55588,2.618641E-05,0,0.5608739,0.7922256,-1.384236,16.38457,5.951615E-06,0,1.056116,0.859033,-1.279869,37.15312,-16.38752,89.25077,1.031801,0.8281633,-1.283898,24.29498,34.26796,-14.26111,1.033373,0.7982902,-1.285912,13.25925,-3.853067E-06,0,1.06365,0.8529603,-1.288662,0,-14.88066,1.249918,1.055546,0.8004609,-1.274628,59.68933,19.29829,-12.23823,1.033543,0.7732473,-1.30397,55.10456,1.586638E-05,0,1.015922,0.7820998,-1.323984,36.89679,9.005479E-06,0,1.070344,0.8513696,-1.296766,0,1.742762E-07,0,1.071163,0.7979502,-1.293631,75.69894,8.779064,-14.50261,1.041073,0.7840751,-1.3268,77.63528,1.03006E-05,0,1.025205,0.8099759,-1.332599,52.21422,7.154467E-06,0,1.077226,0.8512235,-1.305215,3.069245,14.87367,-2.900768,1.084244,0.8012511,-1.314173,78.15247,-0.9838613,-1.241908,1.050553,0.7920361,-1.340589,79.76176,6.119597E-06,0,1.038037,0.817326,-1.34177,53.67158,6.978278E-06,0,1.083114,0.8534287,-1.312624,7.703165,29.6784,-7.04378,1.094449,0.8110086,-1.332146,69.57404,-5.044131,-10.85406,1.068136,0.7996011,-1.352957,35.53795,7.170175E-06,0,1.047104,0.8033307,-1.35927,23.73451,4.433206E-07,0,end
4933,0.8141215,0.927305,-1.291156,0.254109,0.9552066,-0.563365,0.8096216,1.287886,-1.328084,-1.146883,0.5201457,0.9747815,0.8071342,1.596493,-1.315805,6.44625,-0.1316028,-3.274109,0.7340518,0.9259666,-1.291938,0.5521386,1.034005,-1.573088,0.7334241,0.4988896,-1.286004,8.305413,0.01098445,-0.07401875,0.7310212,0.07445768,-1.34193,7.448901,-0.567165,-9.409097,0.8941912,0.9286435,-1.290375,-3.266027,-1.539677,3.230224,0.8900625,0.5021403,-1.31292,0.0656106,-0.004852705,0,0.8864817,0.07467332,-1.336053,3.322662,-0.9940134,-6.303038,0.7392349,1.409809,-1.305527,-15.2682,-0.4315902,1.284204,0.610294,1.408294,-1.338418,-20.63772,25.01754,-63.11266,0.5630786,1.154615,-1.341315,11.10043,-9.601027E-05,-1.976056,0.8784196,1.411119,-1.30787,-16.20751,0.3087963,0.3460502,1.005545,1.413777,-1.347138,-8.46877,16.0694,-61.66022,1.049589,1.159728,-1.336656,6.885868,-0.0001252936,-7.128932,0.5537078,0.8723564,-1.309921,6.99667,-0.433814,0.02797646,1.073857,0.878854,-1.301106,5.446761,0.3116147,0,0.5765725,0.8531886,-1.292249,43.95543,-11.90712,111.5179,0.601588,0.8262921,-1.306781,29.89366,28.7743,-15.46804,0.603743,0.7965578,-1.309969,17.28519,-4.563575E-06,0,0.5679068,0.846895,-1.299749,0,-14.88064,1.249918,0.5813973,0.794647,-1.289408,72.36375,16.96193,-23.61895,0.6011429,0.7783431,-1.327223,38.57968,-2.272658E-05,0,0.6162776,0.7866023,-1.349407,25.77429,-1.701334E-05,0,0.5599408,0.8451071,-1.306558,0,-2.107553E-06,0,0.5627255,0.791676,-1.30534,79.59664,9.779888,-16.53796,0.5865295,0.7836577,-1.344928,44.92207,-8.571409E-06,0,0.6043621,0.8006907,-1.363587,30.03438,-4.403095E-06,0,0.5516442,0.8447582,-1.313616,3.069245,14.87365,-2.900768,0.5459335,0.7947026,-1.323028,78.73772,2.853457,-1.062936,0.5726278,0.7893599,-1.357329,42.87557,-1.067903E-05,0,0.5901693,0.8053857,-1.372597,28.65869,-1.177975E-05,0,0.5443822,0.846789,-1.319744,7.703165,29.67837,-7.04378,0.5320696,0.8042815,-1.338468,58.85818,-3.296462,2.731583,0.5504767,0.7900373,-1.365187,20.3428,-9.965499E-06,0,0.5656707,0.7880371,-1.38135,13.56978,-1.40396E-05,0,1.056008,0.859206,-1.278793,37.2544,-16.29777,89.22823,1.031609,0.8283708,-1.28257,24.22244,34.28094,-14.21948,1.033099,0.7984901,-1.284532,13.21832,-1.394787E-06,0,1.063453,0.8530931,-1.287634,0,-14.88066,1.249918,1.055423,0.8006538,-1.273336,59.69858,19.28087,-12.15359,1.033102,0.773367,-1.302368,55.21865,-7.062345E-06,0,1.015336,0.7822285,-1.32225,36.97384,-6.764787E-06,0,1.070068,0.8514657,-1.295795,0,1.782542E-07,0,1.070858,0.798057,-1.292475,75.7527,8.764014,-14.57886,1.040424,0.7841387,-1.325311,77.57256,3.041122E-06,0,1.024505,0.8100258,-1.331031,52.17126,1.294733E-05,0,1.076871,0.8512814,-1.304308,3.069245,14.87367,-2.900701,1.083748,0.8012691,-1.313152,78.22472,-1.007332,-1.288767,1.049775,0.7920466,-1.339199,79.98986,3.742383E-07,0,1.037367,0.817396,-1.340244,53.82808,4.545438E-06,0,1.082691,0.8534532,-1.311779,7.703114,29.67841,-7.043752,1.093795,0.8109504,-1.331254,69.76589,-5.110242,-10.91428,1.067197,0.7995796,-1.351721,34.63697,1.903369E-05,0,1.046115,0.8030793,-1.357996,23.13069,1.441627E-05,0,end
4967,0.8141116,0.9273605,-1.290341,0.2639296,0.8939901,-0.8755867,0.810037,1.287942,-1.327427,-1.100385,0.524422,0.6682253,0.8072918,1.596552,-1.315343,6.494647,0.1463684,-5.504631,0.7340459,0.9261055,-1.291559,0.3995845,0.9746218,-1.848539,0.7334002,0.4990147,-1.286721,8.058638,0.009818963,-0.07132626,0.7310545,0.07448605,-1.34191,7.331388,-0.5881469,-9.376746,0.8941773,0.9286156,-1.289122,-3.378291,-1.498007,3.478684,0.8900488,0.5021561,-1.312483,0,-0.0041709,0,0.8864908,0.07471377,-1.336068,3.394826,-0.978667,-6.357952,0.7395345,1.409884,-1.30534,-15.29104,-0.442771,1.205285,0.6107854,1.408322,-1.338971,-19.87637,24.35089,-62.81589,0.5643291,1.154502,-1.341685,11.28455,-8.329076E-05,-2.0112,0.8787298,1.411189,-1.306938,-16.20913,0.358035,0.4210443,1.006061,1.413927,-1.345528,-8.28207,15.70879,-61.30433,1.04977,1.159822,-1.335025,6.9045,-0.0001487228,-7.393323,0.5560746,0.8723575,-1.308976,5.735418,-0.8739231,0.03956468,1.073633,0.8789276,-1.299356,5.232106,0.173106,0,0.5786339,0.8536013,-1.29049,43.93974,-11.54717,111.7969,0.6035914,0.8261908,-1.304133,30.54795,28.36374,-15.66202,0.6053657,0.796378,-1.306775,17.72898,-2.155444E-06,0,0.5700496,0.8471351,-1.297936,0,-14.88065,1.249918,0.5832244,0.7951426,-1.28602,69.79631,17.31151,-22.34164,0.6032119,0.7759724,-1.322334,33.81773,-0.0001096055,0,0.6187252,0.7801872,-1.345377,22.58178,-8.039024E-05,0,0.5621705,0.8451895,-1.304802,0,-3.777146E-06,0,0.5647602,0.791802,-1.302121,75.30891,10.21473,-15.73159,0.5884369,0.7792869,-1.340603,40.45323,1.758677E-05,0,0.6072876,0.7917346,-1.361721,27.0317,9.995432E-06,0,0.5539691,0.8446765,-1.311962,3.069309,14.87366,-2.900701,0.5482193,0.7944044,-1.32011,74.08772,2.523652,-0.8586619,0.5745816,0.7846009,-1.353675,37.99641,3.269539E-05,0,0.5933433,0.7961457,-1.371349,25.38298,1.703776E-05,0,0.5467976,0.8465643,-1.31824,7.703191,29.67838,-7.043725,0.5345978,0.8036079,-1.335988,55.15841,-4.409343,2.920608,0.5523401,0.7865119,-1.361455,18.64771,-1.587409E-05,0,0.5671333,0.7819971,-1.377482,12.43792,-1.776229E-05,0,1.055897,0.859408,-1.276842,37.3828,-16.2118,89.0784,1.031429,0.8286039,-1.280416,24.07638,34.43164,-14.17887,1.032878,0.7987133,-1.282253,13.11557,-2.070953E-06,0,1.063287,0.8532442,-1.285693,0,-14.88066,1.250075,1.055301,0.8008851,-1.27108,59.73409,19.26004,-12.06787,1.032773,0.7734894,-1.299849,55.21021,1.049569E-05,0,1.01493,0.7822777,-1.319694,36.96813,7.418018E-06,0,1.069854,0.8515698,-1.293883,0,9.488226E-08,0,1.070624,0.7981782,-1.290294,75.80573,8.750842,-14.6011,1.039976,0.7841554,-1.322885,77.48468,4.126641E-06,0,1.024028,0.810014,-1.328654,52.11108,1.513514E-05,0,1.076608,0.8513366,-1.302434,3.069245,14.87367,-2.900701,1.083398,0.8012744,-1.31106,78.32706,-1.004495,-1.338376,1.049248,0.792019,-1.336863,80.04911,1.320477E-06,0,1.036896,0.8173962,-1.337901,53.86872,-1.552604E-06,0,1.082387,0.8534656,-1.30995,7.703139,29.6784,-7.043752,1.093349,0.8108549,-1.329269,70.0417,-5.15979,-10.99607,1.066527,0.7995288,-1.349468,33.46784,-7.658289E-06,0,1.045423,0.8027239,-1.355832,22.34739,5.309534E-06,0,end
5000,0.8140407,0.9273916,-1.289579,0.2719625,0.8382891,-1.270724,0.810488,1.287976,-1.326759,-1.073925,0.5060484,0.2398483,0.8074596,1.596588,-1.314819,6.476476,0.5676239,-7.867439,0.7339842,0.9262118,-1.29135,0.3032579,0.9239126,-2.090877,0.7332975,0.4991137,-1.287215,7.895706,0.009111183,-0.0656106,0.7310917,0.07451913,-1.341901,7.251957,-0.5969655,-9.236185,0.8940971,0.9285715,-1.287809,-3.465037,-1.463293,3.733342,0.8900015,0.5021482,-1.311826,0,-0.003846538,0,0.8864793,0.07474235,-1.336069,3.484757,-0.9797652,-6.482529,0.7398795,1.409958,-1.305246,-15.29946,-0.4435712,1.145347,0.6113888,1.408441,-1.339854,-19.44727,24.01735,-62.85587,0.5654282,1.154528,-1.342342,11.27519,-7.956731E-05,-1.410421,0.8790834,1.411198,-1.305809,-16.21409,0.391313,0.5200178,1.006695,1.413941,-1.343459,-8.001455,15.30447,-60.65073,1.050117,1.159792,-1.332794,6.942802,-0.0001259932,-7.2065,0.5574072,0.8724429,-1.309073,4.583129,-1.525572,0.05934703,1.073632,0.8789227,-1.296705,5.155903,-0.02822248,0,0.579926,0.8540527,-1.290174,43.8448,-11.07685,111.2425,0.6045071,0.8260964,-1.303386,30.7093,28.26841,-15.71175,0.6058218,0.796226,-1.305614,17.83764,-1.327613E-06,0,0.5713006,0.8474413,-1.297443,0,-14.88062,1.250075,0.5842858,0.7957027,-1.284279,64.98991,18.22164,-20.67064,0.6033649,0.7722981,-1.318541,31.23075,2.136488E-06,0,0.6188363,0.7723635,-1.341995,20.84932,7.930461E-06,0,0.5634,0.8453605,-1.304245,0,1.079794E-06,0,0.5657762,0.7920446,-1.300258,68.48391,10.83859,-13.96774,0.5880004,0.773331,-1.337055,38.74234,1.141321E-05,0,0.6071844,0.7809577,-1.360078,25.88343,1.37302E-05,0,0.5551825,0.844706,-1.311374,3.069309,14.87364,-2.900701,0.5492107,0.7942733,-1.318275,67.1934,2.091714,-0.4325065,0.5739278,0.7785621,-1.350832,36.26872,1.869898E-05,0,0.5931358,0.7856358,-1.370291,24.22438,2.034666E-05,0,0.5480063,0.8464689,-1.317683,7.703139,29.67833,-7.043725,0.5355955,0.8031409,-1.334348,49.17853,-5.858824,2.519948,0.5513567,0.7822648,-1.358252,19.88174,-2.899054E-05,0,0.565555,0.775481,-1.374016,13.26189,-2.184593E-05,0,1.055866,0.8595639,-1.274076,37.49707,-16.13581,88.90556,1.031295,0.8288311,-1.277556,23.89615,34.57892,-14.1146,1.032653,0.7989278,-1.27925,12.99537,-1.066575E-05,0,1.063234,0.8533361,-1.282902,0,-14.88068,1.250075,1.055129,0.8010733,-1.268011,59.78096,19.24106,-11.95231,1.032488,0.7736152,-1.296632,55.11415,-4.952996E-06,0,1.014685,0.7823255,-1.316546,36.90326,-2.276194E-06,0,1.06979,0.851603,-1.291088,0,-1.162134E-06,0,1.07043,0.798229,-1.287223,75.856,8.739477,-14.58822,1.039705,0.7841533,-1.31972,77.33093,2.289918E-06,0,1.023793,0.8099966,-1.325654,52.00584,-3.118168E-06,0,1.076536,0.8513088,-1.299643,3.069309,14.87369,-2.900633,1.083195,0.8011859,-1.308015,78.43972,-1.015883,-1.350167,1.04897,0.7919632,-1.333732,79.94284,-4.605266E-07,0,1.03668,0.8173649,-1.334884,53.79583,6.229237E-06,0,1.082314,0.8533846,-1.307174,7.703165,29.67845,-7.04378,1.093154,0.8106474,-1.326282,70.2309,-5.189451,-11.04885,1.066222,0.7993746,-1.346363,32.40375,1.36414E-05,0,1.04514,0.8023103,-1.35292,21.63471,1.134071E-05,0,end
5033,0.8139722,0.927443,-1.288736,0.2818553,0.7599829,-1.79733,0.8111525,1.288028,-1.325939,-1.075564,0.4727114,-0.3090104,0.8078057,1.596638,-1.314023,6.416646,1.097359,-10.30586,0.7339339,0.9263689,-1.291243,0.1532334,0.8593456,-2.364634,0.7331604,0.4992618,-1.288195,7.61605,0.008323677,-0.06255726,0.7311513,0.07454047,-1.341895,7.111989,-0.5972214,-9.006887,0.8940105,0.928517,-1.28623,-3.568151,-1.417622,4.041039,0.8899357,0.502138,-1.311024,0,-0.003220455,0,0.8864397,0.07477674,-1.336045,3.577795,-1.005336,-6.678525,0.7404339,1.410062,-1.305089,-15.29502,-0.4377975,1.108358,0.6122767,1.408661,-1.340917,-19.22426,23.86893,-62.87908,0.5663654,1.15474,-1.343564,11.20212,-7.368438E-05,-0.2668786,0.8796377,1.411197,-1.304317,-16.22853,0.420513,0.635814,1.007596,1.413914,-1.340774,-8.314865,15.53517,-60.93916,1.051081,1.159796,-1.329635,7.07249,-0.000108696,-7.767459,0.5577775,0.8726712,-1.310295,3.640187,-2.259486,0.07132626,1.073848,0.878944,-1.292939,5.203641,-0.2445278,0,0.5804062,0.8545746,-1.291245,43.75117,-10.51155,109.9303,0.6044548,0.8261147,-1.304362,30.83366,27.95717,-15.63379,0.6051856,0.7962298,-1.306662,17.96451,4.791048E-06,0,0.5716816,0.8478531,-1.298292,0,-14.88062,1.250075,0.584582,0.7963393,-1.284196,59.60534,19.37165,-19.2193,0.6020346,0.7687269,-1.316112,29.87626,-9.201692E-05,0,0.6171218,0.7650297,-1.339524,19.94272,-6.36477E-05,0,0.5637054,0.8456677,-1.304971,0,5.379648E-07,0,0.5658997,0.7924349,-1.299913,61.82572,11.47966,-12.35044,0.5859699,0.7681531,-1.334636,37.97002,-3.489791E-06,0,0.6049355,0.7713808,-1.358847,25.36528,-5.263639E-06,0,0.5554149,0.8449029,-1.312004,3.069245,14.87364,-2.900701,0.5491655,0.7943658,-1.317808,60.45051,1.787072,-0.3566318,0.5715507,0.7732866,-1.34899,35.53016,2.303229E-05,0,0.5906429,0.776279,-1.369585,23.72927,1.065432E-05,0,0.5481838,0.8465672,-1.318277,7.703165,29.67834,-7.043725,0.5354283,0.8029611,-1.333925,42.78956,-7.1784,1.667418,0.5486374,0.7785852,-1.355993,22.09286,-4.805531E-05,0,0.5621265,0.7698607,-1.371421,14.73874,-3.458669E-05,0,1.055858,0.8597682,-1.270331,37.60599,-16.06169,88.71701,1.031133,0.8291693,-1.273904,23.70341,34.777,-14.05896,1.032356,0.7992526,-1.275459,12.86052,-2.025429E-06,0,1.063244,0.8534671,-1.279088,0,-14.88066,1.250075,1.054795,0.8013077,-1.264027,59.83567,19.21402,-11.79829,1.032153,0.7738776,-1.292673,54.94799,1.326798E-05,0,1.014547,0.7825443,-1.312781,36.79102,1.437719E-05,0,1.069838,0.8516674,-1.28723,0,-4.895432E-07,0,1.070191,0.7983075,-1.28314,75.8912,8.730711,-14.5416,1.03957,0.7842754,-1.315753,77.1423,-2.867816E-06,0,1.023794,0.8101373,-1.32196,51.8767,6.38944E-07,0,1.076631,0.8513041,-1.295745,3.069309,14.87368,-2.900701,1.083088,0.8011143,-1.303871,78.5297,-1.044204,-1.348136,1.048933,0.792015,-1.329723,79.75897,-1.517354E-07,0,1.036741,0.8174546,-1.331076,53.66969,2.370747E-06,0,1.082462,0.8533198,-1.303251,7.703139,29.67841,-7.043752,1.093197,0.81045,-1.322119,70.62904,-5.244037,-11.17586,1.06619,0.7994207,-1.342233,30.41099,2.362159E-05,0,1.045204,0.8019197,-1.349266,20.30059,9.448528E-06,0,end
5067,0.81387,0.9275334,-1.287905,0.3039024,0.6618221,-2.446326,0.8119591,1.288111,-1.325063,-1.116625,0.4315459,-0.9771874,0.8082424,1.596708,-1.312972,6.342359,1.711799,-12.7569,0.7338635,0.9265912,-1.291318,-0.07132626,0.7825922,-2.675251,0.7329925,0.4994759,-1.289859,7.176136,0.00732685,-0.06852804,0.7312381,0.07454491,-1.341883,6.880596,-0.5937126,-8.704638,0.8938764,0.9284757,-1.284491,-3.659232,-1.359114,4.38079,0.8898407,0.5021321,-1.309891,0.07912937,-0.002384325,0,0.8863748,0.0748347,-1.335985,3.692895,-1.054649,-6.954433,0.7411168,1.410195,-1.304939,-15.2924,-0.4720772,1.103226,0.6133838,1.408864,-1.342253,-18.96254,23.70097,-62.50668,0.5670969,1.155018,-1.345523,11.235,-0.0001016612,0.614212,0.8803032,1.411197,-1.302545,-16.22668,0.434815,0.7659171,1.008681,1.413856,-1.337501,-8.371258,15.56587,-60.8493,1.052112,1.159757,-1.32574,7.222924,-9.791063E-05,-7.561071,0.5575477,0.8730022,-1.312073,2.83628,-2.870185,0.06852804,1.074027,0.8789611,-1.288105,5.325757,-0.4864675,0.01978234,0.5800442,0.855166,-1.292624,43.56238,-9.462477,109.8354,0.6034769,0.8261232,-1.305577,31.02451,26.876,-15.21041,0.6036887,0.7962481,-1.3081,18.266,-2.825526E-06,0,0.5713133,0.848352,-1.299574,0,-14.88062,1.249918,0.5839586,0.7970531,-1.284497,54.71627,20.30788,-17.27645,0.6001562,0.7659498,-1.313752,29.00121,2.160181E-05,0,0.6149101,0.7590997,-1.336661,19.35719,1.121036E-05,0,0.5633482,0.8460769,-1.306236,0,-9.274362E-07,0,0.5653079,0.7929373,-1.300197,56.22765,12.02568,-10.74329,0.5836375,0.7642751,-1.332456,37.64217,1.113402E-05,0.01978234,0.6023811,0.7638866,-1.357049,25.1454,1.642894E-05,0,0.5550758,0.845217,-1.313279,3.069245,14.87364,-2.900701,0.5486357,0.7946079,-1.318176,54.38528,1.549866,-0.2907402,0.5689614,0.7690264,-1.347334,35.81308,9.347304E-06,0,0.5879335,0.7687386,-1.368253,23.91894,1.178464E-05,0,0.5478706,0.8467955,-1.319605,7.703165,29.67834,-7.043725,0.5349827,0.802962,-1.334491,37.07643,-8.061579,0.8494976,0.5459388,0.7758524,-1.354508,24.79577,-6.790664E-06,0,0.5590086,0.765723,-1.36943,16.5449,-4.833999E-06,0,1.055603,0.859978,-1.265685,37.70735,-15.98772,88.57852,1.030749,0.8295222,-1.269575,23.55436,35.02558,-14.04731,1.03187,0.799593,-1.270958,12.74103,-3.690831E-06,0,1.063082,0.8536003,-1.274307,0,-14.88066,1.249918,1.054128,0.801551,-1.259158,59.96397,19.18794,-11.65053,1.031718,0.7742028,-1.288064,54.45482,4.526994E-05,0,1.014485,0.7827109,-1.308559,36.45795,2.824578E-05,0,1.069785,0.8517308,-1.282344,0,2.199946E-07,0,1.069786,0.7983874,-1.27803,75.96165,8.690809,-14.44147,1.039536,0.7844394,-1.311023,76.69773,5.563096E-06,0,1.023923,0.8102732,-1.31774,51.57243,-3.428324E-06,0,1.0767,0.851295,-1.290756,3.069181,14.87367,-2.900701,1.083001,0.8010373,-1.29858,78.63145,-1.091688,-1.294827,1.049137,0.7920821,-1.324863,79.29933,7.24478E-06,0,1.036994,0.8175198,-1.326621,53.3545,-1.119528E-05,0,1.082652,0.8532475,-1.298185,7.703139,29.6784,-7.043725,1.093428,0.8102415,-1.316716,70.73729,-5.295682,-11.1444,1.066612,0.7993177,-1.337142,28.41814,1.262152E-05,0,1.045831,0.8013055,-1.344906,18.96712,1.322869E-05,0,end
5100,0.8137352,0.9275745,-1.28707,0.329838,0.5881618,-3.009148,0.8125696,1.288138,-1.324174,-1.166675,0.3961831,-1.573958,0.8085025,1.596718,-1.311863,6.270979,2.266374,-14.70923,0.7337651,0.9267293,-1.291269,-0.235734,0.7272937,-2.909662,0.7328275,0.4996119,-1.290843,6.903108,0.006793471,-0.07401875,0.7313122,0.07455954,-1.341874,6.742703,-0.5856354,-8.41424,0.8937054,0.9284196,-1.28287,-3.810999,-1.324987,4.639077,0.8897065,0.5021366,-1.309275,0,-0.001816022,0,0.8862987,0.07487193,-1.335905,3.732661,-1.105408,-7.222164,0.7416218,1.410262,-1.304672,-15.29951,-0.4675265,1.115047,0.6142875,1.409083,-1.34333,-18.55442,23.38291,-62.0105,0.5675857,1.155322,-1.347214,11.32693,-7.221428E-05,1.161464,0.8807766,1.411146,-1.30083,-16.21754,0.4508592,0.8769265,1.009518,1.413768,-1.334425,-8.391829,15.57764,-60.81274,1.05285,1.159681,-1.322067,7.344169,-0.0001197774,-6.946192,0.5571782,0.8733884,-1.313326,2.115073,-3.299721,0.06255726,1.073969,0.8789328,-1.283631,5.440352,-0.825812,0.03956468,0.5793949,0.8557749,-1.29336,43.51417,-7.976706,109.3834,0.6021246,0.8261729,-1.3063,30.11019,26.66739,-14.58887,0.6020634,0.7962964,-1.308814,17.77434,2.228857E-06,0,0.5707046,0.8488863,-1.300286,0,-14.88065,1.249762,0.5829645,0.7977862,-1.284247,50.68827,20.88436,-15.51251,0.598263,0.764019,-1.310919,29.66707,-1.422826E-06,0,0.6129748,0.7552626,-1.333197,19.80274,-1.045752E-05,0,0.5627976,0.8465372,-1.306992,0,-4.530661E-06,0,0.5644563,0.7934954,-1.300069,51.88245,12.27926,-9.283895,0.5815521,0.761606,-1.329883,38.31774,1.58489E-05,0,0.6002517,0.7588419,-1.354357,25.59855,1.105901E-05,0,0.5545936,0.8455983,-1.314105,3.069245,14.87366,-2.900701,0.5479757,0.7949443,-1.318242,49.81511,1.244704,-0.09278741,0.5668096,0.7661087,-1.345289,36.82799,3.685518E-05,0,0.5857848,0.7636562,-1.366063,24.59937,1.863848E-05,0,0.5474603,0.8471044,-1.320529,7.703139,29.67838,-7.043725,0.5345273,0.8030899,-1.33483,32.69067,-8.689777,0.08846933,0.5437739,0.7740765,-1.352951,27.25382,2.974429E-05,0,0.5566846,0.7629763,-1.36731,18.18833,2.222186E-05,0,1.054964,0.8601493,-1.26153,37.75725,-15.9231,88.65056,1.03004,0.829813,-1.265876,23.62641,35.12377,-14.12669,1.031085,0.7998741,-1.267098,12.76327,-1.342948E-05,0,1.062593,0.8536931,-1.26996,0,-14.88067,1.249918,1.053036,0.8017613,-1.254776,60.32009,19.12953,-11.60196,1.031011,0.7746179,-1.284166,53.08176,2.185931E-06,0,1.014243,0.7826412,-1.305235,35.53104,9.463957E-07,0,1.069458,0.8517517,-1.277841,0,-2.868198E-07,0,1.06908,0.7984293,-1.27329,76.26959,8.551075,-14.27775,1.039346,0.7847308,-1.306851,75.17002,9.440064E-06,0,1.023749,0.8103058,-1.314529,50.52752,-4.225785E-06,0,1.076551,0.8512412,-1.2861,3.069309,14.87368,-2.900701,1.08275,0.800916,-1.293562,78.89397,-1.187609,-1.185642,1.049316,0.7921983,-1.320468,77.88823,5.707654E-06,0,1.036984,0.8174812,-1.322979,52.38747,-1.274055E-06,0,1.082672,0.8531285,-1.293407,7.703165,29.67841,-7.043752,1.093615,0.8099822,-1.311509,70.44047,-5.450986,-11.25241,1.067234,0.7989101,-1.332415,26.62453,4.363072E-05,0,1.046732,0.8002695,-1.341013,17.7675,2.360986E-05,0,end
