Timestamp,Pelvis_position_x,Pelvis_position_y,Pelvis_position_z,Pelvis_extension,Pelvis_lateral_flexion_rotation,Pelvis_axial_rotation,Chest_position_x,Chest_position_y,Chest_position_z,Thorax_extension,Thorax_lateral_flexion_rotation,Thorax_axial_rotation,Head_position_x,Head_position_y,Head_position_z,Neck_flexion,Neck_left-ward_tilt,Neck_right-ward_rotation,LeftUpperLeg_position_x,LeftUpperLeg_position_y,LeftUpperLeg_position_z,LeftHip_flexion,LeftHip_adduction,LeftHip_external_rotation,LeftLowerLeg_position_x,LeftLowerLeg_position_y,LeftLowerLeg_position_z,LeftKnee_flexion,LeftKnee_adduction,LeftKnee_external_rotation,LeftFoot_position_x,LeftFoot_position_y,LeftFoot_position_z,LeftAnkle_dorsiflexion,LeftAnkle_inversion,LeftAnkle_internal_rotation,RightUpperLeg_position_x,RightUpperLeg_position_y,RightUpperLeg_position_z,RightHip_flexion,RightHip_adduction,RightHip_external_rotation,RightLowerLeg_position_x,RightLowerLeg_position_y,RightLowerLeg_position_z,RightKnee_flexion,RightKnee_adduction,RightKnee_external_rotation,RightFoot_position_x,RightFoot_position_y,RightFoot_position_z,RightAnkle_dorsiflexion,RightAnkle_inversion,RightAnkle_internal_rotation,LeftShoulder_position_x,LeftShoulder_position_y,LeftShoulder_position_z,LeftScapula_protraction,LeftScapula_medial_rotation,LeftScapula_posterior_tilt,LeftUpperArm_position_x,LeftUpperArm_position_y,LeftUpperArm_position_z,LeftShoulder_flexion,LeftShoulder_abduction,LeftShoulder_external_rotation,LeftForeArm_position_x,LeftForeArm_position_y,LeftForeArm_position_z,LeftElbow_flexion,LeftElbow_abduction,LeftElbow_pronation,RightShoulder_position_x,RightShoulder_position_y,RightShoulder_position_z,RightScapula_protraction,RightScapula_medial_rotation,RightScapula_posterior_tilt,RightUpperArm_position_x,RightUpperArm_position_y,RightUpperArm_position_z,RightShoulder_flexion,RightShoulder_abduction,RightShoulder_external_rotation,RightForeArm_position_x,RightForeArm_position_y,RightForeArm_position_z,RightElbow_flexion,RightElbow_abduction,RightElbow_pronation,LeftHand_position_x,LeftHand_position_y,LeftHand_position_z,LeftWrist_flexion,LeftWrist_adduction,LeftWrist_pronation,RightHand_position_x,RightHand_position_y,RightHand_position_z,RightWrist_flexion,RightWrist_adduction,RightWrist_pronation,LeftDigit1MetaCarpal_position_x,LeftDigit1MetaCarpal_position_y,LeftDigit1MetaCarpal_position_z,LeftDigit1Carpometacarpal_flexion,LeftDigit1Carpometacarpal_ulnarDeviation,LeftDigit1Carpometacarpal_pronation,LeftDigit1ProximalPhalangx_position_x,LeftDigit1ProximalPhalangx_position_y,LeftDigit1ProximalPhalangx_position_z,LeftDigit1Metacarpophalangeal_flexion,LeftDigit1Metacarpophalangeal_ulnarDeviation,LeftDigit1Metacarpophalangeal_pronation,LeftDigit1DistalPhalanx_position_x,LeftDigit1DistalPhalanx_position_y,LeftDigit1DistalPhalanx_position_z,LeftDigit1Interphalangeal_flexion,LeftDigit1Interphalangeal_ulnarDeviation,LeftDigit1Interphalangeal_pronation,LeftDigit2MetaCarpal_position_x,LeftDigit2MetaCarpal_position_y,LeftDigit2MetaCarpal_position_z,LeftDigit2Carpometacarpal_flexion,LeftDigit2Carpometacarpal_ulnarDeviation,LeftDigit2Carpometacarpal_pronation,LeftDigit2ProximalPhalangx_position_x,LeftDigit2ProximalPhalangx_position_y,LeftDigit2ProximalPhalangx_position_z,LeftDigit2Metacarpophalangeal_flexion,LeftDigit2Metacarpophalangeal_ulnarDeviation,LeftDigit2Metacarpophalangeal_pronation,LeftDigit2IntermediatePhalanx_position_x,LeftDigit2IntermediatePhalanx_position_y,LeftDigit2IntermediatePhalanx_position_z,LeftDigit2ProximalInterphalangeal_flexion,LeftDigit2ProximalInterphalangeal_ulnarDeviation,LeftDigit2ProximalInterphalangeal_pronation,LeftDigit2DistalPhalanx_position_x,LeftDigit2DistalPhalanx_position_y,LeftDigit2DistalPhalanx_position_z,LeftDigit2DistalInterphalangeal_flexion,LeftDigit2DistalInterphalangeal_ulnarDeviation,LeftDigit2DistalInterphalangeal_pronation,LeftDigit3MetaCarpal_position_x,LeftDigit3MetaCarpal_position_y,LeftDigit3MetaCarpal_position_z,LeftDigit3Carpometacarpal_flexion,LeftDigit3Carpometacarpal_ulnarDeviation,LeftDigit3Carpometacarpal_pronation,LeftDigit3ProximalPhalangx_position_x,LeftDigit3ProximalPhalangx_position_y,LeftDigit3ProximalPhalangx_position_z,LeftDigit3Metacarpophalangeal_flexion,LeftDigit3Metacarpophalangeal_ulnarDeviation,LeftDigit3Metacarpophalangeal_pronation,LeftDigit3IntermediatePhalanx_position_x,LeftDigit3IntermediatePhalanx_position_y,LeftDigit3IntermediatePhalanx_position_z,LeftDigit3ProximalInterphalangeal_flexion,LeftDigit3ProximalInterphalangeal_ulnarDeviation,LeftDigit3ProximalInterphalangeal_pronation,LeftDigit3DistalPhalanx_position_x,LeftDigit3DistalPhalanx_position_y,LeftDigit3DistalPhalanx_position_z,LeftDigit3DistalInterphalangeal_flexion,LeftDigit3DistalInterphalangeal_ulnarDeviation,LeftDigit3DistalInterphalangeal_pronation,LeftDigit4MetaCarpal_position_x,LeftDigit4MetaCarpal_position_y,LeftDigit4MetaCarpal_position_z,LeftDigit4Carpometacarpal_flexion,LeftDigit4Carpometacarpal_ulnarDeviation,LeftDigit4Carpometacarpal_pronation,LeftDigit4ProximalPhalangx_position_x,LeftDigit4ProximalPhalangx_position_y,LeftDigit4ProximalPhalangx_position_z,LeftDigit4Metacarpophalangeal_flexion,LeftDigit4Metacarpophalangeal_ulnarDeviation,LeftDigit4Metacarpophalangeal_pronation,LeftDigit4IntermediatePhalanx_position_x,LeftDigit4IntermediatePhalanx_position_y,LeftDigit4IntermediatePhalanx_position_z,LeftDigit4ProximalInterphalangeal_flexion,LeftDigit4ProximalInterphalangeal_ulnarDeviation,LeftDigit4ProximalInterphalangeal_pronation,LeftDigit4DistalPhalanx_position_x,LeftDigit4DistalPhalanx_position_y,LeftDigit4DistalPhalanx_position_z,LeftDigit4DistalInterphalangeal_flexion,LeftDigit4DistalInterphalangeal_ulnarDeviation,LeftDigit4DistalInterphalangeal_pronation,LeftDigit5MetaCarpal_position_x,LeftDigit5MetaCarpal_position_y,LeftDigit5MetaCarpal_position_z,LeftDigit5Carpometacarpal_flexion,LeftDigit5Carpometacarpal_ulnarDeviation,LeftDigit5Carpometacarpal_pronation,LeftDigit5ProximalPhalangx_position_x,LeftDigit5ProximalPhalangx_position_y,LeftDigit5ProximalPhalangx_position_z,LeftDigit5Metacarpophalangeal_flexion,LeftDigit5Metacarpophalangeal_ulnarDeviation,LeftDigit5Metacarpophalangeal_pronation,LeftDigit5IntermediatePhalanx_position_x,LeftDigit5IntermediatePhalanx_position_y,LeftDigit5IntermediatePhalanx_position_z,LeftDigit5ProximalInterphalangeal_flexion,LeftDigit5ProximalInterphalangeal_ulnarDeviation,LeftDigit5ProximalInterphalangeal_pronation,LeftDigit5DistalPhalanx_position_x,LeftDigit5DistalPhalanx_position_y,LeftDigit5DistalPhalanx_position_z,LeftDigit5DistalInterphalangeal_flexion,LeftDigit5DistalInterphalangeal_ulnarDeviation,LeftDigit5DistalInterphalangeal_pronation,RightDigit1MetaCarpal_position_x,RightDigit1MetaCarpal_position_y,RightDigit1MetaCarpal_position_z,RightDigit1Carpometacarpal_flexion,RightDigit1Carpometacarpal_ulnarDeviation,RightDigit1Carpometacarpal_pronation,RightDigit1ProximalPhalangx_position_x,RightDigit1ProximalPhalangx_position_y,RightDigit1ProximalPhalangx_position_z,RightDigit1Metacarpophalangeal_flexion,RightDigit1Metacarpophalangeal_ulnarDeviation,RightDigit1Metacarpophalangeal_pronation,RightDigit1DistalPhalanx_position_x,RightDigit1DistalPhalanx_position_y,RightDigit1DistalPhalanx_position_z,RightDigit1Interphalangeal_flexion,RightDigit1Interphalangeal_ulnarDeviation,RightDigit1Interphalangeal_pronation,RightDigit2MetaCarpal_position_x,RightDigit2MetaCarpal_position_y,RightDigit2MetaCarpal_position_z,RightDigit2Carpometacarpal_flexion,RightDigit2Carpometacarpal_ulnarDeviation,RightDigit2Carpometacarpal_pronation,RightDigit2ProximalPhalangx_position_x,RightDigit2ProximalPhalangx_position_y,RightDigit2ProximalPhalangx_position_z,RightDigit2Metacarpophalangeal_flexion,RightDigit2Metacarpophalangeal_ulnarDeviation,RightDigit2Metacarpophalangeal_pronation,RightDigit2IntermediatePhalanx_position_x,RightDigit2IntermediatePhalanx_position_y,RightDigit2IntermediatePhalanx_position_z,RightDigit2ProximalInterphalangeal_flexion,RightDigit2ProximalInterphalangeal_ulnarDeviation,RightDigit2ProximalInterphalangeal_pronation,RightDigit2DistalPhalanx_position_x,RightDigit2DistalPhalanx_position_y,RightDigit2DistalPhalanx_position_z,RightDigit2DistalInterphalangeal_flexion,RightDigit2DistalInterphalangeal_ulnarDeviation,RightDigit2DistalInterphalangeal_pronation,RightDigit3MetaCarpal_position_x,RightDigit3MetaCarpal_position_y,RightDigit3MetaCarpal_position_z,RightDigit3Carpometacarpal_flexion,RightDigit3Carpometacarpal_ulnarDeviation,RightDigit3Carpometacarpal_pronation,RightDigit3ProximalPhalangx_position_x,RightDigit3ProximalPhalangx_position_y,RightDigit3ProximalPhalangx_position_z,RightDigit3Metacarpophalangeal_flexion,RightDigit3Metacarpophalangeal_ulnarDeviation,RightDigit3Metacarpophalangeal_pronation,RightDigit3IntermediatePhalanx_position_x,RightDigit3IntermediatePhalanx_position_y,RightDigit3IntermediatePhalanx_position_z,RightDigit3ProximalInterphalangeal_flexion,RightDigit3ProximalInterphalangeal_ulnarDeviation,RightDigit3ProximalInterphalangeal_pronation,RightDigit3DistalPhalanx_position_x,RightDigit3DistalPhalanx_position_y,RightDigit3DistalPhalanx_position_z,RightDigit3DistalInterphalangeal_flexion,RightDigit3DistalInterphalangeal_ulnarDeviation,RightDigit3DistalInterphalangeal_pronation,RightDigit4MetaCarpal_position_x,RightDigit4MetaCarpal_position_y,RightDigit4MetaCarpal_position_z,RightDigit4Carpometacarpal_flexion,RightDigit4Carpometacarpal_ulnarDeviation,RightDigit4Carpometacarpal_pronation,RightDigit4ProximalPhalangx_position_x,RightDigit4ProximalPhalangx_position_y,RightDigit4ProximalPhalangx_position_z,RightDigit4Metacarpophalangeal_flexion,RightDigit4Metacarpophalangeal_ulnarDeviation,RightDigit4Metacarpophalangeal_pronation,RightDigit4IntermediatePhalanx_position_x,RightDigit4IntermediatePhalanx_position_y,RightDigit4IntermediatePhalanx_position_z,RightDigit4ProximalInterphalangeal_flexion,RightDigit4ProximalInterphalangeal_ulnarDeviation,RightDigit4ProximalInterphalangeal_pronation,RightDigit4DistalPhalanx_position_x,RightDigit4DistalPhalanx_position_y,RightDigit4DistalPhalanx_position_z,RightDigit4DistalInterphalangeal_flexion,RightDigit4DistalInterphalangeal_ulnarDeviation,RightDigit4DistalInterphalangeal_pronation,RightDigit5MetaCarpal_position_x,RightDigit5MetaCarpal_position_y,RightDigit5MetaCarpal_position_z,RightDigit5Carpometacarpal_flexion,RightDigit5Carpometacarpal_ulnarDeviation,RightDigit5Carpometacarpal_pronation,RightDigit5ProximalPhalangx_position_x,RightDigit5ProximalPhalangx_position_y,RightDigit5ProximalPhalangx_position_z,RightDigit5Metacarpophalangeal_flexion,RightDigit5Metacarpophalangeal_ulnarDeviation,RightDigit5Metacarpophalangeal_pronation,RightDigit5IntermediatePhalanx_position_x,RightDigit5IntermediatePhalanx_position_y,RightDigit5IntermediatePhalanx_position_z,RightDigit5ProximalInterphalangeal_flexion,RightDigit5ProximalInterphalangeal_ulnarDeviation,RightDigit5ProximalInterphalangeal_pronation,RightDigit5DistalPhalanx_position_x,RightDigit5DistalPhalanx_position_y,RightDigit5DistalPhalanx_position_z,RightDigit5DistalInterphalangeal_flexion,RightDigit5DistalInterphalangeal_ulnarDeviation,RightDigit5DistalInterphalangeal_pronation,Phase
0,0.5603757,0.9281999,-1.137717,2.478045,1.719858,1.284966,0.552697,1.287093,-1.183227,-0.953881,0.1856918,2.219644,0.5517456,1.596034,-1.179186,-1.161969,-0.08435243,2.602786,0.4803472,0.9258769,-1.135819,-0.1519511,1.203198,-3.477839,0.4841756,0.4991356,-1.118281,9.80576,0.03222952,-0.1594904,0.4810416,0.07461339,-1.173481,7.907059,0.2871508,-8.713681,0.6404042,0.930523,-1.139615,-1.367449,-2.202127,-0.9287274,0.6365812,0.5035092,-1.130959,6.241333,-0.02128517,0,0.6329094,0.07709941,-1.168869,4.818125,-0.6592723,-7.867539,0.4834789,1.409476,-1.159573,-17.96818,-1.957813,2.342345,0.3554861,1.405117,-1.19575,-12.80508,16.01865,-54.73026,0.3218389,1.149272,-1.197128,9.917226,-6.314886E-05,-22.99686,0.6225843,1.410017,-1.164957,-16.92816,0.03907847,1.313135,0.7482993,1.411241,-1.208593,-5.570563,10.25003,-36.66064,0.7868725,1.156226,-1.216959,7.614246,-0.0001137028,-10.76141,0.3164131,0.8674689,-1.16106,2.682996,-8.859223,0.2074791,0.817624,0.875002,-1.190308,7.069022,-10.78266,0.6679325,0.3270611,0.8549019,-1.130545,44.7209,-15.20606,91.09911,0.3576059,0.8312873,-1.122195,12.60505,37.32927,-7.72225,0.363676,0.80299,-1.114362,6.662943,-7.469319E-06,0,0.3239899,0.8462987,-1.139899,0,-14.88062,1.250075,0.3319367,0.7988971,-1.113277,28.86094,23.63493,-7.140921,0.3510963,0.7576002,-1.116904,24.00779,-2.37276E-05,0,0.3711845,0.7391222,-1.123572,16.01824,-2.119078E-05,0,0.3209627,0.8423072,-1.149275,0,8.927802E-07,0,0.3247791,0.7907363,-1.135491,25.74489,13.74062,-1.780812,0.3432707,0.7480247,-1.14114,27.27622,5.246745E-06,0,0.3660062,0.7288035,-1.149501,18.20332,8.578679E-06,0,0.3177329,0.8396325,-1.159335,3.069309,14.87364,-2.900768,0.3199089,0.7884271,-1.159469,22.81027,0.05580885,-1.168854,0.3379513,0.7488024,-1.164168,27.40545,1.967041E-05,0,0.35967,0.7316501,-1.169801,18.28972,1.506137E-05,0,0.3147865,0.8395807,-1.168594,7.703139,29.67834,-7.043752,0.3160542,0.7933007,-1.181464,22.7672,-3.606628,-8.75901,0.3307338,0.7625353,-1.19114,20.52273,0.00013947,0,0.3464584,0.7476909,-1.196477,13.68997,0.0001009313,0,0.8118053,0.8623332,-1.158557,37.2712,-13.56949,80.04819,0.7862819,0.8353,-1.14521,14.88759,32.76353,-8.186932,0.7818053,0.8059358,-1.141132,8.319918,-2.837637E-05,0,0.8132762,0.8537638,-1.168322,0,-14.88069,1.249918,0.8091685,0.8062634,-1.141015,20.78103,28.10759,3.62531,0.7954978,0.7627342,-1.14301,22.93472,-5.534232E-05,0.01978234,0.7781994,0.7412677,-1.148431,15.30118,-3.779846E-05,0,0.8147458,0.8498061,-1.178078,0,-7.231539E-06,0,0.8126488,0.798183,-1.164121,22.38825,16.50247,-1.311495,0.7960026,0.754576,-1.168534,27.75502,5.832268E-05,0,0.7732536,0.7344114,-1.174204,18.52355,4.294877E-05,0,0.8163209,0.8471678,-1.188535,3.069309,14.87368,-2.900768,0.8136501,0.7959857,-1.188579,16.93561,4.120154,-9.035724,0.7992008,0.7549024,-1.193172,26.58811,1.962055E-05,0,0.7789359,0.7353357,-1.1952,17.74318,1.211932E-05,0,0.8177678,0.8471496,-1.198143,7.703191,29.67843,-7.04378,0.8140311,0.800967,-1.210881,18.32257,-9.285059,-20.0453,0.800026,0.7686657,-1.214896,22.32038,1.143185E-05,0,0.784513,0.7526992,-1.214179,14.89073,9.05218E-06,0,start
33,0.5607662,0.9278459,-1.137774,2.546836,1.727713,1.277022,0.5531591,1.286686,-1.183611,-0.9234449,0.1482092,2.341593,0.552474,1.595629,-1.179735,-1.160284,-0.1549949,2.530258,0.4807377,0.9255137,-1.135884,0.07401875,1.217581,-3.438434,0.4845558,0.4988693,-1.116127,10.3959,0.0330125,-0.1545051,0.4811108,0.07463521,-1.173481,8.188778,0.2908013,-8.602543,0.6407946,0.9301781,-1.139665,-1.438311,-2.178264,-0.9270402,0.6371972,0.5031618,-1.131031,6.203871,-0.02303863,0,0.633742,0.07672757,-1.168684,4.809172,-0.6122317,-7.92781,0.4840675,1.409124,-1.159876,-17.97477,-1.959956,2.377593,0.3559992,1.40482,-1.19579,-13.30708,16.45832,-55.62551,0.3219916,1.149021,-1.196815,10.049,-7.402439E-05,-22.09751,0.6231614,1.409576,-1.165558,-16.94671,0.008799382,1.266868,0.7487694,1.410629,-1.209505,-5.58781,10.25116,-36.30558,0.7870342,1.155583,-1.21832,7.641646,-0.0001084088,-10.00256,0.3172823,0.8672431,-1.160453,2.118402,-8.772282,0.1607126,0.8177142,0.8743258,-1.191934,7.399531,-10.06821,0.652221,0.328762,0.8546119,-1.130268,44.76548,-15.28526,91.12019,0.3593147,0.8307092,-1.122814,12.99396,37.36552,-7.972206,0.3652749,0.8023214,-1.115228,6.863928,-2.506442E-05,0,0.3252943,0.846027,-1.1395,0,-14.88063,1.250075,0.3335537,0.7985871,-1.113041,28.78896,23.62072,-7.154945,0.3520834,0.7570489,-1.117152,24.32059,1.943381E-05,0,0.3718135,0.7384226,-1.124447,16.22729,9.914583E-06,0,0.3219222,0.8420529,-1.148765,0,-3.543482E-06,0,0.3255937,0.7904674,-1.134996,25.76799,13.72201,-1.795369,0.3434297,0.7475451,-1.141135,27.49905,1.220357E-05,0,0.3657443,0.7281535,-1.150206,18.35233,8.200263E-06,0,0.3183406,0.8393967,-1.15871,3.069245,14.87364,-2.900633,0.3199296,0.7881696,-1.1588,22.82657,0.01346966,-1.251483,0.3373812,0.7483382,-1.16396,27.86361,1.885594E-05,0,0.3588599,0.7311137,-1.170254,18.59618,2.98986E-07,0,0.3150978,0.8393613,-1.167869,7.703139,29.67835,-7.04378,0.3154258,0.7930462,-1.18067,22.823,-3.554818,-8.717852,0.3294594,0.762119,-1.19078,20.81345,-3.848842E-05,0,0.3449259,0.7471839,-1.196596,13.88413,-3.685497E-05,0,0.8116945,0.8612178,-1.1604,37.27889,-13.50481,79.92411,0.7860003,0.834076,-1.147613,14.68659,32.81204,-8.083374,0.7814019,0.8046747,-1.14396,8.203725,-2.815893E-05,0,0.8131797,0.8527861,-1.170282,0,-14.88068,1.249918,0.8087599,0.8049087,-1.143692,20.95708,28.0956,3.565681,0.7948198,0.7615048,-1.14642,22.79711,-3.675908E-05,0,0.7774584,0.7401927,-1.152234,15.20925,-2.771313E-05,0,0.8146813,0.8489655,-1.180088,0,-5.414737E-06,0,0.8123205,0.7971528,-1.166897,22.5186,16.50043,-1.343046,0.7954378,0.753718,-1.172048,27.66311,0.0002195174,0,0.7726289,0.7337402,-1.178124,18.46207,0.000146867,0,0.8162966,0.8464739,-1.190574,3.069181,14.87368,-2.900768,0.8134312,0.7953086,-1.191379,16.89332,4.126359,-9.060611,0.7988786,0.7543423,-1.196642,26.66101,-5.804277E-06,0,0.778539,0.7348958,-1.199043,17.79189,-7.399474E-06,0,0.8177896,0.8465903,-1.200175,7.703139,29.67843,-7.04378,0.8139385,0.8006133,-1.213604,18.12611,-9.227936,-20.1521,0.7999411,0.7683855,-1.218194,22.55208,9.142521E-06,0,0.784361,0.752474,-1.217766,15.04554,9.97898E-07,0,start
67,0.5610811,0.9267091,-1.137668,2.620474,1.736079,1.267949,0.5535429,1.28549,-1.18403,-0.8247196,0.1113752,2.479466,0.5531411,1.594439,-1.180561,-1.024884,-0.2431893,2.439356,0.4810527,0.9243671,-1.135787,0.6977351,1.207183,-3.373652,0.4851117,0.4979953,-1.110868,11.80691,0.03608154,-0.1594904,0.4811537,0.07451355,-1.173506,8.895431,0.3096879,-8.461833,0.6411095,0.9290512,-1.139549,-2.0488,-2.021695,-0.9733753,0.6386381,0.5019644,-1.134941,5.607312,-0.02145552,0,0.6363717,0.07548529,-1.172175,4.78868,-0.4195964,-8.020348,0.4845828,1.408011,-1.16034,-17.97476,-1.926726,2.37784,0.3564229,1.4038,-1.195937,-14.0487,17.05502,-57.02269,0.3222105,1.148027,-1.196506,10.18995,-7.328319E-05,-23.73787,0.6236628,1.408368,-1.166358,-16.98816,-0.06182402,1.163988,0.7491331,1.409107,-1.210703,-5.531764,10.21956,-35.53448,0.786893,1.153999,-1.219922,7.669768,-0.000111118,-9.290454,0.3187746,0.866242,-1.160054,1.772882,-8.665105,0.132704,0.8175763,0.8727309,-1.193661,7.191511,-10.20844,0.6428534,0.3301814,0.8536089,-1.129842,44.76605,-15.32383,91.15967,0.3606872,0.8296748,-1.122299,13.19262,37.30207,-8.085172,0.3665995,0.801268,-1.114747,6.974121,-1.312809E-05,0,0.3267166,0.8450245,-1.139076,0,-14.88064,1.249918,0.3348556,0.7975859,-1.112578,28.7871,23.61501,-7.155165,0.3533294,0.756017,-1.11663,24.3413,-4.334193E-05,0,0.3730502,0.7373638,-1.123881,16.24113,-3.216401E-05,0,0.3233548,0.8410509,-1.148345,0,-4.868705E-06,0,0.3269219,0.789467,-1.134543,25.87593,13.71785,-1.880344,0.3447738,0.7465482,-1.140659,27.29262,-1.063869E-05,0,0.3670495,0.7270753,-1.149652,18.21427,-1.333856E-05,0,0.3197866,0.8383949,-1.158294,3.069245,14.87364,-2.900701,0.3212963,0.7871655,-1.158355,22.95713,0.01354553,-1.23733,0.3387817,0.7473457,-1.163491,27.8035,1.272484E-05,0,0.3602639,0.7301121,-1.169749,18.55596,6.144485E-06,0,0.31656,0.8383598,-1.16746,7.703165,29.67834,-7.043752,0.3168387,0.7920374,-1.180236,22.90566,-3.538061,-8.701546,0.3308849,0.7611079,-1.190321,20.78156,0.0002546901,0,0.3463503,0.7461617,-1.196111,13.86283,0.0001721104,0,0.8117418,0.8596991,-1.16206,37.27898,-13.49072,79.90891,0.7861844,0.832519,-1.149082,14.67485,32.80976,-8.076255,0.7816845,0.8031154,-1.145327,8.197429,-8.068823E-06,0,0.8132043,0.8512424,-1.171924,0,-14.88066,1.249918,0.8090445,0.8034314,-1.145173,21.02693,28.09411,3.489193,0.79517,0.7599957,-1.147724,22.7418,-4.641983E-05,0,0.7778356,0.7386205,-1.153385,15.17229,-3.362807E-05,0,0.8146706,0.8473972,-1.181726,0,1.478206E-06,0,0.8125181,0.7956172,-1.168372,22.56308,16.50796,-1.391423,0.7957042,0.7521333,-1.17333,27.64742,0.0001215621,0,0.7729132,0.7320845,-1.179237,18.45158,8.82216E-05,0,0.8162437,0.8448793,-1.192212,3.069245,14.87368,-2.900701,0.813519,0.793704,-1.192853,16.89682,4.132236,-9.097857,0.7990556,0.7526828,-1.197932,26.64923,1.566757E-05,0,0.7787632,0.7331684,-1.200176,17.78402,3.615158E-06,0,0.8176913,0.8449716,-1.20182,7.703139,29.67841,-7.04378,0.813907,0.7989445,-1.215096,18.08551,-9.21825,-20.18702,0.8000021,0.7666551,-1.219533,22.59017,-5.072985E-06,0,0.7844717,0.750699,-1.218979,15.07099,-3.078143E-06,0,start
100,0.5611686,0.9260335,-1.137467,2.656823,1.708581,1.311644,0.5537863,1.284785,-1.184334,-0.6827098,0.07845151,2.618606,0.5536171,1.593741,-1.18137,-0.747558,-0.2943121,2.360491,0.4811404,0.9237339,-1.135525,1.070275,1.160059,-3.326372,0.4854121,0.4975527,-1.107567,12.67014,0.03880559,-0.1643245,0.4811447,0.07458106,-1.173542,9.349036,0.3466236,-8.389722,0.6411968,0.9283331,-1.139409,-3.233859,-1.687635,-1.047732,0.6407848,0.5012333,-1.143405,4.428857,-0.02154574,-0.02797646,0.6406243,0.07473251,-1.180458,4.790234,-0.1058166,-8.084905,0.4849503,1.407402,-1.16078,-17.96088,-1.883147,2.337829,0.3566899,1.403273,-1.196023,-14.77883,17.56471,-58.44606,0.3227057,1.147469,-1.196253,10.26684,-6.287909E-05,-25.31163,0.6240155,1.407668,-1.167137,-17.03824,-0.07460939,1.065143,0.7493386,1.4082,-1.2119,-5.541391,10.20274,-35.38857,0.7866768,1.153033,-1.221179,7.664341,-0.0001129373,-9.275826,0.3208189,0.8656266,-1.160137,1.436813,-8.628146,0.1083524,0.8171175,0.8717353,-1.194947,7.066774,-10.32344,0.6385778,0.3322194,0.8529939,-1.129922,44.75697,-15.36265,91.1882,0.3627186,0.8290615,-1.122347,13.37496,37.16534,-8.174187,0.3686663,0.8006449,-1.114859,7.082912,-1.396283E-05,0,0.3287538,0.8444094,-1.139155,0,-14.88062,1.249918,0.3368791,0.7969716,-1.112652,28.78534,23.60809,-7.158865,0.3553461,0.7553985,-1.116692,24.38333,-7.46459E-05,0,0.3750768,0.7367556,-1.123943,16.26922,-6.263814E-05,0,0.3253921,0.8404356,-1.148424,0,7.48528E-07,0,0.3289462,0.7888522,-1.134617,25.9135,13.71388,-1.856778,0.3468151,0.745941,-1.140736,27.36554,-3.19362E-06,0,0.3691182,0.7265079,-1.149747,18.26305,-2.10359E-06,0,0.3218245,0.8377795,-1.158374,3.069245,14.87364,-2.900768,0.3233228,0.7865496,-1.15843,23.14503,-0.006571436,-1.275335,0.3409289,0.7467855,-1.163584,27.63709,5.479666E-06,0,0.3624187,0.729555,-1.169824,18.44467,8.31998E-07,0,0.3185989,0.8377441,-1.16754,7.703139,29.67834,-7.043752,0.3188688,0.7914205,-1.180311,23.01755,-3.541929,-8.706578,0.3329711,0.7605171,-1.190398,20.65987,0.0001627302,0,0.3484305,0.7455648,-1.196189,13.78154,0.0001076144,0,0.8114753,0.8587889,-1.163276,37.27917,-13.47952,79.90204,0.7860076,0.8316301,-1.150079,14.66864,32.81949,-8.074797,0.781549,0.8022336,-1.146219,8.193045,-6.596982E-06,0,0.8128839,0.8503054,-1.173125,0,-14.88067,1.249918,0.8089045,0.8025673,-1.146217,21.06212,28.08717,3.463398,0.7950122,0.7591261,-1.148568,22.76879,-5.91869E-06,0,0.7776334,0.7377457,-1.154071,15.19033,-1.358804E-07,0,0.8142943,0.8464336,-1.182925,0,-5.852224E-07,0,0.8122452,0.7946901,-1.169414,22.60286,16.51181,-1.437766,0.7953961,0.7511964,-1.174162,27.66426,0.0002947072,0,0.7725601,0.7311431,-1.179877,18.46285,0.0002024531,0,0.8158068,0.8438872,-1.193413,3.069245,14.87368,-2.900768,0.813103,0.7927091,-1.193895,16.84937,4.128922,-9.108605,0.7986631,0.7516546,-1.198769,26.7998,-3.668754E-06,0,0.7783316,0.7321603,-1.200825,17.88469,-1.843126E-05,0,0.8171978,0.8439534,-1.20303,7.703165,29.67841,-7.043752,0.8133575,0.7978877,-1.216155,18.03878,-9.22325,-20.23456,0.7994684,0.765568,-1.220417,22.65935,-1.27281E-05,0,0.7839462,0.74961,-1.219711,15.1172,-7.34079E-06,0,start
133,0.5615509,0.9258866,-1.138637,2.663372,1.68113,1.406252,0.5543075,1.284631,-1.185869,-0.5524929,0.03947667,2.760098,0.5543581,1.593592,-1.183318,-0.4414621,-0.2948646,2.301718,0.4815247,0.9236317,-1.136564,1.240016,1.145458,-3.329608,0.4857444,0.4975388,-1.107284,12.88387,0.03717189,-0.1813082,0.4811551,0.07460916,-1.173506,9.396764,0.4136783,-8.430724,0.641577,0.9281415,-1.140709,-3.56123,-1.564274,-1.074836,0.6417768,0.5010707,-1.147098,4.096677,-0.02227979,-0.02797646,0.6421977,0.07456276,-1.184068,4.786101,-0.01285344,-8.076352,0.4856099,1.407347,-1.162424,-17.93783,-1.845748,2.298058,0.3572431,1.403308,-1.197288,-15.37946,17.90419,-59.67452,0.3237866,1.147435,-1.197355,10.32224,-6.41239E-05,-26.5432,0.6246589,1.407508,-1.169126,-17.08292,-0.06192592,1.030406,0.749836,1.407886,-1.214297,-5.544785,10.16293,-35.22427,0.7868397,1.152666,-1.223471,7.652451,-9.909459E-05,-9.196867,0.3235635,0.8655202,-1.161756,1.163484,-8.627659,0.08622923,0.8171532,0.8713663,-1.197113,7.139822,-10.36344,0.6483091,0.3350528,0.8528911,-1.131573,44.75578,-15.38456,91.24022,0.3655984,0.8289961,-1.124067,13.51892,37.10066,-8.252048,0.3716093,0.8005759,-1.116644,7.164864,-1.647675E-05,0,0.3315737,0.8443056,-1.1408,0,-14.88065,1.249918,0.3398167,0.7968688,-1.114332,28.78386,23.60731,-7.132812,0.3583185,0.7553169,-1.118429,24.44247,-9.243033E-05,0,0.3780656,0.7367183,-1.125748,16.30876,-7.134832E-05,0,0.3281933,0.8403308,-1.150062,0,-9.411572E-06,0,0.3318381,0.7887473,-1.136279,26.01873,13.70186,-1.87158,0.3498113,0.7458915,-1.142481,27.26726,1.807878E-05,0,0.3721151,0.7264873,-1.151553,18.19732,1.056954E-05,0,0.3246039,0.8376737,-1.160004,3.069245,14.87365,-2.900768,0.3261581,0.7864456,-1.160079,23.30845,-0.03095165,-1.319528,0.3439084,0.7467551,-1.165305,27.55975,2.675264E-05,0,0.3654317,0.7295837,-1.171592,18.39295,1.717719E-05,0,0.3213556,0.8376375,-1.169161,7.703191,29.67836,-7.043752,0.3216444,0.791318,-1.181947,23.08765,-3.561736,-8.716747,0.3357967,0.76045,-1.192073,20.62959,4.692928E-05,0,0.3512702,0.7455262,-1.197899,13.76133,2.521614E-05,0,0.8116274,0.8584799,-1.165398,37.28008,-13.46862,79.8931,0.7861599,0.8313944,-1.15205,14.64486,32.83823,-8.065358,0.7816631,0.8020129,-1.148122,8.178125,-1.174973E-05,0,0.8129721,0.8499786,-1.17524,0,-14.88068,1.249918,0.8090105,0.8022897,-1.148242,21.07947,28.08122,3.449804,0.7949991,0.7588798,-1.150463,22.84693,-4.580946E-05,0,0.7775152,0.7375597,-1.155866,15.24254,-3.608521E-05,0,0.8143291,0.8460889,-1.18504,0,-7.627697E-06,0,0.8122275,0.7943703,-1.171442,22.64116,16.51222,-1.462596,0.7952338,0.7509183,-1.176055,27.69582,-0.0001227122,0,0.7723036,0.7309352,-1.181637,18.48394,-9.754374E-05,0,0.815788,0.8435234,-1.195531,3.069245,14.87368,-2.900701,0.8129689,0.7923508,-1.195924,16.83483,4.124919,-9.138199,0.7984262,0.7513172,-1.200666,26.85957,-7.872126E-06,0,0.7780269,0.7318799,-1.202588,17.92468,-7.682969E-06,0,0.8171351,0.8435722,-1.205154,7.703165,29.67842,-7.043752,0.8131329,0.7974956,-1.218192,18.01632,-9.224477,-20.23113,0.7991657,0.765195,-1.222342,22.68805,3.675947E-06,0,0.7836102,0.7492741,-1.221537,15.13636,-1.064602E-05,0,start
167,0.561737,0.9258608,-1.139548,2.661019,1.675758,1.500504,0.5545347,1.284605,-1.186989,-0.4693892,0.007179073,2.884798,0.5547496,1.593568,-1.184698,-0.2414744,-0.2774771,2.289269,0.481714,0.9236196,-1.137345,1.326184,1.136859,-3.387031,0.4859896,0.4975713,-1.107429,12.96563,0.04217841,-0.1897456,0.4811186,0.07463613,-1.173596,9.407907,0.4577302,-8.533569,0.6417601,0.9281021,-1.141752,-3.217593,-1.590537,-1.056844,0.6417524,0.5010005,-1.145572,4.614394,-0.02287377,-0.02797646,0.641871,0.07460606,-1.183831,4.936934,-0.07434054,-8.041981,0.4859549,1.407392,-1.163573,-17.91627,-1.832433,2.282248,0.3574963,1.403403,-1.198103,-15.88565,18.16446,-60.70269,0.3246706,1.147448,-1.19813,10.41331,-7.504462E-05,-27.43152,0.6249891,1.407466,-1.170579,-17.11754,-0.03763986,1.059248,0.7500401,1.407767,-1.216098,-5.580862,10.12477,-35.22981,0.7868069,1.152508,-1.225112,7.662369,-0.0001235053,-9.240694,0.3262032,0.8654847,-1.162948,0.9765865,-8.600941,0.07401875,0.8169453,0.871213,-1.198504,7.274998,-10.3625,0.6602717,0.3378674,0.8528584,-1.132832,44.75695,-15.39706,91.26958,0.3685076,0.8290351,-1.125484,13.61907,37.03954,-8.303097,0.3746402,0.8006181,-1.11815,7.22344,-8.481897E-06,0,0.3343648,0.8442721,-1.142049,0,-14.88063,1.250075,0.3428487,0.7968335,-1.11566,28.81183,23.60064,-7.129125,0.3614485,0.7553384,-1.119887,24.39609,-5.154069E-05,0,0.3811988,0.736786,-1.127315,16.27775,-4.726978E-05,0,0.3309496,0.8402969,-1.151298,0,-1.471902E-06,0,0.3347845,0.788711,-1.137576,26.16072,13.69234,-1.931987,0.352926,0.74595,-1.14394,27.03142,8.12458E-06,0,0.3752068,0.7265664,-1.153111,18.03961,-1.607121E-06,0,0.327319,0.8376393,-1.161225,3.069245,14.87364,-2.900768,0.328996,0.7864152,-1.16135,23.46675,-0.05814922,-1.376861,0.3469269,0.7468235,-1.166708,27.49574,1.48374E-05,0,0.3684949,0.7297465,-1.173099,18.35012,8.827454E-07,0,0.3240269,0.8376029,-1.170367,7.703139,29.67834,-7.043752,0.3243658,0.7912948,-1.183192,23.19329,-3.603952,-8.758538,0.3386075,0.7604934,-1.193395,20.48583,0.0001518379,0,0.3540814,0.7455986,-1.199294,13.66533,0.0001018586,0,0.8114756,0.8583749,-1.166759,37.28263,-13.45744,79.8777,0.7859605,0.8313823,-1.153314,14.6009,32.8605,-8.045155,0.7813901,0.8020192,-1.149334,8.151649,-2.386386E-06,0,0.8127626,0.8498599,-1.176597,0,-14.88066,1.250075,0.8087302,0.8022099,-1.149541,21.1395,28.07539,3.44128,0.7945329,0.7588567,-1.151686,22.79439,-4.121284E-05,0,0.7769637,0.7375879,-1.157014,15.20743,-4.199585E-05,0,0.8140769,0.8459565,-1.186397,0,2.903349E-07,0,0.8118504,0.7942579,-1.172743,22.70087,16.50872,-1.484772,0.7946598,0.7508743,-1.177269,27.65025,0.0003172102,0,0.7716438,0.7309648,-1.18276,18.45347,0.0002197987,0,0.8154952,0.8433763,-1.196891,3.069245,14.87368,-2.900701,0.8125099,0.7922126,-1.197225,16.86679,4.120681,-9.145786,0.7977973,0.7512299,-1.201881,26.77559,8.283281E-06,0,0.7773473,0.7318383,-1.203724,17.86852,-1.240642E-06,0,0.8168128,0.8434114,-1.206518,7.703165,29.67841,-7.043752,0.812622,0.7973355,-1.219499,18.03168,-9.226889,-20.20785,0.7985294,0.7650797,-1.223572,22.6258,6.393657E-06,0,0.7829357,0.7491989,-1.222716,15.09481,1.102586E-06,0,start
200,0.5617147,0.9258108,-1.139863,2.667998,1.687186,1.567979,0.5544699,1.284545,-1.187461,-0.4182466,-0.01009647,2.984062,0.5547681,1.59351,-1.185378,-0.1724585,-0.2644325,2.313845,0.4816946,0.9235583,-1.137564,1.384656,1.129672,-3.453094,0.4861325,0.4975467,-1.107154,13.06946,0.03940583,-0.1876719,0.4811537,0.07465243,-1.173574,9.455235,0.4650666,-8.613837,0.6417348,0.9280632,-1.142162,-3.013764,-1.611859,-1.040423,0.6416694,0.5009503,-1.144392,4.982125,-0.02339048,-0.03426402,0.6416497,0.07466066,-1.183801,5.063066,-0.1286553,-8.025585,0.4859662,1.407373,-1.164035,-17.90041,-1.823266,2.283277,0.3574365,1.403412,-1.198303,-16.29678,18.35323,-61.56413,0.3252837,1.147371,-1.198361,10.53652,-7.400388E-05,-28.15284,0.6249881,1.407401,-1.171282,-17.13876,-0.0645102,1.098248,0.7499429,1.407564,-1.217066,-5.620892,10.12215,-35.22796,0.7864929,1.152267,-1.225899,7.669921,-0.0001228098,-9.282857,0.3286088,0.8653888,-1.163458,0.8737969,-8.540936,0.06255726,0.8164604,0.8709781,-1.199033,7.337887,-10.42467,0.66998,0.3404535,0.8527666,-1.133411,44.7626,-15.40367,91.25515,0.3712183,0.8290538,-1.126228,13.65477,37.02834,-8.323315,0.3774944,0.8006465,-1.118978,7.243322,-1.716442E-05,0,0.3369425,0.8441794,-1.142624,0,-14.88065,1.250075,0.3457215,0.7967381,-1.116336,28.84099,23.59152,-7.136606,0.3644782,0.7553285,-1.120707,24.32688,-1.68575E-05,0,0.3842545,0.7368456,-1.128238,16.23152,-2.69047E-05,0,0.3335015,0.8402036,-1.151863,0,-1.053997E-05,0,0.3375911,0.7886143,-1.138227,26.30299,13.68108,-2.00506,0.3559606,0.7459776,-1.144768,26.71257,1.225436E-05,0,0.3782244,0.7266149,-1.154025,17.8264,7.226487E-06,0,0.3298371,0.8375456,-1.161777,3.069245,14.87365,-2.900701,0.3317063,0.7863283,-1.161978,23.6427,-0.05879201,-1.423678,0.3498776,0.7468699,-1.167506,27.32613,-1.720161E-05,0,0.3714856,0.7298852,-1.174007,18.23671,-1.46131E-05,0,0.3265047,0.8375089,-1.170905,7.703165,29.67836,-7.043752,0.3269612,0.7912194,-1.183794,23.25234,-3.611154,-8.800916,0.3413067,0.7605012,-1.194102,20.44804,0.0001557843,0,0.3568168,0.7456769,-1.200083,13.64008,0.0001032723,0,0.8110475,0.8582201,-1.167246,37.28488,-13.44433,79.85796,0.785511,0.8313063,-1.153685,14.54668,32.89111,-8.020886,0.780904,0.801961,-1.149617,8.118684,-9.918214E-07,0,0.8122912,0.8496811,-1.177069,0,-14.88066,1.249918,0.8082319,0.8020983,-1.149899,21.18762,28.06578,3.406283,0.7939073,0.7587809,-1.151917,22.75673,-2.099329E-05,0,0.7762764,0.7375388,-1.157146,15.18224,-2.089555E-05,0,0.8135719,0.8457538,-1.186865,0,-1.021958E-06,0,0.8112751,0.7940897,-1.173092,22.75308,16.50519,-1.512843,0.7939461,0.7507474,-1.177485,27.60524,0.0001076223,0,0.7708723,0.7308756,-1.182869,18.42335,6.510068E-05,0,0.8149574,0.843148,-1.197356,3.069245,14.87368,-2.900768,0.8118662,0.79199,-1.197572,16.87987,4.115547,-9.169926,0.7970476,0.7510309,-1.202097,26.74237,1.755906E-05,0,0.7765599,0.7316698,-1.203839,17.84632,1.629708E-05,0,0.8162499,0.8431596,-1.206986,7.703165,29.67841,-7.043752,0.8119306,0.7970643,-1.219856,18.00676,-9.218371,-20.19114,0.7977751,0.7648234,-1.223829,22.66333,2.231663E-05,0,0.7821475,0.7489803,-1.222898,15.11985,4.615523E-06,0,start
233,0.5616155,0.9257479,-1.14011,2.684163,1.70102,1.626904,0.5543007,1.284466,-1.187852,-0.3856296,-0.01808369,3.065224,0.5546444,1.593432,-1.185953,-0.1780411,-0.2676236,2.347187,0.4815983,0.9234807,-1.137727,1.425052,1.124749,-3.479472,0.4861951,0.4975016,-1.10689,13.17528,0.04213499,-0.1791368,0.4811406,0.07466137,-1.173647,9.508162,0.4701499,-8.640929,0.6416327,0.9280151,-1.142493,-2.831306,-1.6298,-1.028505,0.6415544,0.500897,-1.143227,5.328809,-0.01992061,-0.02797646,0.6414743,0.07470918,-1.183722,5.18886,-0.1652441,-8.015843,0.4858461,1.407316,-1.164399,-17.89533,-1.820607,2.298229,0.3572643,1.403358,-1.198471,-16.66113,18.51866,-62.28799,0.3257357,1.14724,-1.198597,10.69459,-7.835258E-05,-28.73804,0.6248576,1.407322,-1.171843,-17.1476,-0.09599059,1.122393,0.7497401,1.407369,-1.217824,-5.602661,10.08493,-35.08194,0.7860471,1.152032,-1.226498,7.670177,-0.0001150199,-9.16624,0.330831,0.8652698,-1.163811,0.8485757,-8.460936,0.06255726,0.8158988,0.8707523,-1.199412,7.349723,-10.46196,0.6737661,0.3428618,0.8526603,-1.133832,44.77291,-15.40988,91.2452,0.373776,0.8290935,-1.126813,13.68767,37.05605,-8.349132,0.3802086,0.8007011,-1.119642,7.257961,-1.802187E-05,0,0.3393544,0.8440699,-1.143044,0,-14.88063,1.249918,0.3484735,0.7966325,-1.116866,28.85304,23.58797,-7.136167,0.3674213,0.7553254,-1.12138,24.2984,5.799152E-06,0,0.3872512,0.7369441,-1.129018,16.21246,-4.644856E-06,0,0.3358943,0.8400913,-1.152275,0,-4.475285E-06,0,0.3402919,0.7885021,-1.138735,26.339,13.6784,-2.014992,0.3588654,0.7459774,-1.145428,26.70378,6.370853E-06,0,0.3811928,0.7267486,-1.154809,17.8205,-3.259774E-06,0,0.3322017,0.8374304,-1.162178,3.069245,14.87364,-2.900768,0.3343195,0.7862232,-1.162465,23.77124,-0.04942499,-1.428618,0.3527412,0.7469053,-1.168163,27.30307,9.998201E-06,0,0.3744328,0.7300776,-1.174792,18.22128,1.012279E-05,0,0.3288317,0.8373911,-1.171291,7.703165,29.67835,-7.043752,0.32946,0.7911239,-1.184253,23.27594,-3.580005,-8.740444,0.3439197,0.7605022,-1.194687,20.55645,3.69401E-05,0,0.3595092,0.7458029,-1.20077,13.71249,2.508449E-05,0,0.8105407,0.8580509,-1.167593,37.2862,-13.43283,79.84586,0.7850078,0.831179,-1.153943,14.50544,32.91193,-8.001871,0.7803928,0.8018443,-1.149807,8.093908,-1.514483E-05,0,0.8117566,0.8494949,-1.177405,0,-14.88068,1.249762,0.8077118,0.8019601,-1.150149,21.25336,28.06081,3.359171,0.7933022,0.7586668,-1.152077,22.66097,-8.849829E-05,0,0.7756519,0.7374201,-1.157223,15.11831,-7.9445E-05,0,0.8130134,0.8455505,-1.187197,0,-4.25163E-06,0,0.8106996,0.7939109,-1.173335,22.8081,16.50241,-1.547249,0.7932841,0.7505934,-1.177629,27.5529,-0.0001009495,0,0.7701802,0.7307334,-1.182927,18.38835,-7.567748E-05,0,0.8143748,0.8429263,-1.197687,3.069245,14.87368,-2.900701,0.8112381,0.7917708,-1.197812,16.86112,4.124316,-9.177359,0.796388,0.7508129,-1.202245,26.8134,-3.339801E-06,0,0.7758623,0.7314854,-1.203911,17.89381,-2.416365E-05,0,0.8156473,0.842921,-1.20732,7.703165,29.67842,-7.043752,0.8112606,0.7968087,-1.220105,17.97222,-9.21222,-20.17447,0.7970878,0.7645659,-1.224,22.72202,1.747314E-05,0,0.7814416,0.7487448,-1.223009,15.15905,-2.000076E-06,0,start
267,0.561402,0.9256894,-1.14021,2.701174,1.708527,1.703643,0.5540018,1.284391,-1.188069,-0.3636945,-0.01582218,3.138747,0.5543542,1.593358,-1.186305,-0.1958353,-0.2905981,2.361652,0.4813882,0.9234176,-1.137719,1.442251,1.111803,-3.441735,0.4861557,0.4974593,-1.106619,13.25009,0.04119225,-0.1678588,0.4811604,0.07466331,-1.17366,9.544046,0.4603724,-8.618943,0.6414157,0.9279612,-1.1427,-2.699144,-1.628916,-1.029456,0.6414029,0.5008427,-1.142307,5.609024,-0.02386985,-0.01978234,0.6412812,0.07474691,-1.183759,5.304078,-0.1849737,-7.996179,0.4855714,1.407247,-1.164575,-17.89623,-1.846519,2.324816,0.3569486,1.403209,-1.198483,-17.08421,18.78116,-62.9022,0.3258863,1.147034,-1.198677,10.89052,-8.687157E-05,-29.21292,0.6245732,1.407257,-1.172197,-17.14478,-0.123624,1.134359,0.7493988,1.407228,-1.218332,-5.546447,10.0298,-34.84616,0.7855064,1.151858,-1.226871,7.681887,-0.0001013086,-8.848731,0.332659,0.8651066,-1.163832,0.8963478,-8.361782,0.0656106,0.815321,0.8705992,-1.199527,7.380839,-10.40787,0.6731851,0.3448927,0.8525167,-1.133927,44.77748,-15.41104,91.24792,0.3759706,0.829114,-1.127083,13.70537,37.06504,-8.36187,0.3825887,0.8007445,-1.119991,7.266417,-6.376839E-07,0,0.3413925,0.8439215,-1.143137,0,-14.88062,1.249918,0.3508919,0.7964941,-1.117076,28.86163,23.58462,-7.137596,0.3700556,0.7553037,-1.121742,24.27646,-2.725444E-05,0,0.3899502,0.7370406,-1.129494,16.1978,-1.520786E-05,0,0.3379138,0.8399383,-1.152359,0,1.236175E-06,0,0.3426589,0.788353,-1.138922,26.36029,13.67942,-1.979025,0.3614526,0.7459505,-1.145773,26.73327,9.174851E-06,0,0.3838554,0.7268825,-1.155302,17.84024,1.182944E-05,0,0.3341922,0.8372727,-1.16225,3.069309,14.87364,-2.900701,0.3365942,0.7860787,-1.162629,23.90459,-0.05338175,-1.470868,0.3552968,0.7469189,-1.168499,27.2579,-4.224499E-06,0,0.3770798,0.7302583,-1.175249,18.19106,-3.763391E-06,0,0.3307822,0.8372292,-1.171348,7.703165,29.67834,-7.043752,0.331611,0.7909869,-1.184388,23.34148,-3.565608,-8.76253,0.3462279,0.7604838,-1.194949,20.55471,-4.847049E-05,0,0.361888,0.7458995,-1.201126,13.71134,-3.339543E-05,0,0.809951,0.8578978,-1.16771,37.28477,-13.42438,79.84048,0.7844018,0.8310355,-1.15407,14.48084,32.91568,-7.988711,0.7797728,0.8017034,-1.149932,8.079901,-5.171257E-06,0,0.8111637,0.849342,-1.177522,0,-14.88066,1.249918,0.8070886,0.8018069,-1.150271,21.30863,28.05912,3.35252,0.7926203,0.7585339,-1.152217,22.56325,-6.802365E-05,0,0.7749763,0.7372817,-1.15736,15.05301,-5.112402E-05,0,0.8124198,0.8453978,-1.187314,0,6.249968E-09,0,0.8100755,0.7937583,-1.173457,22.83971,16.49859,-1.568353,0.7926139,0.7504603,-1.17776,27.55022,0.0003138907,0,0.7694896,0.7306249,-1.183061,18.38657,0.0002135295,0,0.8137814,0.8427738,-1.197804,3.069181,14.87368,-2.900701,0.8106166,0.79162,-1.197934,16.83681,4.135098,-9.194495,0.7957631,0.7506648,-1.20238,26.90837,4.735347E-06,0,0.7752037,0.7313731,-1.204046,17.95731,3.231994E-07,0,0.8150555,0.8427687,-1.207436,7.703139,29.67841,-7.043752,0.8106455,0.79666,-1.220227,17.93188,-9.205344,-20.17633,0.7964783,0.7644161,-1.224133,22.804,2.378978E-05,0,0.7808133,0.7486138,-1.223136,15.21386,2.20063E-05,0,start
300,0.5612224,0.925642,-1.140331,2.713826,1.714328,1.788926,0.5537133,1.28433,-1.188268,-0.3511023,-0.004375923,3.203507,0.5540338,1.593297,-1.186589,-0.2112177,-0.3231437,2.365957,0.4812126,0.9233684,-1.13772,1.452526,1.099776,-3.392576,0.4861316,0.4974251,-1.10644,13.30055,0.04046214,-0.1631294,0.4811949,0.07465792,-1.173667,9.56199,0.4466684,-8.596811,0.6412323,0.9279156,-1.142942,-2.581568,-1.626696,-1.031545,0.6412784,0.5007992,-1.14156,5.840733,-0.02375188,-0.02797646,0.6411325,0.07477576,-1.183749,5.389507,-0.1984076,-7.969818,0.485284,1.407177,-1.164724,-17.89181,-1.84912,2.349771,0.3566214,1.4031,-1.198476,-17.53775,19.12232,-63.53117,0.325817,1.146893,-1.198652,11.08836,-5.459678E-05,-29.70271,0.6242771,1.407214,-1.172504,-17.13872,-0.1032834,1.147565,0.7490556,1.407248,-1.218766,-5.417865,9.908676,-34.64717,0.7850283,1.151849,-1.227012,7.649629,-0.0001043967,-8.475052,0.3340651,0.8650202,-1.163684,1.032303,-8.264648,0.07401875,0.8149067,0.8706184,-1.199454,7.458615,-10.38724,0.6786853,0.3465208,0.8524523,-1.133861,44.7715,-15.41224,91.26859,0.3777747,0.8292299,-1.127208,13.72611,37.03685,-8.369451,0.3846117,0.80089,-1.120205,7.280093,-1.065134E-05,0,0.3430301,0.8438523,-1.143071,0,-14.88064,1.249918,0.352951,0.7964376,-1.117144,28.87455,23.57658,-7.149706,0.3723596,0.7553815,-1.121978,24.234,-0.0001151161,0,0.3923247,0.7372472,-1.129851,16.16943,-7.917279E-05,0,0.3395323,0.8398644,-1.152283,0,-4.659935E-06,0,0.3446643,0.7882852,-1.138965,26.38973,13.67563,-1.991544,0.3637098,0.7460241,-1.145993,26.72557,-4.173924E-06,0,0.3861927,0.7271233,-1.155665,17.83507,-1.529083E-06,0,0.33578,0.8371935,-1.162161,3.069181,14.87364,-2.900701,0.3385003,0.7860163,-1.162647,24.02167,-0.06797403,-1.518524,0.357498,0.7470261,-1.168695,27.23605,-7.960022E-06,0,0.3793831,0.7305529,-1.175573,18.17646,-4.078422E-06,0,0.3323266,0.8371454,-1.171243,7.703139,29.67835,-7.043752,0.3333821,0.7909332,-1.184373,23.40082,-3.567624,-8.756678,0.3481708,0.7605587,-1.195065,20.55194,1.775623E-05,0,0.3639067,0.7461004,-1.201345,13.70946,6.581362E-06,0,0.8094628,0.8579236,-1.167647,37.28221,-13.41807,79.85355,0.7838644,0.8310816,-1.154061,14.48192,32.91805,-7.989792,0.7792063,0.8017532,-1.14993,8.080314,-2.803602E-05,0,0.8106873,0.8493662,-1.177457,0,-14.88068,1.250075,0.8065168,0.8018363,-1.150211,21.34851,28.04884,3.319597,0.7919869,0.7585852,-1.152184,22.50913,-1.81746E-05,0,0.774338,0.7373425,-1.157351,15.01686,-2.113422E-05,0,0.8119593,0.8454204,-1.187246,0,-7.745783E-06,0,0.8095425,0.7937837,-1.173391,22.86349,16.49331,-1.592253,0.7920339,0.7505078,-1.177726,27.59081,0.0002812569,0,0.7688799,0.7307186,-1.18307,18.41372,0.0001776006,0,0.8133394,0.8427945,-1.197733,3.069245,14.87368,-2.900633,0.8101301,0.7916435,-1.197867,16.8,4.134171,-9.194516,0.7952757,0.7506912,-1.202337,27.04488,-1.830314E-05,0,0.774669,0.7314527,-1.204033,18.04859,-2.710204E-05,0,0.8146324,0.8427878,-1.207363,7.703191,29.67842,-7.043752,0.8102073,0.7966822,-1.22016,17.89262,-9.183405,-20.17284,0.7960418,0.7644424,-1.224106,22.90416,1.427429E-05,0,0.7803458,0.7486693,-1.223135,15.28077,7.270819E-06,0,start
333,0.5610585,0.925618,-1.14062,2.716133,1.713152,1.871894,0.5534751,1.284303,-1.188591,-0.3409232,0.004256674,3.262788,0.5537601,1.59327,-1.186967,-0.20842,-0.3347958,2.366454,0.4810523,0.9233518,-1.137894,1.470069,1.076797,-3.398054,0.486154,0.4974218,-1.106461,13.31327,0.03635879,-0.1570175,0.4812671,0.07464284,-1.173617,9.54316,0.4162284,-8.627007,0.6410648,0.9278842,-1.143347,-2.409485,-1.622875,-1.02641,0.6411468,0.500774,-1.140649,6.136639,-0.02360017,0,0.6409399,0.07483935,-1.183725,5.482943,-0.2320877,-7.945148,0.4850509,1.407143,-1.164999,-17.87483,-1.866415,2.355179,0.3563454,1.402999,-1.198578,-17.78037,19.32863,-63.9465,0.3258042,1.146761,-1.198562,11.15835,-7.940469E-05,-29.96457,0.624036,1.4072,-1.172922,-17.12912,-0.1311646,1.166172,0.7487742,1.407181,-1.219292,-5.478402,9.968867,-34.81153,0.7848257,1.151791,-1.227464,7.744076,-0.0001166228,-8.586706,0.334917,0.8649217,-1.163537,1.321898,-8.212044,0.09065409,0.8145906,0.8705982,-1.199394,7.497503,-10.3662,0.680988,0.347616,0.8523718,-1.133809,44.76892,-15.41334,91.34329,0.379061,0.829347,-1.127373,13.79803,37.03938,-8.414916,0.3861144,0.801035,-1.120473,7.317699,-1.400389E-05,0,0.344135,0.843769,-1.14302,0,-14.88063,1.249918,0.3545156,0.7963647,-1.117254,28.87789,23.56695,-7.166041,0.3741828,0.7554549,-1.12228,24.22548,-6.729866E-06,0,0.3942307,0.7374738,-1.130293,16.16372,6.461471E-06,0,0.3406155,0.8397781,-1.152223,0,-2.105667E-07,0,0.3461687,0.7882051,-1.13905,26.4096,13.66889,-1.934214,0.3654784,0.7460979,-1.146277,26.8006,1.239146E-05,0,0.3880596,0.7274126,-1.156137,17.88525,9.493706E-06,0,0.3368291,0.8371041,-1.162086,3.069245,14.87364,-2.900701,0.3398945,0.7859478,-1.162704,24.18834,-0.07137361,-1.580782,0.3592319,0.7471605,-1.168976,27.00416,-2.471434E-06,0,0.381178,0.730826,-1.175989,18.02138,-6.285163E-07,0,0.3333279,0.8370528,-1.17115,7.703139,29.67834,-7.043752,0.3346277,0.7908786,-1.184391,23.44247,-3.552563,-8.723909,0.3495853,0.760644,-1.195243,20.60638,0.0001786379,0,0.3654089,0.7463365,-1.201647,13.74583,0.0001177928,0,0.8091201,0.8579514,-1.167573,37.28056,-13.41569,79.85687,0.7834901,0.8311515,-1.153963,14.4949,32.92173,-7.997994,0.7788046,0.8018319,-1.1498,8.087163,-1.769663E-05,0,0.8103405,0.8493797,-1.17737,0,-14.88067,1.249918,0.806111,0.8018904,-1.150063,21.36588,28.03776,3.262308,0.7915256,0.7586555,-1.15198,22.51119,-8.238486E-06,0,0.773847,0.73743,-1.157115,15.01822,-1.438865E-05,0,0.811613,0.8454194,-1.187153,0,-3.96787E-06,0,0.8091391,0.7938038,-1.173231,22.89858,16.48684,-1.624858,0.7915636,0.7505501,-1.177516,27.61691,0.0003189293,0,0.7683704,0.7308013,-1.18284,18.43117,0.0002100729,0,0.812995,0.8427782,-1.197636,3.069245,14.87368,-2.900701,0.8097353,0.7916303,-1.197703,16.77173,4.131842,-9.196055,0.7948623,0.750679,-1.202121,27.16565,1.490041E-05,0,0.7742062,0.7314915,-1.203792,18.12938,1.131238E-05,0,0.8142923,0.8427573,-1.207266,7.703165,29.67842,-7.043752,0.8098273,0.796639,-1.220003,17.85483,-9.173971,-20.1875,0.7956529,0.7643994,-1.223918,22.99613,4.713923E-06,0,0.7799284,0.7486563,-1.222923,15.34223,1.080907E-05,0,start
367,0.5609682,0.9256242,-1.141116,2.702405,1.713833,1.956548,0.5533347,1.284318,-1.189043,-0.3380413,0.0007825736,3.316824,0.5536062,1.593285,-1.187403,-0.1802258,-0.2996877,2.361569,0.4809659,0.923362,-1.138272,1.494755,1.057552,-3.43456,0.4862387,0.4974406,-1.106752,13.28921,0.03533461,-0.1480375,0.4813372,0.07461679,-1.173624,9.495086,0.3722088,-8.691381,0.6409704,0.9278864,-1.14396,-2.164736,-1.62981,-1.024502,0.6410443,0.5007907,-1.139521,6.516982,-0.02375936,0,0.6407151,0.0749678,-1.183687,5.585705,-0.2929997,-7.927439,0.4849396,1.407163,-1.165391,-17.83064,-1.904806,2.335735,0.3561794,1.402935,-1.19875,-17.57914,19.15189,-63.38897,0.325461,1.146718,-1.198984,11.42241,-7.345476E-05,-29.38408,0.623917,1.407212,-1.173445,-17.12463,-0.138238,1.18795,0.7486151,1.407167,-1.219924,-5.508902,10.01593,-34.95498,0.7847772,1.151789,-1.227978,7.847204,-0.0001135001,-8.686228,0.3351035,0.8650087,-1.163067,1.662364,-8.017846,0.1170339,0.8144642,0.8706497,-1.199304,7.549201,-10.391,0.6872803,0.3479795,0.8524734,-1.13341,44.76984,-15.41309,91.35146,0.3795796,0.8296182,-1.127131,13.80174,37.04561,-8.418369,0.3868173,0.8013335,-1.12031,7.319066,-2.356465E-06,0,0.3445157,0.843869,-1.142625,0,-14.88062,1.250075,0.3552604,0.7964743,-1.116991,28.8629,23.56093,-7.174878,0.3751401,0.755685,-1.122159,24.31059,2.861468E-05,0,0.3952845,0.7378637,-1.130285,16.22062,2.049565E-05,0,0.3409867,0.8398761,-1.151823,0,1.088065E-07,0,0.3468837,0.7883101,-1.138774,26.50511,13.66133,-1.958147,0.3664727,0.7463633,-1.146181,26.55858,1.563648E-06,0,0.3890849,0.7277641,-1.156132,17.72341,-3.463171E-06,0,0.337181,0.8371997,-1.161679,3.069245,14.87364,-2.900768,0.3405392,0.7860634,-1.16241,24.34812,-0.07214468,-1.579791,0.3601794,0.7474584,-1.168863,26.5866,-9.165604E-06,0,0.3821242,0.7311608,-1.175966,17.74211,-6.56125E-06,0,0.3336482,0.8371463,-1.17073,7.703165,29.67834,-7.043752,0.3351674,0.7910066,-1.184068,23.50913,-3.561631,-8.705743,0.3502976,0.7608992,-1.195035,20.60316,-7.447802E-05,0,0.3661975,0.7467146,-1.201522,13.74369,-4.735181E-05,0,0.8089671,0.8580875,-1.167453,37.27914,-13.41278,79.8559,0.7833012,0.8313498,-1.153788,14.49553,32.93029,-8.000179,0.7785851,0.8020449,-1.149557,8.086725,-1.605952E-05,0,0.810181,0.8494903,-1.177229,0,-14.88068,1.249918,0.8058857,0.8020732,-1.149807,21.38436,28.03293,3.275066,0.7912374,0.7588553,-1.151624,22.4852,-2.497803E-05,0,0.7735397,0.7376346,-1.156713,15.00085,-2.479656E-05,0,0.8114525,0.8455046,-1.187002,0,-6.987797E-06,0,0.8089129,0.7939262,-1.172954,22.91125,16.48177,-1.644134,0.7912784,0.7506867,-1.177138,27.69505,0.0003032114,0,0.7680323,0.7309898,-1.182422,18.48344,0.0001945865,0,0.8128353,0.842836,-1.197478,3.069245,14.87368,-2.900701,0.8095156,0.7916919,-1.197421,16.71902,4.125145,-9.230162,0.794633,0.7507331,-1.201734,27.37206,1.02789E-05,0,0.7739033,0.7316197,-1.203343,18.26742,-6.607638E-06,0,0.8141361,0.8427899,-1.207107,7.703165,29.67842,-7.04378,0.8096218,0.7966457,-1.219732,17.82019,-9.171621,-20.20588,0.7954304,0.764405,-1.223576,23.0794,7.8297E-07,0,0.7796761,0.7486945,-1.222535,15.39786,-4.462604E-06,0,start
400,0.5609666,0.9256796,-1.141739,2.673495,1.722284,2.038361,0.5532433,1.284395,-1.189517,-0.3544303,0.002520463,3.355905,0.5534595,1.593361,-1.187775,-0.166689,-0.2506722,2.360491,0.4809687,0.9234097,-1.138782,1.530079,1.056397,-3.440142,0.4863385,0.4974938,-1.107203,13.23746,0.03445779,-0.1426525,0.481428,0.07459879,-1.173623,9.423041,0.3187049,-8.727714,0.6409644,0.9279495,-1.144697,-1.954746,-1.652464,-1.026792,0.6409674,0.5008704,-1.138885,6.779457,-0.02409286,0,0.6404668,0.07510832,-1.183633,5.609793,-0.3733027,-7.917652,0.4848602,1.40723,-1.165784,-17.75988,-1.984248,2.305966,0.3560424,1.402822,-1.198896,-17.14353,18.82254,-61.86755,0.3245072,1.146706,-1.199884,12.1519,-6.76374E-05,-28.12828,0.6238321,1.407287,-1.173933,-17.13691,-0.138184,1.210469,0.7484884,1.40726,-1.220523,-5.539694,10.07997,-35.12728,0.7848818,1.151912,-1.228512,8.049594,-0.0001080304,-8.792854,0.3350804,0.8653696,-1.1614,1.924476,-7.528369,0.1266688,0.8144701,0.8708676,-1.198823,7.62012,-10.42611,0.6963314,0.3479903,0.8528787,-1.131739,44.76435,-15.42879,91.13518,0.3796904,0.8301693,-1.125435,13.61386,36.92539,-8.278252,0.3871388,0.8019331,-1.118639,7.231665,4.863318E-06,0,0.344574,0.8442631,-1.140961,0,-14.88063,1.249918,0.3555176,0.7969055,-1.115343,28.87161,23.54679,-7.268765,0.3756012,0.756216,-1.12051,24.28528,-0.000109557,0,0.3958415,0.7384894,-1.128604,16.2037,-8.196211E-05,0,0.3410711,0.8402586,-1.150164,0,-2.621576E-06,0,0.3471966,0.7887137,-1.137137,26.54499,13.65261,-2.272192,0.3670141,0.7468767,-1.144557,26.50423,1.873316E-06,0,0.389749,0.7283845,-1.154427,17.68706,-4.039328E-07,0,0.3372858,0.8375698,-1.160025,3.069245,14.87364,-2.900701,0.3408818,0.78645,-1.16078,24.40811,-0.1242991,-1.744619,0.3607571,0.7479621,-1.167212,26.45074,8.91611E-07,0,0.3827807,0.73174,-1.174244,17.65131,-2.526213E-06,0,0.3337606,0.8375047,-1.169079,7.703139,29.67835,-7.043752,0.3355047,0.7913796,-1.182439,23.72246,-3.651876,-8.845978,0.3509117,0.761402,-1.193376,20.1343,-6.555568E-05,0,0.3668234,0.7472146,-1.199829,13.43053,-5.221102E-05,0,0.8089209,0.8584411,-1.166928,37.27861,-13.40855,79.86209,0.7832003,0.8317958,-1.153186,14.49472,32.94802,-8.003491,0.7784457,0.8025136,-1.148842,8.084613,-1.674489E-05,0,0.8101318,0.849803,-1.176669,0,-14.88068,1.249762,0.8057357,0.8025025,-1.149062,21.38367,28.02037,3.241115,0.7910204,0.7593005,-1.150712,22.52851,-4.157518E-05,0,0.773277,0.7381012,-1.15573,15.0298,-4.542712E-05,0,0.8114072,0.8457764,-1.186424,0,-7.461007E-06,0,0.8087742,0.7942585,-1.172173,22.91527,16.47496,-1.660833,0.7910737,0.7510308,-1.176198,27.82326,4.615851E-05,0,0.7677571,0.7314035,-1.18143,18.5692,2.930852E-05,0,0.8127968,0.843064,-1.196888,3.069245,14.87368,-2.900701,0.8093988,0.7919256,-1.19663,16.66066,4.12149,-9.236695,0.7944992,0.750957,-1.200789,27.6306,7.441963E-06,0,0.7736749,0.7319406,-1.202325,18.44034,-2.858172E-07,0,0.8141075,0.8429774,-1.206515,7.703191,29.67842,-7.043752,0.8095356,0.7967901,-1.218961,17.7886,-9.169776,-20.22909,0.7953166,0.7645484,-1.222693,23.16289,9.917112E-06,0,0.7795258,0.7488788,-1.221592,15.45365,2.124127E-06,0,start
433,0.5607439,0.9257883,-1.14208,2.632844,1.739163,2.089847,0.5528559,1.284533,-1.189627,-0.3856296,0.02856959,3.382982,0.5529018,1.5935,-1.187752,-0.2065338,-0.2211876,2.368768,0.4807492,0.9234961,-1.139051,1.535951,1.054358,-3.432735,0.4862721,0.4975635,-1.107726,13.13334,0.0329538,-0.1282043,0.4815227,0.07458523,-1.173625,9.340267,0.2463816,-8.723887,0.6407385,0.9280806,-1.145109,-1.83824,-1.669994,-1.028696,0.6407564,0.5010097,-1.138717,6.872524,-0.0241782,0,0.6402152,0.07525951,-1.183577,5.569226,-0.4469306,-7.936051,0.4844277,1.407325,-1.165794,-17.71797,-2.024287,2.293455,0.3555755,1.402782,-1.198754,-17.58394,19.40619,-60.66001,0.3217754,1.146963,-1.200981,13.96829,-6.622924E-05,-27.62081,0.6233957,1.40745,-1.174008,-17.15053,-0.1466934,1.224613,0.748019,1.407485,-1.220687,-5.591912,10.18455,-35.30072,0.7848446,1.152202,-1.228731,8.447409,-0.0001084373,-8.922379,0.3358307,0.8665662,-1.157127,1.850443,-6.445502,0.1027921,0.8142752,0.8713368,-1.197237,7.691513,-10.40348,0.7010924,0.3486096,0.8541934,-1.127359,44.78304,-15.50495,90.74958,0.3804047,0.8317003,-1.120765,13.62204,36.71819,-8.243979,0.388084,0.8035147,-1.114017,7.255852,-3.499897E-06,0,0.3453026,0.8455446,-1.136591,0,-14.88062,1.249918,0.3563337,0.7982884,-1.110823,28.81571,23.51702,-7.521544,0.3766581,0.7576886,-1.115747,24.49838,-8.964081E-06,0,0.3971239,0.7401317,-1.123642,16.34613,-1.111395E-05,0,0.3418835,0.8415063,-1.145811,0,2.175218E-06,0,0.3482043,0.7900165,-1.132659,26.50358,13.63319,-2.571464,0.3682819,0.7482637,-1.13985,26.78355,3.371878E-05,0,0.3912871,0.7299891,-1.149497,17.87386,3.146611E-05,0,0.3381793,0.8387812,-1.155692,3.069245,14.87364,-2.900701,0.3420608,0.7876807,-1.15634,24.44381,0.009093259,-2.076788,0.3621797,0.7493044,-1.162681,26.2747,2.560395E-05,0,0.3843036,0.733134,-1.169514,17.53361,9.333929E-06,0,0.3347155,0.8386824,-1.164769,7.703139,29.67834,-7.04378,0.3368024,0.7925465,-1.178043,23.83663,-3.718208,-9.049652,0.3525181,0.7626639,-1.188799,19.83043,0.0001004142,0,0.3685085,0.7484908,-1.195086,13.22765,7.461385E-05,0,0.8086647,0.8591035,-1.165278,37.28156,-13.40323,79.85545,0.782882,0.8325787,-1.15142,14.47447,32.98197,-7.999197,0.7780903,0.8033279,-1.146908,8.070249,-2.05047E-05,0,0.8098744,0.8504075,-1.174967,0,-14.88068,1.250075,0.8053666,0.8032741,-1.147093,21.39174,28.01357,3.247813,0.7905774,0.7600892,-1.14851,22.53658,-2.557142E-05,0,0.772801,0.7388944,-1.153431,15.03519,-1.534477E-05,0,0.811156,0.8463225,-1.184697,0,-7.569598E-06,0,0.8084218,0.794892,-1.170152,22.92837,16.46748,-1.695352,0.7906465,0.7516742,-1.173947,27.96303,2.932365E-05,0,0.7672519,0.7321181,-1.179098,18.6627,2.03146E-05,0,0.8125548,0.8435475,-1.195143,3.069245,14.87368,-2.900701,0.8090743,0.792417,-1.194595,16.62365,4.108892,-9.296502,0.7941394,0.7514386,-1.198524,27.87331,3.265965E-06,0,0.7732182,0.7325199,-1.199945,18.60265,2.513541E-06,0,0.8138778,0.8434033,-1.204769,7.703165,29.67842,-7.043752,0.8092479,0.7971523,-1.216954,17.76406,-9.177244,-20.24423,0.7949955,0.7649059,-1.220513,23.22452,2.08765E-06,0,0.7791702,0.7492772,-1.21933,15.49485,2.711506E-06,0,start
467,0.5606298,0.9259436,-1.142501,2.58134,1.755749,2.078296,0.5525423,1.284727,-1.189767,-0.4215088,0.08396292,3.395748,0.5523026,1.593693,-1.187771,-0.2804634,-0.2387076,2.391793,0.4806353,0.9236248,-1.139489,1.537988,1.069633,-3.415353,0.4861661,0.4976656,-1.108529,12.97555,0.03171186,-0.1219466,0.4815959,0.07456288,-1.173638,9.22309,0.1889179,-8.654352,0.6406243,0.9282624,-1.145512,-1.760475,-1.70056,-1.016448,0.6405624,0.5011946,-1.138919,6.865471,-0.0240597,0,0.6399446,0.07541797,-1.183527,5.475611,-0.5387878,-8.001431,0.4840004,1.407438,-1.165843,-17.74943,-2.075083,2.349687,0.3551678,1.402673,-1.198848,-19.34839,21.33234,-60.39356,0.3176148,1.147393,-1.202403,17.08591,-8.119951E-05,-28.8414,0.6229664,1.407702,-1.174088,-17.12757,-0.1625359,1.216757,0.7475982,1.40785,-1.220743,-5.781572,10.42128,-35.44872,0.7852845,1.15271,-1.229343,9.318568,-0.0001020146,-8.997328,0.3390202,0.8689517,-1.149912,1.140896,-4.731233,0.04845664,0.8143388,0.8722196,-1.19436,7.722657,-10.29435,0.6966124,0.351329,0.856849,-1.119837,44.8519,-15.57309,90.26975,0.3831937,0.83469,-1.112491,13.56013,36.76369,-8.214178,0.3909936,0.8065866,-1.105541,7.218794,-4.249944E-05,0,0.3482613,0.848122,-1.129077,0,-14.88065,1.249918,0.3591596,0.8011011,-1.102827,28.71891,23.5019,-7.89844,0.3798321,0.7606012,-1.10708,24.88663,-7.274415E-05,0,0.4006926,0.7432819,-1.114449,16.60565,-6.407331E-05,0,0.3450468,0.8440046,-1.138336,0,-1.042873E-05,0,0.3515049,0.7926414,-1.124763,26.44687,13.68248,-2.783334,0.3719739,0.7509783,-1.131345,27.171,-2.061769E-05,0,0.3953989,0.7329697,-1.140468,18.13296,-2.633656E-05,0,0.3415498,0.8411942,-1.148268,3.069181,14.87365,-2.900633,0.345826,0.7901218,-1.14854,24.76782,0.01678152,-2.482228,0.3665513,0.7519845,-1.154349,24.9681,-1.083273E-05,0,0.3886732,0.7355472,-1.160519,16.66009,-1.215079E-05,0,0.3382582,0.8410164,-1.157409,7.703165,29.67836,-7.043752,0.3409406,0.7948217,-1.170367,23.61627,-3.653644,-9.253935,0.3569534,0.7649369,-1.180669,20.42646,-6.936063E-05,0,0.3732634,0.7509502,-1.186539,13.62566,-6.358416E-05,0,0.8085936,0.8603159,-1.162301,37.2875,-13.39608,79.81042,0.7827234,0.8339631,-1.148279,14.41088,33.02354,-7.971763,0.7778918,0.8047649,-1.143478,8.031184,-2.004132E-05,0,0.8098288,0.8515211,-1.171897,0,-14.88068,1.250231,0.8051586,0.8046766,-1.143567,21.41656,28.00684,3.244013,0.7903042,0.7615033,-1.144605,22.48667,-2.469671E-06,0,0.7725289,0.7402725,-1.149372,15.00184,-5.112537E-06,0,0.8111418,0.8473368,-1.181581,0,-3.950685E-06,0,0.8082897,0.7960588,-1.166529,22.95803,16.46018,-1.753458,0.7904533,0.7528354,-1.169955,28.07371,2.625644E-05,0,0.7670043,0.7333148,-1.174992,18.73671,8.400687E-06,0,0.8125762,0.8444549,-1.191994,3.069245,14.87368,-2.900633,0.8090307,0.7933367,-1.190943,16.61268,4.102679,-9.347838,0.7940672,0.7523355,-1.19451,28.07166,4.795686E-06,0,0.7730663,0.7334957,-1.195795,18.73535,-5.15713E-06,0,0.8139352,0.8442121,-1.201612,7.703165,29.67842,-7.043725,0.8092938,0.7978462,-1.213347,17.74405,-9.209002,-20.30351,0.7950259,0.7655758,-1.216616,23.25533,-7.38992E-07,0,0.7791777,0.7499801,-1.215311,15.51541,-1.241746E-05,0,start
500,0.5605793,0.9261531,-1.143008,2.518317,1.754102,2.009545,0.5524215,1.284988,-1.18995,-0.4588492,0.1300751,3.388476,0.5519664,1.593952,-1.187827,-0.3571801,-0.277398,2.436707,0.4805813,0.923829,-1.140095,1.528671,1.077173,-3.413919,0.4860272,0.4978294,-1.10968,12.7512,0.03394459,-0.1186941,0.4816318,0.07455742,-1.173692,9.064599,0.1503088,-8.545115,0.6405773,0.9284772,-1.145922,-1.69489,-1.721513,-0.9885356,0.6403798,0.5014095,-1.13932,6.796071,-0.02014734,0,0.639704,0.07557845,-1.183403,5.34819,-0.6256503,-8.101473,0.4837778,1.407627,-1.165955,-17.83545,-2.046702,2.497243,0.3550008,1.402848,-1.199174,-21.14047,23.26713,-60.17631,0.313266,1.148237,-1.203842,20.872,-6.850337E-05,-30.88885,0.6227447,1.408009,-1.174181,-17.09593,-0.1837318,1.188938,0.7474082,1.408238,-1.220752,-6.322543,10.96388,-35.91159,0.7865583,1.153371,-1.230793,10.96004,-0.0001071326,-9.172048,0.3440077,0.8729421,-1.140509,0,-3.111171,0,0.8144462,0.8735822,-1.189764,7.489307,-10.07347,0.6608641,0.3554544,0.8614644,-1.109855,44.83142,-15.66676,89.93819,0.3873169,0.8398424,-1.101043,13.56367,36.41001,-8.149289,0.3954006,0.8119684,-1.093519,7.254202,1.484184E-06,0,0.3528,0.8525567,-1.11905,0,-14.88064,1.249918,0.3633819,0.8060905,-1.091706,28.62644,23.50596,-8.162626,0.3846158,0.765761,-1.094592,25.29953,-0.0008263803,0,0.4060253,0.7487256,-1.100984,16.88163,-0.0005795581,0,0.3499444,0.8482556,-1.128343,0,-5.734365E-06,0,0.3565619,0.797195,-1.113744,26.47322,13.68619,-3.008888,0.3777505,0.7557024,-1.118991,27.35241,1.46206E-05,0,0.4017559,0.737942,-1.127027,18.25428,1.270564E-05,0,0.3468131,0.8452473,-1.138339,3.069309,14.87364,-2.900701,0.3517065,0.7942343,-1.137653,24.0945,0.4810772,-2.459572,0.3725425,0.7560072,-1.142373,27.03243,1.464096E-05,0,0.3953752,0.7403078,-1.147835,18.04029,1.462067E-05,0,0.3438294,0.844886,-1.147579,7.703165,29.67835,-7.043752,0.3474931,0.7985319,-1.159701,23.55105,-3.721949,-9.375133,0.3641708,0.7686646,-1.168945,20.61765,-1.396507E-05,0,0.3808719,0.7548214,-1.173998,13.75336,-1.510567E-05,0,0.8084231,0.8622226,-1.15756,37.30459,-13.3955,79.75013,0.7824551,0.8360789,-1.143328,14.36305,33.11196,-7.963139,0.7776522,0.8069557,-1.138065,7.996473,-6.54066E-06,0,0.8097599,0.8532661,-1.166991,0,-14.88068,1.250075,0.8048981,0.8069084,-1.137902,21.36251,27.99032,3.156535,0.7901475,0.7636889,-1.138307,22.72274,-4.825569E-05,0,0.7723761,0.7424122,-1.142879,15.15954,-3.05906E-05,0,0.8111684,0.8489178,-1.176589,0,-6.207052E-06,0,0.8082539,0.7979019,-1.160682,22.93295,16.44808,-1.849914,0.7905293,0.7545894,-1.163513,28.45217,0.0001364333,0,0.7670325,0.7350955,-1.168428,18.98987,8.026419E-05,0,0.8127033,0.8458595,-1.186936,3.069245,14.87368,-2.900701,0.8092243,0.7947612,-1.185037,16.50797,4.082107,-9.482781,0.7944277,0.7536522,-1.18801,28.65833,3.025714E-06,0,0.7733084,0.7349326,-1.189097,19.12782,5.937954E-06,0,0.8141512,0.8454534,-1.196536,7.703139,29.67842,-7.04378,0.8096875,0.7988848,-1.207513,17.59755,-9.263807,-20.43913,0.7955795,0.7665012,-1.210323,23.58082,-5.925481E-06,0,0.7797068,0.7509484,-1.208817,15.73292,-3.70378E-06,0,start
533,0.5605089,0.9263868,-1.14373,2.450883,1.744199,1.904337,0.552404,1.285278,-1.190325,-0.4977152,0.1501485,3.36982,0.5518906,1.594241,-1.188062,-0.4302385,-0.3334786,2.486797,0.4805055,0.9240667,-1.140966,1.520971,1.079734,-3.429883,0.4858353,0.4980253,-1.111122,12.48007,0.01301912,-0.1153499,0.4818151,0.07454062,-1.173737,8.866097,0.1049363,-8.407796,0.6405123,0.928707,-1.146493,-1.67923,-1.728312,-0.9369085,0.6402166,0.5016333,-1.140301,6.611651,-0.02387152,0,0.6394874,0.0757038,-1.183422,5.184591,-0.6803852,-8.199823,0.4837098,1.407877,-1.166269,-17.93081,-2.053857,2.727424,0.3550014,1.403062,-1.199748,-22.88892,25.18682,-59.79353,0.308799,1.149239,-1.205236,25.04173,-0.000143924,-33.12176,0.6226792,1.408313,-1.174449,-17.07339,-0.1278524,1.167346,0.7473762,1.408746,-1.220928,-7.302427,11.80614,-36.31464,0.7888044,1.154376,-1.233964,13.79905,-0.0001171358,-8.672151,0.3497333,0.8784192,-1.129578,-1.148247,-2.327636,-0.02797646,0.8144646,0.8760005,-1.183054,7.112209,-9.988014,0.6221254,0.3602538,0.8682252,-1.098147,44.8031,-15.72878,90.07993,0.3922292,0.8476825,-1.087381,13.81349,36.17592,-8.25771,0.4007279,0.8202755,-1.078688,7.409389,-2.294841E-05,0,0.3581579,0.8589613,-1.107133,0,-14.88064,1.249762,0.368739,0.813679,-1.07787,28.5336,23.57371,-8.061194,0.3909068,0.7737577,-1.078615,25.91506,-0.0006601091,0,0.4130472,0.7572377,-1.083745,17.29314,-0.0004579769,0,0.3557598,0.8542923,-1.116377,0,-8.138672E-06,0,0.3629744,0.8039085,-1.099838,26.42562,13.75333,-2.660357,0.3852388,0.7627639,-1.102928,28.03182,-2.210519E-05,0,0.4100668,0.7456008,-1.109657,18.70869,-2.988667E-05,0,0.3530839,0.8508853,-1.126378,3.069245,14.87364,-2.900768,0.359109,0.8000543,-1.123801,23.82746,0.4789062,-2.412651,0.3808069,0.7621047,-1.1264,28.53856,-3.213034E-05,0,0.4044977,0.7473051,-1.130566,19.0477,-3.228268E-05,0,0.350466,0.8501514,-1.135706,7.703191,29.67835,-7.043752,0.355648,0.8035284,-1.146123,23.22184,-3.61248,-9.230716,0.3731597,0.773688,-1.153774,21.69928,0.0001625022,0,0.3905321,0.7603227,-1.157732,14.47581,9.865029E-05,0,0.8077334,0.8656759,-1.150641,37.33456,-13.40923,79.74023,0.7814881,0.8399509,-1.136158,14.42583,33.25935,-8.03006,0.7766874,0.810986,-1.130082,8.017509,-3.025888E-06,0,0.8093036,0.8564216,-1.159743,0,-14.88066,1.250075,0.8038782,0.8110198,-1.129279,21.34368,27.99025,3.091235,0.7892435,0.7677643,-1.128607,22.89742,1.896607E-05,0,0.7715686,0.7463505,-1.132905,15.27629,5.690201E-06,0,0.8109396,0.8517679,-1.16916,0,1.258379E-06,0,0.807771,0.8012875,-1.151672,22.91644,16.46254,-2.006719,0.7902215,0.7578501,-1.153501,28.96614,0.0001360663,0,0.7667131,0.7383492,-1.158332,19.33373,9.604093E-05,0,0.8127161,0.8483794,-1.179365,3.069245,14.87368,-2.900701,0.8093026,0.7973601,-1.175884,16.43545,4.125668,-9.614722,0.7947208,0.7561153,-1.177876,29.36371,1.741449E-05,0,0.7734665,0.7375405,-1.178804,19.59973,4.513447E-06,0,0.8143832,0.8476658,-1.188911,7.703165,29.67841,-7.043752,0.8102688,0.8007527,-1.198466,17.41303,-9.20759,-20.57034,0.796402,0.7682118,-1.200571,24.14255,-3.341268E-06,0,0.7804444,0.752768,-1.198856,16.10834,4.539946E-06,0,start
567,0.5604521,0.9265616,-1.144612,2.386139,1.713523,1.787503,0.5525332,1.28551,-1.190861,-0.5410409,0.1514177,3.352929,0.5520734,1.594471,-1.188433,-0.4985009,-0.4003705,2.514817,0.4804421,0.9242741,-1.142017,1.557208,1.056946,-3.496592,0.4856977,0.4982155,-1.112406,12.26622,0.01338683,-0.1083524,0.4818296,0.07453433,-1.173686,8.683377,0.09371624,-8.306927,0.6404621,0.928849,-1.147208,-1.719422,-1.707081,-0.8527163,0.6401111,0.5017644,-1.14183,6.291674,-0.02034785,0,0.6394217,0.07567909,-1.183385,4.97122,-0.6805264,-8.269423,0.4838295,1.40809,-1.166733,-18.00374,-2.038252,2.990746,0.3551725,1.403335,-1.200417,-23.74647,26.26548,-59.30929,0.3056469,1.150137,-1.205781,28.80021,-5.524589E-05,-34.90356,0.6228013,1.408534,-1.174871,-17.07634,0.08208459,1.169188,0.7475085,1.409493,-1.221316,-8.55777,12.73651,-36.34655,0.7918345,1.155881,-1.238831,18.14576,-0.0001095851,-6.474144,0.3560572,0.8846375,-1.117964,-1.568977,-2.673307,-0.03956468,0.8137769,0.880401,-1.172708,6.376152,-9.881714,0.5517841,0.365941,0.8763663,-1.085771,44.77495,-15.7062,90.06879,0.398302,0.8576163,-1.07306,13.50667,36.0463,-8.04513,0.4076253,0.8310689,-1.062704,7.258014,-1.669093E-05,0,0.3644899,0.866612,-1.094356,0,-14.88064,1.249762,0.3758403,0.8232191,-1.062622,28.64216,23.6422,-7.85438,0.3995612,0.7842341,-1.060844,26.09392,-0.0002452423,0,0.4225048,0.7684628,-1.064624,17.41272,-0.0001665603,0,0.3625701,0.8614196,-1.103431,0,-6.131938E-06,0,0.3711621,0.8121997,-1.084256,26.65317,13.74675,-2.381952,0.3952103,0.7719557,-1.084733,27.9611,1.003454E-05,0,0.4208905,0.7555429,-1.089969,18.66141,1.117249E-05,0,0.3603492,0.8574401,-1.113331,3.069309,14.87364,-2.900633,0.3682196,0.8070662,-1.108109,24.1462,0.5758455,-2.12274,0.3916044,0.7700416,-1.108335,28.35967,2.416291E-05,0,0.4159754,0.7560565,-1.111183,18.92799,1.421604E-05,0,0.3580628,0.8561626,-1.122688,7.703139,29.67834,-7.043752,0.3653491,0.8093407,-1.130669,23.62785,-3.751558,-9.441566,0.3844434,0.7800199,-1.136267,20.93475,8.711128E-05,0,0.4023536,0.7670643,-1.139001,13.96515,6.271798E-05,0,0.8056089,0.8716627,-1.14016,37.38651,-13.43456,79.70778,0.7788987,0.8464529,-1.12562,14.51423,33.50657,-8.133156,0.7741573,0.8177606,-1.118327,8.043103,-7.08328E-06,0,0.8076847,0.8619758,-1.148693,0,-14.88068,1.249762,0.801207,0.8181227,-1.116231,21.26663,27.96364,2.941712,0.7869582,0.7747914,-1.113987,23.34914,-0.0002454361,0,0.7695438,0.7531199,-1.118051,15.57811,-0.0001870352,0,0.8098027,0.8568681,-1.157772,0,-8.619199E-06,0,0.8062347,0.8073091,-1.13789,22.89264,16.46093,-2.331122,0.7891717,0.7636419,-1.138303,29.84239,-2.379243E-05,0,0.7657834,0.7440286,-1.143261,19.92008,-2.562624E-05,0,0.8120876,0.8529855,-1.167696,3.069245,14.87368,-2.900701,0.8089411,0.8021747,-1.161771,16.35659,4.136207,-9.919704,0.7948731,0.7607077,-1.162323,30.54464,6.993872E-06,0,0.7734815,0.7422901,-1.163231,20.39004,-3.09295E-06,0,0.8142097,0.8518063,-1.177105,7.703165,29.67842,-7.043752,0.8109446,0.8044271,-1.184426,16.7611,-9.202148,-20.81842,0.797833,0.7715239,-1.185474,26.00307,-9.50271E-06,0,0.7816464,0.756352,-1.183498,17.35196,-1.573528E-05,0,start
600,0.5603949,0.9266781,-1.145551,2.339754,1.694189,1.67035,0.5526261,1.285669,-1.19147,-0.6026341,0.1504982,3.331606,0.5522209,1.594627,-1.188783,-0.5740312,-0.4561208,2.527627,0.4803792,0.9244087,-1.143122,1.606812,1.041734,-3.582226,0.4855903,0.4983498,-1.113507,12.11598,0.02825831,-0.1008706,0.4817215,0.07450879,-1.173672,8.533638,0.09158383,-8.225667,0.6404107,0.9289474,-1.14798,-1.748317,-1.69678,-0.733287,0.6400113,0.5018558,-1.143192,6.032929,-0.02040678,0,0.6393035,0.07564244,-1.183412,4.800324,-0.6713074,-8.306147,0.4839158,1.408224,-1.167235,-18.01398,-2.20459,3.198125,0.3552921,1.403122,-1.200996,-23.90281,26.78248,-58.62017,0.3038617,1.150288,-1.205508,31.88703,-0.0001260359,-35.88105,0.6228907,1.408674,-1.175321,-17.09848,0.4160306,1.19534,0.7475921,1.410456,-1.221757,-10.28306,13.97356,-36.60376,0.795854,1.158044,-1.2452,24.04442,-0.0001000792,-4.453686,0.3622035,0.890402,-1.106518,-1.259898,-3.378175,-0.03426402,0.8118709,0.8877946,-1.158877,4.882908,-10.86391,0.464781,0.3718022,0.8841707,-1.073784,44.73814,-15.65979,89.67327,0.4046952,0.8675197,-1.059601,12.54685,35.81756,-7.420397,0.4151542,0.8421229,-1.047579,6.764918,3.055516E-06,0,0.3709586,0.873953,-1.081898,0,-14.88063,1.249918,0.3835962,0.8327225,-1.047852,28.89378,23.63375,-7.832558,0.4091282,0.7950736,-1.043809,25.77184,-0.0001212327,0,0.4327914,0.7801498,-1.046408,17.19737,-7.671252E-05,0,0.3694535,0.8682417,-1.090737,0,-1.901451E-06,0,0.379846,0.8204587,-1.068991,26.98533,13.65895,-2.337494,0.405895,0.7815238,-1.067079,27.51436,1.944897E-05,0,0.432353,0.7660068,-1.071011,18.36257,1.824117E-05,0,0.36761,0.8636866,-1.100465,3.069181,14.87364,-2.900701,0.3776115,0.814038,-1.092608,24.7855,0.5148093,-2.096952,0.4030209,0.7784252,-1.090657,26.79685,4.64322E-05,0,0.4278416,0.7650471,-1.09227,17.88276,3.591959E-05,0,0.3655698,0.8618511,-1.109786,7.703139,29.67834,-7.043725,0.375093,0.8150754,-1.1153,24.47017,-3.916986,-9.80223,0.3960126,0.7867212,-1.119049,18.77275,5.598424E-05,0,0.4142474,0.7740518,-1.120803,12.52138,3.770848E-05,0,0.8022073,0.8819639,-1.126089,37.38622,-13.4759,79.82071,0.775103,0.8577923,-1.11055,14.79825,33.46385,-8.287995,0.7703402,0.8297975,-1.10093,8.203558,-7.926279E-06,0,0.8048142,0.8715663,-1.133575,0,-14.88067,1.249918,0.7972501,0.8307941,-1.097531,21.07407,27.98282,2.818903,0.7835323,0.7875986,-1.091906,24.55663,-0.0003678979,0,0.7662581,0.7656598,-1.095023,16.38506,-0.0002478902,0,0.807437,0.8656781,-1.142029,0,-4.276218E-06,0,0.8034663,0.8181121,-1.117824,22.95018,16.4925,-2.762438,0.7869227,0.7743319,-1.115043,31.27493,2.8807E-06,0,0.7635439,0.7545809,-1.119471,20.87889,-1.054195E-05,0,0.8102541,0.8609343,-1.151428,3.069245,14.87368,-2.900701,0.807408,0.8108422,-1.140967,16.54005,4.245014,-9.994283,0.7937593,0.7693071,-1.138462,31.9753,2.367814E-05,0,0.7721494,0.7511272,-1.138828,21.3478,2.380731E-05,0,0.8128518,0.8589271,-1.160573,7.703165,29.67841,-7.04378,0.8105017,0.8110282,-1.163612,16.50241,-9.116743,-21.03966,0.7979939,0.7779021,-1.162253,27.71306,1.215208E-05,0,0.7815455,0.7631313,-1.159538,18.49547,9.537689E-06,0,start
633,0.5602957,0.9267727,-1.144976,2.315959,1.664007,1.56648,0.5526395,1.285788,-1.190573,-0.6929511,0.1754776,3.287178,0.5521362,1.594742,-1.187486,-0.6632286,-0.4983603,2.562619,0.4802746,0.9245384,-1.142695,1.509477,0.9915259,-3.653984,0.4855936,0.4984177,-1.114003,11.947,0.04596253,-0.08846933,0.4818578,0.0745281,-1.173833,8.48288,0.04845987,-8.142445,0.6403168,0.9290069,-1.147258,-1.887304,-1.652989,-0.6045791,0.6400126,0.5019031,-1.143714,5.795218,-0.03886374,0,0.6392714,0.07564023,-1.183405,4.730689,-0.6707604,-8.327065,0.4838579,1.408275,-1.166199,-17.89186,-2.53116,3.268064,0.3552237,1.40241,-1.199795,-23.48881,26.99342,-57.91009,0.3030914,1.149694,-1.202542,34.32212,-5.181327E-05,-36.1599,0.6228389,1.408797,-1.174176,-17.1988,0.9812441,1.230829,0.7474753,1.412021,-1.220708,-12.22802,15.35908,-36.8602,0.8009809,1.16142,-1.251153,31.40215,-0.0001026822,-4.379493,0.3680956,0.8954672,-1.093518,-0.3800071,-3.843395,0,0.8092178,0.8999543,-1.140199,4.035268,-12.84566,0.453703,0.3778231,0.8910601,-1.060527,44.81132,-15.68325,89.06319,0.4113937,0.8765664,-1.045584,11.56492,36.05273,-6.867185,0.4229354,0.8523131,-1.032261,6.219305,-2.171578E-05,0,0.377475,0.8804818,-1.068204,0,-14.88065,1.250075,0.3918065,0.8413346,-1.032414,29.13867,23.58957,-8.01981,0.4191285,0.8051751,-1.026787,25.19078,-2.366044E-05,0,0.4433826,0.7911082,-1.0286,16.80892,-1.63802E-05,0,0.3762664,0.8743411,-1.076797,0,-1.52275E-05,0,0.3887031,0.8280343,-1.053025,27.34382,13.5128,-2.472985,0.4167165,0.7906134,-1.049414,26.85753,1.814565E-05,0,0.4438156,0.7760383,-1.052492,17.92332,2.161834E-05,0,0.3746718,0.8693017,-1.086328,3.069245,14.87364,-2.900701,0.3868618,0.8205301,-1.076354,25.0087,0.3865272,-2.3249,0.4139857,0.7863349,-1.07279,26.15395,3.460421E-05,0,0.4393181,0.7738764,-1.073626,17.45287,3.136879E-05,0,0.3727565,0.8669849,-1.095568,7.703139,29.67834,-7.043752,0.3843974,0.8204957,-1.099076,24.54788,-3.880773,-10.04996,0.4066204,0.793011,-1.1016,18.48188,-7.51279E-06,0,0.4253679,0.7810413,-1.102765,12.32722,-9.010452E-06,0,0.7986715,0.8985065,-1.107196,37.35923,-13.58236,80.25877,0.7708166,0.8769269,-1.089342,15.72216,33.18629,-8.759549,0.7653325,0.8503624,-1.076568,8.740331,-1.45911E-05,0,0.8012899,0.887201,-1.11322,0,-14.88067,1.249762,0.7921979,0.8514944,-1.072462,21.33713,28.08738,2.71195,0.777536,0.8095571,-1.061882,24.92932,3.830718E-07,0,0.7598333,0.7877595,-1.062835,16.63415,-1.47791E-05,0,0.8040206,0.8802429,-1.120779,0,-4.920915E-06,0,0.7986967,0.836233,-1.090797,23.57701,16.58789,-3.155481,0.7810016,0.7934917,-1.083168,31.67561,-4.629589E-05,0,0.7571299,0.7740223,-1.085881,21.14715,-4.798153E-05,0,0.8069869,0.8742958,-1.129417,3.069245,14.87368,-2.900701,0.8030785,0.8260019,-1.112709,17.40326,4.427012,-10.35117,0.7881488,0.7854486,-1.105619,32.17567,-8.541328E-06,0,0.7659618,0.7680165,-1.104397,21.48197,-4.065243E-06,0,0.8097721,0.8710977,-1.138159,7.703165,29.67841,-7.04378,0.8067212,0.8232396,-1.135102,16.89067,-9.004951,-21.25289,0.7934453,0.7907898,-1.129964,28.6228,4.44654E-06,0,0.7763935,0.7770713,-1.125825,19.10403,-4.422264E-07,0,start
667,0.5601506,0.9268346,-1.144366,2.311137,1.63927,1.493445,0.5524581,1.285858,-1.18956,-0.8400003,0.2413616,3.222457,0.5516413,1.594803,-1.185814,-0.8030819,-0.5479007,2.624505,0.4801258,0.9246305,-1.142188,1.398018,0.9505102,-3.682488,0.4855306,0.4984525,-1.114377,11.75879,0.0428994,-0.08156469,0.4820905,0.0744898,-1.173705,8.403216,-0.0201767,-8.046325,0.6401754,0.9290387,-1.146544,-1.974867,-1.613659,-0.4985009,0.6399798,0.5019294,-1.143712,5.706091,-0.06300945,0,0.6391525,0.0756709,-1.183448,4.73073,-0.6972144,-8.344356,0.4835095,1.408204,-1.16495,-17.6332,-2.929078,3.235977,0.3548165,1.401347,-1.19813,-22.70823,27.09614,-57.06315,0.3023245,1.148692,-1.198638,36.70003,-9.059976E-05,-35.91314,0.6224988,1.408904,-1.172766,-17.33487,1.679657,1.31522,0.747032,1.414014,-1.219405,-14.20114,16.89514,-36.5874,0.8072829,1.166006,-1.257519,40.10307,-0.0001025146,-4.094047,0.3737949,0.9009094,-1.07931,0.7947544,-3.762528,0.02797646,0.8072791,0.9184266,-1.118064,4.401219,-15.1871,0.5868416,0.3839605,0.8981408,-1.046272,44.92371,-15.88581,88.77243,0.4182703,0.8858244,-1.031057,11.64781,36.50817,-6.991874,0.4308345,0.8625314,-1.016968,6.226803,-1.566418E-05,0,0.384019,0.8872839,-1.053558,0,-14.88064,1.249762,0.4003339,0.8501351,-1.016509,29.3004,23.54937,-8.508308,0.4293551,0.8155032,-1.00987,24.64891,-0.0003953949,0,0.4541389,0.8023368,-1.011226,16.44674,-0.0002915873,0,0.3830156,0.8807861,-1.061911,0,-8.638603E-06,0,0.39766,0.8359671,-1.036595,27.53139,13.40286,-2.658443,0.4274523,0.8000745,-1.031877,26.64807,-2.198787E-05,0,0.4551582,0.7866114,-1.034597,17.78326,-1.63072E-05,0,0.3815709,0.8753366,-1.071238,3.069245,14.87364,-2.900701,0.3959711,0.8275414,-1.05962,24.92789,0.3274229,-2.511935,0.4245614,0.794692,-1.055011,26.41092,-9.877861E-06,0,0.4504524,0.7834246,-1.055589,17.62467,-6.231542E-06,0,0.3796884,0.872602,-1.08037,7.703165,29.67834,-7.04378,0.3933358,0.8265685,-1.082301,24.12016,-3.73459,-10.2455,0.4165178,0.7998279,-1.084083,19.61903,-3.559444E-05,0,0.4358978,0.788887,-1.084983,13.08646,-3.076662E-05,0,0.7955881,0.9222378,-1.085641,37.42601,-13.74115,80.78134,0.7663426,0.9045386,-1.065847,17.05723,33.21125,-9.53974,0.7595861,0.8801352,-1.049792,9.473553,-1.670945E-06,0,0.7979932,0.9100855,-1.089823,0,-14.88068,1.249918,0.7862475,0.8811464,-1.04462,21.84778,28.17961,2.484435,0.7694699,0.8417269,-1.0288,25.21015,-0.0003191579,0,0.7508466,0.8207299,-1.027486,16.82188,-0.0002163747,0,0.8007202,0.9019979,-1.096161,0,-1.025022E-05,0,0.7927963,0.8631304,-1.060235,24.38082,16.65864,-3.518363,0.7728256,0.8226831,-1.047455,32.1018,0.0001100043,0,0.7480601,0.8041973,-1.04856,21.43252,7.537335E-05,0,0.8037555,0.8947416,-1.103705,3.069245,14.87367,-2.900701,0.7975336,0.8496193,-1.08021,18.28356,4.526897,-10.82806,0.7803457,0.8111933,-1.068138,32.89835,1.452438E-05,0,0.7570762,0.7954085,-1.065491,21.96595,1.09488E-05,0,0.8067133,0.8901924,-1.111765,7.703139,29.67841,-7.04378,0.8018208,0.8434412,-1.101793,17.39085,-8.946304,-21.22202,0.7869432,0.8126329,-1.092566,29.99071,1.173678E-06,0,0.7688568,0.8007717,-1.087247,20.01931,-1.877228E-06,0,start
700,0.5598087,0.9268628,-1.144216,2.293028,1.662808,1.466871,0.5518584,1.285898,-1.18884,-1.031545,0.3124524,3.181308,0.5507109,1.59483,-1.184278,-1.029646,-0.6126217,2.681901,0.479784,0.9246236,-1.142075,1.391001,0.9366091,-3.66773,0.4854614,0.4984366,-1.114457,11.72188,0.08718615,-0.0656106,0.4820476,0.07445928,-1.173681,8.378948,-0.05385363,-7.952779,0.6398335,0.9291021,-1.146358,-2.01926,-1.617952,-0.450674,0.6397792,0.5019899,-1.143996,5.603361,-0.07741157,0,0.6389824,0.07570374,-1.183435,4.682785,-0.7196823,-8.37522,0.4827413,1.408076,-1.163872,-17.45627,-3.245246,3.205096,0.3540217,1.400432,-1.196776,-21.74708,27.17434,-56.26442,0.3008098,1.147935,-1.194659,39.58823,-8.145802E-05,-35.67268,0.6217353,1.408973,-1.171583,-17.44433,2.281337,1.452392,0.7461541,1.415791,-1.218309,-16.24193,18.8487,-35.68008,0.8146812,1.171308,-1.264382,50.06796,-0.0001002835,-1.939771,0.3797299,0.9086047,-1.063373,1.8818,-3.224954,0.05233916,0.8065087,0.9443251,-1.093634,4.833105,-18.05252,0.7679582,0.3903409,0.9075407,-1.030377,44.98352,-16.12999,88.26227,0.4253131,0.8974797,-1.015013,11.59413,36.75809,-6.999612,0.4390093,0.8752823,-1.000227,6.178062,1.729387E-05,0,0.3908119,0.8964294,-1.037252,0,-14.88059,1.249918,0.4091446,0.8614679,-0.9990373,29.31658,23.54889,-9.180271,0.4397596,0.8284384,-0.991458,24.58455,0.0001234518,-0.01978234,0.4651162,0.8163794,-0.9924821,16.40375,9.734768E-05,0,0.3900164,0.8895823,-1.045345,0,2.151088E-05,0,0.4069054,0.846446,-1.018547,27.65195,13.32492,-3.065032,0.4384035,0.8121921,-1.012832,26.62952,2.982246E-05,0,0.4667037,0.7999705,-1.015283,17.77085,2.818458E-05,0,0.3887232,0.8837253,-1.054445,3.069245,14.87365,-2.900701,0.4053637,0.8370891,-1.04122,24.89826,0.3190046,-2.781223,0.4354251,0.8057254,-1.03571,26.54884,7.290424E-05,0,0.4618132,0.795669,-1.036128,17.71692,6.934597E-05,0,0.3868732,0.8805667,-1.063446,7.703139,29.67834,-7.043752,0.4025466,0.8351434,-1.063817,23.76731,-3.58914,-10.43371,0.4267135,0.8092515,-1.064918,20.75443,0.0001052474,0,0.4466862,0.7994198,-1.065643,13.84471,8.43852E-05,0,0.7928846,0.9539745,-1.063241,37.45992,-13.82721,81.03767,0.7620097,0.9404914,-1.042618,17.83514,32.90373,-9.913973,0.7535946,0.9192469,-1.023207,9.937036,-1.272452E-05,0,0.7952582,0.9412441,-1.065046,0,-14.88071,1.249918,0.7799877,0.920935,-1.016331,22.57965,28.18841,2.373061,0.7609222,0.8851578,-0.9953029,25.52223,-3.950981E-05,0.02797646,0.7415526,0.8650819,-0.9919556,17.03051,-3.072129E-05,0,0.7981864,0.9321271,-1.069663,0,-3.468069E-05,0,0.7870784,0.900354,-1.028055,25.53914,16.57452,-3.844965,0.7646595,0.8632324,-1.010236,32.41574,-3.807046E-05,0,0.7392596,0.8455938,-1.010252,21.64273,-4.154054E-05,0,0.8015183,0.9236101,-1.07559,3.069245,14.87366,-2.900768,0.7927453,0.8834546,-1.044975,19.79584,4.486003,-11.00387,0.772949,0.8482414,-1.028067,32.84732,-4.190425E-06,0,0.7488505,0.8339095,-1.024678,21.93177,-2.952638E-07,0,0.8048705,0.9176663,-1.082508,7.703191,29.67841,-7.04378,0.7982402,0.8734915,-1.064797,18.85355,-9.096302,-21.04189,0.781294,0.8453038,-1.051609,30.30737,-1.108529E-05,0,0.7622675,0.8352873,-1.045799,20.23124,-1.960705E-05,0,start
733,0.559412,0.9269461,-1.144365,2.259927,1.639113,1.489115,0.5515444,1.28601,-1.188375,-1.218204,0.3075719,3.1794,0.5504113,1.594928,-1.18307,-1.30731,-0.6117011,2.737668,0.479387,0.92474,-1.142195,1.361138,0.879962,-3.63475,0.4853085,0.4985256,-1.115054,11.58094,0.1048981,-0.05934703,0.4821109,0.07446668,-1.173703,8.289796,-0.09947307,-7.88349,0.639437,0.9291523,-1.146534,-2.03105,-1.567242,-0.4484978,0.6395759,0.5020384,-1.144514,5.489979,-0.09027296,0.01978234,0.6388741,0.07570553,-1.183447,4.613927,-0.7199579,-8.404175,0.482437,1.408112,-1.163012,-17.36687,-3.259135,3.23289,0.3536688,1.400549,-1.195744,-20.42006,26.7269,-55.35269,0.2991855,1.148353,-1.191388,43.41966,-8.108701E-05,-35.76814,0.6214314,1.409022,-1.170715,-17.58176,2.574617,1.605838,0.7457091,1.416668,-1.217688,-18.18209,21.3861,-34.74612,0.8234692,1.176266,-1.270137,60.96599,-9.404164E-05,0.555319,0.3870646,0.9206982,-1.045806,3.090095,-2.406785,0.05934703,0.8049044,0.978003,-1.067429,6.167009,-20.82107,1.134187,0.3979444,0.9216571,-1.012894,44.93845,-16.36585,88.31262,0.43349,0.914323,-0.9973029,11.76579,36.80018,-7.112017,0.4484688,0.893592,-0.981657,6.265537,-1.468978E-05,0,0.3989903,0.9103019,-1.019291,0,-14.88063,1.250075,0.4195148,0.8781039,-0.9797836,29.30686,23.66897,-9.18453,0.4519488,0.8471338,-0.9711486,24.82318,-4.490924E-06,0,0.477955,0.8365316,-0.9719861,16.56321,-7.559308E-06,0,0.3985243,0.9030769,-1.027075,0,-4.578535E-06,0,0.4179875,0.8621495,-0.9986099,27.79452,13.30171,-2.884934,0.4514731,0.8300564,-0.991764,26.76365,2.04081E-05,0,0.4804268,0.819441,-0.9940587,17.86053,1.417832E-05,0,0.3974991,0.8967685,-1.035903,3.069309,14.87364,-2.900701,0.4168173,0.8517481,-1.020846,24.64429,0.4777671,-2.666677,0.4484776,0.8222063,-1.014317,27.657,1.302983E-05,0,0.4754886,0.8139702,-1.014778,18.458,-4.554614E-06,0,0.3957674,0.8931248,-1.044742,7.703165,29.67834,-7.04378,0.4139589,0.8486716,-1.043312,23.36036,-3.433847,-10.3145,0.4393455,0.8239512,-1.043562,22.22403,-4.614792E-06,0,0.4599854,0.8155974,-1.044116,14.82638,-3.233585E-06,0,0.788934,0.9934256,-1.040792,37.62569,-13.85176,81.08848,0.7559413,0.984487,-1.020994,18.2506,33.02341,-10.18814,0.7453004,0.9672968,-0.9988535,10.15214,-1.675678E-05,0,0.7911026,0.9805607,-1.039928,0,-14.8807,1.249918,0.77105,0.9700973,-0.9898558,23.9686,28.10776,2.043156,0.7485265,0.9391418,-0.9649538,23.92242,-0.0001672927,0,0.7284663,0.9202432,-0.9594892,15.96119,-0.0001365792,0,0.7941712,0.9706991,-1.042447,0,-3.057276E-05,0,0.7785699,0.9475818,-0.9967703,27.18478,16.31591,-3.947097,0.7526693,0.9149799,-0.9752198,30.32479,-0.0001289546,0,0.7269911,0.8977914,-0.9740132,20.2429,-0.0001079023,0,0.7977736,0.9611717,-1.046324,3.069245,14.87366,-2.900768,0.785231,0.9277018,-1.009592,21.70617,4.298357,-11.28676,0.7618958,0.8968554,-0.989057,30.21107,-2.292039E-06,-0.02797646,0.737368,0.88345,-0.9850185,20.16679,-1.591021E-05,0,0.8015547,0.9539807,-1.051654,7.703165,29.67841,-7.043752,0.7921687,0.914077,-1.02658,21.06373,-9.359486,-20.97598,0.7722463,0.8895358,-1.010566,28.58467,-8.668385E-06,0,0.7524377,0.8810639,-1.004914,19.07851,-1.973705E-05,-0.02797646,start
767,0.5589913,0.9269918,-1.144854,2.240269,1.639637,1.559092,0.5514416,1.286074,-1.188465,-1.341151,0.1681414,3.228102,0.55092,1.594985,-1.182684,-1.510254,-0.4734925,2.772976,0.478969,0.9247881,-1.142587,1.375297,0.8483297,-3.624284,0.4851454,0.4985748,-1.115486,11.52138,0.09256098,-0.05934703,0.4822422,0.07445854,-1.173735,8.225142,-0.1561114,-7.879281,0.6390136,0.9291955,-1.147121,-2.052426,-1.542246,-0.4554249,0.6393201,0.5020804,-1.145396,5.336306,-0.08755456,0,0.6387837,0.07567066,-1.18348,4.516052,-0.667123,-8.386023,0.4826521,1.408288,-1.162778,-17.29025,-2.673319,3.304761,0.3537209,1.402461,-1.195222,-18.40779,25.30021,-54.69959,0.2976173,1.150673,-1.188436,47.95307,-9.548483E-05,-36.53699,0.6216413,1.40888,-1.170605,-17.67636,2.217341,1.75033,0.7458513,1.415502,-1.217912,-19.89213,24.96239,-34.29027,0.8340766,1.179213,-1.272452,72.55663,-9.527236E-05,1.568353,0.3960152,0.9380369,-1.027667,4.629101,-1.151916,0.04845664,0.7993168,1.019551,-1.039981,8.916344,-21.80555,1.720901,0.4071234,0.9411543,-0.9949657,44.84759,-16.55958,88.51353,0.443199,0.9370434,-0.9794092,11.83195,36.83592,-7.158646,0.4596783,0.9181334,-0.9629843,6.297654,1.428032E-05,0,0.4089031,0.929638,-1.000895,0,-14.88063,1.249918,0.4320306,0.9006649,-0.9603432,29.31416,23.82169,-8.970911,0.4666153,0.8723632,-0.9509312,25.31481,0.0001760651,0,0.4933284,0.8637064,-0.9518798,16.89185,0.0001046243,0,0.4088704,0.9220734,-1.008364,0,-4.455E-06,0,0.4314453,0.8838559,-0.9784657,27.89404,13.26,-2.651144,0.4672285,0.8545676,-0.9707275,27.27133,6.830475E-07,0,0.4968902,0.8461668,-0.9731528,18.20005,-1.625774E-06,0,0.4082051,0.9153386,-1.016907,3.069245,14.87364,-2.900768,0.4307918,0.872461,-1.000231,24.59072,0.5134604,-2.539216,0.4644867,0.8454712,-0.992887,28.54496,-1.476121E-05,0,0.4920793,0.839484,-0.9935513,19.05196,-1.592281E-05,0,0.4066475,0.9112097,-1.025564,7.703165,29.67834,-7.043752,0.4279364,0.8682385,-1.02251,23.40865,-3.374454,-10.16939,0.4550093,0.8453797,-1.022096,22.7935,5.966803E-05,0,0.4762487,0.8386938,-1.02263,15.20683,3.547652E-05,0,0.7812723,1.03977,-1.018346,37.6229,-13.74406,81.22975,0.7460323,1.035124,-1.001115,18.12151,32.19021,-9.889804,0.7320479,1.022334,-0.9778821,10.17759,-2.693543E-05,0,0.7827979,1.027211,-1.015045,0,-14.8807,1.249762,0.7571335,1.026163,-0.9664751,24.49767,27.89425,2.560861,0.7305101,1.000636,-0.9395447,24.84376,-5.398977E-05,0,0.7090561,0.9834126,-0.9338421,16.57697,-5.219848E-05,0,0.7857013,1.016994,-1.015471,0,-2.43674E-05,0,0.7643964,1.002618,-0.9685283,27.80108,15.92167,-3.511009,0.7345723,0.9751264,-0.9450151,30.33364,-0.000329298,0,0.7081448,0.9590968,-0.9440585,20.24883,-0.0002419291,0,0.7892931,1.006854,-1.017223,3.069245,14.87367,-2.900701,0.7715423,0.9806492,-0.9769128,22.03311,3.967963,-10.69424,0.7446209,0.9546371,-0.9541898,31.09265,1.070454E-05,0,0.7190773,0.9429643,-0.9512063,20.75687,7.508524E-06,0,0.7933139,0.9987552,-1.02078,7.703165,29.6784,-7.04378,0.7796654,0.9640988,-0.9904206,21.6286,-9.589852,-20.47843,0.7568644,0.9433798,-0.9729144,31.0536,2.687037E-06,0,0.735822,0.9372338,-0.9689717,20.73073,3.513835E-06,0,start
800,0.558708,0.9269688,-1.145639,2.219555,1.620658,1.677948,0.5517795,1.286074,-1.188999,-1.405974,-0.07128777,3.320069,0.552308,1.594978,-1.18288,-1.533783,-0.2224254,2.760169,0.4786896,0.9247973,-1.143208,1.438174,0.8118044,-3.6313,0.4850318,0.4986067,-1.11579,11.52391,0.06537663,-0.05934703,0.4823071,0.07444856,-1.173741,8.176396,-0.2058131,-7.943345,0.6387264,0.9291402,-1.14807,-1.97457,-1.507211,-0.453703,0.6391391,0.5020272,-1.145903,5.331934,-0.06404608,0,0.6388034,0.07557544,-1.183515,4.482488,-0.5785784,-8.309007,0.4835405,1.408542,-1.163056,-17.15566,-2.164382,3.370749,0.3544093,1.404459,-1.194967,-16.44157,23.90181,-54.37481,0.2970998,1.153055,-1.18486,52.40154,-8.380191E-05,-37.54881,0.6225172,1.408567,-1.17112,-17.75531,1.625648,1.922645,0.7466484,1.41336,-1.218852,-20.52867,28.44035,-34.51575,0.8447863,1.180109,-1.269382,84.34655,-8.946675E-05,-1.565231,0.4066736,0.9571261,-1.010651,6.529637,0.3706852,0,0.7872571,1.06961,-1.013993,13.00181,-20.74056,2.389254,0.4182901,0.9623429,-0.9783967,44.74092,-16.77243,88.80885,0.4548771,0.9616051,-0.9635239,12.12299,36.75294,-7.32405,0.4730908,0.9446581,-0.9467908,6.458831,-1.578605E-05,0,0.4207949,0.9507686,-0.9839388,0,-14.88066,1.249762,0.4470098,0.9252152,-0.9429681,29.39597,23.93917,-8.850662,0.4838595,0.8999381,-0.9335425,25.75849,1.096683E-05,0,0.5111445,0.8934159,-0.9350972,17.18845,-1.310058E-07,0,0.4211571,0.9429362,-0.9911172,0,-2.676563E-05,0,0.4472672,0.907713,-0.9604298,28.08067,13.19503,-2.346019,0.4854315,0.8816285,-0.9526067,27.86171,4.090169E-06,0,0.5156133,0.8756948,-0.9557883,18.5949,4.78563E-06,0,0.4208003,0.9358413,-0.9993824,3.069245,14.87363,-2.900768,0.4469599,0.8954579,-0.9817302,24.72983,0.4976228,-2.390073,0.4828283,0.8714507,-0.9743252,29.47848,2.120038E-05,0,0.5108202,0.8679821,-0.9757605,19.67651,9.143795E-06,0,0.4193538,0.9312718,-1.007835,7.703191,29.67834,-7.043752,0.4439023,0.8901649,-1.003753,23.69904,-3.295647,-9.938915,0.4727224,0.8695531,-1.003312,23.08082,0.0001003036,0,0.4944302,0.8646588,-1.00427,15.39883,5.551195E-05,0,0.7690396,1.09417,-0.9976412,37.7738,-13.61001,81.30507,0.7319188,1.094761,-0.984148,18.10914,31.88448,-9.800465,0.7143707,1.08665,-0.9612309,10.2056,-1.279822E-05,0,0.7690599,1.082173,-0.9924436,0,-14.88068,1.250075,0.7385964,1.090407,-0.9474661,25.58867,27.5548,1.939468,0.7066054,1.07134,-0.9210336,24.81799,-4.10572E-05,0,0.6830198,1.056963,-0.9158883,16.55975,-4.44971E-05,0,0.7710397,1.071817,-0.9910846,0,-1.484059E-05,0,0.7438348,1.066339,-0.9453241,28.19753,15.49007,-3.631948,0.7090542,1.045314,-0.9219487,31.55688,-3.591298E-05,0,0.6811656,1.031969,-0.9225955,21.06765,-3.167611E-05,0,0.7738436,1.061286,-0.9909633,3.069309,14.87367,-2.900701,0.7497467,1.042879,-0.9496443,22.28607,3.474298,-10.77316,0.7181175,1.02304,-0.9267591,32.82636,1.958085E-05,0,0.691219,1.01447,-0.9259512,21.91774,8.986724E-06,0,0.7774439,1.052461,-0.9928557,7.703139,29.6784,-7.04378,0.7576467,1.023913,-0.9596572,22.92372,-10.43362,-20.27983,0.7307529,1.00842,-0.9425599,31.46494,1.57433E-05,0,0.7088069,1.005088,-0.9407249,21.0061,1.602024E-05,0,start
833,0.5587272,0.9269007,-1.14658,2.286703,1.599976,1.841644,0.5525548,1.28596,-1.190135,-1.421752,-0.3712976,3.466957,0.5544505,1.594856,-1.183802,-1.409449,0.04391896,2.70436,0.478715,0.9247703,-1.143919,1.464601,0.7927474,-3.63184,0.4850824,0.4986264,-1.115792,11.62832,0.03073203,-0.06852804,0.4823222,0.07447681,-1.173805,8.17983,-0.2429788,-8.055031,0.6387393,0.9290312,-1.149241,-1.925594,-1.498998,-0.464781,0.6390302,0.5019236,-1.146177,5.422674,-0.02556157,0,0.6387391,0.07545274,-1.183573,4.478466,-0.5173641,-8.199608,0.4850201,1.408772,-1.163975,-16.69093,-2.314232,3.35987,0.3555441,1.404994,-1.194496,-14.74141,23.12985,-54.57095,0.2987371,1.153774,-1.178619,56.01609,-7.938256E-05,-38.63784,0.623973,1.408081,-1.172413,-17.78161,0.465669,2.180232,0.7480047,1.409555,-1.22062,-20.5041,32.37179,-35.81982,0.8556598,1.178358,-1.259975,96.57108,-8.598151E-05,-5.704133,0.4208204,0.9746269,-0.9949195,8.205784,1.738401,-0.1235407,0.7669456,1.128191,-0.9947274,15.58623,-19.01683,2.626368,0.4332714,0.9818338,-0.9633679,44.62061,-16.93673,89.25716,0.4703157,0.9841806,-0.9498562,12.55924,36.45261,-7.540201,0.4903263,0.9692004,-0.9333,6.716387,-1.283325E-06,0,0.4363632,0.9702575,-0.9686007,0,-14.88065,1.249918,0.4658463,0.9481127,-0.9278679,29.55519,24.05404,-8.677517,0.5047341,0.9257817,-0.9192228,26.38783,3.561057E-05,0,0.5323349,0.921306,-0.9219783,17.60921,2.797762E-05,0,0.4369957,0.9622038,-0.9755106,0,-2.231626E-05,0,0.4666548,0.930025,-0.944705,28.5267,13.12741,-2.081401,0.5069954,0.9071796,-0.9377161,28.25577,1.354173E-05,0,0.5373685,0.9035299,-0.9422351,18.85851,4.944977E-06,0,0.4368182,0.9547954,-0.983502,3.069245,14.87363,-2.900633,0.4663874,0.9169854,-0.9655349,25.23112,0.4415475,-2.187401,0.5042927,0.8960782,-0.958917,30.35076,2.077679E-05,0,0.5323774,0.8950608,-0.96172,20.26028,3.831271E-06,0,0.4353714,0.9498233,-0.9917239,7.703165,29.67833,-7.043752,0.4628652,0.9106718,-0.9872165,24.09657,-3.214942,-9.676237,0.4931584,0.8922886,-0.9873683,23.50069,0.0003647217,0,0.5151337,0.8891438,-0.9891822,15.67938,0.0002495407,0,0.7496538,1.156595,-0.9848933,37.97974,-13.44014,80.74417,0.7114633,1.162429,-0.9766583,16.91405,31.75908,-9.093492,0.6904541,1.160038,-0.9554021,9.550881,-4.141916E-06,0,0.7478313,1.14568,-0.9779299,0,-14.88068,1.249918,0.713486,1.163878,-0.9390967,27.00047,27.23827,0.7793398,0.6763601,1.152129,-0.9152371,23.24981,2.052967E-05,0,0.650871,1.141131,-0.9109023,15.51172,-4.552239E-07,0,0.748552,1.135568,-0.9747289,0,-1.200165E-05,0,0.7159058,1.140154,-0.9325704,29.33237,15.12867,-4.144584,0.6762325,1.126407,-0.9117087,31.03458,-5.568294E-05,0,0.6473179,1.115726,-0.9141853,20.71799,-4.886348E-05,0,0.7502092,1.125007,-0.9726063,3.069309,14.87368,-2.900701,0.7197882,1.115887,-0.9323804,23.52186,3.02798,-11.05101,0.6833194,1.103129,-0.9117653,32.18186,-2.54462E-05,0,0.6557279,1.097324,-0.9133913,21.48611,-2.612852E-05,0,0.7530599,1.115718,-0.9726191,7.703165,29.67841,-7.043752,0.7267503,1.094913,-0.9382098,24.92953,-11.20753,-20.1795,0.6959539,1.08535,-0.9235207,29.86807,-1.335664E-05,0,0.6737109,1.084396,-0.9241813,19.93726,-1.660162E-05,0,start
867,0.559114,0.9268817,-1.147301,2.411758,1.608102,2.058425,0.5536258,1.285844,-1.19138,-1.391283,-0.6989634,3.689235,0.5570676,1.594728,-1.185009,-1.209175,0.2819343,2.638414,0.4791124,0.9247587,-1.144333,1.376293,0.8474324,-3.594175,0.4851519,0.4986305,-1.115896,11.65579,-0.04723649,-0.07912937,0.4823576,0.0744707,-1.173832,8.16544,-0.2891427,-8.184796,0.6391155,0.9290046,-1.15027,-1.910903,-1.560466,-0.5192646,0.6389602,0.5019063,-1.146103,5.586828,0.05313458,0,0.6386633,0.07544741,-1.183635,4.504152,-0.4964297,-8.088594,0.4868882,1.409047,-1.16501,-16.04689,-2.619931,3.22519,0.3569645,1.405241,-1.193562,-13.60473,22.90916,-55.40419,0.3011142,1.154248,-1.171791,57.45222,-8.799824E-05,-39.84748,0.6258,1.40757,-1.174006,-17.51376,-1.144063,2.511935,0.7498032,1.40457,-1.222215,-19.46331,35.53489,-38.21916,0.8625329,1.173388,-1.243129,108.1344,-0.0001100068,-10.6097,0.4326936,0.9838828,-0.9863026,10.15032,1.524369,-0.1341704,0.7397102,1.189079,-0.9873728,15.21339,-16.20599,2.178436,0.4460388,0.9927284,-0.9555433,44.52938,-17.00655,89.66231,0.4834043,0.9975761,-0.9436824,12.76376,36.2813,-7.63494,0.5049321,0.9843084,-0.9275748,6.840342,-3.416271E-05,0,0.4495729,0.9811953,-0.9605884,0,-14.88066,1.249918,0.4820051,0.9619945,-0.92061,29.9168,24.15558,-8.703893,0.5225446,0.9422637,-0.9133359,27.02118,9.957081E-05,0,0.5501927,0.9395803,-0.9175566,18.03276,7.038483E-05,0,0.4503774,0.9729874,-0.9672959,0,-3.005321E-05,0,0.4831455,0.9434861,-0.9369636,29.2307,13.01822,-2.0034,0.5252488,0.9236119,-0.9314451,28.62517,3.726432E-05,0,0.5555175,0.9220024,-0.9375675,19.10563,4.159613E-05,0,0.4502906,0.965345,-0.9750654,3.069245,14.87362,-2.900701,0.4827488,0.9298346,-0.9573957,26.20535,0.291716,-2.029894,0.5223767,0.9119387,-0.9521909,31.16059,2.862855E-06,0,0.5502388,0.9132048,-0.9566335,20.80235,2.167843E-06,0,0.448786,0.9600546,-0.9830756,7.703191,29.67833,-7.043725,0.4786782,0.9226844,-0.9787185,24.72231,-3.198988,-9.345715,0.510114,0.9063717,-0.9798713,23.73197,-0.0001960958,0,0.5321428,0.904733,-0.9827245,15.83392,-0.0001368031,0,0.7251536,1.220354,-0.9838437,38.21158,-13.41527,80.53542,0.6873168,1.231365,-0.9811044,16.30126,31.57567,-8.706126,0.6640579,1.234763,-0.9624925,9.22603,-8.337526E-06,0,0.7213456,1.210937,-0.9756114,0,-14.88068,1.250075,0.6858942,1.238602,-0.9440416,27.87605,26.93971,0.03956468,0.6451864,1.23471,-0.9237095,22.38665,-0.000179457,0,0.6181875,1.227501,-0.9207917,14.93503,-0.0001345609,0,0.7205115,1.201442,-0.9709033,0,-1.049993E-05,0,0.6847523,1.216092,-0.9338787,30.39732,14.74581,-4.559563,0.641528,1.210112,-0.9167311,30.09143,2.463976E-05,0,0.6118715,1.20246,-0.921,20.08671,1.444153E-05,0,0.7206518,1.191237,-0.9670821,3.069245,14.87367,-2.900633,0.685601,1.191889,-0.9296955,24.78947,2.538233,-10.97162,0.6455949,1.186677,-0.9126641,30.62282,3.149565E-05,0,0.6177661,1.183704,-0.9164522,20.44237,4.022903E-05,0,0.7223328,1.181814,-0.965409,7.703165,29.6784,-7.043752,0.6904761,1.169637,-0.9315573,26.72784,-12.10986,-19.65277,0.6570475,1.166362,-0.9202685,27.31928,2.943584E-05,0,0.6349915,1.167658,-0.9230878,18.23211,7.264839E-06,0,start
900,0.5593752,0.9269274,-1.147494,2.517151,1.601478,2.352851,0.554214,1.285805,-1.191992,-1.373731,-0.8883043,3.945559,0.5585998,1.594676,-1.185526,-1.015871,0.3689758,2.626816,0.4793893,0.9248376,-1.144111,1.181343,0.8523055,-3.4948,0.4853382,0.4986664,-1.116309,11.51415,-0.07601956,-0.08392937,0.4824759,0.07444963,-1.173823,8.108763,-0.3342874,-8.330837,0.6393612,0.9290171,-1.150877,-1.922136,-1.584289,-0.6255757,0.6389048,0.5019273,-1.145939,5.706949,0.08636378,0.02797646,0.6383917,0.0754801,-1.183602,4.519087,-0.5248339,-7.96346,0.4879911,1.409227,-1.16535,-15.5314,-2.749214,3.032026,0.3576909,1.405505,-1.192143,-14.21998,24.02097,-57.49646,0.3019794,1.154823,-1.16674,57.90057,-7.918647E-05,-41.50812,0.6268551,1.407304,-1.174978,-16.9572,-2.289232,2.975983,0.7509787,1.401203,-1.22258,-14.78082,35.76447,-42.34518,0.863222,1.169092,-1.211783,117.1349,-0.000105669,-18.31511,0.4434597,0.9861495,-0.9870856,11.48372,-0.003935344,0,0.7112209,1.250181,-0.9858106,12.86055,-15.08281,1.709606,0.4576439,0.9961494,-0.9570643,44.49208,-17.05327,89.88079,0.4951902,1.002937,-0.9468392,12.84437,36.29223,-7.686178,0.5179327,0.9909783,-0.9313892,6.882335,3.150382E-05,0,0.4615027,0.9847042,-0.9620714,0,-14.8806,1.250075,0.4964377,0.9677396,-0.9232058,30.65947,24.26274,-9.087634,0.5382859,0.9502646,-0.9178182,26.77526,9.026081E-06,0,0.5657983,0.9488894,-0.9233499,17.86831,4.250329E-06,0,0.462412,0.9764242,-0.9686761,0,1.905997E-05,0,0.4977644,0.9490155,-0.9392977,30.35254,12.96096,-2.293625,0.5412468,0.9318281,-0.9358341,27.83232,4.166881E-05,0,0.5712561,0.9316493,-0.943296,18.57525,2.292608E-05,0,0.4623608,0.9686488,-0.9763129,3.069245,14.87366,-2.900701,0.4971591,0.9349986,-0.9594758,27.82656,0.2464724,-2.018,0.5381858,0.9200089,-0.9563398,30.56958,4.878024E-05,0,0.5656523,0.9229091,-0.9622405,20.40674,3.675636E-05,0,0.4607742,0.9631526,-0.9841672,7.703139,29.67834,-7.043752,0.4925446,0.9272891,-0.9804906,25.51509,-3.322289,-9.213497,0.524825,0.9128667,-0.9828581,23.72487,-0.0005030856,0,0.5467609,0.9124955,-0.9867021,15.82917,-0.0003411963,0,0.7025479,1.283649,-0.9884855,38.38342,-13.47333,80.69006,0.667391,1.301258,-0.9922667,16.32932,31.04741,-8.592492,0.6432418,1.311465,-0.9777216,9.294853,-8.952493E-06,0,0.6962186,1.276443,-0.979599,0,-14.8807,1.249918,0.6636191,1.314409,-0.9569123,28.52616,26.82505,-0.4288719,0.6208965,1.320652,-0.9420304,21.14834,-0.0006468001,0,0.5928568,1.318975,-0.9414076,14.10782,-0.0004520136,0,0.6931358,1.268096,-0.9737827,0,-2.414028E-05,0,0.6572276,1.294318,-0.9439974,31.09047,14.50755,-4.77594,0.6119912,1.298564,-0.9324313,28.42657,0.0001195232,0,0.5818844,1.295815,-0.9389352,18.97274,8.32956E-05,0,0.6909603,1.25875,-0.9686155,3.069181,14.87366,-2.900701,0.6530657,1.271296,-0.9364699,25.78892,2.142681,-11.02223,0.6110663,1.27586,-0.9249396,27.73912,-3.388785E-05,0,0.5835123,1.277344,-0.9309567,18.51291,-2.593933E-05,0,0.6906546,1.249562,-0.9654682,7.703165,29.6784,-7.04378,0.653816,1.248527,-0.9346314,28.23508,-12.87035,-18.88801,0.6192617,1.253208,-0.9283287,23.10419,-2.129984E-05,0,0.5979806,1.257683,-0.9331438,15.41442,-3.058743E-05,0,start
933,0.5591026,0.9270292,-1.147717,2.545913,1.609835,2.750152,0.5533929,1.285877,-1.192272,-1.388608,-0.7925727,4.170304,0.5573874,1.594748,-1.185546,-0.8197219,0.2453953,2.713826,0.4791417,0.9249548,-1.143779,1.031545,0.8183978,-3.32331,0.4854153,0.4987323,-1.116847,11.32229,-0.05956056,-0.07661668,0.4825609,0.07443523,-1.173766,8.031697,-0.3965402,-8.503852,0.6390635,0.9291036,-1.151656,-1.959446,-1.544057,-0.7962303,0.6388599,0.5020136,-1.146709,5.606962,0.0485388,0.02797646,0.6381732,0.07549992,-1.183608,4.412064,-0.561292,-7.812484,0.4870562,1.409173,-1.165334,-15.24265,-2.513065,2.859786,0.3565123,1.405763,-1.190957,-16.93169,26.64368,-60.83682,0.3003951,1.155272,-1.164589,58.88202,-9.72673E-05,-43.93007,0.625885,1.407499,-1.175501,-16.57014,-2.047941,3.635019,0.750182,1.402166,-1.222742,-5.96759,31.31296,-48.1003,0.8553783,1.171997,-1.172279,122.3011,-0.0001104994,-28.05406,0.4556033,0.9869291,-0.9963201,11.18872,-1.890263,0.1866263,0.6829462,1.303658,-0.98877,8.750596,-16.27876,1.253826,0.4703346,0.997599,-0.9667971,44.50825,-17.10716,89.7258,0.5078757,1.005963,-0.9577937,12.62747,36.49854,-7.590136,0.531514,0.9949856,-0.9429728,6.748606,2.529837E-05,0,0.4744886,0.9863008,-0.9719008,0,-14.88064,1.249762,0.5113174,0.9708957,-0.9341501,31.47599,24.40532,-9.625594,0.5541241,0.9553779,-0.930621,26.04886,0.0001432759,0,0.581465,0.9550396,-0.9370853,17.38261,0.0001089226,0,0.4755176,0.9780407,-0.9785129,0,-8.881179E-06,0,0.5128785,0.9521831,-0.9502345,31.42386,12.96228,-2.692173,0.5573269,0.9373429,-0.948742,26.64043,3.272479E-05,0,0.5870813,0.9382956,-0.9571111,17.77814,2.887698E-05,0,0.4755337,0.9702424,-0.9861264,3.069245,14.87363,-2.900768,0.512188,0.9380814,-0.9703505,29.28131,0.336752,-2.146943,0.5541457,0.9255927,-0.969207,29.46282,3.052671E-05,0,0.5812215,0.9297013,-0.9761105,19.66606,1.67938E-05,0,0.4739174,0.9646589,-0.9939127,7.703139,29.67833,-7.043725,0.507212,0.9301175,-0.9911873,26.33484,-3.488559,-9.192314,0.5401258,0.9174684,-0.9946977,23.71621,-0.01075412,0,0.5619024,0.9182839,-0.9993036,15.82339,-0.007399641,0,0.6824715,1.337679,-0.9954636,38.62825,-13.46332,80.65614,0.6529134,1.361746,-1.005831,16.14287,30.7943,-8.429,0.6300281,1.378461,-0.9960434,9.214287,-2.644068E-06,0,0.6736491,1.333048,-0.9869975,0,-14.88066,1.249918,0.6480096,1.379422,-0.9724765,29.43812,26.81973,-1.590778,0.606109,1.395947,-0.9649307,17.09062,0.0004339613,0,0.5786287,1.401427,-0.9669868,11.39843,0.0002976585,0,0.6680763,1.326267,-0.9809995,0,4.836656E-06,0,0.6357211,1.362759,-0.9589623,31.55517,14.44911,-4.975868,0.5914897,1.377715,-0.9547134,25.10578,0.0001316867,0,0.5622109,1.381519,-0.963909,16.75215,9.347139E-05,0,0.6632323,1.31825,-0.9754279,3.069245,14.87368,-2.900701,0.625573,1.342164,-0.9501957,26.84105,1.883431,-11.3367,0.5845068,1.356789,-0.9460238,22.1373,5.462248E-05,0,0.5584021,1.364084,-0.9539582,14.76844,4.375434E-05,-0.01978234,0.660475,1.309758,-0.9715945,7.703191,29.67841,-7.04378,0.6209164,1.32012,-0.946359,29.5116,-13.37769,-17.84838,0.5878631,1.332891,-0.9462903,16.85897,1.172674E-05,0,0.5682099,1.341204,-0.9526731,11.24383,9.359528E-06,0,start
967,0.5587027,0.9270871,-1.148038,2.54476,1.639557,3.213819,0.5521029,1.285923,-1.192575,-1.390298,-0.611711,4.288067,0.5552267,1.594801,-1.185652,-0.6148488,0.1466277,2.934983,0.4787766,0.925001,-1.143451,0.9653005,0.7774588,-3.11772,0.4856138,0.4987576,-1.11699,11.25944,-0.01526258,-0.0656106,0.4826583,0.07445148,-1.173837,8.028764,-0.459623,-8.708585,0.6386288,0.9291733,-1.152625,-1.932797,-1.512668,-0.9974037,0.6387784,0.5020865,-1.147403,5.553403,0.005601814,0,0.6379477,0.07551408,-1.183614,4.322006,-0.5999201,-7.646396,0.4854248,1.409004,-1.165499,-15.03752,-2.372956,2.710217,0.3547423,1.405492,-1.190391,-20.89518,30.6735,-65.39317,0.3000744,1.155005,-1.161094,59.51481,-8.55058E-05,-47.27409,0.6242377,1.407775,-1.175941,-16.64126,-0.6703113,4.502195,0.7485036,1.406046,-1.223531,6.776273,21.96391,-53.59204,0.8411834,1.182632,-1.133601,124.6409,-0.0001105686,-34.41113,0.4710498,0.9870325,-1.008464,9.722533,-3.991518,0.339197,0.6566733,1.348441,-0.9950126,5.050475,-19.5127,0.8688563,0.486091,0.9980091,-0.979211,44.56591,-17.20676,89.36559,0.5234889,1.007733,-0.9710126,12.44145,36.90778,-7.547199,0.5477728,0.997426,-0.9567647,6.614053,1.466695E-05,0,0.4905256,0.9869069,-0.9845052,0,-14.88064,1.249918,0.5287797,0.972565,-0.9477667,32.08755,24.60213,-10.18175,0.5722534,0.9587099,-0.9458295,25.58666,-2.871219E-05,0,0.5994101,0.9593869,-0.9530047,17.07359,-8.770015E-06,0,0.4916925,0.9787388,-0.991208,0,-1.163374E-05,0,0.5306276,0.9540412,-0.964038,32.08843,13.0176,-3.055757,0.5757018,0.9411405,-0.9641264,26.07853,5.12736E-05,0,0.6051844,0.9432712,-0.9732098,17.40242,3.281688E-05,0,0.4918069,0.9710029,-0.9988841,3.069309,14.87363,-2.900701,0.5299633,0.9400735,-0.9842482,30.23935,0.4707297,-2.255332,0.5724888,0.9296288,-0.9847065,29.02068,1.341896E-06,0,0.5991446,0.9349493,-0.9923745,19.37025,1.846457E-06,0,0.4902065,0.9654225,-1.006676,7.703165,29.67833,-7.043725,0.5247791,0.9320896,-1.005027,27.12156,-3.640007,-9.150168,0.55817,0.9211244,-1.009549,23.83313,0.0001029035,0,0.5797405,0.9231079,-1.014733,15.90152,5.847259E-05,0,0.6632105,1.381097,-1.004674,38.96262,-13.43107,79.84526,0.6399317,1.408394,-1.021208,15.03862,31.40038,-7.968585,0.6196553,1.429903,-1.016195,8.532212,-2.212323E-05,0,0.6527538,1.378995,-0.9971114,0,-14.88067,1.249918,0.6344771,1.430366,-0.9903437,30.61783,26.7405,-2.991467,0.5954419,1.454068,-0.9907201,9.707639,1.251834E-05,0,0.5702799,1.465927,-0.9946774,6.4726,-2.055114E-06,0,0.6453682,1.373965,-0.9913533,0,-9.394308E-06,0,0.6178447,1.41763,-0.9772118,33.30492,14.27892,-5.300086,0.5766745,1.439633,-0.9815719,15.25659,-0.0001578287,0,0.5492287,1.449889,-0.9914621,10.1744,-0.0001329098,0,0.6385186,1.367553,-0.9858083,3.069245,14.87367,-2.900633,0.6031447,1.400154,-0.9681283,27.90027,1.492891,-11.1937,0.5652658,1.421832,-0.9717358,13.7785,-0.0002718768,0,0.541285,1.433875,-0.9805396,9.188145,-0.0001863238,0,0.6338243,1.360129,-0.9816531,7.703165,29.6784,-7.043752,0.5941225,1.379782,-0.9630362,30.00359,-13.89572,-16.32372,0.5643587,1.398082,-0.9689408,10.49843,-9.259809E-06,0,0.5466385,1.409201,-0.9765868,7.000033,-1.493997E-05,0,start
1000,0.5585456,0.9270875,-1.148594,2.546682,1.677032,3.66212,0.5513358,1.285909,-1.19324,-1.348282,-0.5421609,4.289163,0.5540216,1.594792,-1.186339,-0.403483,0.2269413,3.244556,0.4786586,0.9249782,-1.14338,0.9711614,0.7531151,-2.93485,0.4860177,0.4987489,-1.116833,11.30545,0.04891117,-0.04845664,0.4826764,0.07446584,-1.17383,8.062022,-0.4895142,-8.923766,0.6384326,0.9291969,-1.153808,-1.894239,-1.510654,-1.169858,0.6387879,0.5021153,-1.148191,5.510858,-0.05056604,0.01978234,0.6375579,0.07548207,-1.183667,4.243533,-0.6704763,-7.479554,0.484508,1.408929,-1.166254,-14.72169,-2.603334,2.59616,0.3537132,1.40469,-1.190433,-25.634,35.67633,-69.12071,0.3011515,1.154217,-1.157396,60.13065,-0.0001051133,-50.4245,0.6233225,1.407861,-1.176694,-16.73069,0.5069744,5.391506,0.7475461,1.408986,-1.224413,20.13847,11.22307,-56.56156,0.8258193,1.19523,-1.102871,125.8526,-9.702334E-05,-35.6215,0.4851795,0.9881189,-1.018514,8.356161,-5.701731,0.416371,0.6370742,1.383239,-1.004021,2.953202,-22.3433,0.5831623,0.500349,0.9993223,-0.9894139,44.61555,-17.37472,89.28245,0.5375019,1.010298,-0.9816957,12.85458,37.3841,-7.888144,0.5622482,1.000443,-0.967932,6.789054,-2.719098E-05,0,0.5050544,0.9884201,-0.9948871,0,-14.88066,1.249918,0.5443786,0.9750172,-0.9589322,32.51825,24.81823,-10.60244,0.5883303,0.9626316,-0.9582075,25.25952,-2.425902E-05,0,0.6153092,0.9642251,-0.9658902,16.85489,-1.198199E-05,0,0.5063741,0.9803553,-1.001686,0,-2.946885E-05,0,0.5465552,0.9567109,-0.9754078,32.59087,13.09128,-3.215402,0.5920712,0.9455414,-0.9766971,25.68707,2.924476E-05,0,0.6212885,0.9487379,-0.9863097,17.14072,3.229324E-05,0,0.5066112,0.9726965,-1.009436,3.069309,14.87362,-2.900701,0.5460048,0.9429108,-0.9957362,30.98395,0.6462082,-2.281819,0.5889006,0.9342636,-0.9974395,28.69419,-1.976076E-05,0,0.6151532,0.9406511,-1.005664,19.15178,-1.654191E-05,0,0.505062,0.9671366,-1.017253,7.703165,29.67833,-7.043725,0.5407318,0.9349471,-1.0165,28.06697,-3.837349,-9.0808,0.5745196,0.9256914,-1.021825,23.42553,0.0004383207,0,0.5958864,0.9286421,-1.02738,15.62914,0.0003021104,0,0.6478088,1.413636,-1.016798,39.00716,-13.40122,79.47327,0.6289282,1.440749,-1.03845,14.14253,30.91075,-7.375281,0.6108535,1.464669,-1.038243,8.068838,3.401751E-06,0,0.6366308,1.413525,-1.010016,0,-14.88067,1.249918,0.6235009,1.466868,-1.010966,27.11968,26.93365,-1.161296,0.5881714,1.495414,-1.015722,7.390827,0.000122281,0,0.565342,1.510801,-1.021331,4.927599,9.366566E-05,0,0.6283228,1.409996,-1.0044,0,-2.804822E-06,0,0.6046275,1.457552,-0.9979919,30.46561,14.1046,-3.749671,0.5670528,1.484138,-1.006908,9.715615,-3.04792E-05,0,0.5416837,1.498644,-1.01702,6.477929,-2.330965E-05,0,0.6204144,1.405025,-0.9987857,3.069245,14.87367,-2.900701,0.5874758,1.442863,-0.9882948,24.70069,0.7890661,-9.967605,0.5531661,1.46899,-0.995907,10.00968,-3.556438E-05,0,0.5311774,1.483973,-1.005375,6.674031,-3.069649E-05,0,0.614642,1.398671,-0.9942333,7.703139,29.67841,-7.04378,0.5759513,1.424262,-0.9816953,26.39009,-14.25954,-15.58316,0.5489526,1.445487,-0.9904256,8.477994,2.872377E-05,0,0.5327441,1.458107,-0.999034,5.652532,3.784798E-05,0,start
1033,0.5585392,0.9270202,-1.149339,2.549678,1.716393,4.024382,0.5509734,1.285828,-1.194119,-1.2986,-0.5486752,4.156239,0.5535728,1.594714,-1.187326,-0.2414744,0.3661678,3.63184,0.4786878,0.9248798,-1.143618,1.041926,0.7739995,-2.804422,0.4862697,0.4986916,-1.116479,11.44283,0.03101356,-0.04423466,0.4828255,0.07446247,-1.17387,8.124341,-0.5521029,-9.100858,0.6383907,0.9291606,-1.155061,-1.825206,-1.551791,-1.277788,0.6386857,0.5020877,-1.14881,5.52251,-0.03205893,0.03956468,0.6373478,0.07540971,-1.183738,4.206775,-0.6905946,-7.333528,0.484104,1.408884,-1.167398,-14.42102,-2.902333,2.553973,0.353265,1.403936,-1.1912,-29.15446,39.48876,-71.51997,0.3031908,1.153435,-1.154697,60.74643,-9.175046E-05,-52.51361,0.6229421,1.407783,-1.177515,-16.59659,1.277363,6.117697,0.7473779,1.410626,-1.224606,30.69753,2.508817,-57.8803,0.8127059,1.206216,-1.08129,126.7942,-8.87622E-05,-36.13712,0.4963151,0.9907785,-1.024355,7.695237,-6.568782,0.4419051,0.6229174,1.406991,-1.014858,2.415002,-24.79901,0.530449,0.5116116,1.002259,-0.9954297,44.56546,-17.50419,89.46175,0.5485248,1.014286,-0.9881404,13.32413,37.35742,-8.17786,0.5737466,1.004991,-0.9748587,7.037985,7.451212E-06,0,0.5165395,0.9915245,-1.001036,0,-14.88063,1.249918,0.5567857,0.9790636,-0.9657692,32.84934,24.98453,-10.84753,0.6010866,0.9679722,-0.9660644,25.14027,0.0001217849,0,0.6278556,0.97038,-0.9742526,16.77517,8.431968E-05,0,0.5179821,0.9835361,-1.0079,0,-4.627675E-06,0,0.5592254,0.9609129,-0.9823795,32.95572,13.11352,-3.337419,0.6050462,0.9512476,-0.984651,25.51922,4.546181E-05,0,0.6339743,0.9553961,-0.9947617,17.02853,3.350163E-05,0,0.5183163,0.9759276,-1.015696,3.069245,14.87364,-2.900701,0.5587513,0.9472085,-1.002775,31.65126,0.7566541,-2.29499,0.6018847,0.9401698,-1.005547,28.2965,1.229635E-05,0,0.6277564,0.9474236,-1.014246,18.88576,1.74147E-05,0,0.5168044,0.9703664,-1.023519,7.703165,29.67834,-7.043725,0.553384,0.9392055,-1.023499,28.94156,-4.003258,-8.997743,0.5874334,0.9314692,-1.029534,22.96082,0.000166434,0,0.6085837,0.9352168,-1.035426,15.31863,0.0001137893,0,0.6368601,1.43511,-1.029602,38.96629,-13.31506,79.71163,0.6217654,1.461009,-1.055327,13.85121,29.71255,-6.967705,0.6055463,1.485858,-1.059616,8.002166,-1.387693E-05,0,0.6252052,1.436447,-1.023828,0,-14.88069,1.249918,0.6162013,1.490149,-1.031163,23.65187,27.25102,1.338229,0.5843037,1.521671,-1.039797,8.372149,7.680724E-05,0,0.5633293,1.538476,-1.04799,5.581985,4.422994E-05,0,0.6162408,1.434081,-1.018627,0,-1.619804E-05,0,0.5957228,1.483508,-1.019004,23.77915,14.00515,-0.8060005,0.5623184,1.514634,-1.029655,12.34961,7.344075E-07,0,0.5391353,1.531095,-1.041816,8.234828,-8.482536E-06,0,0.6075662,1.430257,-1.01325,3.069309,14.87367,-2.900701,0.5768138,1.471078,-1.009416,17.78897,0.2032769,-8.57769,0.5463686,1.501316,-1.01816,13.53462,1.722853E-05,0,0.5266857,1.517903,-1.029783,9.02539,1.461379E-05,0,0.6009957,1.42481,-1.008606,7.703139,29.67841,-7.04378,0.5634515,1.454071,-1.002029,21.97845,-15.17193,-15.67717,0.5392537,1.477553,-1.012923,9.237844,-2.149751E-05,0,0.5248811,1.491206,-1.023078,6.159311,-1.914601E-05,0,start
1067,0.558578,0.9269249,-1.150262,2.551366,1.734527,4.23531,0.5509026,1.285726,-1.195097,-1.279472,-0.5806494,3.897823,0.5536029,1.594612,-1.18838,-0.2139789,0.4444736,4.081831,0.4787486,0.9247732,-1.144246,1.164157,0.7816058,-2.738311,0.4865059,0.4986492,-1.116165,11.61837,0.03109447,-0.02797646,0.4828671,0.07446572,-1.17388,8.178918,-0.5822074,-9.192956,0.6384075,0.9290766,-1.156279,-1.718397,-1.578425,-1.30746,0.6386523,0.5020173,-1.14916,5.602277,-0.0329661,0.03426402,0.6370982,0.07531729,-1.18381,4.211567,-0.7200264,-7.24156,0.483995,1.408835,-1.168724,-14.17902,-3.114127,2.601583,0.3531801,1.403462,-1.192566,-31.81319,42.32371,-72.8689,0.3043514,1.153042,-1.153889,61.63042,-8.390215E-05,-53.64263,0.6228764,1.40764,-1.178216,-16.19927,1.565271,6.616098,0.7478358,1.411028,-1.223862,37.35247,-3.05454,-58.65484,0.8026891,1.213185,-1.06753,127.6775,-0.0001297814,-37.25794,0.503758,0.9944614,-1.028062,7.802101,-6.719651,0.4584226,0.6130848,1.420562,-1.025244,1.7529,-27.07119,0.4215088,0.5193102,1.006279,-0.9994091,44.52887,-17.59428,89.54365,0.5560133,1.019273,-0.9927473,13.61685,37.28014,-8.347203,0.5817358,1.010581,-0.9800296,7.199037,-5.566673E-05,0,0.5244063,0.9956877,-1.005138,0,-14.88067,1.250075,0.565643,0.9842103,-0.9706907,33.2125,25.1071,-11.09264,0.6102133,0.9743589,-0.9721427,24.92133,9.588952E-05,0,0.6367242,0.9774711,-0.9809126,16.62883,6.384022E-05,0,0.5259228,0.9877538,-1.012049,0,-3.807182E-05,0,0.5682313,0.9661636,-0.9873915,33.33442,13.14603,-3.451619,0.6142548,0.9578993,-0.9908072,25.22191,-1.064489E-05,0,0.6428464,0.9628381,-1.001503,16.82977,-1.867039E-05,0,0.5263035,0.9801726,-1.019869,3.069309,14.87362,-2.900633,0.5677177,0.9524933,-1.007808,32.21497,0.8964959,-2.265722,0.6109682,0.9468851,-1.011767,27.99159,2.924487E-06,0,0.6364054,0.9548895,-1.021068,18.68178,3.544713E-06,0,0.524785,0.9745899,-1.027676,7.703165,29.67833,-7.04378,0.5621583,0.9443954,-1.028445,29.67003,-4.133096,-8.908298,0.5963354,0.9380007,-1.035277,22.7827,-0.0001516164,0,0.6172065,0.9425184,-1.041609,15.1996,-0.0001090116,0,0.629895,1.446911,-1.040264,39.11276,-13.18059,80.00163,0.6184292,1.472055,-1.06849,13.75386,29.12204,-6.793213,0.6041815,1.49743,-1.075702,7.993231,-2.021469E-05,0,0.6179353,1.449266,-1.035534,0,-14.88068,1.249762,0.6129689,1.502898,-1.046385,21.38742,27.68222,3.119603,0.5842345,1.536501,-1.057825,9.808687,-8.235267E-05,0,0.5649425,1.554104,-1.068188,6.53999,-5.657057E-05,0,0.6084611,1.447739,-1.03096,0,-1.273034E-05,0,0.5912254,1.498193,-1.035597,18.4286,14.02859,1.450099,0.5618631,1.532877,-1.047131,16.26099,-0.0008132446,0,0.5407429,1.550377,-1.061412,10.84468,-0.0005560939,0,0.5991687,1.444752,-1.026112,3.069309,14.87367,-2.900701,0.5708745,1.487478,-1.026935,12.19015,-0.05907248,-7.713883,0.544136,1.520941,-1.036045,17.86301,7.86128E-05,0,0.5267584,1.538512,-1.049717,11.91405,6.01245E-05,0,0.5919232,1.43998,-1.021737,7.703114,29.6784,-7.043725,0.5559219,1.471746,-1.019774,17.72177,-15.63462,-16.32374,0.5344329,1.497295,-1.031653,11.80113,-2.173279E-05,0,0.5220702,1.511744,-1.04325,7.86896,-2.758034E-05,0,sign
1100,0.5586686,0.9268374,-1.151179,2.55359,1.752743,4.279014,0.5509073,1.285634,-1.195944,-1.310898,-0.5797396,3.56112,0.5536559,1.594519,-1.189194,-0.3522151,0.3840489,4.536003,0.4788444,0.9246634,-1.145101,1.308358,0.8007924,-2.725916,0.4866812,0.4986149,-1.115919,11.80245,0.03055147,-0.03426402,0.4829168,0.07446682,-1.173887,8.222444,-0.5961376,-9.176031,0.6384927,0.9290115,-1.157258,-1.603155,-1.616621,-1.288312,0.638645,0.5019681,-1.149236,5.720636,-0.03323677,0.03426402,0.6369063,0.07526687,-1.183861,4.23813,-0.7602735,-7.248872,0.4838601,1.408738,-1.169904,-14.0231,-3.170101,2.69399,0.3531266,1.403255,-1.194163,-33.70545,44.36942,-73.758,0.3047931,1.152974,-1.153988,62.61665,-9.053638E-05,-54.47481,0.6227948,1.407531,-1.178581,-15.88354,1.808317,6.924528,0.7482565,1.411473,-1.222781,41.45096,-6.594485,-59.35119,0.7958816,1.217476,-1.059417,128.3846,-0.0001144108,-38.49221,0.5089169,0.9986269,-1.030482,8.097692,-6.793708,0.4813265,0.6061019,1.427375,-1.033543,0.9219604,-28.78338,0.2365626,0.5245507,1.010854,-1.002047,44.50973,-17.6348,89.57101,0.5609862,1.024804,-0.9958633,13.707,37.20476,-8.389464,0.5871105,1.016794,-0.9835225,7.253769,-9.252831E-05,0,0.5298394,1.000396,-1.007844,0,-14.88069,1.250075,0.5718275,0.9900024,-0.9739657,33.55545,25.245,-11.25094,0.6166118,0.9813635,-0.9762928,24.88039,-2.414243E-05,0,0.6428604,0.9851859,-0.9855571,16.60146,-4.496719E-05,0,0.5314652,0.9925008,-1.014775,0,-4.799246E-05,0,0.5746514,0.9720209,-0.9906988,33.74063,13.21102,-3.485263,0.6208269,0.9651389,-0.9950104,24.9284,-2.887941E-05,0,0.6491033,0.9708115,-1.00617,16.63357,-2.312975E-05,0,0.531934,0.9849285,-1.022599,3.069309,14.87361,-2.900701,0.5742105,0.9583327,-1.011106,32.66525,1.063821,-2.233619,0.617522,0.9540534,-1.015956,27.89036,-4.979164E-05,0,0.6425272,0.9627944,-1.025753,18.61408,-4.496883E-05,0,0.5304531,0.9793049,-1.030383,7.703191,29.67832,-7.043808,0.5685793,0.9500846,-1.031663,30.28671,-4.242172,-8.888162,0.6028495,0.9449426,-1.039063,22.81542,-4.359546E-05,0,0.6234356,0.9502369,-1.045717,15.22148,-3.920021E-05,0,0.6249826,1.452678,-1.047887,39.42545,-13.07399,79.90134,0.6163961,1.477519,-1.077375,13.35884,29.1187,-6.591867,0.6038112,1.503279,-1.086147,7.764832,1.027714E-05,0,0.6128518,1.45563,-1.044003,0,-14.88066,1.249918,0.6109292,1.509185,-1.056125,19.70161,27.97996,4.154306,0.5846999,1.544284,-1.069001,10.54826,4.756503E-07,0,0.5668505,1.562643,-1.080567,7.033301,1.014251E-06,0,0.6030413,1.454597,-1.040041,0,3.850867E-06,0,0.5883428,1.505622,-1.04672,16.09117,14.17448,2.717862,0.5616928,1.542122,-1.059195,17.82619,0.0002280791,0,0.542189,1.560369,-1.074782,11.88946,0.0001470681,0,0.5933309,1.452104,-1.035767,3.069245,14.87368,-2.900701,0.5670244,1.495952,-1.039235,9.555614,-0.1331303,-7.174086,0.5428349,1.53115,-1.048918,19.6501,5.459065E-05,0,0.5272132,1.549431,-1.06373,13.10722,3.566642E-05,0,0.585615,1.447732,-1.031797,7.703139,29.67841,-7.043752,0.550969,1.481014,-1.032799,14.97578,-15.70718,-16.71427,0.5314901,1.507944,-1.045086,13.13355,-3.987386E-06,0,0.5206217,1.523027,-1.057353,8.757799,-1.276212E-06,0,sign
1133,0.5578783,0.9267799,-1.152938,2.569027,1.766286,4.135928,0.5500451,1.285565,-1.197631,-1.36358,-0.5314815,3.200757,0.5526905,1.594449,-1.190804,-0.5605795,0.2137155,4.913186,0.4780401,0.9245793,-1.147057,1.522514,0.7693179,-2.769373,0.4863003,0.4986567,-1.116203,11.98874,0.02844651,0,0.4829608,0.07446766,-1.173896,8.187747,-0.6439818,-9.026478,0.6377165,0.9289805,-1.158819,-1.427522,-1.606779,-1.223173,0.6381658,0.5019656,-1.149414,5.883899,-0.03265434,0.03426402,0.6367266,0.07524991,-1.183875,4.220022,-0.7724884,-7.388624,0.4827491,1.408601,-1.171909,-13.92934,-3.155828,2.78488,0.3521329,1.403076,-1.196783,-34.9459,45.80644,-74.29237,0.3038023,1.152986,-1.155434,63.69186,-9.390613E-05,-55.17887,0.6217366,1.407497,-1.17971,-15.58715,1.889602,7.015205,0.7476911,1.411735,-1.222458,43.65092,-8.495626,-60.00095,0.7905954,1.219476,-1.055766,128.9502,-0.0001234806,-40.24876,0.5116667,1.003183,-1.032574,8.491026,-6.868293,0.5105241,0.6004388,1.430069,-1.040463,0.8001527,-30.15244,0.2148914,0.5271962,1.0159,-1.004297,44.51516,-17.64339,89.60978,0.5632901,1.030844,-0.9984426,13.71993,37.13488,-8.384291,0.5897332,1.023601,-0.9863085,7.267334,-3.607931E-05,0,0.5327166,1.005572,-1.010112,0,-14.88067,1.250075,0.5752411,0.9963982,-0.9765515,33.88312,25.36188,-11.42151,0.6202163,0.9890224,-0.979468,24.94994,0.00015329,0,0.6462094,0.9935971,-0.9891043,16.64797,0.0001011109,0,0.5344976,0.9977053,-1.017036,0,-3.65804E-05,0,0.5784112,0.9784546,-0.9932633,34.04593,13.25934,-3.497992,0.6247153,0.9729471,-0.9981337,24.91491,2.417881E-05,0,0.6526711,0.9794273,-1.009655,16.62453,2.141293E-05,0,0.5351062,0.9901276,-1.024845,3.069245,14.87362,-2.900768,0.5781728,0.9647055,-1.013632,33.0803,1.202135,-2.186954,0.6215243,0.9617784,-1.019091,27.84652,-2.426324E-06,0,0.6461102,0.9712589,-1.029254,18.58473,-1.698183E-06,0,0.5337139,0.9844456,-1.032604,7.703139,29.67832,-7.04378,0.5725989,0.956255,-1.034123,30.96075,-4.3003,-8.829907,0.6069481,0.9524065,-1.041931,22.70042,8.443537E-06,0,0.6272548,0.9584305,-1.048819,15.14466,1.500932E-06,0,0.6208771,1.454815,-1.053593,39.65658,-13.01552,79.9972,0.6148235,1.479673,-1.083689,13.01749,28.63043,-6.32124,0.6036189,1.505642,-1.093639,7.60331,-7.820176E-06,0,0.6086061,1.458103,-1.0505,0,-14.88067,1.249918,0.6089111,1.511657,-1.062778,18.63136,28.20496,4.372914,0.5846004,1.547741,-1.076655,10.63073,0.0001444418,0,0.5680466,1.566786,-1.089012,7.088255,0.0001034314,0,0.5985372,1.457346,-1.047175,0,-4.018937E-06,0,0.5856797,1.508728,-1.054839,15.07909,14.30402,3.225433,0.5609668,1.546225,-1.068306,18.60989,0.0006863621,0,0.5429012,1.564967,-1.084998,12.41268,0.0004762227,0,0.5885087,1.455126,-1.04353,3.069245,14.87367,-2.900768,0.5636717,1.499655,-1.048729,8.357265,-0.07866434,-6.954094,0.5412217,1.535787,-1.059133,20.58732,1.240321E-05,0,0.5270704,1.554516,-1.074836,13.73312,6.718042E-06,0,0.5804388,1.450974,-1.040059,7.703165,29.67841,-7.043752,0.5468392,1.485172,-1.043321,13.37482,-15.58082,-16.98853,0.5288525,1.512952,-1.055984,14.1425,-8.595507E-05,0,0.519223,1.528436,-1.068775,9.431005,-6.377776E-05,0,sign
1167,0.5574777,0.9267864,-1.154037,2.58634,1.77257,3.83839,0.5496241,1.285562,-1.198713,-1.398997,-0.4554878,2.877596,0.5520508,1.594447,-1.191851,-0.7192771,0.01139904,5.149286,0.4776108,0.9245592,-1.148569,1.65989,0.7643873,-2.852933,0.4859611,0.4987208,-1.116596,12.08208,0.02680459,0,0.4829769,0.07447717,-1.173906,8.140925,-0.6504996,-8.7725,0.6373445,0.9290136,-1.159504,-1.335155,-1.624302,-1.131423,0.6378077,0.502016,-1.149341,5.993941,-0.03318353,0.03956468,0.6364983,0.07530528,-1.183869,4.206356,-0.8399618,-7.643084,0.4820369,1.408503,-1.173303,-13.87114,-3.18028,2.842622,0.3515472,1.402778,-1.198789,-35.83154,46.89067,-74.44663,0.3027752,1.152896,-1.156704,64.88863,-7.741263E-05,-55.89691,0.6210675,1.407568,-1.180316,-15.50603,2.009099,6.902284,0.7473099,1.412253,-1.222159,44.72918,-9.474921,-60.52195,0.7879111,1.220175,-1.054684,129.2504,-0.0001257923,-41.44384,0.5137491,1.00797,-1.033296,8.858539,-7.005661,0.5428462,0.5969509,1.430343,-1.044366,0.645587,-31.02112,0.1780411,0.5289463,1.021213,-1.00508,44.54303,-17.63576,89.67302,0.5646076,1.037202,-0.9993366,13.74911,37.09757,-8.395454,0.591271,1.030771,-0.987227,7.286289,-8.117042E-06,0,0.5347503,1.011027,-1.010869,0,-14.88063,1.249762,0.577559,1.00317,-0.9773357,34.23829,25.46001,-11.54065,0.6227161,0.9971501,-0.9805408,25.00202,3.768308E-05,0,0.6484833,1.0025,-0.9903825,16.68277,2.073274E-05,0,0.5367452,1.003192,-1.01777,0,-8.141948E-06,0,0.5812161,0.98527,-0.9939949,34.35133,13.31548,-3.445772,0.6276422,0.9812018,-0.9991128,24.88185,3.900245E-05,0,0.6553208,0.9884936,-1.010817,16.60244,2.457412E-05,0,0.5375588,0.9956093,-1.025557,3.069181,14.87364,-2.900633,0.5813427,0.9714546,-1.01432,33.47433,1.362086,-2.084126,0.6247246,0.9699184,-1.020097,27.87493,-1.105208E-05,0,0.6489043,0.9801613,-1.030493,18.60375,-1.687901E-05,0,0.5363187,0.9898654,-1.033295,7.703139,29.67834,-7.043752,0.5759857,0.962784,-1.034777,31.63151,-4.326206,-8.830397,0.6104143,0.9602686,-1.042776,22.50492,4.735401E-05,0,0.6304626,0.9670058,-1.049759,15.01402,3.343985E-05,0,0.6182278,1.454915,-1.05645,39.95646,-13.03184,80.31561,0.6137167,1.479948,-1.086672,12.92139,28.38424,-6.224252,0.6033527,1.506086,-1.097078,7.565248,-8.605234E-06,0,0.605888,1.458345,-1.05382,0,-14.88068,1.249762,0.6074014,1.511989,-1.065602,17.87414,28.48399,4.584156,0.5841145,1.548707,-1.079574,10.60929,0.000109805,0,0.5682863,1.56825,-1.092102,7.073988,6.027059E-05,0,0.5956849,1.457698,-1.050906,0,-8.44101E-06,0,0.5838339,1.509314,-1.058622,14.53067,14.4762,3.532691,0.560149,1.547395,-1.072297,18.81796,0.0005734678,0,0.542919,1.566591,-1.089353,12.55162,0.0003937014,0,0.5854899,1.455587,-1.047684,3.069309,14.87367,-2.900633,0.5614794,1.500494,-1.053475,7.742708,0.02415627,-6.890026,0.5399452,1.537148,-1.063989,20.73265,7.10753E-06,0,0.5266303,1.556323,-1.079883,13.83018,4.610646E-06,0,0.5772325,1.451517,-1.044575,7.703191,29.67842,-7.043725,0.5442514,1.486199,-1.048872,12.34157,-15.35892,-17.11809,0.5270287,1.514516,-1.061408,14.85467,-4.066246E-05,0,0.5180944,1.530298,-1.074338,9.906175,-4.003828E-05,0,sign
1200,0.5575475,0.9268832,-1.154418,2.599023,1.764987,3.474347,0.5497303,1.285655,-1.199109,-1.41596,-0.3663271,2.61112,0.5518188,1.594542,-1.192238,-0.8030819,-0.1373214,5.272137,0.4776478,0.9246437,-1.149458,1.680628,0.7815104,-2.952605,0.4857429,0.4988174,-1.117259,12.01634,0.02595033,0,0.4829805,0.07448411,-1.173912,8.059027,-0.6159909,-8.477554,0.6374471,0.9291226,-1.159378,-1.337498,-1.656088,-1.023929,0.6376742,0.5021251,-1.149205,6.002308,-0.03102213,0.04423466,0.6363428,0.07541931,-1.183792,4.16913,-0.9217186,-7.929865,0.4818474,1.408491,-1.173984,-13.84338,-3.150781,2.887104,0.3514713,1.402652,-1.200019,-36.0874,47.30603,-74.36197,0.30199,1.152974,-1.157558,66.16892,-7.691485E-05,-56.63644,0.6209106,1.407759,-1.180346,-15.37571,1.918996,6.692986,0.7474401,1.41242,-1.221315,44.59438,-9.339868,-60.92657,0.7871563,1.219595,-1.054487,129.4881,-0.0001154826,-42.23887,0.515601,1.013205,-1.032745,9.147763,-7.106194,0.569239,0.595574,1.429279,-1.046022,0.8820438,-31.22334,0.2462884,0.5303168,1.02694,-1.004509,44.54705,-17.61999,89.81537,0.5654956,1.043939,-0.99869,13.77956,36.84897,-8.3668,0.5923286,1.03839,-0.9865192,7.326515,9.059808E-06,0.01978234,0.5364267,1.016908,-1.010252,0,-14.88063,1.249918,0.5793192,1.010343,-0.9765488,34.64724,25.53291,-11.68752,0.6246333,1.005718,-0.9798522,24.94407,-2.348805E-05,0,0.6502103,1.011822,-0.9897511,16.64403,-2.645812E-05,0,0.5386668,1.009115,-1.017127,0,-5.678454E-06,0,0.58354,0.9925139,-0.9931499,34.73127,13.35412,-3.469385,0.6300657,0.9899363,-0.9983304,24.66687,1.525745E-05,0,0.6575279,0.9980063,-1.010034,16.45877,1.008755E-05,0,0.5397222,1.00154,-1.024891,3.069181,14.87364,-2.900701,0.5841298,0.9786586,-1.01344,33.88404,1.495341,-1.986822,0.6275247,0.9785318,-1.019321,27.74809,-3.875125E-06,0,0.6513613,0.9894817,-1.029788,18.51892,-5.128274E-06,0,0.5386726,0.9957451,-1.03262,7.703139,29.67834,-7.043752,0.5790932,0.969791,-1.033893,32.39602,-4.26886,-8.884757,0.6135714,0.9686427,-1.041991,21.89709,0.0001212082,0,0.6334153,0.9759617,-1.048973,14.60796,8.87601E-05,0,0.6171547,1.45394,-1.057362,40.31602,-13.10226,80.5386,0.6134534,1.479038,-1.087641,12.85116,28.38211,-6.189127,0.6034417,1.505228,-1.098259,7.524439,-2.549944E-07,0,0.6047531,1.457354,-1.055017,0,-14.88067,1.249918,0.6065751,1.511092,-1.066316,17.31744,28.7077,4.875802,0.5836074,1.548057,-1.080164,10.99254,8.646781E-05,0,0.5680106,1.567697,-1.092831,7.329594,5.285078E-05,0,0.5944796,1.456688,-1.052368,0,-3.04697E-06,0,0.5828381,1.508369,-1.059957,14.11836,14.57879,4.012053,0.5594993,1.546677,-1.073593,19.11035,0.0005452498,0,0.5426028,1.566009,-1.090829,12.74682,0.0003752635,0,0.5842058,1.454554,-1.049422,3.069181,14.87367,-2.900701,0.5603588,1.499517,-1.055449,7.26169,0.112396,-6.634155,0.5390888,1.536359,-1.065842,20.87446,-2.968497E-05,0,0.526105,1.555739,-1.081763,13.9249,-2.113896E-05,0,0.5758717,1.450462,-1.046556,7.703191,29.67841,-7.043752,0.543017,1.485192,-1.0514,11.62041,-15.20555,-17.18039,0.5260265,1.513741,-1.063723,15.26184,-0.0001098149,0,0.5173855,1.529689,-1.07665,10.1779,-6.997251E-05,0,sign
1233,0.5574915,0.9270506,-1.154593,2.60767,1.749956,3.135877,0.5497966,1.285823,-1.199328,-1.41513,-0.3066585,2.422932,0.5516021,1.594711,-1.192442,-0.7808449,-0.1750391,5.312973,0.477564,0.9248105,-1.150106,1.625701,0.7851063,-3.045104,0.4854225,0.4989518,-1.118278,11.82257,0.0253228,0,0.4829655,0.07448295,-1.173921,7.926226,-0.5839485,-8.207458,0.6374191,0.9292907,-1.159081,-1.367019,-1.661392,-0.920261,0.6375371,0.5022879,-1.149137,5.983369,-0.01738505,0.04845664,0.6363869,0.07558948,-1.183823,4.116135,-0.946851,-8.176468,0.4817131,1.408595,-1.174433,-13.82948,-3.119462,2.919938,0.3514195,1.402701,-1.200866,-36.02474,47.34824,-73.99154,0.3006496,1.153265,-1.158506,67.52249,-9.550712E-05,-57.29497,0.6207972,1.407996,-1.180335,-15.37104,1.895092,6.494315,0.7474618,1.412722,-1.220876,44.0731,-9.001127,-61.09682,0.7871309,1.218635,-1.055506,129.6921,-0.0001047927,-42.09882,0.5162811,1.018528,-1.031651,9.387053,-7.212941,0.5928131,0.5954208,1.428191,-1.046759,0.8460353,-31.50354,0.2373883,0.5304317,1.03273,-1.003358,44.57788,-17.59604,89.8377,0.5651089,1.050676,-0.9973758,13.61673,36.66632,-8.230797,0.5920242,1.045998,-0.9850221,7.257987,-2.765025E-05,0,0.5368451,1.022847,-1.009028,0,-14.88064,1.250075,0.579662,1.01752,-0.9750112,35.04591,25.57804,-11.92185,0.6250973,1.014225,-0.9782445,24.69304,-5.052766E-05,0,0.650549,1.020981,-0.9880423,16.47622,-4.900137E-05,0,0.5393385,1.015096,-1.015863,0,-1.039434E-05,0,0.5844688,0.9997607,-0.9915279,35.09727,13.38739,-3.486835,0.6310622,0.9985875,-0.9966082,24.35229,1.77077E-05,0,0.6583675,1.007335,-1.008191,16.24848,5.36518E-07,0,0.540648,1.007529,-1.023596,3.069309,14.87363,-2.900701,0.5855661,0.9858672,-1.01177,34.25885,1.651397,-1.945513,0.6289505,0.9870387,-1.017614,27.52888,-1.899378E-06,0,0.6525123,0.9985932,-1.028053,18.37228,9.041589E-06,0,0.5398059,1.001686,-1.031314,7.703165,29.67834,-7.043752,0.5809081,0.9768096,-1.032231,32.97926,-4.120408,-8.947468,0.6154077,0.9768392,-1.040319,21.4161,4.897103E-06,0,0.6350718,0.9846667,-1.047258,14.28664,5.674017E-06,0,0.617151,1.452797,-1.057931,40.61294,-13.17593,80.72659,0.6137156,1.477865,-1.088265,12.68677,28.22725,-6.077574,0.603976,1.50409,-1.099051,7.439517,-7.1513E-06,0,0.6047556,1.456257,-1.05562,0,-14.88066,1.249762,0.6068536,1.510026,-1.066722,16.94835,28.87249,5.191578,0.584055,1.547214,-1.080249,11.70743,8.485831E-05,0,0.5684626,1.566805,-1.092996,7.806478,6.455169E-05,0,0.5944694,1.455626,-1.053012,0,-1.220128E-06,0,0.5830812,1.507385,-1.060461,13.88733,14.60999,4.292632,0.5599704,1.545908,-1.073877,19.69433,-0.0006763742,0,0.5431588,1.565215,-1.091222,13.13676,-0.0004633261,0,0.5841755,1.453526,-1.050112,3.069245,14.87368,-2.900701,0.560547,1.498615,-1.056069,6.86047,0.1828974,-6.485372,0.5394656,1.535662,-1.066109,21.61057,1.548387E-05,0,0.526619,1.555046,-1.082136,14.41658,9.803068E-06,0,0.5758129,1.449461,-1.047292,7.703139,29.67841,-7.043752,0.543128,1.484351,-1.052135,10.99012,-15.01114,-17.24788,0.5261936,1.513105,-1.064053,16.28422,-9.551176E-05,0,0.5177202,1.529064,-1.077077,10.8602,-7.066449E-05,0,sign
1267,0.5573166,0.9272334,-1.154328,2.617559,1.727787,2.911949,0.549743,1.286004,-1.199156,-1.395496,-0.2658413,2.315875,0.5512741,1.594893,-1.192219,-0.6173896,-0.1133512,5.341407,0.4773716,0.9250102,-1.150153,1.494755,0.7675094,-3.113699,0.4850987,0.4990809,-1.119252,11.56122,0.02490921,0,0.4829508,0.07448372,-1.173919,7.793468,-0.5677567,-8.030696,0.6372616,0.9294566,-1.158502,-1.408894,-1.638676,-0.8432553,0.6374046,0.5024469,-1.148854,5.952131,-0.02962161,0.03956468,0.6363103,0.07575351,-1.183603,4.052315,-0.9436027,-8.315219,0.4815309,1.408739,-1.174432,-13.83795,-3.072678,2.944173,0.3512901,1.402858,-1.201127,-35.67725,47.08762,-73.54898,0.2992019,1.153668,-1.158917,68.92715,-8.621155E-05,-57.8484,0.6206262,1.408231,-1.180071,-15.38607,1.868022,6.346408,0.747355,1.412965,-1.220411,43.56075,-8.618943,-61.06007,0.7872785,1.218004,-1.056134,129.9645,-0.000108449,-42.44025,0.5167801,1.024244,-1.029873,9.611492,-7.260342,0.6110179,0.59605,1.42799,-1.047154,0.7587299,-31.66873,0.2158,0.5303906,1.038925,-1.001559,44.6172,-17.58942,89.98579,0.5645536,1.057799,-0.9954736,13.6057,36.44659,-8.182133,0.5915394,1.053985,-0.9829777,7.273055,-4.333589E-05,0,0.5370902,1.029187,-1.007148,0,-14.88064,1.250075,0.5798258,1.02511,-0.9728578,35.35096,25.61783,-12.07178,0.6253407,1.023073,-0.9760076,24.62426,8.62662E-05,0,0.6506248,1.030479,-0.9857695,16.43026,6.080635E-05,0,0.5398233,1.021475,-1.013935,0,-2.052888E-05,0,0.5851873,1.007411,-0.9892684,35.33467,13.39551,-3.400185,0.6318101,1.007544,-0.9942096,24.34322,-3.634545E-07,0,0.65889,1.016996,-1.005769,16.24242,1.932108E-06,0,0.5413736,1.013912,-1.021627,3.069245,14.87363,-2.900701,0.5867631,0.9934649,-1.009443,34.55048,1.79387,-1.817577,0.6301025,0.9958467,-1.015253,27.39334,2.434947E-05,-0.01978234,0.6533714,1.007959,-1.025716,18.28164,1.211279E-05,0,0.5407284,1.008016,-1.029324,7.703191,29.67833,-7.04378,0.5824625,0.9842042,-1.029891,33.45019,-3.932197,-8.977806,0.6169398,0.9853006,-1.038,21.00809,0.0001215015,-0.01978234,0.6364146,0.9935879,-1.044938,14.01412,8.474333E-05,0,0.6179813,1.452547,-1.058037,40.88472,-13.29221,80.99796,0.6149313,1.4777,-1.088342,12.75439,28.06229,-6.078251,0.6054589,1.503992,-1.099202,7.490695,1.406208E-06,0,0.605593,1.456062,-1.055772,0,-14.88067,1.250075,0.6080574,1.509892,-1.066496,16.901,28.99248,5.407874,0.5854744,1.547281,-1.079828,12.13029,-5.018032E-05,0,0.5699596,1.566898,-1.09263,8.088522,-4.4839E-05,0,0.5952888,1.455472,-1.053225,0,-5.039864E-06,0,0.5842357,1.507343,-1.060386,13.85545,14.59711,4.603557,0.5614321,1.546102,-1.07365,20.05756,-0.002237931,0,0.5447758,1.56548,-1.091066,13.37932,-0.001532085,0,0.5849671,1.453411,-1.050397,3.069309,14.87367,-2.900768,0.5616279,1.498673,-1.056179,6.714869,0.1970403,-6.2816,0.5408165,1.535937,-1.065977,21.97625,-3.993342E-05,0,0.5281553,1.555424,-1.082026,14.66083,-3.374003E-05,0,0.576566,1.449374,-1.047651,7.703139,29.67841,-7.043752,0.5441066,1.484482,-1.05244,10.74239,-14.9432,-17.2645,0.527362,1.513447,-1.064112,16.68661,-0.0001616228,0,0.519074,1.529514,-1.077122,11.12877,-0.000114611,0,sign
1300,0.5572022,0.9273976,-1.154421,2.632101,1.703842,2.824661,0.5497722,1.286161,-1.199376,-1.368736,-0.2652218,2.274602,0.5511734,1.595049,-1.192337,-0.3599087,0.02483894,5.385033,0.4772502,0.9252031,-1.15037,1.383242,0.7439784,-3.152625,0.4849163,0.49922,-1.120205,11.32669,0.02387375,0,0.4829659,0.07449597,-1.173886,7.657783,-0.5585963,-7.962622,0.6371543,0.9295921,-1.158473,-1.436268,-1.604372,-0.8001527,0.6373791,0.5025796,-1.148954,5.911054,-0.02943146,0.04423466,0.6364128,0.07587159,-1.183527,3.975818,-0.8803405,-8.341837,0.4815431,1.408908,-1.174758,-13.86512,-3.017491,2.96887,0.3513281,1.403145,-1.201604,-35.45393,46.92596,-73.0864,0.2976469,1.154252,-1.15964,70.40006,-8.150938E-05,-58.43805,0.6206426,1.408396,-1.180297,-15.39184,1.867655,6.268071,0.7473963,1.41311,-1.220561,43.07444,-8.218551,-60.82637,0.7877423,1.217636,-1.056998,130.3176,-0.0001177194,-42.82873,0.5171826,1.030152,-1.028695,9.887318,-7.266842,0.6293179,0.597577,1.428586,-1.048048,1.009494,-31.54595,0.2853053,0.5302956,1.045286,-1.000384,44.72006,-17.5733,90.08689,0.5639183,1.065105,-0.9942958,13.54471,36.44946,-8.145097,0.5909485,1.062103,-0.9816748,7.240396,-5.108675E-05,0,0.5372688,1.035706,-1.005912,0,-14.88062,1.250075,0.5799636,1.03287,-0.9714459,35.6946,25.64067,-12.26477,0.6255157,1.032137,-0.9746303,24.47329,0.0001503157,0,0.6506013,1.040194,-0.9843889,16.32937,9.863018E-05,0,0.5402285,1.028044,-1.01266,0,-1.236935E-06,0,0.5858487,1.015258,-0.9877707,35.60717,13.41961,-3.380203,0.6324492,1.016728,-0.9927063,24.1615,6.818626E-06,0,0.6592937,1.026845,-1.004251,16.12099,-1.141524E-05,0,0.5420055,1.020496,-1.020318,3.069309,14.87364,-2.900701,0.5878662,1.001286,-1.007888,34.74611,1.917358,-1.769346,0.6311239,1.004843,-1.013706,27.3809,2.551318E-05,0,0.6540533,1.017544,-1.024221,18.27333,1.930578E-05,0,0.5415443,1.014558,-1.027995,7.703139,29.67834,-7.04378,0.583888,0.991843,-1.028317,33.79247,-3.715938,-9.026848,0.6182999,0.993941,-1.036506,20.75722,-1.576743E-05,0,0.6375514,1.002702,-1.043487,13.84656,-1.465621E-05,0,0.6196137,1.453102,-1.058811,41.17762,-13.37589,81.03499,0.616819,1.478122,-1.08925,12.55107,28.24122,-6.013597,0.6075683,1.504447,-1.10022,7.359221,-1.91197E-06,0,0.6072215,1.456641,-1.056607,0,-14.88067,1.250075,0.6098517,1.51047,-1.067298,17.03101,29.07208,5.339976,0.5873384,1.547848,-1.080778,11.95703,-3.170564E-06,0,0.5719082,1.567509,-1.093615,7.972945,7.767199E-06,0,0.5969035,1.456072,-1.054112,-0.02797646,-1.756836E-06,0,0.5859944,1.507969,-1.061308,13.95832,14.57512,4.679772,0.5633402,1.546754,-1.074749,19.97037,0.001577735,0,0.5468069,1.566168,-1.092243,13.32108,0.001082862,0,0.5865634,1.454032,-1.051337,3.069245,14.87368,-2.900633,0.5633478,1.499344,-1.057218,6.706627,0.1556637,-6.298868,0.5426918,1.53667,-1.067107,21.95707,3.531133E-05,0,0.5301697,1.556206,-1.083206,14.64803,2.875213E-05,0,0.5781403,1.450011,-1.048634,7.703165,29.67842,-7.043725,0.5457785,1.485188,-1.053572,10.58154,-14.90131,-17.31634,0.529128,1.514216,-1.065223,16.9055,-6.165896E-05,0,0.5209509,1.530297,-1.078286,11.27489,-3.984673E-05,0,sign
1333,0.5570956,0.9274356,-1.154922,2.651439,1.691275,2.851972,0.5497664,1.286185,-1.200003,-1.34712,-0.2928004,2.286361,0.5511651,1.595071,-1.19284,-0.1065312,0.1884629,5.443449,0.477145,0.9252618,-1.150833,1.363723,0.721473,-3.176012,0.4848829,0.4992794,-1.120675,11.26187,0.02429199,-0.02797646,0.4829759,0.07449493,-1.173877,7.58861,-0.5557194,-7.996693,0.6370463,0.9296095,-1.159012,-1.424503,-1.566546,-0.7775803,0.6374587,0.5026021,-1.149269,5.894283,-0.02820341,0.04423466,0.6366553,0.07586563,-1.183493,3.920315,-0.7496744,-8.264483,0.4816011,1.408974,-1.175417,-13.89761,-2.954166,3.011164,0.3513859,1.403412,-1.202305,-35.30396,46.7938,-72.65424,0.2960954,1.154818,-1.160655,71.79457,-7.441545E-05,-59.04152,0.620699,1.408394,-1.180986,-15.35732,1.856563,6.258962,0.7474713,1.413004,-1.221203,42.76339,-7.936323,-60.43106,0.7879663,1.217433,-1.057794,130.7041,-0.0001039381,-42.75272,0.5174432,1.035622,-1.028214,10.22128,-7.357434,0.6584912,0.5994655,1.429897,-1.049439,1.097001,-31.26879,0.3064671,0.5300715,1.051192,-0.9999194,44.85031,-17.57351,90.20621,0.5631232,1.071959,-0.9938663,13.56176,36.56043,-8.176684,0.5901762,1.069723,-0.9811356,7.238959,-5.887582E-06,0,0.5373092,1.041779,-1.005393,0,-14.88062,1.249918,0.5799605,1.04018,-0.9707938,36.00948,25.65417,-12.45655,0.6255109,1.040745,-0.9740367,24.19788,-3.316187E-06,0,0.6504055,1.049406,-0.9837667,16.14529,6.334913E-06,0,0.5404885,1.034173,-1.012105,0,-2.076517E-06,0,0.5863529,1.022671,-0.9870387,35.9003,13.46943,-3.406226,0.6328852,1.025471,-0.992041,23.86146,3.406473E-05,0,0.6594939,1.036211,-1.003569,15.92045,1.920392E-05,0,0.542485,1.026647,-1.019731,3.069181,14.87364,-2.900701,0.588795,1.008687,-1.0071,34.95562,2.04458,-1.664481,0.6319315,1.013423,-1.012977,27.26718,3.08928E-05,0,0.6545212,1.026666,-1.023559,18.19725,2.08503E-05,0,0.5422022,1.020672,-1.027389,7.703165,29.67834,-7.043725,0.585126,0.9990717,-1.027507,34.06492,-3.463871,-9.045591,0.6194391,1.00212,-1.035811,20.51569,0.0001078381,0,0.6384582,1.011322,-1.042861,13.68528,7.739474E-05,0,0.6215299,1.454289,-1.060424,41.38029,-13.46631,81.06744,0.6187519,1.479033,-1.091089,12.36185,28.30438,-5.932801,0.6096471,1.505321,-1.102268,7.244297,-5.94425E-06,0,0.6091552,1.457875,-1.058196,0,-14.88067,1.249918,0.6118926,1.511633,-1.069212,17.08759,29.12882,5.275332,0.5893849,1.548959,-1.082846,11.81144,0.0001190368,0,0.5739549,1.568609,-1.0957,7.875867,7.996421E-05,0,0.5988446,1.457348,-1.055662,0,-4.807905E-06,0,0.5880501,1.509232,-1.063123,14.01979,14.56381,4.678558,0.5654527,1.547982,-1.076759,19.89686,0.0004079962,0,0.5489154,1.567346,-1.094304,13.27198,0.0002835388,0,0.588509,1.455352,-1.052838,3.069309,14.87368,-2.900633,0.5653949,1.500692,-1.058903,6.765208,0.1153224,-6.282537,0.5448265,1.538015,-1.068988,21.79482,-2.684996E-07,0,0.5323033,1.557524,-1.085118,14.53964,-2.270855E-06,0,0.5800847,1.451371,-1.050083,7.703191,29.67841,-7.043752,0.5478006,1.486606,-1.055112,10.48693,-14.91123,-17.36793,0.5311916,1.515634,-1.066823,17.04347,-0.0002101652,0,0.5230341,1.53166,-1.079965,11.36696,-0.000145007,0,sign
1367,0.5562941,0.9272962,-1.155444,2.668805,1.694135,2.967221,0.5489988,1.28603,-1.20063,-1.330015,-0.3386218,2.348187,0.550525,1.594913,-1.193386,0.0656106,0.317809,5.499466,0.4763517,0.9251273,-1.151193,1.443607,0.657832,-3.182416,0.4846359,0.4992059,-1.120328,11.40581,0.02403827,0,0.4829793,0.07446244,-1.173865,7.620687,-0.605642,-8.098443,0.6362365,0.929465,-1.159696,-1.349297,-1.492201,-0.7783349,0.6372329,0.5024748,-1.149268,5.99332,-0.02831882,0.03956468,0.6368961,0.07574177,-1.183543,3.953393,-0.5611188,-8.131346,0.4809557,1.408879,-1.176005,-13.93002,-2.941033,3.050371,0.3507205,1.403442,-1.202821,-35.02318,46.50589,-72.22202,0.2941771,1.155075,-1.161503,73.06353,-0.0001146918,-59.55967,0.620047,1.40819,-1.181727,-15.29723,1.824412,6.296876,0.7468227,1.412612,-1.221954,42.55108,-7.718589,-59.96852,0.7873402,1.217196,-1.058365,131.0213,-8.929012E-05,-42.85866,0.5171722,1.040561,-1.027701,10.6176,-7.412159,0.6895542,0.6006719,1.431293,-1.050575,1.25117,-30.97779,0.3466151,0.5293701,1.056549,-0.9994509,44.9648,-17.57417,90.33334,0.5618572,1.078216,-0.9934937,13.53237,36.58498,-8.163203,0.5889395,1.076767,-0.9807116,7.221049,3.972024E-05,0,0.53685,1.047302,-1.004882,0,-14.88061,1.249918,0.5794886,1.046909,-0.970233,36.29038,25.6641,-12.59456,0.6249973,1.048721,-0.973602,24.01855,3.285651E-05,0,0.6496598,1.057976,-0.9833754,16.02542,3.330707E-05,0.01978234,0.5402284,1.039754,-1.011563,0,1.082429E-05,0,0.5863405,1.029509,-0.9864068,36.05899,13.50861,-3.380898,0.6327752,1.033529,-0.9914839,23.88549,5.1E-05,0,0.6590662,1.044931,-1.003106,15.93652,5.069024E-05,0,0.5424234,1.032254,-1.01916,3.069245,14.87365,-2.900701,0.5891587,1.015518,-1.006414,35.16047,2.143989,-1.596181,0.6321366,1.021402,-1.012415,27.039,7.226399E-05,0,0.6544018,1.035128,-1.023068,18.04469,5.976565E-05,0,0.5423006,1.026246,-1.026795,7.703139,29.67834,-7.043752,0.5857574,1.005739,-1.02679,34.27331,-3.241034,-9.060198,0.6199431,1.009675,-1.035244,20.31122,-1.523229E-06,0,0.638721,1.019291,-1.042387,13.54872,2.817629E-07,0,0.6227827,1.455557,-1.061749,41.51255,-13.53687,81.20376,0.6200516,1.480065,-1.092608,12.26993,28.2739,-5.8818,0.6110898,1.506312,-1.103997,7.192657,1.687072E-06,0,0.6104238,1.459192,-1.059514,0.02797646,-14.88067,1.249918,0.6132944,1.512879,-1.070842,17.07635,29.18525,5.253521,0.5908301,1.550181,-1.08461,11.77103,0.0001126121,0,0.5754135,1.56981,-1.097511,7.84893,7.394083E-05,0,0.6001177,1.45871,-1.056952,0,-5.516103E-06,0,0.5894591,1.510583,-1.064685,14.02956,14.55904,4.627281,0.5669467,1.54932,-1.078497,19.88383,-8.789448E-05,0,0.5504364,1.568638,-1.096117,13.2633,-6.516124E-05,0,0.5897828,1.456761,-1.054094,3.069309,14.87367,-2.900701,0.5667887,1.502134,-1.060364,6.762047,0.07486253,-6.289212,0.5463346,1.539473,-1.070619,21.774,-1.794787E-05,0,0.5338477,1.558942,-1.086827,14.52573,-1.913387E-05,0,0.5813532,1.452821,-1.051296,7.703191,29.67841,-7.043808,0.5491617,1.488122,-1.056452,10.42958,-14.94052,-17.36487,0.532627,1.517153,-1.06826,17.113,-0.0001351788,0,0.5245025,1.533131,-1.081481,11.41339,-9.997078E-05,0,sign
1400,0.5547544,0.9271594,-1.15607,2.707832,1.700268,3.122802,0.5474086,1.28586,-1.201447,-1.309703,-0.3671392,2.440639,0.5490395,1.594743,-1.194214,0.1724585,0.3713705,5.544503,0.4748238,0.9249955,-1.1516,1.521357,0.5450761,-3.167679,0.4840539,0.4991547,-1.119903,11.57675,0.02271,0,0.4829924,0.07446048,-1.173844,7.655015,-0.6996068,-8.217476,0.634685,0.9293233,-1.16054,-1.269646,-1.37803,-0.8074558,0.636584,0.5023582,-1.149245,6.120645,-0.02816238,0.02797646,0.6370122,0.07563141,-1.183596,3.991892,-0.3649679,-8.001798,0.4794621,1.408749,-1.176754,-13.94483,-2.902444,3.07689,0.349184,1.403452,-1.203389,-34.65844,46.1387,-71.79977,0.2915237,1.155293,-1.162366,74.18485,-8.941307E-05,-59.9868,0.6185435,1.407993,-1.182701,-15.28867,1.847347,6.347643,0.7452605,1.412396,-1.223115,42.39333,-7.621124,-59.46655,0.7859719,1.217047,-1.059494,131.2514,-0.0001224114,-43.10305,0.5158988,1.044944,-1.027376,11.11819,-7.433737,0.7244276,0.6010115,1.432617,-1.051593,1.314327,-30.66675,0.3593647,0.5277527,1.061331,-0.9992082,45.08324,-17.55788,90.4125,0.5597075,1.083827,-0.9934492,13.38914,36.62127,-8.081529,0.586821,1.083147,-0.9806691,7.14169,5.540646E-06,0,0.5354421,1.052242,-1.004613,0,-14.88067,1.249918,0.5781249,1.053,-0.9700241,36.52399,25.68056,-12.72808,0.6235568,1.055955,-0.973613,23.88638,9.584586E-05,0,0.6479628,1.065759,-0.9834952,15.93711,5.804488E-05,0,0.5389894,1.044749,-1.011268,0,-3.486288E-05,0,0.5853652,1.035702,-0.9861378,36.23583,13.54714,-3.390786,0.631663,1.04087,-0.9914219,23.82439,1.969463E-05,0,0.657629,1.052858,-1.003184,15.89568,9.276326E-06,0,0.5413511,1.037273,-1.018838,3.069245,14.87361,-2.900701,0.588487,1.0217,-1.006093,35.28032,2.253058,-1.488326,0.6312846,1.028597,-1.0123,27.03769,8.463978E-07,0,0.6531664,1.042796,-1.023125,18.04381,1.958656E-06,0,0.5413604,1.031233,-1.026449,7.703139,29.67832,-7.04378,0.5852908,1.01176,-1.026424,34.39021,-3.024277,-9.091288,0.6193249,1.016472,-1.035091,20.31517,1.468442E-05,0,0.6378277,1.026502,-1.04238,13.55133,1.431631E-05,0,0.6231448,1.456813,-1.062869,41.63494,-13.5875,81.33408,0.6204066,1.481223,-1.093805,12.22679,28.35092,-5.875231,0.6115339,1.507487,-1.105223,7.162235,-1.979509E-06,0,0.6108016,1.460481,-1.0606,0,-14.88067,1.250075,0.6137643,1.514145,-1.072008,17.00951,29.24007,5.297979,0.5913212,1.551489,-1.085697,12.006,0.0001232225,0,0.5758667,1.571071,-1.098626,8.005625,7.187836E-05,0,0.6005024,1.460027,-1.058005,0,-8.642419E-07,0,0.589943,1.511914,-1.065773,14.02317,14.57484,4.627492,0.5674693,1.550683,-1.079558,19.98068,0.0003479162,0,0.5509394,1.56998,-1.097184,13.328,0.0002241418,0,0.590172,1.458106,-1.055112,3.069181,14.87368,-2.900633,0.5672662,1.503525,-1.06137,6.747763,0.06224729,-6.206872,0.5468787,1.540907,-1.071603,21.82571,1.251257E-05,0,0.5343826,1.560368,-1.087812,14.5603,3.240854E-06,0,0.5817419,1.454189,-1.052282,7.703139,29.67841,-7.043752,0.5496183,1.48956,-1.057385,10.40983,-14.95342,-17.28608,0.5331227,1.518623,-1.06917,17.09571,-0.0002550062,0,0.5249875,1.534606,-1.082378,11.40187,-0.0001753636,0,sign
1433,0.5541909,0.9270761,-1.156518,2.740955,1.713741,3.269022,0.5467046,1.285746,-1.202037,-1.299052,-0.3697415,2.55198,0.5483755,1.594629,-1.19483,0.2074791,0.3451186,5.56391,0.4742722,0.9249061,-1.151842,1.561726,0.5097245,-3.147405,0.4839121,0.4991149,-1.119605,11.69475,0.02340889,0,0.4829632,0.07445955,-1.173853,7.686586,-0.712592,-8.334867,0.6341096,0.9292461,-1.161194,-1.206745,-1.341335,-0.8406988,0.6363864,0.5023026,-1.149172,6.234199,-0.02927433,0.01978234,0.6370572,0.07558554,-1.18364,4.028614,-0.2777204,-7.89113,0.4788064,1.40864,-1.177234,-13.96925,-2.854069,3.101793,0.3484831,1.403452,-1.203669,-34.39495,45.89119,-71.36754,0.2896445,1.155519,-1.162954,75.28448,-0.0001015719,-60.25527,0.617876,1.407883,-1.183451,-15.27355,1.822714,6.405085,0.7445263,1.41222,-1.224081,42.05224,-7.443235,-58.97245,0.7854915,1.216617,-1.060827,131.444,-9.466757E-05,-43.32898,0.5153025,1.049184,-1.026886,11.59362,-7.413479,0.7535542,0.6022547,1.433623,-1.05213,1.695121,-30.22541,0.4579955,0.526893,1.065976,-0.9988475,45.21579,-17.56159,90.4927,0.5583559,1.089225,-0.993376,13.35698,36.74116,-8.08403,0.5855029,1.089209,-0.9806491,7.113451,-6.137169E-05,0,0.5347557,1.05702,-1.004225,0,-14.88069,1.249762,0.5775156,1.058871,-0.9697725,36.72884,25.69908,-12.88116,0.6228477,1.062826,-0.9736492,23.69921,0.0001094162,0,0.6470158,1.073071,-0.9836684,15.81203,8.258454E-05,0,0.5384398,1.049566,-1.010848,0,-5.087816E-05,0,0.5850699,1.041637,-0.9858105,36.42209,13.59364,-3.460853,0.6312076,1.047816,-0.9914005,23.70401,-1.370657E-05,0,0.6568639,1.060281,-1.003344,15.81523,-1.505586E-05,0,0.5409357,1.042097,-1.018383,3.069309,14.8736,-2.900701,0.588426,1.02759,-1.005696,35.38801,2.3688,-1.469803,0.6310309,1.035358,-1.012192,27.041,-3.649693E-05,0,0.6525421,1.049952,-1.023235,18.04601,-3.476368E-05,0,0.5410492,1.036015,-1.02596,7.703139,29.67831,-7.04378,0.5853791,1.01747,-1.02596,34.54509,-2.78565,-9.113329,0.6192343,1.022859,-1.034928,20.22276,3.437629E-05,0,0.6374785,1.033211,-1.042416,13.48961,2.244934E-05,0,0.6243249,1.457812,-1.063543,41.72985,-13.63274,81.42016,0.6214952,1.482075,-1.094586,12.28256,28.4183,-5.915429,0.6125651,1.508292,-1.106067,7.190147,-1.033069E-05,0,0.6119838,1.461471,-1.061249,0,-14.88067,1.249918,0.6148459,1.515105,-1.072829,17.05325,29.29755,5.334469,0.5922705,1.552349,-1.086572,11.90138,7.177307E-05,0,0.5767356,1.571882,-1.099478,7.935829,4.888006E-05,0,0.6016927,1.461013,-1.058624,0,-5.009153E-06,0,0.5910455,1.512863,-1.066519,14.03025,14.59165,4.649789,0.5684705,1.551554,-1.080357,20.03613,-7.007224E-05,0,0.5518529,1.570748,-1.098013,13.36503,-4.868654E-05,0,0.591373,1.459088,-1.055694,3.069309,14.87368,-2.900768,0.5683921,1.504459,-1.062025,6.73502,0.05922657,-6.155522,0.5479313,1.541788,-1.072305,21.86097,4.534503E-06,0,0.5353591,1.561174,-1.088544,14.58383,4.147749E-06,0,0.582956,1.455169,-1.052829,7.703165,29.67841,-7.043725,0.5507733,1.490484,-1.057946,10.36358,-14.96022,-17.19888,0.5342107,1.519502,-1.069748,17.14739,6.496428E-05,0,0.5260156,1.535431,-1.082984,11.43637,4.747252E-05,0,sign
1467,0.5536284,0.927003,-1.157021,2.752499,1.717835,3.381246,0.5459837,1.285661,-1.202495,-1.33031,-0.3442345,2.667044,0.547591,1.594542,-1.195155,0.1701742,0.266689,5.551038,0.473719,0.924836,-1.152188,1.626182,0.471798,-3.127125,0.4837226,0.4990954,-1.119398,11.79822,0.02241094,0,0.4829144,0.07446462,-1.173841,7.709125,-0.7084092,-8.420329,0.6335378,0.92917,-1.161854,-1.131423,-1.300398,-0.8663754,0.6361668,0.5022474,-1.149183,6.323659,-0.02855225,0,0.6370956,0.07553196,-1.183666,4.046947,-0.2061409,-7.808991,0.4780748,1.408508,-1.177487,-14.00739,-2.809485,3.154922,0.3477145,1.403376,-1.20375,-34.16317,45.69316,-70.94922,0.2877914,1.155654,-1.163333,76.2944,-8.387653E-05,-60.49294,0.6171321,1.407823,-1.183983,-15.3189,1.82455,6.472206,0.7436663,1.412252,-1.224962,41.50036,-7.21265,-58.51785,0.7852461,1.215822,-1.062861,131.6499,-0.0001242458,-43.83548,0.5145362,1.053043,-1.026216,12.07857,-7.445539,0.7888232,0.6035722,1.434062,-1.052423,2.158942,-29.66979,0.5716401,0.5258527,1.070239,-0.9983107,45.3339,-17.60023,90.61987,0.5568114,1.094214,-0.9931016,13.50958,36.8001,-8.189713,0.5839919,1.09483,-0.9804614,7.188591,-6.192891E-08,0,0.533882,1.061411,-1.003653,0,-14.88062,1.249918,0.5766798,1.06434,-0.9693231,36.90239,25.70352,-13.02503,0.6218964,1.069251,-0.973447,23.50007,-1.877628E-05,0,0.6458396,1.079904,-0.9835797,15.67895,-1.818089E-05,0,0.5377002,1.053992,-1.01024,0,3.024014E-06,0,0.5845425,1.047164,-0.9852746,36.59529,13.61664,-3.536735,0.6305057,1.054317,-0.9911347,23.55499,3.585085E-05,0.01978234,0.6558695,1.067224,-1.003232,15.71563,2.713203E-05,0,0.5403284,1.04653,-1.017736,3.069245,14.87364,-2.900701,0.5881338,1.033066,-1.005082,35.49477,2.474654,-1.461123,0.6305361,1.041667,-1.011848,27.02802,2.264294E-05,0,0.65169,1.056622,-1.023095,18.03733,9.436121E-06,0,0.5405467,1.040404,-1.025276,7.703139,29.67834,-7.043752,0.585243,1.022761,-1.025276,34.66376,-2.581518,-9.17359,0.6189213,1.028781,-1.034505,20.16726,0.0001573014,0,0.6369137,1.039439,-1.042171,13.45255,0.0001179395,0,0.6255408,1.458378,-1.063763,41.78305,-13.6417,81.51368,0.6226158,1.482691,-1.094757,12.28015,28.38294,-5.907537,0.6135973,1.508896,-1.106199,7.191184,-6.190951E-07,0,0.613184,1.461978,-1.061459,0,-14.88067,1.249762,0.61582,1.515657,-1.072882,16.95064,29.34198,5.599757,0.5930773,1.552866,-1.086442,12.28792,8.791268E-05,0,0.57739,1.57226,-1.099373,8.193691,6.31638E-05,0,0.6028947,1.461468,-1.058836,0,-5.489484E-06,0,0.5920287,1.513296,-1.066581,14.01072,14.60056,4.703321,0.5692879,1.551935,-1.08029,20.19151,-1.973262E-05,0.01978234,0.5525739,1.571053,-1.097938,13.46875,-7.684178E-06,0,0.5925831,1.459491,-1.055914,3.069181,14.87368,-2.900768,0.5694107,1.504783,-1.062113,6.682283,0.06459203,-6.049252,0.5487944,1.542066,-1.072246,22.05689,3.075617E-05,0,0.5361349,1.561398,-1.088484,14.71472,2.911638E-05,0,0.5841825,1.455528,-1.053061,7.703165,29.67841,-7.043752,0.551851,1.490722,-1.058077,10.26261,-14.96146,-17.14863,0.535167,1.519726,-1.069739,17.36745,-0.0004467749,0,0.5269273,1.535638,-1.082969,11.58322,-0.0003005819,0,sign
1500,0.5529957,0.9269382,-1.157735,2.751859,1.724676,3.447987,0.5451871,1.285595,-1.203006,-1.405138,-0.3091549,2.770151,0.5466977,1.594468,-1.195334,0.09487279,0.1676014,5.521693,0.4730921,0.9247663,-1.152809,1.723742,0.435149,-3.118222,0.4834768,0.4990897,-1.119313,11.90599,0.02085356,0,0.4828783,0.07446879,-1.173835,7.716122,-0.7118465,-8.469256,0.6328992,0.9291101,-1.162662,-1.037786,-1.262168,-0.8818219,0.6358969,0.5022108,-1.149304,6.401563,-0.02747044,0.02797646,0.6371343,0.07548738,-1.183678,4.045398,-0.141352,-7.761544,0.4772426,1.408363,-1.177715,-14.04931,-2.777463,3.227617,0.3468548,1.403258,-1.203846,-33.82517,45.40654,-70.49447,0.2858987,1.155728,-1.163796,77.23165,-8.888495E-05,-60.90234,0.6162885,1.407779,-1.184459,-15.44477,1.903984,6.550326,0.7426507,1.412537,-1.22593,40.63332,-6.927841,-58.08106,0.7852102,1.214403,-1.066173,131.8076,-0.000107388,-44.66303,0.5134112,1.056626,-1.025376,12.71535,-7.444456,0.8303944,0.6049033,1.433582,-1.052283,2.450723,-29.13794,0.6370438,0.5243983,1.074177,-0.9975595,45.44867,-17.64034,90.5876,0.5547792,1.09892,-0.9925452,13.50802,36.94274,-8.215611,0.5819619,1.10019,-0.9799585,7.17414,-1.923801E-05,0,0.5326128,1.065511,-1.002888,0,-14.88064,1.249918,0.5754085,1.069531,-0.9686655,37.00665,25.72986,-13.15756,0.6204842,1.075464,-0.9729839,23.49641,9.19562E-06,0,0.6441377,1.086637,-0.9832368,15.6765,2.614918E-06,0,0.5365827,1.058156,-1.009456,0,-1.062918E-05,0,0.5836213,1.052477,-0.9845718,36.67303,13.65772,-3.653288,0.6293873,1.060655,-0.9906299,23.68773,1.03089E-05,0,0.6543624,1.074147,-1.002898,15.80435,1.052631E-05,0,0.5393621,1.050726,-1.01693,3.069245,14.87364,-2.900633,0.587486,1.038389,-1.004335,35.54136,2.594273,-1.512067,0.6296604,1.047889,-1.011322,27.19081,1.933844E-05,0,0.6503787,1.063308,-1.022751,18.14618,9.886299E-06,0,0.5397017,1.04458,-1.024448,7.703165,29.67834,-7.043752,0.584784,1.027947,-1.024485,34.71401,-2.417312,-9.277224,0.6182745,1.034666,-1.033913,20.25139,-8.79621E-06,0,0.6359724,1.045715,-1.04171,13.50875,-1.214881E-05,0.02797646,0.626794,1.458149,-1.063226,41.83693,-13.63232,81.61266,0.623813,1.482881,-1.093882,12.30108,28.44133,-5.928835,0.6147162,1.509225,-1.104935,7.199391,-7.277386E-06,0,0.6144198,1.461666,-1.060889,0,-14.88069,1.249762,0.6168638,1.515519,-1.071508,16.73908,29.37315,6.117377,0.5940135,1.552895,-1.084412,13.25122,0.0003933959,0,0.5781313,1.572146,-1.09732,8.836357,0.0002584354,0,0.6041287,1.461078,-1.05829,0,-1.3634E-05,0,0.5930725,1.512972,-1.065279,13.90073,14.61834,4.970117,0.5702046,1.551753,-1.078365,20.76751,0.0007441378,0,0.5533779,1.570867,-1.095909,13.85344,0.0005011718,0,0.5938205,1.459018,-1.055413,3.069245,14.87367,-2.900633,0.5704812,1.504307,-1.060974,6.565785,0.1021708,-5.837409,0.5497208,1.541672,-1.070493,22.53509,-1.272557E-05,0,0.5369921,1.56107,-1.086596,15.03418,-1.720161E-05,0,0.5854311,1.45498,-1.052632,7.703165,29.67842,-7.04378,0.5529703,1.490119,-1.057175,10.11015,-14.92467,-17.09209,0.5361701,1.519251,-1.068342,17.77238,0.0003377789,0,0.5279202,1.535277,-1.081426,11.85355,0.0002284663,0,sign
1533,0.5523065,0.9269005,-1.158515,2.761233,1.732952,3.480316,0.5443286,1.285548,-1.20354,-1.509865,-0.2653063,2.855128,0.5457147,1.594408,-1.195323,0.07912937,0.04918805,5.488801,0.472406,0.9247201,-1.153543,1.798201,0.3980566,-3.107027,0.4831687,0.499101,-1.119442,11.96958,0.01880978,0,0.4828728,0.07446203,-1.173825,7.691334,-0.733559,-8.479846,0.632207,0.9290809,-1.163488,-0.9458466,-1.225781,-0.9000514,0.635575,0.5022083,-1.149389,6.489694,-0.02611986,0.01978234,0.6371515,0.07547912,-1.183677,4.032938,-0.09350116,-7.749523,0.4763229,1.408215,-1.177925,-14.06548,-2.747839,3.310265,0.3459056,1.403122,-1.20391,-33.09925,44.76181,-69.98422,0.2841839,1.155733,-1.164166,77.95975,-0.0001107751,-61.561,0.6153592,1.407754,-1.184874,-15.66091,2.094643,6.644729,0.7414857,1.413146,-1.226979,39.44934,-6.562589,-57.74238,0.785608,1.212559,-1.070746,131.8252,-0.0001013805,-45.99315,0.511857,1.059634,-1.023905,13.68022,-7.410314,0.8899944,0.6059405,1.431853,-1.051439,2.11831,-28.62315,0.5399548,0.522434,1.077491,-0.9961241,45.53346,-17.69131,90.48637,0.5521173,1.103086,-0.9912101,13.41245,37.0894,-8.183476,0.5792691,1.10509,-0.9786522,7.109809,-2.336447E-05,0,0.5308644,1.069043,-1.001465,0,-14.88062,1.250231,0.5736123,1.074224,-0.9673389,37.09024,25.75971,-13.33273,0.6184968,1.081361,-0.9718231,23.53292,4.827483E-05,0,0.6417943,1.093184,-0.982161,15.7009,3.561255E-05,0,0.5350141,1.061791,-1.008037,0,4.157826E-06,0,0.5822409,1.057382,-0.9832518,36.76735,13.7218,-3.757756,0.627746,1.066779,-0.9895056,23.74195,1.324224E-05,0,0.6522815,1.080951,-1.001893,15.8406,3.570502E-06,0,0.5379738,1.054433,-1.015512,3.069309,14.87364,-2.900768,0.5864359,1.043388,-1.003014,35.65794,2.722128,-1.578924,0.6283038,1.054007,-1.010229,27.13786,3.141063E-06,0,0.6485599,1.069955,-1.021762,18.11078,-1.248411E-06,0,0.5384604,1.048292,-1.023027,7.703165,29.67834,-7.043725,0.5839688,1.032863,-1.023151,34.78784,-2.233476,-9.234461,0.6172185,1.040446,-1.032774,20.26442,2.597836E-05,0,0.6345724,1.051946,-1.040692,13.51747,1.626579E-05,0,0.6277598,1.456883,-1.061433,41.85737,-13.63926,81.77686,0.6247581,1.482683,-1.091194,12.58425,28.32092,-6.045427,0.6154971,1.509329,-1.101351,7.373019,1.243495E-06,0,0.6153663,1.460266,-1.059001,0,-14.88066,1.249918,0.6176227,1.514476,-1.067665,16.33709,29.38634,6.914436,0.594717,1.552318,-1.079021,15.06305,-0.0001810954,0,0.5785618,1.571464,-1.091743,10.04526,-0.0001194282,0,0.6050714,1.459544,-1.056451,0,1.449826E-06,0,0.5938269,1.511614,-1.061592,13.51204,14.61864,5.452334,0.5708899,1.550867,-1.073046,22.45041,6.918632E-05,0,0.5539154,1.570019,-1.090406,14.97762,4.269141E-05,0,0.5947646,1.457342,-1.053676,3.069309,14.87368,-2.900768,0.57126,1.502712,-1.057659,6.196029,0.1305795,-5.533676,0.55039,1.540383,-1.065601,24.02034,3.402421E-05,0,0.5376608,1.559973,-1.081469,16.02666,1.91171E-05,0,0.5863847,1.453174,-1.051064,7.703165,29.67841,-7.04378,0.5537963,1.488328,-1.054418,9.658911,-14.84147,-17.03506,0.5368603,1.517842,-1.064305,19.0743,-4.797072E-05,0,0.5287103,1.534154,-1.077095,12.72275,-3.857989E-05,0,sign
1567,0.5516747,0.9269302,-1.159097,2.770857,1.726489,3.482509,0.5435646,1.28557,-1.203836,-1.630269,-0.2076922,2.932047,0.5447908,1.594407,-1.194794,0.2690692,-0.1044902,5.437254,0.4717742,0.9247599,-1.154121,1.818438,0.3530033,-3.098509,0.4828335,0.4991646,-1.119818,11.94676,0.01750189,0,0.4828684,0.07447857,-1.173833,7.634349,-0.762321,-8.466242,0.6315753,0.9291006,-1.164072,-0.8699816,-1.182125,-0.9099972,0.6352543,0.5022514,-1.149356,6.579629,-0.02766697,0,0.6371066,0.07552755,-1.183697,4.023993,-0.07577804,-7.757902,0.475465,1.408112,-1.177873,-14.0847,-2.726814,3.385991,0.3450255,1.402987,-1.203741,-31.82241,43.61194,-69.43877,0.283105,1.155631,-1.164104,78.49409,-9.111447E-05,-62.41318,0.6144925,1.407811,-1.185006,-15.86517,2.249132,6.743052,0.7403942,1.413794,-1.2277,37.7188,-5.879433,-57.79698,0.7865248,1.209962,-1.076322,131.5095,-0.000106908,-48.53922,0.5104128,1.062484,-1.021282,14.94158,-7.239359,0.9503872,0.605931,1.427661,-1.049184,0.6208661,-28.16998,0.1545051,0.5205227,1.080615,-0.9935061,45.59008,-17.74481,90.2253,0.5493903,1.107136,-0.9886431,13.06636,37.29478,-8.004766,0.576464,1.109968,-0.9760762,6.908504,-3.265846E-05,0,0.529191,1.072436,-0.9988842,0,-14.88065,1.249918,0.5718625,1.078871,-0.9648764,37.17422,25.78551,-13.50378,0.6164857,1.087395,-0.9695433,23.48627,5.072164E-05,0,0.6393741,1.09995,-0.9799328,15.66972,3.623567E-05,0,0.5335405,1.065324,-1.00548,0,-2.602638E-05,0,0.5809537,1.062324,-0.98084,36.92372,13.79812,-3.879291,0.6261054,1.073146,-0.9873462,23.56784,-1.56631E-05,0,0.6501707,1.088052,-0.9997931,15.72424,-2.487559E-05,0,0.5367011,1.05807,-1.012974,3.069309,14.87362,-2.900633,0.5855148,1.048492,-1.000636,35.8022,2.816131,-1.67923,0.626985,1.060431,-1.00808,26.87377,-9.039818E-06,0,0.6467543,1.07696,-1.019639,17.93416,-6.757008E-06,0,0.5373525,1.051957,-1.0205,7.703165,29.67832,-7.043752,0.5833101,1.037925,-1.020782,34.92691,-2.095202,-9.216398,0.6162435,1.046562,-1.030601,20.06557,0.0001481517,0,0.6332243,1.058552,-1.038601,13.38465,0.0001051724,0,0.6277518,1.453455,-1.056994,41.87663,-13.66129,82.03233,0.6249822,1.481432,-1.084742,13.14059,28.08521,-6.272011,0.61554,1.508658,-1.093019,7.715054,-9.568753E-06,0,0.6153181,1.4566,-1.054451,0,-14.88068,1.249762,0.617438,1.51132,-1.058928,16.14728,29.33798,7.353006,0.5945607,1.549902,-1.067518,16.97933,1.135974E-05,0,0.5782757,1.569372,-1.079566,11.32415,2.283489E-06,0,0.6049989,1.455651,-1.05208,0,-9.583165E-06,0,0.5935894,1.507922,-1.053361,13.18859,14.5754,5.693092,0.570684,1.547947,-1.061815,24.81347,-4.952499E-05,0,0.5537654,1.567581,-1.078684,16.55674,-3.205345E-05,0,0.5946717,1.453208,-1.049598,3.069181,14.87367,-2.900701,0.5710186,1.498669,-1.050373,5.645246,0.1329398,-5.246018,0.5501226,1.536844,-1.055243,26.34393,-9.197444E-06,0,0.5376052,1.557086,-1.070449,17.57986,-1.323162E-05,0,0.5862815,1.448825,-1.047405,7.703139,29.67841,-7.043725,0.553582,1.48402,-1.048436,9.051758,-14.7671,-17.03708,0.5365845,1.514209,-1.055877,20.91348,-2.062265E-05,0,0.5287238,1.531247,-1.067877,13.95093,-2.003164E-05,0,sign
1600,0.55108,0.9269678,-1.159643,2.777067,1.738767,3.462437,0.542784,1.2856,-1.204073,-1.755577,-0.1502727,3.007261,0.5438983,1.594403,-1.193955,0.6980155,-0.3003162,5.367355,0.4711783,0.9247794,-1.154694,1.83451,0.3310158,-3.097372,0.4824949,0.4992033,-1.120238,11.91497,0.01703349,0.03426402,0.4828472,0.07446891,-1.173871,7.576239,-0.7907786,-8.441595,0.6309818,0.9291562,-1.164591,-0.8182884,-1.159847,-0.9022229,0.6349437,0.5023241,-1.149458,6.612778,-0.02409802,0,0.6371043,0.07558811,-1.183629,3.98433,-0.05822982,-7.769632,0.4745905,1.408014,-1.177754,-14.11082,-2.730243,3.448158,0.3441353,1.402804,-1.203525,-30.5443,42.50705,-68.91332,0.2821783,1.155466,-1.163827,79.44198,-8.923365E-05,-63.41965,0.6136089,1.407873,-1.185065,-15.87201,2.130466,6.808181,0.7394536,1.413806,-1.227935,34.28668,-3.647924,-58.7402,0.7893654,1.205679,-1.083773,130.6323,-0.000110027,-51.54815,0.5099666,1.067399,-1.018569,15.92705,-6.816401,0.9544962,0.6041489,1.417634,-1.044874,-1.005221,-27.99871,-0.2502292,0.5195913,1.085791,-0.9907915,45.63102,-17.82234,89.80256,0.5475412,1.113285,-0.985971,12.5452,37.57815,-7.728043,0.5745013,1.116995,-0.9733886,6.609248,2.113456E-05,0,0.5285027,1.077917,-0.9962277,0,-14.88061,1.249918,0.571087,1.085687,-0.9623898,37.23132,25.81777,-13.59091,0.6153761,1.0957,-0.9672774,23.42563,9.587104E-05,0,0.6377943,1.109023,-0.9777349,15.62921,7.158107E-05,0,0.533057,1.070969,-1.00286,0,9.27933E-06,0,0.5806523,1.069489,-0.9784342,37.00017,13.86617,-3.984624,0.6253788,1.081818,-0.985191,23.44769,6.508962E-05,0,0.6488992,1.097519,-0.9977019,15.64396,6.229953E-05,0,0.5364236,1.063842,-1.010386,3.069245,14.87364,-2.900701,0.5855829,1.055863,-0.9982845,35.93874,2.89621,-1.748317,0.6265669,1.06923,-1.005988,26.45103,2.641305E-05,0,0.6458298,1.086345,-1.01755,17.65148,1.990364E-05,0,0.5372445,1.057772,-1.01793,7.703139,29.67834,-7.043752,0.5836412,1.045277,-1.018446,35.03274,-1.986426,-9.178023,0.6161934,1.055047,-1.028473,19.85708,0.0001169489,0,0.6327527,1.06756,-1.036555,13.24543,7.907909E-05,0,0.6256783,1.444395,-1.04965,41.96977,-13.64236,82.16853,0.6228876,1.474967,-1.074509,13.46346,28.17412,-6.449018,0.6130227,1.502719,-1.080114,7.897247,-1.653717E-05,0,0.6131582,1.447089,-1.047015,0,-14.88068,1.249918,0.6144822,1.502005,-1.045881,16.80223,29.26352,7.186845,0.5910838,1.540842,-1.05135,17.54952,-4.321762E-05,0,0.574633,1.560917,-1.062109,11.70476,-4.620204E-05,0,0.6028196,1.445757,-1.04493,0,-9.318402E-06,0,0.5906062,1.497721,-1.041096,13.77621,14.60781,5.648612,0.5671169,1.537964,-1.046282,25.74341,7.936684E-05,0,0.5501528,1.558487,-1.062008,17.17841,5.511767E-05,0,0.5924948,1.442929,-1.042886,3.069373,14.87368,-2.900768,0.5681407,1.487893,-1.03945,5.851027,0.1803183,-5.041428,0.5466756,1.526035,-1.04093,27.28802,-8.740898E-06,0,0.5341293,1.547257,-1.054708,18.21119,-8.688729E-06,0,0.5841417,1.438227,-1.041294,7.703139,29.67841,-7.043752,0.5509098,1.472879,-1.039309,8.748845,-14.73997,-16.95409,0.5335357,1.50344,-1.043758,22.13773,3.635433E-06,0,0.5257542,1.521387,-1.054409,14.76871,-1.780505E-06,0,sign
1633,0.5501843,0.9269761,-1.159864,2.780519,1.733647,3.423311,0.5418034,1.285605,-1.203935,-1.896098,-0.1025477,3.081658,0.5429013,1.59436,-1.192541,1.253045,-0.5366012,5.300789,0.4702791,0.9247925,-1.15497,1.84345,0.2689286,-3.10072,0.482014,0.4992329,-1.120449,11.88616,0.01293468,0.03956468,0.4828869,0.07446563,-1.173815,7.532233,-0.8531539,-8.403474,0.6300896,0.9291598,-1.164758,-0.8079404,-1.096964,-0.8802673,0.6344896,0.5023344,-1.149557,6.612036,-0.0241869,0,0.637101,0.07559508,-1.183656,3.963732,-0.01538643,-7.788253,0.4735367,1.407894,-1.177229,-14.12134,-2.761134,3.509169,0.3430612,1.402562,-1.202872,-29.52244,41.59542,-68.3157,0.2808807,1.15522,-1.163556,80.94461,-9.762611E-05,-64.54126,0.6125457,1.407893,-1.184717,-15.77709,1.803257,6.795551,0.7384251,1.413276,-1.227557,28.91539,0.3921704,-60.32021,0.7941822,1.200116,-1.093226,128.873,-0.0001078523,-54.6475,0.5099844,1.074392,-1.016173,16.42522,-6.256214,0.9037398,0.6008052,1.400668,-1.037302,-3.141366,-28.88704,-0.8089085,0.519044,1.092991,-0.9883441,45.63609,-17.93261,89.49222,0.5459909,1.121453,-0.9834324,12.16204,37.90753,-7.542647,0.5727775,1.125998,-0.9707537,6.379748,1.83095E-05,0,0.5282077,1.085454,-0.9938376,0,-14.88062,1.249918,0.5705925,1.094555,-0.9600812,37.26609,25.84625,-13.64865,0.6144915,1.106113,-0.965078,23.29177,2.760374E-05,0,0.6364386,1.120215,-0.9755124,15.53975,3.235586E-05,0,0.5329815,1.078695,-1.000512,0,8.211244E-06,0,0.5806684,1.078766,-0.9762201,37.06329,13.92667,-4.095099,0.6249121,1.092661,-0.983114,23.23786,6.34467E-05,0,0.6478942,1.109173,-0.9955825,15.50373,4.395351E-05,0,0.5365719,1.071721,-1.008077,3.069309,14.87364,-2.900701,0.5860123,1.065402,-0.9961413,35.94892,2.96518,-1.819837,0.626487,1.080188,-1.003944,26.26957,-4.430373E-07,0,0.6451768,1.097956,-1.015461,17.53019,-6.412806E-06,0,0.5375815,1.065715,-1.015648,7.703165,29.67834,-7.043725,0.5843821,1.054838,-1.016343,35.08887,-1.905411,-9.194538,0.6165281,1.065777,-1.026473,19.7019,-4.258508E-05,0,0.632645,1.078848,-1.034566,13.14181,-2.364293E-05,0,0.6219641,1.428118,-1.038434,42.03416,-13.63756,82.31945,0.6188431,1.461585,-1.059184,13.86738,28.04762,-6.621284,0.6084532,1.48963,-1.061292,8.142975,-7.095643E-06,0,0.6093936,1.430274,-1.035556,0,-14.88067,1.249918,0.6099104,1.484594,-1.027319,17.75694,29.20132,7.127144,0.5858748,1.523408,-1.028527,18.66561,-0.0001853369,0,0.5690699,1.544041,-1.037543,12.44987,-0.0001231586,0,0.5990658,1.42854,-1.033729,0,-2.233613E-06,0,0.586077,1.479397,-1.023286,14.82414,14.72262,5.599022,0.5618399,1.519521,-1.024183,26.65974,0.000435994,0,0.5446424,1.541113,-1.038121,17.79106,0.0002945141,0,0.5887737,1.425328,-1.032136,3.069245,14.87367,-2.900768,0.5637498,1.469128,-1.023074,6.462625,0.3322353,-4.670638,0.5415973,1.506795,-1.020208,28.33877,2.119225E-05,0,0.5288389,1.529085,-1.031956,18.91402,8.610017E-06,0,0.5804827,1.420345,-1.031221,7.703165,29.67841,-7.043752,0.5467395,1.453984,-1.024989,8.791357,-14.5498,-16.54945,0.5288418,1.484561,-1.025592,23.05288,2.497207E-05,0,0.5209029,1.503495,-1.034228,15.38016,1.429503E-05,0,sign
1667,0.5493697,0.9269981,-1.160143,2.775445,1.728176,3.377596,0.5409836,1.28563,-1.203792,-2.048609,-0.08345038,3.185429,0.5422121,1.594326,-1.191032,1.837282,-0.7611684,5.209136,0.4694604,0.9248184,-1.155313,1.857621,0.2121491,-3.100278,0.481572,0.4992727,-1.120752,11.8576,0.01261739,0.05233916,0.4829124,0.07447624,-1.173876,7.493733,-0.9166067,-8.356137,0.629279,0.9291778,-1.164972,-0.7952467,-1.040439,-0.8572935,0.6340687,0.5023574,-1.149747,6.58788,-0.02262764,0,0.6371083,0.0756048,-1.183644,3.928997,0.02037214,-7.815699,0.472717,1.407821,-1.176638,-14.15582,-2.834526,3.577686,0.3422208,1.402338,-1.202144,-28.24847,40.44309,-67.93,0.2807717,1.154831,-1.162714,82.22518,-0.0001067274,-65.90656,0.6117123,1.407895,-1.184376,-15.65744,1.426419,6.707358,0.7376244,1.412558,-1.227204,22.61636,5.391179,-62.14993,0.7997326,1.194762,-1.103519,126.3271,-0.0001148727,-58.53271,0.5112531,1.081272,-1.013681,16.83503,-5.597794,0.8289794,0.5966632,1.378855,-1.028579,-5.598042,-30.33749,-1.518782,0.5197726,1.099938,-0.9857268,45.59962,-18.05736,89.13353,0.5456821,1.129311,-0.9805979,11.59711,38.33682,-7.254337,0.5722475,1.134616,-0.9677497,6.048993,-4.165726E-05,0,0.5291719,1.092776,-0.9913226,0,-14.88065,1.249918,0.5713552,1.103073,-0.9576575,37.26049,25.88277,-13.68799,0.6148052,1.116186,-0.9627408,23.13279,-1.074509E-05,0,0.6362524,1.131093,-0.9730955,15.43351,-6.953213E-06,0,0.5341516,1.086248,-0.9980744,0,-2.236516E-05,0,0.5819106,1.087787,-0.9739739,37.08724,14.00403,-4.119131,0.6256114,1.103256,-0.9809791,23.03218,1.771775E-05,0,0.6480181,1.120601,-0.9933632,15.36631,1.977904E-05,0,0.5379526,1.079469,-1.005715,3.069309,14.87363,-2.900701,0.5876355,1.074792,-0.9940324,35.95635,3.036354,-1.832803,0.6275337,1.091032,-1.001914,26.07414,-6.378601E-06,0,0.6456115,1.109483,-1.013333,17.39948,-2.745611E-06,0,0.5391402,1.073568,-1.013342,7.703165,29.67833,-7.043752,0.5862908,1.064352,-1.014319,35.15343,-1.836887,-9.141725,0.6179672,1.076513,-1.024535,19.47462,0.0002703531,0,0.6336212,1.090152,-1.032599,12.99002,0.0001787863,0,0.6174469,1.406425,-1.025352,42.15033,-13.64071,82.53664,0.6139243,1.442627,-1.040757,14.42216,28.08278,-6.90271,0.6029609,1.470447,-1.038564,8.464501,5.492922E-06,0,0.6048408,1.407944,-1.022233,0,-14.88066,1.249918,0.6045924,1.460336,-1.005684,19.43226,29.16896,6.621047,0.5798129,1.498533,-1.002127,19.09043,-0.0001101798,0,0.5626857,1.519788,-1.008784,12.73351,-6.49501E-05,0,0.594533,1.405813,-1.020743,0,-1.557844E-07,0,0.5808223,1.454264,-1.002615,16.48804,14.96602,5.346394,0.5557156,1.493665,-0.9986923,27.11376,-3.155394E-05,0,0.5382601,1.516442,-1.010214,18.09468,-1.520136E-05,0,0.584282,1.402258,-1.019714,3.069309,14.87367,-2.900633,0.5586375,1.443794,-1.004098,7.788102,0.6774517,-4.349786,0.5356627,1.480301,-0.9965414,28.72638,1.294235E-05,0,0.5225974,1.503656,-1.005569,19.17332,7.457902E-06,0,0.5760577,1.397084,-1.01962,7.703165,29.67841,-7.043752,0.541841,1.428907,-1.008413,9.256249,-14.15861,-16.07906,0.5233317,1.458889,-1.00466,23.49734,4.340384E-05,0,0.5151038,1.478701,-1.010652,15.67715,3.31225E-05,0,sign
1700,0.5486958,0.9270626,-1.160604,2.77001,1.714981,3.344978,0.540397,1.285699,-1.20382,-2.204602,-0.09268015,3.333839,0.5418803,1.594327,-1.18969,2.407534,-0.9511644,5.06237,0.4687833,0.9248986,-1.155821,1.841644,0.1586335,-3.092628,0.48118,0.4993462,-1.121444,11.7365,0.02493905,0.05934703,0.4828723,0.07446247,-1.173855,7.393323,-0.9656733,-8.316707,0.6286083,0.9292267,-1.165387,-0.7732905,-0.9856175,-0.8393012,0.6337203,0.5024134,-1.150069,6.558494,-0.0220916,0,0.6371076,0.07563883,-1.183654,3.877524,0.0414053,-7.833711,0.4722094,1.407819,-1.176156,-14.19563,-2.911066,3.656181,0.341673,1.40224,-1.201434,-26.97209,39.25267,-67.62739,0.2812271,1.154518,-1.161801,83.31022,-0.0001025867,-67.5866,0.6111842,1.407906,-1.184254,-15.59634,1.083341,6.562918,0.7370465,1.411877,-1.227298,15.78182,11.02769,-63.84346,0.8056962,1.190281,-1.114282,123.0371,-0.0001170087,-62.25066,0.5129268,1.087535,-1.011562,17.05411,-5.052598,0.7579558,0.5931202,1.353222,-1.019389,-6.797081,-31.54782,-1.922034,0.5208268,1.106072,-0.9833409,45.49134,-18.25925,88.83076,0.5456556,1.136263,-0.9776499,11.17302,38.69631,-7.039546,0.5719417,1.142205,-0.9645095,5.799545,1.404671E-05,0,0.5304623,1.099324,-0.9890482,0,-14.88063,1.249918,0.5723029,1.110581,-0.9552633,37.18237,25.94221,-13.64002,0.6152905,1.125201,-0.9601622,23.18771,6.443399E-05,0,0.636207,1.140974,-0.9703181,15.47024,4.774531E-05,-0.01978234,0.5356575,1.093072,-0.995899,0,-4.691949E-06,0,0.583363,1.095913,-0.9718109,37.01193,14.0996,-3.969015,0.6265268,1.1129,-0.9786275,23.11907,1.815052E-05,0,0.6483114,1.131146,-0.9908248,15.42438,1.260459E-05,0,0.5396823,1.086543,-1.003642,3.069245,14.87364,-2.900701,0.5895114,1.083422,-0.992063,35.95364,3.069159,-1.864666,0.6288163,1.101135,-0.9997498,25.86571,5.819154E-06,0,0.6463118,1.120315,-1.010871,17.26014,6.54342E-06,0,0.5410649,1.080799,-1.011356,7.703139,29.67834,-7.043725,0.5885057,1.073241,-1.012501,35.20531,-1.790417,-9.023734,0.6197119,1.086654,-1.022595,19.21544,-1.658947E-05,0,0.6349286,1.100877,-1.030487,12.817,-2.65162E-05,0,0.6131669,1.38057,-1.012129,42.31987,-13.61044,82.44421,0.6086412,1.418494,-1.022211,14.50409,28.40801,-7.016267,0.5968688,1.445347,-1.015948,8.486005,-1.697274E-05,0,0.6005295,1.381283,-1.008851,0,-14.88069,1.250075,0.5989105,1.430678,-0.9848446,21.48729,29.14356,5.532897,0.5728551,1.467401,-0.9772159,16.97416,0.0002817845,0,0.5552608,1.489042,-0.9806115,11.3207,0.0001916507,0,0.5902845,1.378684,-1.007713,0,-1.59555E-05,0,0.5753154,1.423594,-0.9827496,18.5536,15.24292,4.867638,0.5488063,1.461436,-0.9747878,25.047,-3.939374E-05,0,0.5306805,1.48515,-0.9828742,16.71284,-3.777131E-05,0,0.5801334,1.374746,-1.007238,3.069245,14.87367,-2.900701,0.5534151,1.412866,-0.9857957,9.802611,1.02957,-4.394049,0.5291616,1.447552,-0.9745537,26.13902,2.091009E-05,0,0.5152084,1.471526,-0.9798624,17.44287,1.275628E-05,0,0.57205,1.369397,-1.007918,7.703165,29.67841,-7.04378,0.5370147,1.398326,-0.9922743,10.3771,-13.89271,-15.7935,0.5176098,1.427046,-0.984911,22.07216,1.808288E-05,0,0.5086077,1.447198,-0.9879045,14.72493,1.23935E-05,0,sign
1733,0.5480004,0.9271129,-1.160988,2.753708,1.714927,3.347318,0.5397613,1.28576,-1.203712,-2.367363,-0.1189619,3.522923,0.5415446,1.594312,-1.188221,2.929642,-1.087213,4.849332,0.4680881,0.9249478,-1.156202,1.844723,0.1354133,-3.068799,0.480659,0.4993918,-1.121933,11.65427,-0.00988044,0.06852804,0.4828835,0.0744535,-1.173879,7.322792,-1.044583,-8.290197,0.6279127,0.9292781,-1.165774,-0.7512136,-0.940765,-0.8249568,0.6333677,0.50247,-1.15043,6.514002,-0.0406143,0,0.6369598,0.0756686,-1.183651,3.819622,0.04377113,-7.819089,0.4717063,1.407822,-1.175474,-14.26688,-2.948899,3.738636,0.3411199,1.402276,-1.2005,-25.60885,37.92442,-67.63078,0.2824561,1.154204,-1.160385,83.88429,-9.783131E-05,-69.60802,0.6106535,1.407888,-1.184033,-15.73617,1.091251,6.401472,0.7362667,1.411972,-1.227788,9.836253,16.03958,-65.38464,0.8111984,1.187952,-1.12391,118.9437,-0.0001251367,-65.47896,0.5152965,1.091993,-1.009858,17.20278,-4.693244,0.7105184,0.5902228,1.325373,-1.009768,-8.404736,-33.66044,-2.546528,0.5225641,1.110132,-0.9812109,45.32231,-18.47359,88.37473,0.5463256,1.140992,-0.9746248,10.38709,39.24421,-6.614557,0.5722443,1.147354,-0.9609618,5.351523,-8.159218E-06,0,0.5324218,1.103843,-0.987062,0,-14.88065,1.249918,0.5738539,1.11572,-0.9529867,37.10437,26.00932,-13.5361,0.6163562,1.131811,-0.9574925,23.30688,-9.103599E-06,0,0.6367282,1.148491,-0.9672999,15.54988,-9.313747E-06,0,0.5378253,1.097928,-0.9940491,0,-1.909974E-05,0,0.5854034,1.101814,-0.9698552,36.96634,14.19533,-3.849394,0.6280031,1.120314,-0.9762678,23.10792,1.913971E-05,0,0.649201,1.139497,-0.9880555,15.41691,1.850412E-05,0,0.5420685,1.091717,-1.001935,3.069181,14.87362,-2.900701,0.5919718,1.090004,-0.9903822,35.92725,3.108016,-1.898986,0.6306748,1.109166,-0.9976354,25.70593,2.866934E-05,-0.01978234,0.6475937,1.129124,-1.008268,17.15331,1.494225E-05,-0.01978234,0.5436447,1.086201,-1.009778,7.703139,29.67833,-7.043752,0.5913126,1.080266,-1.011049,35.21254,-1.781654,-8.975837,0.6220508,1.094948,-1.020809,19.0559,0.0002641295,0,0.6368263,1.109807,-1.028359,12.71046,0.0001779339,0,0.6098814,1.351906,-0.9991853,42.40493,-13.58524,82.34991,0.6042482,1.390743,-1.003693,14.44838,28.37957,-6.982048,0.5920739,1.41615,-0.9934352,8.455843,-1.422431E-05,0,0.5973301,1.351829,-0.9955229,0,-14.88068,1.250075,0.5953439,1.397256,-0.964681,22.41533,29.16933,5.367392,0.5685772,1.431965,-0.9518542,16.79991,0.0001826611,0,0.5503875,1.453378,-0.951989,11.20442,0.0001177575,0,0.5871792,1.348838,-0.9945102,0,-1.332402E-05,0,0.571974,1.389356,-0.963026,19.55586,15.4444,4.800855,0.5446649,1.425114,-0.9498469,24.50413,1.134196E-05,0,0.5257486,1.44918,-0.9542392,16.34996,5.253384E-06,0,0.5771319,1.344619,-0.9943466,3.069245,14.87367,-2.900701,0.5502293,1.378623,-0.9670204,10.67393,1.335591,-4.203002,0.5253239,1.410876,-0.9509843,25.72632,-2.98444E-06,0,0.5105941,1.43491,-0.9527211,17.16694,-7.002952E-06,0,0.5691481,1.339219,-0.9955797,7.703139,29.67841,-7.043752,0.5339643,1.364743,-0.9750931,10.79968,-13.46755,-15.51741,0.5139573,1.391601,-0.9635177,22.15547,1.533722E-05,0,0.5043397,1.411691,-0.9636047,14.78059,-4.495517E-07,0,sign
1767,0.5472857,0.9271963,-1.161436,2.721964,1.674155,3.408007,0.5392168,1.285868,-1.203584,-2.540372,-0.1449962,3.720733,0.5412686,1.59434,-1.186756,3.369239,-1.189917,4.60262,0.4673767,0.9250894,-1.156569,1.818976,0.03625423,-3.018631,0.480385,0.4995089,-1.12277,11.4771,0.02720658,0.08156469,0.4828967,0.07446676,-1.173846,7.202252,-1.077799,-8.30092,0.6271948,0.9293031,-1.166302,-0.7058211,-0.8770966,-0.8254311,0.6328342,0.5025002,-1.15088,6.454853,0.002641978,0,0.6369038,0.07566407,-1.183596,3.750193,0.09487414,-7.764225,0.4712981,1.407865,-1.17474,-14.2591,-3.009218,3.822286,0.3406275,1.402293,-1.199317,-24.40771,36.72207,-67.98622,0.2846212,1.153745,-1.158357,83.85138,-9.964068E-05,-71.98475,0.6102148,1.407914,-1.183781,-16.02489,1.437503,6.250938,0.7354372,1.412925,-1.228549,5.812239,19.39994,-67.18946,0.8146645,1.187566,-1.130942,114.1789,-0.0001525527,-70.59467,0.5188951,1.093956,-1.009078,17.27122,-4.567244,0.6940797,0.5868458,1.296994,-1.001068,-11.64021,-35.91111,-3.783824,0.5255938,1.111369,-0.9798478,45.0699,-18.79928,88.16699,0.5483233,1.142699,-0.9719632,10.08555,39.81428,-6.497273,0.573915,1.149139,-0.9577322,5.154079,-4.581243E-05,0,0.5356424,1.105583,-0.9858897,0,-14.88064,1.249918,0.5766829,1.117622,-0.9514003,37.04128,26.1161,-13.35551,0.6187009,1.135074,-0.9553484,23.40206,-7.496802E-06,0,0.6385539,1.15265,-0.9646434,15.61346,-6.198932E-06,0,0.5412275,1.100069,-0.9930599,0,-1.572928E-05,0,0.5886599,1.104639,-0.9687002,36.94027,14.3202,-3.656716,0.6306951,1.124571,-0.97452,23.02716,2.127047E-05,0,0.6513515,1.144687,-0.9856976,15.36296,1.507279E-05,0,0.5456622,1.094253,-1.00114,3.069309,14.87363,-2.900633,0.5955936,1.093713,-0.9895937,35.85656,3.179812,-1.82467,0.6337169,1.114226,-0.9961939,25.66803,7.796389E-06,0,0.6500589,1.134988,-1.00617,17.12799,2.394016E-06,0,0.5474094,1.089047,-1.009156,7.703165,29.67833,-7.043725,0.5952387,1.084639,-1.010567,35.18818,-1.755552,-8.886571,0.6255143,1.100558,-1.019819,19.00785,0.000129057,0,0.6398421,1.116081,-1.02688,12.67837,7.975852E-05,0,0.6065437,1.321532,-0.9864966,42.44613,-13.65024,82.55968,0.6003267,1.360443,-0.9837257,15.05234,27.99463,-7.194484,0.5880157,1.38337,-0.9688346,8.83998,1.255468E-05,0,0.594132,1.320563,-0.9825008,0,-14.88066,1.250075,0.5926894,1.359618,-0.9438818,23.07838,29.22097,5.541038,0.5658225,1.391067,-0.9245211,17.76681,-5.740675E-05,0,0.5472191,1.411812,-0.9209197,11.84984,-4.53388E-05,0,0.5840605,1.317253,-0.9817163,0,2.36435E-06,0,0.5694906,1.351121,-0.9429246,20.20072,15.63235,5.002806,0.5420275,1.383518,-0.9230664,25.21396,0.0001214932,0,0.5225839,1.407564,-0.9231324,16.82444,7.988492E-05,0,0.5740772,1.312889,-0.9819927,3.069245,14.87368,-2.900633,0.5477498,1.34089,-0.948087,11.19894,1.637672,-3.757183,0.5228041,1.369345,-0.9260476,26.30237,3.981994E-05,0,0.5076305,1.393027,-0.9234917,17.55211,3.429644E-05,0,0.5661209,1.307657,-0.9839232,7.703139,29.67841,-7.04378,0.5313786,1.328403,-0.9580077,11.21493,-13.08401,-15.2713,0.5112709,1.352382,-0.9413844,22.19515,1.714718E-05,0,0.5013097,1.371963,-0.9377185,14.8071,1.902219E-05,0,sign
1800,0.5465144,0.9272502,-1.162176,2.672836,1.64564,3.530972,0.5384997,1.285955,-1.203666,-2.719734,-0.1588732,3.90179,0.5407658,1.594342,-1.185512,3.762391,-1.303838,4.34857,0.4666146,0.9251872,-1.157142,1.845572,-0.01242092,-2.943907,0.4798136,0.4995974,-1.123534,11.34415,-0.01229599,0.08622923,0.4828495,0.07446763,-1.173847,7.094037,-1.137677,-8.344591,0.6264142,0.9293132,-1.16721,-0.6398023,-0.773956,-0.8474219,0.6326286,0.5025216,-1.151694,6.369752,-0.0393494,-0.02797646,0.6369056,0.07563111,-1.183665,3.664419,0.1283647,-7.665801,0.4706852,1.407867,-1.174225,-14.2694,-3.026818,3.872268,0.3399431,1.402345,-1.19843,-23.33532,35.61442,-68.5355,0.2867889,1.15328,-1.156815,83.6236,-8.444092E-05,-74.32047,0.6095725,1.407932,-1.183705,-16.35612,1.896681,6.154121,0.7343625,1.414171,-1.229514,2.887443,21.90854,-69.40685,0.816253,1.188199,-1.135593,109.1225,-0.0001376624,-77.58391,0.522644,1.094862,-1.009496,17.0424,-4.430703,0.6641131,0.5829165,1.268497,-0.9947051,-14.35903,-38.31057,-5.010828,0.5289272,1.111328,-0.979632,44.76744,-19.21742,87.80518,0.5508153,1.142839,-0.9702315,9.541656,40.58312,-6.240516,0.5760869,1.148984,-0.9553146,4.821864,-7.413355E-05,0,0.5391107,1.106013,-0.9858769,0,-14.88065,1.249918,0.5798545,1.117734,-0.950929,37.00106,26.23187,-13.18254,0.6214783,1.136235,-0.9542255,23.42713,3.375383E-05,0,0.6409336,1.154558,-0.9628947,15.63021,1.545092E-05,0,0.5448252,1.100905,-0.9932429,0,-1.785441E-05,0,0.5921367,1.105693,-0.9686905,36.90977,14.46856,-3.443896,0.6337214,1.126733,-0.973804,22.85937,2.004014E-07,0,0.6539961,1.14762,-0.9842409,15.25084,1.732607E-07,0,0.5493969,1.095501,-1.00153,3.069309,14.87362,-2.900701,0.5993276,1.095721,-0.9899707,35.84573,3.239447,-1.817685,0.6369616,1.11734,-0.9958057,25.37355,-1.123697E-05,0,0.6529303,1.138762,-1.004956,16.93112,-6.846245E-06,0,0.5512672,1.090641,-1.009733,7.703165,29.67833,-7.043752,0.599188,1.087429,-1.011268,35.21307,-1.762244,-8.905408,0.6290667,1.104412,-1.019897,18.83383,1.717243E-05,0,0.6430646,1.120489,-1.026353,12.56219,1.256841E-05,0,0.602994,1.289851,-0.9761748,42.62607,-13.71321,82.56313,0.596916,1.327512,-0.9659245,15.53497,28.20997,-7.4859,0.58482,1.347006,-0.9466215,9.10334,-1.255472E-05,0,0.5906863,1.28808,-0.972133,0,-14.88066,1.249918,0.5902473,1.318961,-0.9266915,24.20423,29.34752,4.801753,0.5636027,1.346305,-0.9016302,15.99803,5.813577E-05,0,0.5451822,1.365805,-0.8932732,10.6692,4.230968E-05,0,0.5806352,1.284639,-0.9717503,0,-5.864085E-07,0,0.5670735,1.310344,-0.9268118,21.13342,15.91306,4.827711,0.5398273,1.338486,-0.9010479,23.93379,4.722193E-05,0,0.5203131,1.3619,-0.895825,15.9688,4.051738E-05,0,0.5706449,1.280369,-0.9726133,3.069309,14.87368,-2.900701,0.5452018,1.301208,-0.9333054,12.10582,1.88353,-3.736488,0.5205973,1.325172,-0.9061376,24.58128,3.382007E-05,0,0.5053202,1.347623,-0.8983778,16.40153,2.329324E-05,0,0.5626385,1.275573,-0.975317,7.703139,29.67841,-7.043725,0.5285762,1.290798,-0.9450347,11.98298,-12.88095,-15.10194,0.508796,1.311322,-0.9239833,20.56711,1.005705E-05,0,0.4986884,1.329564,-0.9161631,13.71962,1.177E-05,0,sign
1833,0.5456905,0.9272648,-1.163072,2.63641,1.615532,3.708398,0.5377383,1.285991,-1.203933,-2.905218,-0.1861401,4.04317,0.540312,1.594286,-1.184447,4.129767,-1.441597,4.12991,0.4658052,0.9252523,-1.157794,1.880552,-0.1081963,-2.854511,0.4795512,0.4996751,-1.124247,11.24018,0.0238541,0.09891172,0.4828196,0.07445842,-1.173805,6.99092,-1.166811,-8.432982,0.6255758,0.9292772,-1.16835,-0.5619739,-0.6850454,-0.8882338,0.632251,0.5025029,-1.152554,6.296907,-0.02029357,0,0.6370456,0.07555726,-1.183704,3.577412,0.2208969,-7.533249,0.4700409,1.407831,-1.173928,-14.28383,-3.047535,3.882268,0.3392454,1.402387,-1.19786,-22.84635,35.06773,-69.26474,0.2885572,1.152856,-1.155959,83.22804,-0.0001172813,-76.52262,0.6089042,1.407878,-1.183754,-16.66227,2.404681,6.098472,0.7332951,1.415434,-1.230441,1.35523,23.17975,-71.70858,0.8158004,1.189023,-1.138127,104.1443,-0.000128611,-85.12335,0.5261391,1.094194,-1.01154,16.56124,-4.466808,0.6504185,0.5789744,1.242116,-0.9903511,-18.33136,-41.51635,-6.999304,0.5321389,1.109547,-0.9810317,44.45753,-19.79386,86.56424,0.5533713,1.140952,-0.969929,7.365537,42.39523,-4.981063,0.5781477,1.146142,-0.9538628,3.621961,-1.098002E-05,0,0.5424089,1.104641,-0.9874675,0,-14.88063,1.249762,0.5829329,1.115575,-0.9520126,37.01617,26.37949,-13.02586,0.6243017,1.13475,-0.9545843,23.15486,3.210255E-05,0,0.6436032,1.153576,-0.9624878,15.44828,2.248252E-05,0,0.5482086,1.09992,-0.9950225,0,-7.792762E-06,0,0.5954161,1.104444,-0.9702213,36.94905,14.64743,-3.279248,0.6367003,1.126237,-0.9745539,22.26576,-4.800325E-06,0,0.656913,1.147622,-0.9840618,14.85426,-1.513472E-06,0,0.5528709,1.094922,-1.003512,3.069245,14.87364,-2.900768,0.6027806,1.095442,-0.9918714,35.86744,3.3275,-1.883983,0.6400875,1.11783,-0.9968424,24.822,-4.467637E-06,0,0.6559538,1.139712,-1.005032,16.56245,-6.712794E-06,0,0.5548239,1.090423,-1.0119,7.703165,29.67834,-7.043725,0.6027897,1.088007,-1.013483,35.31804,-1.778707,-8.991605,0.6323782,1.105831,-1.021387,18.41832,0.0001066374,0,0.6462294,1.122293,-1.027154,12.28476,6.642551E-05,0,0.6002465,1.259341,-0.9690605,42.75386,-13.80793,82.61496,0.5952443,1.294301,-0.9513653,16.08266,28.18883,-7.755423,0.5842057,1.309626,-0.9280795,9.424438,-4.195294E-05,0,0.5881394,1.256838,-0.9648048,0,-14.88068,1.249918,0.5904213,1.278144,-0.9142118,24.33989,29.50091,5.107566,0.5653229,1.300059,-0.8829791,16.64961,9.365721E-05,0,0.5474371,1.31766,-0.870341,11.1041,6.02081E-05,0,0.5780774,1.253416,-0.964579,0,-1.16055E-05,0,0.5671622,1.26978,-0.9148076,21.34048,16.16453,5.103115,0.5414323,1.292365,-0.8827757,24.19385,4.849539E-05,0,0.5223572,1.314336,-0.8723027,16.1426,2.121201E-05,0,0.5680017,1.249426,-0.9657391,3.069309,14.87367,-2.900768,0.544871,1.262163,-0.9218132,12.09401,2.137041,-3.126436,0.5218372,1.28027,-0.8892663,25.04925,9.414715E-06,0,0.5070933,1.300829,-0.8767121,16.71434,2.270462E-06,0,0.5598063,1.245279,-0.9689094,7.703139,29.67841,-7.04378,0.5275348,1.254316,-0.9344718,11.93005,-12.57314,-14.75101,0.5089621,1.270244,-0.9088399,20.67479,2.553829E-05,0,0.499373,1.286589,-0.8971362,13.7915,1.267737E-05,0,sign
1867,0.5448842,0.9272731,-1.164726,2.595104,1.591331,3.914216,0.5369599,1.286023,-1.204914,-3.100783,-0.214249,4.138815,0.5398505,1.594221,-1.18411,4.424211,-1.590448,3.95864,0.4650171,0.9253041,-1.159165,1.985245,-0.1767201,-2.760878,0.4791947,0.4997749,-1.125191,11.17884,0.005624082,0.1046783,0.482919,0.07445997,-1.173866,6.8647,-1.240692,-8.540173,0.6247513,0.9292421,-1.170288,-0.4044518,-0.6070324,-0.9272513,0.6318931,0.5025074,-1.153647,6.268603,-0.0201834,-0.02797646,0.637032,0.07548967,-1.183736,3.461249,0.291081,-7.37254,0.4693627,1.407786,-1.174378,-14.28768,-3.117205,3.872774,0.3385343,1.402315,-1.198123,-21.57469,33.75225,-70.14594,0.2917431,1.152134,-1.155571,82.21391,-9.819937E-05,-78.67593,0.6082094,1.407811,-1.184439,-16.91962,2.843237,6.040334,0.7322711,1.416523,-1.231796,1.155383,23.22943,-73.98696,0.8134834,1.18956,-1.139692,99.70647,-0.0001271515,-92.27493,0.5304834,1.0919,-1.013733,16.10937,-4.228118,0.5983981,0.57456,1.219745,-0.988869,-20.96887,-44.49652,-8.658392,0.5363874,1.105954,-0.9825869,44.08376,-20.63619,86.48418,0.5570753,1.136987,-0.969574,7.25942,43.56891,-5.017509,0.5816106,1.141037,-0.9528245,3.502131,-3.273029E-05,0,0.5466927,1.101434,-0.9892438,0,-14.88065,1.249918,0.5871685,1.111183,-0.9533907,37.01708,26.67497,-12.98127,0.6284187,1.130685,-0.9553292,22.95507,3.465321E-05,0,0.6476502,1.149883,-0.9624728,15.31476,2.898782E-05,0,0.5525244,1.097103,-0.9970056,0,-1.672683E-05,0,0.5997267,1.100979,-0.9720851,36.87798,14.93631,-3.039892,0.6408768,1.123161,-0.9756597,21.95989,5.358273E-06,0,0.6610664,1.144934,-0.9842957,14.64991,1.212986E-05,0,0.5572199,1.092527,-1.005711,3.069181,14.87363,-2.900701,0.607141,1.093007,-0.9941182,35.72813,3.529645,-2.089753,0.644307,1.115798,-0.9982364,24.60862,9.908124E-06,0,0.6601057,1.138067,-1.005458,16.41981,5.569179E-06,0,0.5592017,1.088419,-1.014291,7.703114,29.67833,-7.043725,0.6071855,1.086528,-1.016036,35.3121,-1.728736,-9.016569,0.6365943,1.104946,-1.023213,18.26237,-2.763159E-05,0,0.6503313,1.121731,-1.028279,12.18067,-2.013635E-05,0,0.5970587,1.233014,-0.9660605,42.99631,-13.81813,82.54824,0.5934545,1.264729,-0.9427896,16.07882,28.8318,-7.913312,0.5837477,1.27594,-0.9167319,9.363699,2.704716E-05,0,0.5851104,1.229968,-0.9617113,0,-14.88067,1.249918,0.5900152,1.242632,-0.9084725,25.24222,29.68415,4.14586,0.566396,1.259743,-0.8733302,13.64275,3.099429E-05,0,0.5496821,1.274587,-0.8563089,9.097553,3.19739E-05,0,0.5750095,1.226657,-0.9615796,0,-3.849528E-06,0,0.5666084,1.234716,-0.9093435,21.79905,16.48535,5.11554,0.5424314,1.252153,-0.8731556,22.53703,0.0001176731,0,0.5241433,1.271846,-0.8578584,15.03547,8.705296E-05,0,0.5648232,1.223015,-0.9629058,3.069181,14.87368,-2.900701,0.5438967,1.228582,-0.9164532,12.76514,2.372653,-3.121987,0.5224191,1.241715,-0.8806211,22.40788,2.211366E-05,0,0.5084124,1.259338,-0.8635662,14.94918,1.946659E-05,0,0.5564229,1.21953,-0.9663264,7.703139,29.67841,-7.043752,0.525879,1.223101,-0.9294026,12.70593,-12.4966,-14.63694,0.508682,1.235195,-0.9008784,17.96173,0.0001863922,0,0.4995863,1.248883,-0.8858442,11.97995,0.0001260502,0,sign
1900,0.5441388,0.9272741,-1.167277,2.551826,1.578652,4.113756,0.5362331,1.286045,-1.206748,-3.309733,-0.2528135,4.213659,0.5394682,1.594144,-1.184656,4.609637,-1.715714,3.809612,0.4642907,0.9253315,-1.161439,2.166905,-0.2267908,-2.670931,0.4788929,0.4998968,-1.126475,11.14012,0.005016849,0.1153499,0.4829244,0.07443854,-1.173856,6.684777,-1.294942,-8.646428,0.623987,0.9292167,-1.173114,-0.1780411,-0.5514808,-0.9589957,0.6315586,0.5025438,-1.155134,6.254795,-0.02013478,-0.02797646,0.6370003,0.07543015,-1.183774,3.290393,0.3430738,-7.215886,0.4687503,1.407736,-1.175677,-14.30877,-3.169026,3.856509,0.3379014,1.402313,-1.19932,-20.20231,32.26036,-70.74887,0.2944463,1.151507,-1.156907,81.54539,-0.0001121195,-80.44338,0.6075832,1.407715,-1.185924,-17.07646,3.143302,5.957924,0.731424,1.41724,-1.233701,0.5934729,23.71971,-75.92616,0.8114426,1.189708,-1.141959,95.85663,-0.0001115312,-96.00249,0.5340331,1.090713,-1.016744,15.31042,-3.919838,0.5267473,0.5717272,1.199677,-0.9897083,-22.7076,-46.99468,-9.978312,0.5398211,1.103521,-0.9850436,43.8329,-21.02658,85.59923,0.5602531,1.134019,-0.9704568,4.9685,44.98611,-3.516804,0.5843169,1.136811,-0.9527912,2.341342,-6.9873E-05,0,0.5501575,1.099316,-0.9918575,0,-14.88068,1.250075,0.5905266,1.107776,-0.9555594,36.84117,27.37369,-12.82509,0.6318946,1.127076,-0.9569365,23.45226,7.801854E-06,0,0.6510547,1.146528,-0.9635642,15.64701,6.509437E-06,0,0.5560215,1.095327,-0.9997764,0,-4.038363E-05,0,0.6031618,1.098389,-0.9746261,36.66286,15.3029,-2.543221,0.6443652,1.12059,-0.9773673,22.05829,-2.063372E-06,0,0.6645846,1.142613,-0.9852694,14.71564,-3.231899E-06,0,0.5607522,1.091126,-1.008651,3.069309,14.87362,-2.900701,0.6106496,1.091345,-0.9969488,36.22202,3.860708,-2.415164,0.6475748,1.114625,-1.000454,21.19826,8.539546E-06,0,0.6644682,1.13647,-1.006374,14.14115,3.300507E-06,0,0.5627668,1.087377,-1.017386,7.703165,29.67833,-7.04378,0.6107613,1.085757,-1.01911,35.21172,-1.615313,-9.133122,0.6401381,1.104504,-1.025531,18.35464,-3.607842E-05,0,0.6538181,1.121527,-1.029908,12.24224,-2.411702E-05,0,0.5950941,1.211008,-0.9667289,43.11323,-13.80995,82.45882,0.592169,1.240268,-0.9403525,15.7918,28.9996,-7.807157,0.583639,1.248714,-0.9128786,9.182304,1.531818E-06,0,0.583397,1.207352,-0.962172,0,-14.88067,1.249918,0.5906031,1.214799,-0.9082143,24.98873,29.8264,4.325449,0.5684034,1.227779,-0.8704736,13.17947,2.063054E-05,0,0.5523542,1.240333,-0.8511279,8.788452,1.264583E-05,0,0.5733535,1.203878,-0.9619164,0,-1.550004E-06,0,0.5672779,1.206621,-0.9088156,21.68472,16.64675,5.097775,0.5445036,1.219879,-0.870038,21.65977,1.963798E-05,0,0.5267128,1.23729,-0.8516909,14.44942,1.342309E-05,0,0.5631614,1.200217,-0.9631391,3.069245,14.87367,-2.900701,0.5443375,1.200841,-0.9154734,12.38404,2.435147,-2.973021,0.5243952,1.209746,-0.8775163,22.48308,-1.93686E-06,0,0.5109351,1.22524,-0.858116,14.99944,-2.52029E-06,0,0.5546546,1.196946,-0.9665083,7.703165,29.67841,-7.043725,0.5258081,1.196364,-0.9280818,12.25496,-12.43742,-14.73902,0.5097924,1.205043,-0.8976876,18.20354,0.0001226391,0,0.5012336,1.216967,-0.8809348,12.14135,8.117789E-05,0,sign
1933,0.5434805,0.9272709,-1.168761,2.51139,1.568032,4.275397,0.5356098,1.286059,-1.207493,-3.531859,-0.2910398,4.274068,0.5391545,1.594057,-1.184122,4.709398,-1.811627,3.659553,0.4636485,0.9253493,-1.162701,2.283448,-0.2726113,-2.594501,0.4786208,0.4999713,-1.127208,11.11206,0.003761889,0.1235407,0.4829341,0.07443285,-1.173838,6.578228,-1.348533,-8.726274,0.6233124,0.9291925,-1.174821,-0.03426402,-0.5015123,-0.9833755,0.6312519,0.5025577,-1.15611,6.229165,-0.0204898,-0.02797646,0.6369601,0.07538629,-1.183821,3.186227,0.3810619,-7.09105,0.4682346,1.407669,-1.175876,-14.35573,-3.214888,3.827099,0.3373809,1.402316,-1.199509,-18.34504,30.33025,-71.17836,0.2972772,1.150926,-1.157254,80.93691,-8.013666E-05,-81.48702,0.6070563,1.407604,-1.186275,-17.13252,3.333381,5.84905,0.7307822,1.417687,-1.234234,-0.1724585,24.37252,-77.48133,0.8094545,1.18935,-1.143331,93.00864,-0.0001262039,-98.32056,0.5372792,1.090131,-1.017804,14.33049,-3.787303,0.4756011,0.5694009,1.183989,-0.9913819,-24.41057,-49.03967,-11.26979,0.5428866,1.101993,-0.9857054,43.0641,-21.2767,84.32755,0.5634181,1.131698,-0.9696927,2.102265,45.13804,-1.49056,0.5868881,1.133575,-0.95113,0.9885356,-5.203862E-05,0,0.5532584,1.097964,-0.9925721,0,-14.88065,1.250075,0.5934064,1.105262,-0.9557798,36.71629,29.87703,-13.19898,0.6353699,1.123178,-0.9577206,24.47441,5.879895E-05,0,0.6546754,1.142402,-0.9645897,16.33012,3.390018E-05,0,0.5591656,1.094195,-1.000566,0,-2.009229E-05,0,0.606146,1.096407,-0.9750306,36.67793,15.71638,-2.048704,0.6474884,1.118418,-0.97714,21.3546,-1.230414E-05,0,0.6681466,1.140272,-0.9843453,14.24558,-1.624029E-05,0,0.5639453,1.090244,-1.009529,3.069181,14.87363,-2.900701,0.6137651,1.090001,-0.9975007,35.58116,4.310984,-2.535358,0.6510651,1.112785,-1.000206,18.12454,4.022811E-06,0,0.6694782,1.133667,-1.004957,12.08863,3.10571E-06,0,0.5660092,1.086747,-1.018356,7.703165,29.67833,-7.043752,0.6140103,1.085065,-1.019815,35.28617,-1.469207,-9.351979,0.6434425,1.103933,-1.02559,17.94329,-1.015005E-05,0,0.6572942,1.120953,-1.029408,11.96762,-1.013298E-05,0,0.5934631,1.194165,-0.9685801,43.18147,-13.80337,82.73497,0.5910763,1.221507,-0.9401707,15.85431,28.76155,-7.781193,0.5835003,1.227995,-0.9118965,9.240035,-1.307432E-06,0,0.5820183,1.189976,-0.9638447,0,-14.88067,1.249918,0.5912235,1.193829,-0.9098148,24.73584,29.97191,4.839748,0.570295,1.203539,-0.8704017,13.43187,-4.328229E-05,0,0.5547136,1.214357,-0.8496747,8.956839,-3.501147E-05,0,0.5720527,1.186297,-0.9634476,0,-7.740237E-06,0,0.5680338,1.185258,-0.9100912,21.30024,16.7946,5.516119,0.5465762,1.19505,-0.8695718,22.1208,1.689659E-05,0,0.5290998,1.21077,-0.8494781,14.7574,1.250874E-05,0,0.5618833,1.18253,-0.9645314,3.069245,14.87367,-2.900701,0.5449489,1.179504,-0.916253,11.99357,2.558788,-2.621743,0.5263571,1.185072,-0.8769966,22.9866,3.494097E-05,0,0.513316,1.198944,-0.856137,15.33589,2.489151E-05,0,0.5533064,1.179334,-0.9677923,7.703165,29.67841,-7.04378,0.526014,1.175544,-0.9284245,11.83185,-12.326,-14.91569,0.5110348,1.181535,-0.8968751,18.50369,0.001824646,0,0.5029408,1.192064,-0.8789941,12.34177,0.001240974,0,sign
1967,0.542768,0.9272631,-1.170301,2.46474,1.554006,4.38441,0.5349732,1.286072,-1.208277,-3.75202,-0.3272736,4.329522,0.5387715,1.593974,-1.183722,4.716921,-1.865657,3.520254,0.462947,0.9253629,-1.164091,2.416866,-0.3220623,-2.529252,0.4782892,0.5000492,-1.127992,11.09271,0.003561164,0.132704,0.4829282,0.07443184,-1.173864,6.471236,-1.392465,-8.763158,0.622589,0.9291633,-1.176511,0.1219466,-0.4497264,-1.007748,0.6309004,0.5025727,-1.156974,6.22737,-0.02021237,-0.03956468,0.6369173,0.07535163,-1.183843,3.088954,0.4109594,-7.020963,0.4676992,1.407598,-1.176125,-14.43425,-3.194851,3.801688,0.3368485,1.402468,-1.199823,-17.39903,29.39546,-71.22673,0.297722,1.150817,-1.158214,80.92604,-9.245524E-05,-82.18014,0.6065103,1.407494,-1.186664,-17.1294,3.473231,5.705232,0.7301804,1.418014,-1.234673,-1.342901,25.397,-78.49496,0.808102,1.18879,-1.145369,91.3343,-0.0001209062,-99.69302,0.5377947,1.090617,-1.018627,13.33822,-3.534417,0.4135417,0.5678648,1.173391,-0.9943988,-24.11598,-49.62748,-11.28116,0.543286,1.101761,-0.9862525,42.11557,-21.98214,83.8168,0.5638459,1.130632,-0.9688137,1.118726,45.71641,-0.8011303,0.586854,1.131279,-0.9496005,0.5203939,-5.998675E-05,0,0.5536739,1.09782,-0.9931454,0,-14.88067,1.249918,0.5936524,1.104105,-0.9559833,39.63391,36.8674,-19.59775,0.6361449,1.119438,-0.9626874,24.11662,-1.399526E-05,0,0.6558017,1.137655,-0.9711236,16.09099,-2.194918E-05,0,0.5596052,1.094187,-1.001185,0,-4.005535E-05,0,0.6064514,1.095587,-0.9753469,36.62207,16.17418,-3.084769,0.6480307,1.117183,-0.9770483,20.60766,-1.562052E-05,0,0.6691698,1.138814,-0.9834915,13.74668,-1.47215E-05,0,0.5644135,1.090401,-1.010203,3.069181,14.87361,-2.900701,0.614162,1.089616,-0.9979054,33.30969,4.956874,-2.401918,0.652505,1.110694,-0.9997184,17.54842,-4.28007E-06,0,0.6721189,1.130616,-1.00372,11.70403,-7.693736E-07,0,0.5665078,1.08708,-1.019091,7.703165,29.67833,-7.04378,0.6145062,1.085154,-1.020318,35.14911,-1.101019,-9.44317,0.6441193,1.103846,-1.02573,18.13921,4.28209E-05,0,0.6580755,1.12085,-1.029222,12.09841,2.618143E-05,0,0.5919622,1.182886,-0.9713416,43.35699,-13.75123,82.57801,0.5894421,1.209177,-0.9419677,15.2966,28.71712,-7.486634,0.5821044,1.214691,-0.9134253,8.920617,-4.082076E-05,0,0.5805764,1.178424,-0.9667143,0,-14.88068,1.249918,0.5900311,1.180282,-0.912622,24.78642,30.02194,4.737599,0.5691842,1.188308,-0.8727894,12.85586,3.974262E-05,0,0.5537069,1.198001,-0.8514368,8.572559,2.202505E-05,0,0.5706431,1.17465,-0.9664099,0,-8.542642E-06,0,0.5669106,1.171535,-0.9131135,21.16004,16.86748,5.552415,0.5455692,1.179467,-0.8721285,22.01495,6.712879E-05,0,0.5280604,1.194148,-0.8512915,14.6867,5.339365E-05,0,0.5604991,1.170843,-0.9675875,3.069309,14.87367,-2.900701,0.5438412,1.16583,-0.9193783,11.88199,2.595692,-2.760808,0.5254043,1.169647,-0.8798406,22.76511,1.808477E-05,0,0.5123736,1.182464,-0.85831,15.18784,1.582234E-05,0,0.5519314,1.167703,-0.9709266,7.703165,29.67841,-7.043752,0.5248759,1.162182,-0.9316001,11.45133,-12.3587,-15.35442,0.5100607,1.166617,-0.8997178,18.66665,-0.0006544323,0,0.5020409,1.176314,-0.8813402,12.45055,-0.0004432301,0,sign
2000,0.5420472,0.9272474,-1.171718,2.420992,1.543954,4.443163,0.5343223,1.286075,-1.209004,-3.952303,-0.3550434,4.394227,0.5383062,1.593889,-1.183399,4.695401,-1.897098,3.386048,0.4622321,0.9253601,-1.165428,2.549371,-0.3667659,-2.47433,0.477925,0.5001127,-1.128703,11.07878,0.002239579,0.1426525,0.4829314,0.07442161,-1.173847,6.36729,-1.432924,-8.75901,0.6218623,0.9291347,-1.178007,0.2755364,-0.4050919,-1.029266,0.6305197,0.5025876,-1.157686,6.238882,-0.01950661,-0.03956468,0.6368545,0.07532758,-1.183853,3.010384,0.4272666,-7.002891,0.4671355,1.407515,-1.176348,-14.47214,-3.222209,3.808378,0.3362737,1.402464,-1.200003,-16.4794,28.56599,-71.30101,0.2982481,1.15064,-1.158418,80.51492,-8.387332E-05,-82.77617,0.6059342,1.407392,-1.187048,-17.0823,3.5347,5.551497,0.7295856,1.418164,-1.235049,-1.899192,25.8607,-79.14436,0.8065883,1.188111,-1.147091,90.83568,-0.0001143103,-99.69911,0.5380303,1.089514,-1.018735,12.80859,-3.188504,0.3571801,0.5654553,1.169061,-0.9979767,-25.25109,-51.52014,-12.33838,0.5435581,1.100052,-0.9861639,41.4223,-23.03898,84.69324,0.5639615,1.128228,-0.9674515,3.236643,45.43341,-2.306984,0.58692,1.128246,-0.9481682,1.513749,-5.697594E-05,0,0.5539286,1.096171,-0.9931169,0,-14.88065,1.249918,0.5939094,1.101558,-0.9558167,47.65919,43.43501,-25.50818,0.6351392,1.115947,-0.9691859,20.17467,-3.066598E-05,0,0.6549691,1.132335,-0.9804835,13.45751,-2.538283E-05,0,0.5598455,1.092645,-1.001214,0,-2.086051E-05,0,0.6066753,1.093308,-0.9753172,36.5065,16.76197,-3.104127,0.6485243,1.114381,-0.9769628,20.11148,1.583783E-05,0,0.6700926,1.135674,-0.9831023,13.41533,1.45693E-05,0,0.5646394,1.088989,-1.010294,3.069309,14.87363,-2.900701,0.6143709,1.08769,-0.9979714,30.42498,5.685663,-1.560723,0.6538689,1.106568,-0.9991025,20.36425,4.354892E-06,0,0.6736812,1.126297,-1.003087,13.58411,-5.586086E-06,0,0.5667222,1.085814,-1.019238,7.703165,29.67833,-7.043752,0.6147094,1.083622,-1.020459,34.99148,-0.6365107,-9.531721,0.6444848,1.102083,-1.025777,18.56656,-7.260457E-06,0,0.6584705,1.119096,-1.029101,12.38372,-9.524029E-06,0,0.5901386,1.178543,-0.9755419,43.54811,-13.70242,82.41091,0.5882411,1.204719,-0.9460195,14.62554,28.83015,-7.172253,0.5818849,1.210134,-0.9172237,8.521801,2.685069E-05,0,0.5789106,1.173989,-0.9706268,0,-14.88067,1.249918,0.5898669,1.175557,-0.9168094,24.65635,30.07509,4.874516,0.5701064,1.183122,-0.8763376,12.99537,2.142553E-05,0,0.5551479,1.192584,-0.8545169,8.665648,1.625925E-05,0,0.5690098,1.170159,-0.970069,0,-1.025021E-06,0,0.5667881,1.166688,-0.9167103,21.01479,16.91875,5.566973,0.5465624,1.174126,-0.8750721,22.03184,0.0001220509,0,0.5295583,1.188521,-0.853626,14.69797,8.929429E-05,0,0.5588571,1.166304,-0.9709869,3.069245,14.87368,-2.900701,0.5435829,1.160896,-0.9223639,11.61283,2.630154,-2.885273,0.5262675,1.16416,-0.8822734,23.09127,5.628545E-05,0,0.5137916,1.176797,-0.8603126,15.4058,3.985185E-05,0,0.550216,1.163138,-0.9741052,7.703165,29.67841,-7.043725,0.5243022,1.157222,-0.9340736,10.8232,-12.2948,-15.73069,0.5103814,1.160998,-0.9017071,19.55197,0.003785305,0,0.502914,1.170628,-0.8830632,13.0417,0.002577361,0,sign
2033,0.5413914,0.9272122,-1.172906,2.389254,1.534158,4.458477,0.533739,1.286051,-1.209647,-4.114565,-0.374112,4.469666,0.5378375,1.593791,-1.183174,4.695526,-1.900969,3.2557,0.4615776,0.925336,-1.166597,2.677372,-0.409271,-2.433411,0.4775912,0.5001604,-1.129186,11.10768,0.001721628,0.1506579,0.4829319,0.07442394,-1.173861,6.29781,-1.472036,-8.72562,0.6212052,0.9290885,-1.179215,0.3941611,-0.3669916,-1.041175,0.6301419,0.5025772,-1.158271,6.249934,-0.01989144,-0.03956468,0.6367468,0.07528847,-1.183897,2.955852,0.4241521,-7.024119,0.4666251,1.407414,-1.176557,-14.46793,-3.244201,3.82981,0.3357314,1.40241,-1.200044,-15.78733,27.96119,-71.34687,0.298539,1.150479,-1.158356,80.28483,-0.0001056779,-83.31679,0.6054094,1.407289,-1.187443,-17.03801,3.526935,5.416382,0.7290377,1.418143,-1.235485,-1.676898,25.73164,-79.67336,0.8049755,1.187638,-1.147785,90.60815,-0.0001521038,-99.10772,0.5383368,1.089048,-1.018833,12.52475,-2.689887,0.2947506,0.5628684,1.16732,-1.000427,-26.50541,-52.49168,-13.24745,0.5440431,1.099124,-0.9861464,41.14997,-23.70996,85.54237,0.5643395,1.126901,-0.9667336,4.917013,44.98959,-3.480484,0.5874043,1.126704,-0.9475787,2.316973,-4.097123E-05,0,0.5543722,1.09532,-0.9932029,0,-14.88066,1.249918,0.5945441,1.100115,-0.9560273,54.07316,46.20979,-29.64406,0.6341812,1.11477,-0.9733427,17.33471,1.467682E-05,0,0.6536549,1.13025,-0.9864032,11.56138,1.540473E-05,0,0.5602428,1.091896,-1.001377,0,-3.028901E-05,0,0.607199,1.092111,-0.9757022,36.12909,17.08065,-3.029119,0.6492508,1.112778,-0.9773315,20.67796,9.391054E-06,0,0.6707862,1.134109,-0.9834524,13.79365,7.826575E-06,0,0.5649855,1.088357,-1.010529,3.069245,14.87362,-2.900701,0.6147736,1.086794,-0.9984692,28.73777,6.213617,-1.029456,0.6548623,1.10439,-0.9994656,22.03107,1.166518E-05,0,0.6747347,1.124039,-1.003543,14.69746,2.22316E-06,0,0.5670186,1.085302,-1.019526,7.703165,29.67833,-7.043752,0.6149949,1.083036,-1.021012,34.80978,-0.1649662,-9.576411,0.6448305,1.101354,-1.026484,19.24082,4.502044E-06,0,0.6586891,1.118475,-1.029787,12.83393,4.855233E-06,0,0.5877662,1.17708,-0.9783517,43.70487,-13.68461,82.23756,0.5859817,1.203353,-0.9489083,14.02319,28.7292,-6.845644,0.5801422,1.208954,-0.9200388,8.180453,-1.452075E-05,0,0.5766537,1.172423,-0.9732743,0,-14.88067,1.249918,0.5883425,1.17418,-0.9196171,24.54706,30.11064,4.963608,0.5690841,1.181531,-0.8788649,13.19138,-0.0001099946,0,0.5542986,1.190899,-0.8568861,8.796406,-8.560813E-05,0,0.5668003,1.168495,-0.9725732,0,-5.463328E-06,0,0.5653569,1.165082,-0.919184,20.84372,16.95502,5.566128,0.5456597,1.172249,-0.877246,22.24036,0.0002445399,0,0.5287948,1.186517,-0.8556064,14.83728,0.000172498,0,0.5566746,1.164538,-0.9733442,3.069309,14.87368,-2.900768,0.5421339,1.159052,-0.9245056,11.28933,2.659448,-3.020252,0.5253906,1.161962,-0.8841458,23.70235,-1.055653E-05,0,0.5131119,1.174635,-0.8620944,15.81414,-3.876792E-06,0,0.5480229,1.161282,-0.9763373,7.703165,29.67841,-7.043752,0.5227295,1.155168,-0.9359401,10.38315,-12.22433,-16.11842,0.5092273,1.158586,-0.9033573,20.28669,-0.0003442422,0,0.5020046,1.168271,-0.8846458,13.53232,-0.0002372052,0,sign
2067,0.5407674,0.9271709,-1.173864,2.37965,1.528115,4.454698,0.5331873,1.28601,-1.210305,-4.214496,-0.3935031,4.527921,0.5374008,1.593692,-1.183212,4.787575,-1.899674,3.170459,0.460953,0.9253018,-1.16756,2.774317,-0.4508291,-2.409972,0.4772841,0.5001935,-1.129527,11.14339,0.0006383508,0.1582588,0.4829549,0.0744243,-1.173848,6.240642,-1.520931,-8.690952,0.6205818,0.92904,-1.180167,0.466462,-0.3331872,-1.044552,0.6297661,0.502556,-1.158779,6.246137,-0.01999533,-0.04423466,0.6366261,0.07524315,-1.183931,2.911613,0.4156075,-7.056302,0.46614,1.407332,-1.176933,-14.45639,-3.219288,3.820032,0.3352132,1.402459,-1.200263,-15.10286,27.31832,-71.17808,0.2983621,1.150447,-1.158762,80.34196,-8.692322E-05,-83.64616,0.6049128,1.407189,-1.187963,-17.00967,3.474215,5.335314,0.7285243,1.417969,-1.236066,-1.429713,25.68981,-79.84476,0.8041035,1.187458,-1.148071,90.62155,-0.0001091976,-98.55498,0.53799,1.089663,-1.018666,12.30897,-2.210133,0.2373883,0.561591,1.167406,-1.001345,-26.47891,-52.74755,-13.30775,0.5437953,1.099464,-0.9859133,41.05512,-23.98032,86.01932,0.5640352,1.127048,-0.96617,5.86157,44.75248,-4.134033,0.5872015,1.12676,-0.947139,2.772694,-7.313091E-05,0,0.5541036,1.095724,-0.9930342,0,-14.88066,1.250075,0.5943905,1.100221,-0.9559459,58.54876,14.45282,-7.971295,0.6250739,1.133893,-0.9591751,36.55891,-8.330526E-06,0,0.6301228,1.158741,-0.9712784,24.41892,-9.468394E-06,0,0.5599499,1.092371,-1.001255,0,-2.380223E-05,0,0.6069865,1.092389,-0.9757273,35.85739,17.19347,-2.681172,0.6491269,1.11288,-0.977286,21.23207,-1.380743E-05,0,0.6705438,1.134319,-0.9834499,14.16373,-1.211411E-05,0,0.5646651,1.088912,-1.010452,3.069245,14.87363,-2.900701,0.6144915,1.087268,-0.9985623,27.76106,6.556436,-0.4325065,0.6548803,1.104165,-0.9995331,23.32022,1.632126E-06,0,0.6746493,1.123883,-1.003781,15.55879,1.634625E-06,0,0.566671,1.085934,-1.019481,7.703165,29.67833,-7.04378,0.6146433,1.083701,-1.021137,34.75593,0.331102,-9.497591,0.6444586,1.101981,-1.02684,19.7835,-1.648556E-05,0,0.6581525,1.11922,-1.030218,13.19628,-1.203126E-05,0,0.586465,1.177492,-0.9793898,43.8726,-13.70225,82.06297,0.584594,1.204179,-0.9503266,13.51768,28.82503,-6.611562,0.5789088,1.210203,-0.9215114,7.879455,-1.797511E-05,0,0.5753675,1.172861,-0.9742562,0,-14.88068,1.250075,0.5870634,1.175271,-0.9206259,24.4945,30.10475,4.922587,0.5678126,1.183007,-0.8799415,13.24757,0.0002555787,0,0.5530089,1.192592,-0.858069,8.833888,0.0001706639,0,0.5655258,1.168913,-0.9735074,0,-7.478856E-06,0,0.5641046,1.166111,-0.9200821,20.70292,16.95623,5.484087,0.5444322,1.173604,-0.8781895,22.48973,-1.139725E-05,0,0.5275313,1.188125,-0.8567471,15.00387,-8.663879E-06,0,0.5554116,1.164918,-0.9742301,3.069245,14.87368,-2.900701,0.5408983,1.159951,-0.9253277,11.15148,2.625989,-3.191753,0.5242059,1.163185,-0.8849714,23.9171,4.512208E-05,0,0.511942,1.176122,-0.8630657,15.95764,2.590436E-05,0,0.5467688,1.161602,-0.9771833,7.703139,29.67841,-7.043752,0.5215027,1.15588,-0.9367118,10.14321,-12.28908,-16.44991,0.5080587,1.159501,-0.9041268,20.79657,-0.0003220439,0,0.5009161,1.16948,-0.8855394,13.87287,-0.0002197055,0,sign
2100,0.5401242,0.9271448,-1.174693,2.386057,1.527608,4.461639,0.5325572,1.285977,-1.211073,-4.246439,-0.399812,4.549757,0.5368262,1.593626,-1.183666,4.940623,-1.910455,3.158581,0.4603105,0.9252775,-1.16838,2.833863,-0.4916299,-2.395391,0.4769773,0.500224,-1.129883,11.15812,-5.98355E-05,0.1690205,0.4829835,0.07442272,-1.17385,6.180537,-1.578158,-8.675978,0.6199379,0.9290121,-1.181006,0.5169988,-0.2984626,-1.048479,0.629406,0.5025547,-1.159217,6.244317,-0.01974077,-0.04423466,0.6365501,0.07522222,-1.183953,2.872081,0.421082,-7.07163,0.4655327,1.407286,-1.177606,-14.46489,-3.157495,3.770241,0.3345931,1.402581,-1.200898,-14.478,26.73927,-70.94868,0.2977822,1.150533,-1.159577,80.47382,-0.0001023503,-83.75787,0.6043013,1.407138,-1.188691,-16.96935,3.402678,5.295204,0.7279373,1.417763,-1.236764,-1.057584,25.51364,-79.63834,0.8036335,1.187458,-1.14833,90.87148,-0.0001326434,-97.8924,0.5370306,1.090575,-1.01848,12.19568,-1.863132,0.1988102,0.5612198,1.169115,-1.001217,-26.63069,-52.61503,-13.34763,0.5428537,1.100283,-0.985703,40.9608,-24.01046,86.23029,0.563099,1.127783,-0.9658476,6.082024,44.51159,-4.27196,0.5862713,1.127526,-0.9468237,2.888866,-3.403854E-05,0,0.5531594,1.096573,-0.9928432,0,-14.88063,1.249918,0.5934717,1.100992,-0.9557732,71.30643,-17.74801,-13.93496,0.6013032,1.145461,-0.9489293,17.24462,-2.772075E-05,0,0.5992143,1.173474,-0.9494974,11.50122,-2.323097E-05,0,0.5590019,1.09325,-1.001079,0,-3.378536E-06,0,0.6060585,1.09323,-0.9755881,35.80047,17.21453,-2.573746,0.6482017,1.113718,-0.9771109,21.44448,7.705639E-06,0,0.6695415,1.135229,-0.9832868,14.30563,3.188127E-06,0,0.5637127,1.089822,-1.01029,3.069309,14.87364,-2.900701,0.6135498,1.088183,-0.9984441,27.35387,6.769797,-0.1493534,0.6540554,1.104796,-0.9994469,23.86587,3.251286E-05,0,0.673771,1.124543,-1.003805,15.9234,2.274465E-05,0,0.5657139,1.086873,-1.019329,7.703165,29.67834,-7.043725,0.6136867,1.084684,-1.021029,34.86356,0.7439809,-9.464128,0.6434332,1.103004,-1.026961,19.9106,2.554441E-06,0,0.6570379,1.12029,-1.030452,13.28118,5.862155E-07,0,0.5860466,1.179549,-0.9793712,43.99208,-13.76929,82.06652,0.5840938,1.206645,-0.9506948,13.35257,28.8579,-6.535251,0.5784546,1.213072,-0.9219577,7.781093,-3.822129E-06,0,0.5749612,1.174943,-0.9741884,0,-14.88067,1.249918,0.5866154,1.178041,-0.9205844,24.44012,30.10107,5.001631,0.5673326,1.186177,-0.8799933,13.31276,-0.0006687121,0,0.5524758,1.19598,-0.8582537,8.87737,-0.0004615326,0,0.5651321,1.170972,-0.9733976,0,-4.614041E-06,0,0.5636867,1.168813,-0.9199431,20.61768,16.94356,5.435921,0.5439947,1.176694,-0.8781309,22.63168,-3.955043E-05,0,0.5270393,1.191449,-0.8568926,15.09871,-2.987752E-05,0,0.5550317,1.166935,-0.9740778,3.069245,14.87367,-2.900768,0.5405041,1.162513,-0.9251274,11.08795,2.592738,-3.190832,0.5238111,1.166143,-0.884805,23.93889,-2.270778E-06,0,0.5115069,1.179291,-0.8630484,15.9722,-4.302858E-06,0,0.5464017,1.163555,-0.9769956,7.703165,29.67841,-7.043752,0.5211293,1.15824,-0.9364726,10.1529,-12.36834,-16.59579,0.5076965,1.162228,-0.9039259,20.82718,-0.0001073015,0,0.5005579,1.172427,-0.8854565,13.8933,-7.45451E-05,0,sign
2133,0.5411267,0.9271218,-1.174416,2.395145,1.523275,4.480127,0.5335552,1.285949,-1.210894,-4.221461,-0.3961851,4.534534,0.5378381,1.593593,-1.183476,5.096737,-1.937747,3.198309,0.4613149,0.9252626,-1.168077,2.82376,-0.434626,-2.391465,0.4775269,0.5001937,-1.129555,11.20544,0.0007169893,0.1594904,0.4830147,0.07441881,-1.173845,6.222614,-1.534866,-8.693144,0.6209385,0.9289809,-1.180755,0.5047422,-0.3609262,-1.052948,0.6299044,0.5025133,-1.158951,6.282724,-0.01969324,-0.04423466,0.6365191,0.07518816,-1.183958,2.925898,0.3360094,-7.063859,0.4665165,1.40727,-1.177499,-14.47868,-3.115936,3.706445,0.3355843,1.402648,-1.200849,-14.19078,26.49172,-70.68801,0.2984551,1.150616,-1.159719,80.69061,-9.80461E-05,-83.80133,0.605288,1.407123,-1.188546,-16.91549,3.355523,5.275778,0.7289876,1.417615,-1.236486,-0.5215207,25.09579,-79.21259,0.8049473,1.187531,-1.147704,91.11005,-0.0001340712,-97.63435,0.5372471,1.091588,-1.01746,12.09114,-1.708143,0.1813082,0.5630839,1.171055,-0.9994693,-26.32236,-52.35305,-13.11372,0.5429751,1.101291,-0.9846652,40.90953,-24.00136,86.2664,0.5631586,1.128783,-0.9647357,6.051844,44.16101,-4.224243,0.5862709,1.128702,-0.9456373,2.891779,5.687114E-06,0,0.5533032,1.097594,-0.99178,0,-14.88063,1.249762,0.5935151,1.102045,-0.9546049,76.72936,-24.95234,-21.44588,0.5943512,1.147043,-0.9468489,6.544785,-9.195951E-06,0,0.5919874,1.174838,-0.943489,4.363453,-3.775916E-06,0,0.5591706,1.094281,-1.000002,0,-9.264877E-06,0,0.6061614,1.094303,-0.9743899,35.78044,17.20488,-2.568112,0.6482905,1.11483,-0.9757823,21.57582,2.071305E-05,0,0.6695789,1.136404,-0.9819167,14.39334,1.73576E-05,0,0.5639089,1.090861,-1.009202,3.069245,14.87364,-2.900701,0.613717,1.089272,-0.9972283,27.13658,6.935299,0.03426402,0.6542804,1.105747,-0.9981854,24.18508,8.482088E-06,0,0.6739609,1.125516,-1.002602,16.13672,1.661074E-05,0,0.5659366,1.087917,-1.018237,7.703165,29.67834,-7.043725,0.6139159,1.085782,-1.019814,34.92698,1.0679,-9.506403,0.6436252,1.104123,-1.025864,20.09231,4.775601E-05,0,0.6571454,1.121462,-1.029423,13.40251,2.874624E-05,0,0.5879011,1.181629,-0.9776799,44.10046,-13.82149,81.98766,0.5859863,1.209052,-0.9493129,13.04406,28.90919,-6.390405,0.5804394,1.215835,-0.9206399,7.598198,-2.57186E-05,0,0.5767958,1.1771,-0.9724731,0,-14.88067,1.249918,0.5883703,1.180664,-0.9188808,24.38073,30.07868,5.015752,0.569074,1.1892,-0.8783782,13.42816,5.149067E-05,0,0.5542017,1.199268,-0.8567709,8.954404,2.67074E-05,0,0.5669555,1.17316,-0.9716617,0,-5.796798E-06,0,0.5654176,1.171499,-0.918192,20.54657,16.9103,5.334506,0.545719,1.179779,-0.8764601,22.79032,-0.0002017904,0,0.5287869,1.194826,-0.8554084,15.20472,-0.0001522985,0,0.5568461,1.169142,-0.9723213,3.069245,14.87367,-2.900701,0.5422278,1.16521,-0.9233561,10.97594,2.514844,-3.345798,0.5255535,1.169192,-0.8830593,24.2202,6.954315E-05,0,0.5133065,1.182662,-0.861468,16.1602,4.024681E-05,0,0.5482125,1.165756,-0.975222,7.703191,29.67841,-7.043752,0.5228609,1.160879,-0.9346933,10.06953,-12.4407,-16.80662,0.5094343,1.165164,-0.9021817,21.14341,-8.581411E-05,0,0.5023698,1.175636,-0.8838373,14.10449,-6.238223E-05,0,sign
2167,0.5418504,0.9270912,-1.174442,2.406559,1.531501,4.485764,0.5341998,1.285914,-1.211118,-4.162501,-0.3780434,4.493268,0.5384101,1.593578,-1.183946,5.171157,-1.963881,3.227071,0.4620395,0.9252223,-1.168094,2.847026,-0.3833908,-2.405908,0.4779477,0.500168,-1.129285,11.27929,0.0008189206,0.1570175,0.4830402,0.07441464,-1.173829,6.254513,-1.505179,-8.713524,0.6216614,0.9289602,-1.18079,0.5089886,-0.4188436,-1.056659,0.6302614,0.5024931,-1.15883,6.321954,-0.02002822,-0.02797646,0.6364899,0.0751701,-1.183974,2.954792,0.2718858,-7.065413,0.4671044,1.407252,-1.177897,-14.48833,-3.050343,3.652966,0.3361876,1.402724,-1.201353,-14.00027,26.32423,-70.5193,0.298749,1.150731,-1.160265,80.96208,-0.0001015825,-83.83347,0.6058842,1.40713,-1.188841,-16.87861,3.335423,5.244786,0.72965,1.417552,-1.236625,-0.05934703,24.70213,-78.8434,0.8058307,1.187649,-1.147564,91.25233,-0.0001119953,-97.4458,0.5373286,1.092908,-1.017158,11.91032,-1.711883,0.1780411,0.5644971,1.172463,-0.998331,-26.25788,-52.12766,-13.01639,0.5429119,1.102641,-0.984347,40.88725,-23.98824,86.22926,0.5629958,1.130161,-0.964355,6.011348,43.88527,-4.175091,0.5860354,1.130255,-0.945169,2.885884,-3.90749E-06,0,0.5532731,1.098952,-0.991417,0,-14.88065,1.250075,0.593328,1.103476,-0.9540817,75.96145,-26.56378,-23.70359,0.5934967,1.148254,-0.945107,5.055321,-9.043612E-06,0,0.5913461,1.175905,-0.9406096,3.370401,-7.25984E-06,0,0.5591776,1.095638,-0.9996125,0,-1.786543E-05,0,0.6060636,1.095734,-0.9738091,35.82984,17.16092,-2.593293,0.6481524,1.116353,-0.9750338,21.53744,1.628454E-05,0,0.6694328,1.13796,-0.9810796,14.36772,1.53189E-05,0,0.5639573,1.092218,-1.00879,3.069181,14.87363,-2.900701,0.613718,1.090694,-0.9966127,26.98065,7.015438,0.07401875,0.6543155,1.107092,-0.997435,24.43317,2.70002E-05,0,0.6739632,1.126897,-1.001837,16.30254,1.866966E-05,0,0.5660251,1.089269,-1.017815,7.703139,29.67834,-7.043725,0.614013,1.087187,-1.019195,35.02676,1.287565,-9.54351,0.6436849,1.105577,-1.02528,20.13336,-5.697543E-05,0,0.657157,1.122946,-1.028873,13.42994,-4.287545E-05,0,0.5893195,1.183138,-0.9765969,44.18961,-13.88857,82.01146,0.5874474,1.210757,-0.948418,12.88323,28.97226,-6.321985,0.5820011,1.217731,-0.9197714,7.500251,-2.865375E-05,0,0.5782126,1.178639,-0.9713665,0,-14.88067,1.249918,0.5897908,1.182474,-0.9177937,24.36367,30.04886,5.040611,0.5705237,1.191228,-0.8773239,13.39537,-7.208587E-05,0,0.5556751,1.201403,-0.8557503,8.932502,-5.019596E-05,0,0.5683708,1.174708,-0.9705347,0,-2.45831E-06,0,0.5668343,1.173321,-0.9170571,20.51674,16.87015,5.330647,0.5471764,1.181816,-0.8753493,22.81855,-4.863565E-05,0,0.5302689,1.196987,-0.854367,15.22356,-2.1915E-05,0,0.5582597,1.170691,-0.9711732,3.069245,14.87367,-2.900701,0.5436418,1.167015,-0.922188,10.99327,2.425643,-3.368657,0.5270278,1.171245,-0.8818915,24.10967,1.19005E-05,0,0.5148285,1.184806,-0.86033,16.08632,1.05668E-05,0,0.5496246,1.167294,-0.9740562,7.703114,29.67841,-7.04378,0.5242726,1.162635,-0.9335022,10.12442,-12.52479,-16.85709,0.5108909,1.167135,-0.9010012,21.12595,-0.0002384652,0,0.5038664,1.177722,-0.8827073,14.09285,-0.0001630863,0,sign
2200,0.5419322,0.927064,-1.174916,2.428419,1.548908,4.461332,0.5341668,1.285875,-1.211878,-4.084565,-0.351858,4.444221,0.5382495,1.593578,-1.185134,5.160461,-1.98319,3.227799,0.4621193,0.9251717,-1.168601,2.89056,-0.3637308,-2.430433,0.4780267,0.5001631,-1.129294,11.34559,0.0005997194,0.1582588,0.4830624,0.0744082,-1.173829,6.247267,-1.51302,-8.710141,0.6217452,0.9289563,-1.181231,0.5326577,-0.4465904,-1.0622,0.6302805,0.502506,-1.158922,6.357428,-0.02017598,-0.03426402,0.6364523,0.07517722,-1.183982,2.943175,0.2445095,-7.100533,0.4669943,1.407231,-1.178883,-14.47893,-3.019524,3.613084,0.336093,1.40269,-1.202422,-14.08954,26.43657,-70.42402,0.2982967,1.150764,-1.161254,81.18903,-8.96468E-05,-83.89307,0.6057836,1.40715,-1.189704,-16.8596,3.323075,5.200515,0.729605,1.417524,-1.237354,0.4877876,24.21523,-78.57725,0.805809,1.187784,-1.147894,91.27861,-0.0001219236,-97.31211,0.5368255,1.093853,-1.017697,11.71169,-1.973525,0.2027088,0.5649227,1.173428,-0.9978582,-26.09673,-51.81521,-12.84588,0.5421724,1.103629,-0.9848598,40.85955,-23.98695,86.16843,0.5620996,1.131178,-0.9647525,5.970873,43.76828,-4.138105,0.5850097,1.131368,-0.9454128,2.872149,-9.152526E-06,0,0.5525858,1.099941,-0.9918537,0,-14.88063,1.249918,0.5923771,1.104547,-0.9542475,75.01364,-27.16918,-24.48936,0.5925224,1.149167,-0.9445161,4.933361,-4.504222E-05,0,0.5904121,1.176737,-0.9395273,3.289084,-3.749138E-05,0,0.5585501,1.096624,-1.000004,0,-6.480457E-06,0,0.6052563,1.096795,-0.9738774,35.8255,17.11337,-2.624132,0.6473258,1.117469,-0.9747996,21.64054,5.647721E-06,0,0.6685827,1.139134,-0.9807197,14.43658,1.181204E-05,0,0.5633963,1.093198,-1.009145,3.069245,14.87364,-2.900633,0.6130731,1.091737,-0.9966217,26.89205,7.041037,0.04845664,0.6536856,1.108108,-0.9971779,24.60799,3.904661E-05,0,0.6733143,1.127953,-1.001484,16.4194,2.473462E-05,0,0.5655295,1.090241,-1.018152,7.703139,29.67834,-7.04378,0.6135277,1.088204,-1.019198,35.12033,1.359131,-9.720531,0.6431895,1.106653,-1.025151,20.04439,0.0004436712,0,0.6566708,1.124028,-1.028679,13.37048,0.0003040372,0,0.5896876,1.184186,-0.9760992,44.26533,-13.96526,82.05106,0.5877751,1.211944,-0.9480607,12.80951,29.04289,-6.298775,0.5823257,1.219036,-0.9194435,7.452272,-3.575959E-05,0,0.5785694,1.179701,-0.970881,0,-14.88068,1.249762,0.5900139,1.18372,-0.917293,24.37144,29.99454,4.99014,0.5706758,1.192633,-0.8768917,13.26829,-2.727447E-05,0,0.5558182,1.202852,-0.8553454,8.847733,-1.89938E-05,0,0.5687269,1.175769,-0.9700602,0,-6.866304E-06,0,0.5670589,1.174563,-0.9165822,20.50547,16.80834,5.280938,0.5473407,1.183206,-0.8749334,22.79249,9.264845E-06,0,0.5304144,1.198447,-0.8540173,15.20615,1.029507E-05,0,0.5586188,1.171746,-0.9707101,3.069309,14.87368,-2.900701,0.5438813,1.168231,-0.921749,10.99696,2.310603,-3.432507,0.5272436,1.172621,-0.8814795,24.08621,-1.541758E-05,0,0.5150446,1.186263,-0.8599684,16.07064,-1.385881E-05,0,0.549992,1.168337,-0.973603,7.703191,29.67842,-7.043725,0.5245416,1.163805,-0.9330961,10.20344,-12.62098,-16.85574,0.5111242,1.16847,-0.9006331,21.03435,1.020858E-05,0,0.504077,1.179119,-0.8823835,14.03168,5.97563E-06,0,sign
2233,0.5420189,0.9270619,-1.175227,2.458776,1.564492,4.409666,0.5341404,1.285857,-1.212556,-3.988603,-0.3173297,4.393291,0.5380309,1.593614,-1.186387,5.095046,-1.985056,3.215159,0.462201,0.925148,-1.168982,2.901308,-0.3444586,-2.449844,0.4780681,0.5001676,-1.129355,11.37619,-5.602538E-05,0.1582588,0.4830894,0.07440338,-1.173802,6.231115,-1.51858,-8.677109,0.6218368,0.9289757,-1.181472,0.5421248,-0.4728344,-1.066979,0.6302949,0.5025402,-1.158854,6.402176,-0.01942459,-0.03426402,0.6364226,0.0752123,-1.18394,2.931646,0.2171873,-7.158043,0.4668719,1.407232,-1.179827,-14.46707,-2.985508,3.570016,0.3359866,1.402658,-1.203448,-14.26053,26.55641,-70.27074,0.2978058,1.15075,-1.162516,81.38875,-0.0001091293,-83.90504,0.6056714,1.407207,-1.190518,-16.85953,3.317476,5.149933,0.7295321,1.417555,-1.238072,0.6308707,24.08392,-78.37112,0.8059282,1.187941,-1.148452,91.2923,-0.0001283387,-97.2225,0.5361146,1.094472,-1.018347,11.59199,-2.191227,0.2220564,0.5654252,1.173937,-0.9977694,-25.88381,-51.51109,-12.65308,0.541233,1.104285,-0.9854836,40.83804,-23.99167,86.13682,0.5609987,1.131867,-0.9652617,5.996917,43.65771,-4.147843,0.5837926,1.132149,-0.9457863,2.890018,-3.037121E-06,0,0.5516967,1.100603,-0.9924051,0,-14.88063,1.249918,0.5912334,1.10529,-0.9545413,67.64996,-24.32596,-16.8074,0.596339,1.148997,-0.9423208,16.60409,-2.791479E-07,0,0.5928852,1.176733,-0.9394527,11.07366,2.200624E-06,0,0.5577186,1.097285,-1.000513,0,-7.922446E-06,0,0.604251,1.097535,-0.9740785,35.83422,17.06424,-2.668218,0.6462903,1.118281,-0.9747113,21.68097,-5.946596E-06,0,0.6675349,1.139995,-0.9804944,14.46357,-2.603622E-06,0,0.562629,1.093856,-1.009618,3.069245,14.87364,-2.900701,0.6122236,1.092465,-0.9967659,26.86315,7.031878,-0.03426402,0.6528269,1.108866,-0.9970553,24.50554,-9.354643E-06,0,0.6725034,1.128696,-1.001209,16.35091,-8.949791E-06,0,0.564825,1.090893,-1.018608,7.703165,29.67834,-7.04378,0.6128314,1.088911,-1.019335,35.20077,1.402014,-9.818766,0.6424822,1.107424,-1.025144,19.89153,-5.650632E-05,0,0.6559899,1.124792,-1.028609,13.26842,-3.823817E-05,0,0.5901123,1.184756,-0.9759526,44.32969,-14.04063,81.9812,0.5881287,1.212607,-0.9480109,12.69195,29.11608,-6.253729,0.5826448,1.219775,-0.9194193,7.378818,-3.278364E-05,0,0.578981,1.180272,-0.9707611,0,-14.88067,1.250075,0.5902519,1.184404,-0.9171448,24.25189,29.91217,4.984877,0.5708666,1.193349,-0.8767732,13.55864,-8.416814E-05,0,0.5559293,1.203686,-0.8553382,9.041419,-7.015665E-05,0,0.5691391,1.176334,-0.969964,0,-7.268697E-06,0,0.567302,1.17523,-0.9164893,20.42,16.71282,5.200214,0.5475329,1.183914,-0.874873,23.03564,-2.510815E-05,0,0.5305635,1.199273,-0.8540789,15.3686,-1.599994E-05,0,0.5590364,1.172302,-0.9706382,3.069245,14.87368,-2.900768,0.544146,1.168869,-0.9217175,10.89197,2.174214,-3.50889,0.5274903,1.173283,-0.8814579,24.44974,-3.525451E-06,0,0.5152801,1.187087,-0.8600571,16.31362,-5.805488E-06,0,0.5504215,1.16888,-0.9735519,7.703165,29.67841,-7.043808,0.524846,1.164407,-0.9331174,10.15402,-12.75033,-16.98024,0.5113995,1.169114,-0.9006725,21.27764,-7.40992E-05,0,0.5043678,1.179868,-0.882479,14.19415,-5.139622E-05,0,sign
2267,0.5420871,0.9271031,-1.175274,2.488449,1.577232,4.347625,0.5341054,1.285883,-1.213016,-3.873835,-0.2801973,4.344605,0.5377647,1.593701,-1.187519,5.031936,-1.959845,3.193715,0.4622631,0.9251708,-1.169113,2.866282,-0.326939,-2.459174,0.4780523,0.5001853,-1.129511,11.35515,0.0008056132,0.1557664,0.4830862,0.0744085,-1.173837,6.212524,-1.520318,-8.626051,0.6219112,0.9290354,-1.181435,0.5385033,-0.4918277,-1.069543,0.6303161,0.5026094,-1.158618,6.455096,-0.01954456,-0.02797646,0.6364204,0.0752928,-1.183901,2.926968,0.2002849,-7.215641,0.4667365,1.407284,-1.180591,-14.4659,-2.954245,3.521589,0.3358712,1.402658,-1.204313,-14.45879,26.70861,-70.16798,0.297366,1.150779,-1.163506,81.50059,-0.0001087171,-83.89816,0.6055454,1.407319,-1.191159,-16.86769,3.306938,5.088658,0.7294367,1.417622,-1.238642,0.6498165,24.04685,-78.25409,0.8059136,1.188084,-1.148897,91.29966,-0.0001220924,-97.1269,0.5354473,1.094791,-1.018848,11.571,-2.301347,0.2332305,0.5656091,1.174312,-0.9978766,-25.89058,-51.3657,-12.61579,0.5404333,1.104647,-0.9859778,40.82726,-24.00958,86.08691,0.5600937,1.132264,-0.9657012,6.004202,43.65516,-4.152751,0.5828215,1.132586,-0.9461493,2.893538,-1.352676E-05,0,0.5509261,1.100965,-0.9928553,0,-14.88063,1.249918,0.5903153,1.105729,-0.9548475,68.23044,-22.79124,-16.92643,0.59605,1.149649,-0.9437224,16.45324,-4.688563E-06,0,0.5930121,1.177488,-0.9414465,10.97302,-5.282983E-06,0,0.5569813,1.097643,-1.000937,0,-2.261461E-06,0,0.603413,1.097961,-0.9743263,35.84874,17.02601,-2.629348,0.6454262,1.118765,-0.974803,21.66315,1.106653E-05,0,0.6666736,1.140493,-0.9805212,14.45171,6.408609E-06,0,0.561929,1.094207,-1.010019,3.069245,14.87364,-2.900701,0.6114757,1.092871,-0.9969774,26.78649,6.994926,-0.02797646,0.6520833,1.109264,-0.9970855,24.61832,2.836845E-05,0,0.6717444,1.129122,-1.001178,16.42628,2.310088E-05,0,0.5641614,1.091236,-1.018997,7.703139,29.67834,-7.043752,0.6121718,1.089292,-1.01954,35.24673,1.421545,-9.817804,0.6418133,1.107843,-1.025274,19.77923,-0.0005251528,0,0.65534,1.1252,-1.028719,13.19344,-0.000361399,0,0.590264,1.185186,-0.976051,44.37237,-14.11391,82.00947,0.5882626,1.213093,-0.9481658,12.66973,29.16215,-6.251471,0.582792,1.220294,-0.9195803,7.362607,-1.174331E-05,0,0.5791346,1.180693,-0.9708639,0,-14.88067,1.249918,0.5903568,1.184894,-0.9172428,24.20166,29.8544,5.114429,0.5709788,1.193852,-0.8768705,13.6299,-6.968816E-05,0,0.556016,1.204206,-0.8554618,9.088975,-5.866686E-05,0,0.5692974,1.176742,-0.9700707,0,-6.941385E-06,0,0.5674188,1.175689,-0.9165964,20.37789,16.62393,5.256578,0.5476768,1.184392,-0.8749712,23.1658,-5.748431E-05,0,0.5306871,1.199798,-0.8542277,15.45558,-3.832175E-05,0,0.5592006,1.172696,-0.970749,3.069245,14.87367,-2.900701,0.5442755,1.169292,-0.9218369,10.93285,2.054451,-3.444578,0.5276543,1.173783,-0.8815715,24.35888,3.592395E-06,0,0.5154444,1.187585,-0.8601694,16.25289,4.311159E-06,0,0.5505927,1.169259,-0.9736661,7.703165,29.67841,-7.04378,0.5249907,1.164792,-0.9332477,10.29868,-12.8808,-16.91627,0.5115705,1.169617,-0.9008093,21.06585,-9.165073E-05,0,0.50453,1.180365,-0.8826158,14.0527,-6.41639E-05,0,sign
2300,0.5421841,0.9271678,-1.17531,2.511624,1.592072,4.28528,0.53409,1.285938,-1.213473,-3.747425,-0.2424911,4.296919,0.5374989,1.59382,-1.188701,4.979096,-1.916681,3.165577,0.4623541,0.9252133,-1.169235,2.823344,-0.3046009,-2.473776,0.4780414,0.500212,-1.129762,11.29982,0.0006198775,0.1532334,0.4830951,0.07440743,-1.173818,6.174952,-1.513708,-8.581604,0.6220142,0.9291222,-1.181386,0.5297108,-0.5122288,-1.068262,0.6303684,0.5027012,-1.158457,6.483073,-0.01929232,-0.03426402,0.6364632,0.07539034,-1.183839,2.899013,0.1978729,-7.261609,0.4666199,1.40737,-1.181375,-14.47768,-2.923202,3.481778,0.3357797,1.402686,-1.205224,-14.64829,26.86312,-70.12041,0.2970198,1.150855,-1.164362,81.56481,-9.160063E-05,-83.89465,0.6054379,1.407465,-1.191822,-16.86311,3.289065,5.013837,0.7293704,1.417695,-1.239213,0.5524929,24.09493,-78.17092,0.8058361,1.188165,-1.149438,91.3237,-0.0001241513,-97.21791,0.5349204,1.095058,-1.019333,11.58893,-2.334555,0.2373883,0.565598,1.17463,-0.9982908,-25.67882,-51.28862,-12.48855,0.5398428,1.10496,-0.9864666,40.8108,-24.04521,86.12196,0.5594385,1.132608,-0.9661698,6.167994,43.6378,-4.265078,0.5821536,1.132967,-0.9466037,2.973219,-8.164398E-05,0,0.5503498,1.101275,-0.9933207,0,-14.88067,1.249918,0.5896691,1.106111,-0.9552497,68.90768,-22.17654,-17.33053,0.595443,1.150204,-0.9448494,15.80301,1.558367E-06,0,0.592635,1.178082,-0.9427705,10.53907,7.606189E-06,0,0.5564211,1.097946,-1.001387,0,-3.646785E-05,0,0.6028057,1.098325,-0.9746951,35.87893,16.98379,-2.59714,0.6447912,1.119186,-0.9751077,21.59002,-2.977437E-05,0,0.66605,1.140911,-0.9807962,14.4028,-2.158E-05,0,0.5613868,1.094501,-1.010456,3.069181,14.87362,-2.900701,0.6109111,1.09321,-0.9973252,26.7704,6.958051,0,0.6515105,1.109624,-0.9973527,24.61913,-3.778011E-06,0,0.671172,1.129485,-1.001427,16.42684,-1.50669E-06,0,0.5636367,1.091519,-1.019426,7.703165,29.67833,-7.043752,0.6116491,1.089602,-1.019882,35.27999,1.418576,-9.845405,0.6412792,1.108179,-1.02559,19.66009,3.285939E-05,0,0.6548287,1.125518,-1.029034,13.11387,1.991166E-05,0,0.5902373,1.185456,-0.9764237,44.41297,-14.18004,82.03237,0.588285,1.213404,-0.9485766,12.69973,29.28492,-6.290459,0.5828062,1.220594,-0.9199897,7.37105,2.842162E-05,0,0.5790884,1.18099,-0.9712555,0,-14.88066,1.249918,0.5902221,1.185184,-0.9176155,24.16244,29.78975,5.14784,0.5708431,1.194205,-0.8772577,13.6713,3.430903E-06,0,0.5558848,1.204617,-0.8558742,9.116606,1.460226E-06,0,0.569241,1.177061,-0.970479,0,3.201107E-06,0,0.5672624,1.176031,-0.9170079,20.36078,16.53148,5.270315,0.5475322,1.184813,-0.8753939,23.21803,4.115005E-05,0,0.5305708,1.200296,-0.8546849,15.49049,4.021103E-05,0,0.5591364,1.173037,-0.9711744,3.069245,14.87368,-2.900701,0.5441144,1.169684,-0.9222885,10.95041,1.933502,-3.454284,0.5275084,1.174267,-0.8820274,24.32999,4.103587E-05,0,0.5153404,1.188117,-0.860632,16.23359,3.177588E-05,0,0.5505262,1.169619,-0.9741061,7.703139,29.67841,-7.043752,0.5248405,1.165223,-0.9337331,10.40072,-13.01306,-16.86559,0.5114362,1.170167,-0.901306,20.90965,-0.0002716257,0,0.5044135,1.180927,-0.8831128,13.94838,-0.0001862658,0,sign
2333,0.542298,0.9272323,-1.175392,2.530877,1.606515,4.220115,0.534095,1.285995,-1.213952,-3.624554,-0.2048667,4.249851,0.5372467,1.593939,-1.1899,4.910674,-1.866342,3.122489,0.4624617,0.9252556,-1.169406,2.786848,-0.2816585,-2.508192,0.4780427,0.5002401,-1.130044,11.24661,0.001114785,0.1519511,0.4830802,0.07440686,-1.173823,6.135585,-1.499532,-8.553936,0.6221342,0.9292089,-1.181379,0.5278606,-0.5327217,-1.067162,0.6304381,0.5027945,-1.15831,6.514785,-0.01949579,-0.03426402,0.6365221,0.07548931,-1.183789,2.870035,0.2005528,-7.308496,0.4665242,1.407454,-1.182173,-14.4945,-2.897749,3.466562,0.3357116,1.402701,-1.206159,-14.85463,27.04973,-70.11839,0.2967227,1.150946,-1.165055,81.60755,-9.826198E-05,-83.92669,0.6053512,1.407611,-1.1925,-16.86014,3.257372,4.940187,0.7293245,1.41774,-1.239807,0.4140146,24.18659,-78.09125,0.8057656,1.188214,-1.150002,91.36105,-0.0001351848,-97.2902,0.5345158,1.095327,-1.019782,11.60427,-2.352539,0.2390311,0.5655743,1.174987,-0.9987527,-25.51544,-51.20223,-12.38325,0.5394005,1.105269,-0.9869221,40.8055,-24.06311,86.16573,0.5589556,1.132948,-0.9666279,6.293077,43.61328,-4.350011,0.5816666,1.133346,-0.9470579,3.034607,-3.787591E-05,0,0.549916,1.101581,-0.9937612,0,-14.88067,1.249918,0.5891946,1.106479,-0.9556561,69.21238,-21.9331,-17.51515,0.5949534,1.150652,-0.9455914,15.50156,-1.771454E-05,0,0.5922354,1.178546,-0.9436085,10.33788,-1.046814E-05,0,0.555997,1.098245,-1.001817,0,-3.002831E-05,0,0.6023543,1.098677,-0.975079,35.90236,16.93379,-2.693845,0.6443147,1.119588,-0.9754481,21.53574,-9.285823E-06,0,0.6655719,1.141326,-0.9810963,14.36659,-1.355222E-06,0,0.5609735,1.094792,-1.010877,3.069181,14.87363,-2.900768,0.610485,1.093538,-0.9976948,26.80447,6.944097,0,0.6510665,1.109996,-0.9976994,24.4642,8.99713E-06,0,0.670764,1.129827,-1.001747,16.32329,6.466715E-06,0,0.5632338,1.0918,-1.019842,7.703139,29.67833,-7.04378,0.6112474,1.089904,-1.020246,35.33712,1.400816,-9.884633,0.640856,1.108519,-1.025942,19.44076,-0.0002494775,0,0.654451,1.125822,-1.029387,12.96744,-0.000171368,0,0.5901959,1.185769,-0.9768436,44.44028,-14.2382,82.01734,0.5882841,1.213747,-0.9490237,12.74416,29.35483,-6.326635,0.5827727,1.220939,-0.9204435,7.391597,-5.419454E-05,0,0.5790288,1.181326,-0.9716945,0,-14.88067,1.250075,0.5900745,1.185509,-0.9180354,24.12458,29.74416,5.161942,0.5706814,1.194576,-0.8776947,13.72024,0.000111373,0,0.5557188,1.20504,-0.8563393,9.149245,7.920171E-05,0,0.5691721,1.177418,-0.9709349,0,-6.251141E-06,0,0.5670954,1.176402,-0.9174672,20.33627,16.45784,5.285908,0.5473654,1.185242,-0.8758652,23.29147,-2.059413E-05,0,0.53042,1.200796,-0.8551968,15.53957,-2.10636E-05,0,0.5590608,1.173413,-0.9716476,3.069245,14.87367,-2.900701,0.5439444,1.1701,-0.922788,10.93488,1.829951,-3.486611,0.5273487,1.174739,-0.882529,24.41167,1.669387E-06,0,0.5152173,1.188661,-0.8611599,16.28819,-1.748166E-06,0,0.5504491,1.170012,-0.9745941,7.703139,29.67841,-7.04378,0.5246823,1.165675,-0.9342663,10.45551,-13.14577,-16.86602,0.5112991,1.170703,-0.9018434,20.86187,-1.877748E-05,0,0.5043079,1.181493,-0.8836556,13.91647,-1.351331E-05,0,sign
2367,0.5428005,0.9272864,-1.174937,2.550215,1.619558,4.153458,0.5345004,1.286039,-1.213849,-3.518919,-0.1692922,4.199226,0.5374008,1.594044,-1.190496,4.766414,-1.815365,3.075999,0.462958,0.9252893,-1.169042,2.720309,-0.2381374,-2.551596,0.4782535,0.5002338,-1.130001,11.20625,0.001579989,0.1440177,0.4830744,0.0744009,-1.173808,6.138396,-1.460657,-8.534881,0.622643,0.9292836,-1.180832,0.4885893,-0.5764553,-1.071554,0.6306931,0.5028576,-1.157889,6.54817,-0.01979466,-0.02797646,0.6365677,0.07557216,-1.183746,2.884662,0.1890569,-7.359355,0.4668319,1.407519,-1.182356,-14.49603,-2.89354,3.469893,0.3360443,1.402658,-1.206457,-14.93917,27.1444,-70.14481,0.2970519,1.15098,-1.164886,81.59393,-0.0001020387,-83.97208,0.6056681,1.407736,-1.192556,-16.85186,3.218366,4.874676,0.7296907,1.417756,-1.239756,0.3274564,24.2466,-78.03045,0.8060411,1.188247,-1.149831,91.40922,-0.0001334193,-97.30756,0.5347768,1.095585,-1.019416,11.60519,-2.352503,0.2390311,0.5658029,1.175431,-0.998621,-25.70801,-51.17837,-12.47256,0.5396405,1.105566,-0.9865646,40.79913,-24.08231,86.19617,0.559169,1.133271,-0.96628,6.386261,43.6121,-4.414638,0.5818795,1.133693,-0.9467099,3.079497,-4.016999E-05,0,0.5501609,1.101873,-0.9933936,0,-14.88066,1.249918,0.5894169,1.106825,-0.9552722,69.34554,-21.8307,-17.59586,0.5951625,1.151038,-0.9453796,15.36904,3.238147E-06,0,0.5924807,1.17894,-0.9434557,10.24945,6.813336E-06,0,0.5562472,1.098529,-1.001442,0,-2.869763E-05,0,0.6025894,1.099003,-0.9746787,35.87985,16.88102,-2.71195,0.6445416,1.119933,-0.9750022,21.6172,-2.000231E-05,0,0.6657662,1.141702,-0.9806502,14.42098,-2.094585E-05,0,0.5612296,1.095067,-1.010496,3.069181,14.87362,-2.900633,0.6107341,1.093841,-0.9972842,26.75981,6.9315,-0.08156469,0.651322,1.110284,-0.997264,24.58149,-2.554242E-06,0,0.6709884,1.130145,-1.001315,16.40169,-7.126075E-07,0,0.5634958,1.092066,-1.019455,7.703139,29.67833,-7.043752,0.6115101,1.090181,-1.019831,35.31826,1.3765,-9.921488,0.641124,1.108792,-1.025515,19.3962,-0.0001044651,0,0.6547363,1.126082,-1.028959,12.93769,-7.890014E-05,0,0.5904391,1.186184,-0.9767138,44.44537,-14.29453,82.06776,0.5885843,1.214138,-0.9488661,12.89319,29.32705,-6.39709,0.5830593,1.221301,-0.9202815,7.479816,5.37928E-06,0,0.5792747,1.181736,-0.9715633,0,-14.88065,1.249918,0.5903536,1.185851,-0.9179059,24.12583,29.71639,5.17994,0.5710034,1.194884,-0.8775369,13.62282,-0.0002358978,0,0.5560825,1.205297,-0.8561274,9.08424,-0.0001660991,0,0.569418,1.177827,-0.9708025,0,4.859054E-06,0,0.5673739,1.176746,-0.9173349,20.33162,16.40722,5.318835,0.5477065,1.185552,-0.8756961,23.26484,-8.38048E-05,0,0.5307942,1.201079,-0.85498,15.52176,-5.670109E-05,0,0.5593058,1.173825,-0.9715139,3.069245,14.87368,-2.900633,0.5442189,1.170453,-0.9226492,11.00899,1.775847,-3.435415,0.5276704,1.175111,-0.882373,24.15815,4.034418E-05,0,0.5155666,1.188939,-0.8609272,16.11874,2.630113E-05,0,0.5506919,1.170428,-0.9744593,7.703139,29.67841,-7.043752,0.5249493,1.166045,-0.9341212,10.58297,-13.22921,-16.83986,0.5116211,1.17112,-0.901683,20.61381,0.0008648518,0,0.5046473,1.181852,-0.8834541,13.75077,0.0005897806,0,sign
2400,0.5438728,0.9273344,-1.173652,2.568493,1.630625,4.095291,0.5354916,1.286078,-1.212884,-3.42354,-0.139178,4.151855,0.5381681,1.594143,-1.190233,4.561324,-1.765299,3.031897,0.4640249,0.9253199,-1.167836,2.605642,-0.1614381,-2.578761,0.4787525,0.5001835,-1.129464,11.18372,0.002166576,0.132704,0.4830708,0.07439786,-1.17378,6.212145,-1.389389,-8.510062,0.6237207,0.9293488,-1.179467,0.3876539,-0.6492705,-1.077382,0.6312547,0.5028828,-1.157099,6.571816,-0.02032011,0,0.6366537,0.0756374,-1.183711,2.958765,0.148668,-7.402527,0.4677385,1.407578,-1.181652,-14.48889,-2.898306,3.474291,0.3369716,1.402603,-1.205841,-14.94206,27.13665,-70.13379,0.298086,1.150968,-1.16391,81.57121,-0.0001053196,-83.97972,0.6065835,1.407844,-1.191734,-16.83912,3.181821,4.813325,0.7306564,1.417758,-1.238824,0.2900664,24.28194,-77.96453,0.8069293,1.188299,-1.148706,91.43761,-0.000131717,-97.2882,0.5356761,1.095832,-1.018122,11.61111,-2.310818,0.234068,0.5666761,1.175844,-0.9974896,-25.8,-51.14801,-12.50994,0.5405271,1.105852,-0.9852805,40.79221,-24.10731,86.25166,0.560032,1.133582,-0.9650078,6.528105,43.63827,-4.515272,0.5827507,1.134011,-0.9454475,3.14641,-2.507474E-05,0,0.5510504,1.102154,-0.992102,0,-14.88064,1.249762,0.5902931,1.107158,-0.9539738,69.4094,-21.78224,-17.63454,0.5960268,1.151397,-0.9441899,15.30539,-5.660839E-06,0,0.5933593,1.179304,-0.9423111,10.20697,-6.762089E-06,0,0.5571401,1.098802,-1.000145,0,-1.598907E-05,0,0.6034737,1.099317,-0.9733672,35.89173,16.82703,-2.688608,0.6454076,1.120284,-0.9736686,21.64353,-1.498893E-05,0,0.6666094,1.142073,-0.9793258,14.43858,-1.296575E-05,0,0.5621262,1.09533,-1.009193,3.069245,14.87363,-2.900768,0.6116268,1.094131,-0.9959641,26.74463,6.91139,-0.08156469,0.652213,1.110578,-0.9959316,24.63339,-4.244894E-06,0,0.6718621,1.130453,-0.9999968,16.43638,-1.125568E-05,0,0.5643959,1.092319,-1.018148,7.703139,29.67834,-7.043752,0.6124108,1.090446,-1.018507,35.31333,1.340419,-9.927928,0.6420247,1.109059,-1.02418,19.31841,1.913154E-05,0,0.6556591,1.126331,-1.027627,12.88572,6.242813E-06,0,0.5913134,1.186604,-0.9755872,44.4538,-14.33849,82.09982,0.5894877,1.214576,-0.9477561,13.04961,29.31155,-6.47366,0.5839199,1.221749,-0.9191818,7.571342,2.287986E-05,0,0.5801495,1.182157,-0.9704347,0,-14.88066,1.249918,0.5912318,1.18629,-0.9167792,24.11506,29.6882,5.183836,0.5719051,1.19534,-0.8764031,13.56527,-7.307841E-05,0,0.5570084,1.205744,-0.8549722,9.045853,-5.010618E-05,0,0.5702931,1.178249,-0.969672,0,5.609055E-07,0,0.5682525,1.177184,-0.9162039,20.3259,16.3611,5.342618,0.548621,1.186015,-0.8745534,23.22125,6.189974E-05,0,0.5317301,1.201537,-0.8538163,15.49264,3.828817E-05,0,0.5601809,1.174246,-0.9703816,3.069309,14.87368,-2.900701,0.5450974,1.170889,-0.9215148,11.01641,1.724452,-3.432051,0.5285848,1.175577,-0.8812273,24.07091,4.03456E-05,0,0.5165033,1.189385,-0.8597565,16.06043,2.821115E-05,0,0.5515669,1.170848,-0.9733253,7.703165,29.67841,-7.043725,0.525827,1.166476,-0.9329842,10.66127,-13.30092,-16.82593,0.5125338,1.171617,-0.9005419,20.4424,0.0006428639,0,0.5055699,1.182326,-0.8822963,13.63633,0.0004362954,0,sign
2433,0.5443135,0.9273496,-1.173194,2.581643,1.638268,4.048688,0.5358548,1.286088,-1.21272,-3.331313,-0.1084687,4.11147,0.538311,1.59421,-1.190767,4.342666,-1.722916,3.000614,0.4644613,0.9253228,-1.167442,2.565977,-0.1245053,-2.587021,0.4789352,0.5001619,-1.129244,11.19025,0.002711994,0.1282043,0.4830478,0.07439822,-1.17379,6.248868,-1.348472,-8.4738,0.6241658,0.9293765,-1.178945,0.3609945,-0.6826143,-1.073196,0.6314918,0.502902,-1.15667,6.609841,-0.01947871,0,0.6367105,0.07567805,-1.183659,2.989634,0.1430908,-7.432762,0.4680188,1.407604,-1.181734,-14.48367,-2.880311,3.4726,0.337268,1.402566,-1.205997,-14.83504,27.00372,-70.10471,0.2985491,1.150952,-1.163787,81.56841,-8.791267E-05,-83.962,0.6068709,1.407922,-1.191714,-16.82616,3.143001,4.748296,0.7309888,1.417731,-1.238707,0.2783625,24.3019,-77.91093,0.807169,1.188326,-1.14837,91.40864,-0.0001340251,-97.34272,0.535993,1.096203,-1.017616,11.60018,-2.239402,0.2264194,0.5669623,1.175998,-0.9970695,-25.56417,-51.12403,-12.38598,0.5408372,1.106262,-0.9847855,40.78806,-24.13102,86.32298,0.5603217,1.134019,-0.9645301,6.695447,43.63663,-4.631385,0.583056,1.134469,-0.9449882,3.227071,-1.865838E-05,0,0.5513624,1.102558,-0.9916012,0,-14.88063,1.249918,0.5905988,1.107617,-0.9534737,69.44261,-21.75716,-17.65462,0.5963212,1.151875,-0.9437712,15.27231,-4.885078E-06,0,0.5936578,1.179785,-0.9419315,10.18488,-5.692784E-06,0,0.5574539,1.099199,-0.9996396,0,-7.023547E-06,0,0.6037838,1.099757,-0.9728562,35.89819,16.77001,-2.723977,0.6457001,1.120758,-0.9731391,21.67754,4.819195E-05,0,0.6668739,1.142574,-0.9787982,14.4613,3.86267E-05,0,0.5624421,1.095718,-1.008683,3.069309,14.87364,-2.900701,0.6119412,1.094546,-0.9954459,26.75042,6.902302,0,0.6525209,1.111009,-0.9954221,24.64148,3.6405E-05,0,0.6721628,1.130884,-0.9995226,16.44177,2.410781E-05,0,0.5647137,1.092697,-1.017634,7.703191,29.67834,-7.04378,0.612729,1.090835,-1.017984,35.25925,1.329334,-9.947816,0.6423578,1.109423,-1.023662,19.38471,-0.0001028113,0,0.6559852,1.126699,-1.027117,12.93001,-6.879449E-05,0,0.5915869,1.186755,-0.9751517,44.45797,-14.3663,82.10363,0.5897875,1.214786,-0.9473783,13.12941,29.30389,-6.512768,0.5841678,1.222021,-0.91883,7.618034,-2.934789E-05,0,0.5804082,1.182336,-0.970007,0,-14.88067,1.249918,0.5914215,1.186548,-0.9163434,24.07127,29.66044,5.184515,0.5720838,1.195692,-0.8759935,13.59298,-0.0001890824,0,0.5571876,1.206164,-0.8545959,9.064318,-0.0001426373,0,0.5705439,1.178446,-0.9692512,0,-1.009318E-06,0,0.5684258,1.177482,-0.9157842,20.30627,16.32214,5.341187,0.5487824,1.186422,-0.8741627,23.22061,-3.472893E-05,0,0.5319073,1.202012,-0.8534637,15.49221,-2.322885E-05,0,0.5604259,1.174459,-0.9699678,3.069245,14.87368,-2.900701,0.5452675,1.171217,-0.9211166,10.94078,1.678251,-3.483914,0.5287522,1.175962,-0.880837,24.24608,-1.561067E-05,0,0.5166928,1.189881,-0.8594249,16.17753,-1.512261E-05,0,0.5518104,1.17107,-0.9729177,7.703165,29.67841,-7.043752,0.526006,1.166816,-0.9326053,10.64936,-13.35825,-16.86388,0.5127091,1.172039,-0.9001777,20.47361,-2.403934E-05,0,0.5057653,1.182805,-0.8819572,13.65717,-1.868145E-05,0,sign
2467,0.5447837,0.9273576,-1.172679,2.588609,1.639822,4.008683,0.5362589,1.286095,-1.212462,-3.244375,-0.07551101,4.080919,0.5384838,1.594272,-1.191181,4.121413,-1.680864,2.976509,0.4649276,0.9253266,-1.166983,2.526619,-0.09204996,-2.597743,0.4791384,0.5001371,-1.129005,11.19171,0.002743566,0.1235407,0.4830312,0.07439631,-1.173789,6.289742,-1.303476,-8.446223,0.6246397,0.9293885,-1.178375,0.329838,-0.7143902,-1.060725,0.6317228,0.5029013,-1.156265,6.639178,-0.01902953,0,0.6367144,0.07569915,-1.183639,3.028925,0.1209045,-7.454326,0.4683394,1.407621,-1.181698,-14.48487,-2.882107,3.468821,0.3376058,1.402471,-1.206031,-14.79201,26.94781,-70.07856,0.2990472,1.150881,-1.163533,81.55496,-9.805218E-05,-83.94033,0.6071969,1.407999,-1.1916,-16.80569,3.096742,4.689765,0.7313583,1.417695,-1.238502,0.2176059,24.37694,-77.82544,0.8075402,1.188369,-1.147968,91.43641,-0.0001274443,-97.42464,0.5363564,1.096456,-1.017022,11.59471,-2.203012,0.2229358,0.5673955,1.176389,-0.9965414,-25.6001,-51.07353,-12.38991,0.5411819,1.106559,-0.9842027,40.78347,-24.14824,86.36888,0.5606429,1.134345,-0.9639646,6.805876,43.64008,-4.708525,0.5833788,1.134818,-0.9444252,3.279964,-2.939606E-05,0,0.5517112,1.102849,-0.9910082,0,-14.88066,1.250075,0.5909272,1.107965,-0.9528674,69.46091,-21.74342,-17.6657,0.596636,1.152241,-0.9432377,15.25403,-1.138953E-05,0,0.593972,1.180153,-0.9414396,10.17268,-4.120745E-06,0,0.5578076,1.09948,-0.999039,0,-2.406229E-05,0,0.6041237,1.100082,-0.9722328,35.90271,16.71022,-2.758254,0.6460232,1.121118,-0.9724824,21.68542,-3.025753E-05,0,0.6671821,1.14295,-0.9781313,14.46655,-2.618846E-05,0,0.5628009,1.095987,-1.008075,3.069309,14.87362,-2.900701,0.6122935,1.094844,-0.9948117,26.73896,6.901962,-0.04845664,0.6528729,1.111307,-0.9947857,24.71378,9.780003E-06,0,0.6724901,1.131203,-0.9989014,16.4901,2.90644E-06,0,0.5650777,1.092955,-1.017021,7.703165,29.67833,-7.04378,0.6130937,1.091102,-1.017344,35.19839,1.337633,-9.91185,0.6427419,1.109657,-1.02303,19.48401,-0.0002987303,0,0.6563557,1.12694,-1.026504,12.99631,-0.0002025066,0,0.5920303,1.187108,-0.9746161,44.46008,-14.38412,82.10365,0.5902691,1.215125,-0.9468256,13.15826,29.29622,-6.525882,0.58465,1.222349,-0.9182746,7.6353,-9.790738E-06,0,0.5808474,1.182696,-0.9694744,0,-14.88067,1.250075,0.5918648,1.186859,-0.9158079,24.03503,29.64321,5.233491,0.5725576,1.19598,-0.8754383,13.60104,-0.0003384766,0,0.5576786,1.206445,-0.8540251,9.069736,-0.0002358028,0,0.5709795,1.178815,-0.9687213,0,-3.274121E-06,0,0.5688605,1.177814,-0.915255,20.26923,16.29009,5.338362,0.5492574,1.18673,-0.8736092,23.27868,-0.000237003,0,0.5324088,1.202338,-0.8529019,15.531,-0.0001752816,0,0.5608577,1.174838,-0.9694408,3.069245,14.87368,-2.900701,0.5456962,1.171575,-0.9205918,10.87415,1.638126,-3.532691,0.5292258,1.17627,-0.8802879,24.42839,-4.4089E-06,0,0.5172052,1.190241,-0.8588883,16.29934,-5.909333E-06,0,0.5522389,1.171459,-0.972393,7.703139,29.67841,-7.043752,0.5264305,1.167201,-0.9320836,10.6459,-13.40614,-16.90068,0.513166,1.172418,-0.8996419,20.51072,-3.872878E-05,0,0.506257,1.183193,-0.8814133,13.68197,-2.527266E-05,0,sign
2500,0.545225,0.927409,-1.172414,2.592236,1.631481,3.977295,0.5366854,1.286148,-1.212402,-3.172188,-0.05051668,4.060135,0.5387201,1.594372,-1.19172,3.894556,-1.636199,2.941978,0.4653655,0.925388,-1.166762,2.469024,-0.0690408,-2.616437,0.4793037,0.5001552,-1.12917,11.11919,-0.001805697,0.1186941,0.4830409,0.07439798,-1.173811,6.278448,-1.259824,-8.434589,0.6250845,0.92943,-1.178066,0.3071049,-0.7334459,-1.055362,0.6319504,0.5029323,-1.15609,6.642958,-0.01911757,-0.01978234,0.6367455,0.07573849,-1.18363,3.04073,0.104359,-7.474121,0.4687036,1.407685,-1.181818,-14.49854,-2.890221,3.465319,0.3379882,1.402433,-1.206226,-14.5545,26.70281,-70.0538,0.2998265,1.150839,-1.163391,81.52112,-0.0001087415,-83.87687,0.6075647,1.408108,-1.191666,-16.75667,3.024286,4.642833,0.731789,1.417623,-1.238439,0.01978234,24.57935,-77.6489,0.8080531,1.188344,-1.147853,91.53784,-0.0001169526,-97.07388,0.5369802,1.096913,-1.016444,11.56981,-2.149968,0.2176059,0.5680661,1.177049,-0.9961238,-25.55473,-50.78912,-12.28915,0.5417845,1.107076,-0.9836403,40.77063,-24.15094,86.37894,0.561231,1.134895,-0.9634346,6.815639,43.66608,-4.717544,0.5839528,1.135387,-0.9438792,3.283185,-2.118221E-05,0,0.5523185,1.103355,-0.990433,0,-14.88064,1.250075,0.5915111,1.108546,-0.9522782,69.47176,-21.73527,-17.67227,0.5972068,1.152842,-0.942734,15.2432,-1.259592E-05,0,0.5945406,1.180758,-0.9409893,10.16545,-7.858189E-06,0,0.5584202,1.099973,-0.9984542,0,-1.2351E-05,0,0.6047204,1.100631,-0.9716216,35.91658,16.65407,-2.689627,0.6466016,1.121703,-0.9718504,21.65836,2.569602E-05,0,0.6677614,1.143532,-0.9775113,14.44849,2.331749E-05,0,0.5634196,1.096465,-1.007481,3.069245,14.87364,-2.900768,0.6129045,1.095354,-0.9941862,26.71804,6.884613,-0.2579304,0.6534849,1.111814,-0.9941475,24.8046,2.966034E-05,0,0.6730698,1.131745,-0.9982498,16.55081,1.986576E-05,0,0.5657021,1.093418,-1.016421,7.703139,29.67833,-7.043752,0.6137186,1.091572,-1.016712,35.21036,1.322184,-9.906254,0.6433633,1.110131,-1.022405,19.36914,-0.0003330219,0,0.6570072,1.127386,-1.025899,12.9196,-0.0002268982,0,0.5925956,1.187932,-0.9741619,44.46407,-14.40018,82.11454,0.5906731,1.216075,-0.9465095,13.19524,29.34016,-6.553648,0.5849329,1.223393,-0.9180065,7.653297,5.735585E-06,0,0.5814064,1.183515,-0.9690392,0,-14.88067,1.250075,0.5922249,1.187952,-0.9153541,24.0136,29.62314,5.208083,0.5727717,1.197202,-0.8750842,13.57681,8.573962E-05,0,0.5578082,1.207718,-0.8537549,9.053538,5.342075E-05,0,0.5715463,1.17961,-0.9683028,0,-5.545432E-06,0,0.5692428,1.178849,-0.9148402,20.24499,16.26495,5.34786,0.5494943,1.187894,-0.8732912,23.32737,-0.0001221057,0,0.5325382,1.203565,-0.8527201,15.56357,-8.390258E-05,0,0.5614377,1.175604,-0.9690394,3.069245,14.87367,-2.900701,0.546114,1.172523,-0.9202291,10.82844,1.604655,-3.558645,0.5295221,1.177333,-0.8799887,24.59445,3.043839E-06,0,0.5174077,1.191426,-0.8587217,16.41034,-3.621462E-06,0,0.5528383,1.172189,-0.9720061,7.703165,29.67841,-7.04378,0.5269003,1.168046,-0.9317679,10.60964,-13.46803,-16.9668,0.513547,1.173363,-0.8993789,20.62543,-3.738296E-05,0,0.5065854,1.184234,-0.8812275,13.75856,-2.705575E-05,0,sign
2533,0.5456325,0.9274184,-1.172333,2.592161,1.63805,3.959036,0.5370755,1.286159,-1.212438,-3.128064,-0.04838974,4.049026,0.5390328,1.594418,-1.192198,3.674451,-1.579023,2.871399,0.4657716,0.925387,-1.166706,2.469658,-0.03455938,-2.633885,0.4794969,0.5001493,-1.129091,11.13286,0.003925633,0.1119058,0.4829717,0.07439762,-1.173806,6.295599,-1.205404,-8.434031,0.6254935,0.9294498,-1.17796,0.3032579,-0.7656344,-1.056473,0.6321666,0.5029485,-1.155993,6.653548,-0.01939931,0,0.6367803,0.0757584,-1.18362,3.041631,0.09205481,-7.486844,0.4690845,1.407718,-1.181961,-14.53591,-2.92645,3.458759,0.3383939,1.402364,-1.20648,-13.74546,25.91854,-70.03058,0.3013296,1.15071,-1.16304,81.36604,-9.596689E-05,-83.73509,0.6079476,1.408137,-1.191782,-16.6512,2.910163,4.61329,0.73228,1.417342,-1.238329,-0.220287,24.71534,-77.14306,0.8086564,1.187866,-1.148339,91.65491,-0.0001245943,-94.4855,0.5381709,1.097587,-1.015299,11.52412,-2.035317,0.2055842,0.5695619,1.177597,-0.9951351,-25.87073,-49.56259,-12.10563,0.5429447,1.107838,-0.9825184,40.73779,-24.16068,86.58334,0.5623751,1.135699,-0.9623541,7.111189,43.57353,-4.91486,0.5850999,1.136262,-0.942804,3.430567,1.483214E-05,0,0.5534852,1.1041,-0.9892914,0,-14.88064,1.249918,0.5926426,1.109396,-0.9511151,69.47818,-21.73049,-17.67619,0.5983266,1.15372,-0.9416907,15.23678,-6.744348E-06,0,0.595659,1.18164,-0.9400247,10.16117,-4.761898E-06,0,0.5595943,1.100696,-0.9972979,0,-1.070763E-05,0,0.60587,1.10143,-0.9704252,35.9374,16.60496,-2.415327,0.6477343,1.122536,-0.9706469,21.61015,2.962383E-05,0,0.6689143,1.144329,-0.9763684,14.41628,1.976818E-05,0,0.5646021,1.097165,-1.006311,3.069309,14.87363,-2.900768,0.614075,1.096093,-0.9929681,26.57002,6.893826,-0.5661368,0.6546944,1.112457,-0.9929034,25.39762,3.110711E-05,0,0.6741169,1.132537,-0.9970505,16.94722,1.146545E-05,0,0.566893,1.094094,-1.01524,7.703165,29.67834,-7.04378,0.6149098,1.092251,-1.015482,35.24028,1.316339,-9.789002,0.6445484,1.110812,-1.021199,19.17871,-0.0003887832,0,0.6582409,1.128018,-1.024743,12.79245,-0.0002662438,0,0.5935172,1.189701,-0.9731781,44.53197,-14.39973,82.01849,0.5904661,1.21846,-0.946271,13.08156,29.75963,-6.579361,0.5842551,1.226137,-0.917962,7.555774,-1.613078E-05,0,0.5823995,1.185088,-0.9680718,0,-14.88067,1.250075,0.5924665,1.191116,-0.9143956,24.00142,29.56061,4.881423,0.572337,1.200788,-0.8745595,13.49977,-0.0001088152,0,0.5569035,1.211391,-0.8536119,9.002131,-6.386864E-05,0,0.5726462,1.180922,-0.9673482,0,-2.823477E-06,0,0.5697476,1.181373,-0.913911,20.22124,16.23664,5.277338,0.5492973,1.190835,-0.8727965,23.39829,-0.0002273496,0,0.5316846,1.206535,-0.8528065,15.61092,-0.0001613713,0,0.5626646,1.176611,-0.9680973,3.069181,14.87368,-2.900701,0.5468714,1.174261,-0.9193962,10.63939,1.575447,-3.74073,0.5297462,1.179429,-0.8794244,25.28475,1.010569E-05,0,0.5170329,1.19389,-0.8587638,16.87175,1.188118E-05,0,0.5542004,1.172881,-0.9710737,7.703139,29.67841,-7.043752,0.5279272,1.16896,-0.9310312,10.21253,-13.47367,-17.19294,0.5141025,1.17444,-0.8988678,21.75045,2.503244E-05,0,0.5067481,1.18579,-0.8811706,14.51,1.536712E-05,0,sign
2567,0.5459988,0.9274275,-1.172099,2.589139,1.63814,3.943225,0.5374901,1.286171,-1.212225,-3.116276,-0.06283493,4.035947,0.5394536,1.594454,-1.19227,3.436555,-1.516171,2.757686,0.4661362,0.9253946,-1.166494,2.453038,-0.01010313,-2.64745,0.479667,0.5001389,-1.129013,11.12355,0.004181684,0.1083524,0.4829591,0.07439262,-1.173792,6.309629,-1.166815,-8.428884,0.6258613,0.9294603,-1.177704,0.3071049,-0.7892589,-1.049598,0.6323608,0.5029574,-1.155718,6.691375,-0.01981707,0,0.6367916,0.07578242,-1.183608,3.065927,0.07856306,-7.488914,0.4695247,1.407754,-1.181788,-14.59978,-3.002072,3.445772,0.3388738,1.402263,-1.206487,-11.62119,23.9087,-69.91164,0.3044052,1.150474,-1.161713,80.99963,-9.957977E-05,-83.43602,0.60839,1.408135,-1.19158,-16.48196,2.732662,4.530516,0.7328914,1.416867,-1.237764,-0.6049027,24.76722,-76.0258,0.80949,1.186592,-1.150033,91.76475,-0.0001238548,-86.45074,0.5404387,1.099219,-1.012031,11.34231,-1.692695,0.1678588,0.5728208,1.177486,-0.9930367,-26.53181,-45.94097,-11.41342,0.5451574,1.109615,-0.9792879,40.60816,-24.17309,86.95094,0.564601,1.137494,-0.959162,7.663983,42.95259,-5.23888,0.587337,1.138357,-0.939636,3.734549,-9.84258E-06,0,0.5557079,1.105838,-0.9860237,0,-14.88064,1.249918,0.594796,1.111276,-0.9477963,56.39081,-5.846126,-13.36095,0.6158543,1.150791,-0.9388067,8.716002,-1.412589E-06,0,0.6258689,1.176872,-0.9358159,5.811261,-2.793235E-07,0,0.5618298,1.102394,-0.9940029,0,-9.334339E-06,0,0.6080543,1.103213,-0.9670447,35.92216,16.46958,-2.631729,0.649914,1.124328,-0.9671809,21.56516,5.160549E-05,0,0.6711177,1.146112,-0.9728494,14.38623,3.476934E-05,0,0.5668522,1.098818,-1.00299,3.069245,14.87364,-2.900768,0.6162984,1.097767,-0.9895473,26.17146,6.936532,-0.2987072,0.657039,1.113826,-0.9894003,27.2776,1.351117E-05,0,0.675966,1.134301,-0.9938936,18.20425,-8.641687E-07,0,0.5691578,1.095704,-1.011901,7.703139,29.67834,-7.043752,0.6171736,1.093823,-1.012042,35.41637,1.323778,-9.555264,0.646778,1.112422,-1.017811,18.50926,0.0001108268,0,0.6606353,1.129475,-1.021455,12.34547,7.347066E-05,0,0.5947231,1.193325,-0.9713141,44.78364,-14.38993,81.50509,0.5879618,1.223543,-0.9467872,12.47297,31.3164,-6.558584,0.5803394,1.232023,-0.9190583,7.089611,-3.3019E-05,0,0.583909,1.18803,-0.9662184,0,-14.88068,1.249918,0.5914125,1.198694,-0.9128444,23.90637,29.39621,4.143213,0.5691593,1.209158,-0.8743612,13.68607,-8.55902E-05,0,0.5521406,1.219797,-0.854699,9.126429,-6.062061E-05,0,0.5745696,1.183005,-0.9654839,0,-1.003881E-05,0,0.5697048,1.18687,-0.9123281,20.09394,16.12971,4.479646,0.5470883,1.197112,-0.8725573,24.03322,-0.000133869,0,0.5274677,1.212696,-0.8544342,16.03526,-8.346417E-05,0,0.56507,1.177713,-0.9662139,3.069245,14.87367,-2.900701,0.5478104,1.177229,-0.9179582,10.02489,1.521209,-4.207892,0.5290418,1.183085,-0.878828,27.67557,1.915727E-05,0,0.5143431,1.19837,-0.8601748,18.47039,1.021572E-05,0,0.5571064,1.17299,-0.9691617,7.703191,29.67841,-7.04378,0.5298813,1.16934,-0.9297342,9.318378,-13.48631,-17.78725,0.5145991,1.17519,-0.8983037,24.52059,3.528807E-05,0,0.5058445,1.187621,-0.8820275,16.36098,2.356701E-05,0,sign
2600,0.5463549,0.9274418,-1.171889,2.582629,1.639769,3.901739,0.5379202,1.286191,-1.212003,-3.112252,-0.08252683,4.000957,0.5399189,1.594496,-1.192314,3.173915,-1.456509,2.618606,0.4664885,0.9254033,-1.166342,2.449285,0.01497959,-2.670198,0.4798299,0.5001361,-1.128922,11.1292,0.005335534,0.1027921,0.4829487,0.0743998,-1.173809,6.327782,-1.1345,-8.404876,0.6262214,0.9294803,-1.177436,0.315279,-0.8129212,-1.019908,0.6325588,0.5029756,-1.155435,6.728406,-0.02034547,0,0.6368206,0.07581601,-1.183586,3.08794,0.0614626,-7.493917,0.4699826,1.407802,-1.181615,-14.67499,-3.099972,3.417358,0.339388,1.40214,-1.206572,-8.531221,20.98502,-69.5545,0.3085191,1.150207,-1.16002,80.42269,-0.0001075991,-82.87082,0.6088538,1.40813,-1.191325,-16.29717,2.490758,4.336076,0.7335584,1.416229,-1.237074,-1.405974,24.94583,-73.83178,0.8112996,1.184489,-1.15435,92.0553,-0.0001193882,-72.57542,0.5429006,1.101341,-1.006981,11.10048,-1.103121,0.1083524,0.5798879,1.177009,-0.9896207,-23.82109,-40.00164,-8.780446,0.5475416,1.111959,-0.9742984,40.49615,-24.1346,86.91447,0.5670601,1.139869,-0.9542868,7.597914,42.30911,-5.130799,0.5897365,1.141079,-0.9347101,3.740992,-1.532361E-05,0,0.5581025,1.108098,-0.98097,0,-14.88065,1.250075,0.5970773,1.113685,-0.9426484,57.73572,5.905463,-13.68144,0.6240905,1.150458,-0.9407151,6.016889,-2.090331E-05,0,0.6387281,1.174435,-0.9412401,4.011466,-1.127226E-05,0,0.5642403,1.104576,-0.9889029,0,-1.783177E-05,0,0.6103745,1.105438,-0.9617918,35.79218,16.0512,-2.474646,0.6522606,1.126501,-0.9615933,21.84399,4.864244E-05,0,0.6734495,1.148308,-0.9672266,14.5725,3.681676E-05,0,0.5692815,1.100918,-0.9978464,3.069245,14.87363,-2.900701,0.6186776,1.099802,-0.9842257,26.42616,6.724863,0.9009206,0.6593829,1.115949,-0.9839749,28.02036,-3.347048E-06,0,0.6780612,1.136555,-0.9888884,18.70102,-2.017023E-06,0,0.5716072,1.097732,-1.006726,7.703139,29.67833,-7.043752,0.6196166,1.095691,-1.006688,35.66364,1.281306,-9.502206,0.6492196,1.114281,-1.012495,17.41275,-0.0003010858,0,0.6633974,1.131049,-1.016226,11.61349,-0.0002114905,0,0.5972971,1.199119,-0.9693589,44.87252,-14.65347,81.45703,0.5842043,1.231117,-0.9502509,13.46643,32.99747,-7.42999,0.5732153,1.241301,-0.9242808,7.509977,-4.207064E-05,0,0.5870367,1.192918,-0.9641419,0,-14.88067,1.249918,0.5884858,1.212137,-0.9126897,23.73569,29.1628,3.804262,0.5620343,1.224299,-0.8775033,13.85732,3.781264E-05,0,0.5421433,1.234851,-0.8606977,9.240694,2.844802E-05,0,0.5785408,1.1866,-0.9631842,0,-5.642944E-06,0,0.5688573,1.197141,-0.9116163,19.83232,15.91831,3.395287,0.5420164,1.209118,-0.8750887,25.44164,-8.273104E-05,0,0.5189177,1.224265,-0.861186,16.97665,-5.032121E-05,0,0.5700464,1.179787,-0.9636396,3.069181,14.87367,-2.900701,0.5492108,1.183374,-0.9169518,9.257777,1.373,-4.780941,0.5270221,1.191236,-0.8800253,31.48227,3.516334E-05,0,0.5087233,1.207475,-0.8659154,21.01769,3.892169E-05,0,0.5631582,1.173463,-0.9662817,7.703139,29.67841,-7.04378,0.5337017,1.171086,-0.9283906,8.535548,-13.72678,-18.72696,0.5155113,1.178492,-0.8988965,27.6289,2.008101E-05,0,0.5040301,1.19232,-0.8857409,18.43919,1.507194E-05,0,sign
2633,0.5474111,0.9274459,-1.171066,2.574735,1.643261,3.812232,0.539068,1.286204,-1.211241,-3.080323,-0.0990976,3.919765,0.5410911,1.594538,-1.191942,2.938383,-1.403897,2.473697,0.4675364,0.925396,-1.165644,2.41897,0.08633699,-2.711517,0.48033,0.5000905,-1.12847,11.15434,0.006585619,0.09065409,0.4829466,0.07439733,-1.173796,6.396171,-1.052481,-8.353741,0.6272858,0.9294958,-1.176489,0.2804634,-0.8848571,-0.9679322,0.6330925,0.5029685,-1.154783,6.774305,-0.02132907,0,0.6368331,0.07584661,-1.183571,3.161679,-0.002997845,-7.519274,0.4711325,1.407857,-1.181016,-14.7321,-3.195573,3.35853,0.3406072,1.402014,-1.206292,-5.586863,18.22307,-69.14583,0.3132271,1.150025,-1.157897,79.68159,-0.0001001671,-82.11958,0.6100172,1.408129,-1.190531,-16.18971,2.188368,3.99091,0.7349002,1.415444,-1.235925,-1.682723,24.50449,-70.1882,0.8146548,1.181906,-1.160496,92.79786,-0.0001087894,-53.1684,0.5456095,1.102716,-1.00136,10.81958,-0.823236,0.07912937,0.5927092,1.178736,-0.9830888,-17.77533,-32.70287,-5.25367,0.5500196,1.113607,-0.968735,40.38893,-24.01403,86.74906,0.5696391,1.141512,-0.9488169,7.17466,41.51,-4.768962,0.5921061,1.143125,-0.9290288,3.577741,-3.828352E-05,0,0.5606148,1.109609,-0.9752706,0,-14.88065,1.249918,0.5992677,1.115282,-0.9366367,51.48283,20.82191,-9.585234,0.6351807,1.143404,-0.9388912,15.27316,8.319644E-06,0,0.6527645,1.164486,-0.9448746,10.18545,1.200428E-05,0,0.5668014,1.10597,-0.9831121,0,-1.786333E-05,0,0.6126847,1.106762,-0.9555764,35.62929,15.32644,-1.861725,0.6546115,1.127723,-0.9546123,22.32056,4.757354E-05,0,0.6758183,1.149544,-0.9601247,14.89085,3.457989E-05,0,0.5719,1.102193,-0.9919733,3.069309,14.87363,-2.900566,0.6211572,1.100858,-0.9778776,27.13168,6.390627,1.594709,0.6617533,1.117272,-0.9773594,27.52069,1.152923E-06,0,0.680557,1.137746,-0.9823456,18.36683,7.982406E-07,0,0.5742862,1.098908,-1.000801,7.703191,29.67833,-7.043752,0.6222774,1.09653,-1.000291,35.63214,1.237053,-9.439589,0.6520758,1.114848,-1.005961,16.81391,-0.000308976,0,0.6665904,1.131323,-1.009703,11.21375,-0.000212525,0,0.6024067,1.208125,-0.9674448,44.39936,-14.84856,82.11969,0.5807005,1.239363,-0.9567963,15.03837,33.4654,-8.427159,0.5649093,1.25125,-0.9342517,8.335621,-4.86157E-05,0,0.5932385,1.20088,-0.9615782,0,-14.88068,1.250075,0.5845661,1.230249,-0.91596,22.97099,28.91554,4.305934,0.5526603,1.242866,-0.8858184,16.33489,-5.13537E-05,0,0.528809,1.251792,-0.8739495,10.89403,-3.887412E-05,0,0.5862893,1.193055,-0.9597127,0,-1.211676E-05,0,0.5687284,1.211552,-0.9126638,19.07174,15.64996,3.07848,0.536373,1.224103,-0.8811402,30.27447,3.695541E-05,0,0.5087517,1.236411,-0.8746713,20.20923,2.134984E-05,0,0.5796112,1.184463,-0.9591049,3.069181,14.87367,-2.900768,0.553331,1.192668,-0.9158756,8.741096,1.25682,-4.50537,0.526183,1.202422,-0.8829275,38.36153,2.402106E-05,0,0.5030146,1.21746,-0.8770357,25.62793,1.571314E-05,0,0.5746298,1.176262,-0.9606348,7.703165,29.6784,-7.043752,0.5423098,1.174898,-0.9251015,8.030573,-13.52207,-18.89805,0.5197881,1.183473,-0.8991231,32.89207,1.877827E-05,0,0.5042382,1.197619,-0.8917621,21.96173,1.489705E-05,0,sign
2667,0.5482848,0.9274504,-1.170487,2.571844,1.642783,3.664526,0.5400757,1.286218,-1.210868,-3.000353,-0.1117143,3.801997,0.5421132,1.594589,-1.192145,2.779322,-1.359995,2.312407,0.4683966,0.9253913,-1.16527,2.413705,0.1449866,-2.775798,0.4807016,0.5000687,-1.128127,11.19737,0.00813909,0.08156469,0.4829086,0.07441187,-1.173814,6.455916,-0.9632477,-8.265315,0.6281729,0.9295096,-1.175703,0.25101,-0.9431397,-0.9035233,0.6335225,0.5029651,-1.154219,6.816444,-0.02171355,0,0.6368626,0.07587653,-1.183547,3.222214,-0.0626758,-7.591583,0.4721187,1.407935,-1.180952,-14.74123,-3.282472,3.268304,0.3416582,1.401899,-1.206515,-4.061582,16.7767,-68.63811,0.3160074,1.149878,-1.157342,78.79307,-9.426587E-05,-81.15302,0.6110228,1.408147,-1.190185,-16.18281,1.795839,3.541935,0.7360341,1.414448,-1.235377,-1.606325,23.87616,-65.15961,0.8187505,1.179323,-1.168556,94.64957,-0.0001081199,-33.11625,0.5458081,1.101133,-0.9974707,10.68478,-1.110393,0.1008706,0.610461,1.186222,-0.9753956,-8.58968,-26.56451,-2.031147,0.5497854,1.112297,-0.964882,40.4056,-23.87959,86.69899,0.5694948,1.140136,-0.9449601,6.853118,40.91732,-4.500803,0.5916035,1.141968,-0.9247912,3.449009,-1.308453E-05,0,0.5604395,1.10809,-0.971186,0,-14.88065,1.249762,0.5984723,1.113633,-0.9319232,48.35755,26.22066,-8.922952,0.6374255,1.137286,-0.9348995,19.40577,3.147901E-05,0,0.6559713,1.156944,-0.9425833,12.94404,2.317825E-05,0,0.5667142,1.104287,-0.9788785,0,-1.770358E-05,0,0.6121063,1.10474,-0.9505329,35.47414,14.84994,-1.481209,0.6542292,1.125238,-0.9486344,23.20428,2.094954E-05,0,0.6755133,1.147009,-0.9540464,15.48132,6.61505E-06,0,0.5719175,1.100351,-0.9876086,3.069245,14.87362,-2.900633,0.6208929,1.098493,-0.9726183,27.64813,6.098545,1.472065,0.6615288,1.114776,-0.9714852,27.50247,2.484223E-05,0,0.6804995,1.135139,-0.9762944,18.35462,1.91365E-05,0,0.5744153,1.096943,-0.9963587,7.703165,29.67833,-7.043752,0.6223526,1.093922,-0.9949639,35.27488,1.237729,-9.316375,0.6526115,1.111594,-1.00023,16.95315,7.993096E-06,0,0.6674773,1.127777,-1.003865,11.30669,1.515278E-06,0,0.6108282,1.219941,-0.9673095,43.54974,-14.86828,83.22871,0.5812162,1.246033,-0.9656708,16.78431,32.67963,-9.249771,0.5604016,1.257854,-0.9476172,9.380708,-1.848125E-05,0,0.6030613,1.212112,-0.9602855,0,-14.88067,1.250075,0.5821993,1.247968,-0.9242591,21.88669,28.68999,5.776179,0.5453073,1.258634,-0.8995432,21.60503,9.176991E-06,0,0.5181748,1.262873,-0.8936031,14.41286,-5.140234E-06,0,0.5980452,1.20339,-0.9568539,0,-1.075236E-05,0,0.5710891,1.227059,-0.9171391,19.75193,15.32374,3.103244,0.5329257,1.237904,-0.8921572,35.85292,-8.413129E-05,0,0.5025187,1.243258,-0.8938937,23.94564,-6.924256E-05,0,0.5936242,1.193729,-0.9544251,3.069181,14.87367,-2.900701,0.5612175,1.204571,-0.9162284,11.42694,1.354393,-3.549941,0.5275786,1.214514,-0.890012,42.9833,-8.629074E-06,0,0.5009971,1.223563,-0.8930396,28.7311,-1.636586E-05,0,0.5909956,1.184381,-0.9540678,7.703139,29.67841,-7.04378,0.5560014,1.182875,-0.9211709,9.93173,-13.09075,-17.81455,0.5284491,1.191059,-0.9004459,36.05634,-8.164811E-07,0,0.5091248,1.20211,-0.8997126,24.082,-8.59938E-06,0,sign
2700,0.5488383,0.9274572,-1.170112,2.574354,1.631017,3.483746,0.5408048,1.286232,-1.210813,-2.885544,-0.1165542,3.688545,0.5428118,1.594648,-1.192799,2.678323,-1.308533,2.094898,0.4689339,0.9254029,-1.165149,2.41986,0.1712887,-2.851011,0.4809015,0.5000774,-1.127928,11.23598,0.009350047,0.07401875,0.4828868,0.07444385,-1.173843,6.496911,-0.887594,-8.153023,0.6287426,0.9295115,-1.175076,0.2332305,-0.9715165,-0.8444148,0.633778,0.5029571,-1.153715,6.866328,-0.02249822,0,0.6368894,0.0759013,-1.183541,3.272016,-0.1097726,-7.701687,0.4728118,1.408021,-1.181275,-14.71492,-3.380808,3.164897,0.3424018,1.401727,-1.207033,-4.236373,16.9167,-68.08731,0.3163631,1.149645,-1.158379,77.67171,-0.0001011811,-79.75364,0.6117339,1.40819,-1.190234,-16.21734,1.284353,3.062349,0.7368357,1.413195,-1.235338,-1.614831,23.68464,-59.87784,0.822744,1.17702,-1.176756,97.52991,-0.0001108261,-15.47949,0.5429203,1.095548,-0.9956258,10.46977,-1.941773,0.1769387,0.6293409,1.198712,-0.9697106,2.522976,-21.80333,0.4857778,0.546384,1.106947,-0.96306,40.53586,-23.67626,86.97771,0.5664461,1.134473,-0.9430555,6.488636,40.5932,-4.232488,0.5879938,1.136128,-0.9222733,3.281873,-4.173595E-05,0,0.5570705,1.102372,-0.9690444,0,-14.88066,1.250075,0.5942338,1.10726,-0.9288725,47.66051,26.38188,-9.502453,0.6341282,1.129407,-0.9307859,21.10481,-5.482081E-05,0,0.6530336,1.148746,-0.9384015,14.07875,-4.408678E-05,0,0.5634277,1.098309,-0.9765338,0,-2.031559E-05,0,0.6080774,1.097782,-0.9470338,35.34906,14.67762,-1.33896,0.6506977,1.117094,-0.9440859,24.95688,8.20255E-06,0,0.6721311,1.138696,-0.9495862,16.65259,1.036761E-05,0,0.568737,1.094133,-0.9850866,3.069181,14.87363,-2.900701,0.6172413,1.09105,-0.968821,27.96725,5.85028,1.249135,0.6581769,1.106466,-0.9667333,28.97645,-2.105541E-05,0,0.6771902,1.126804,-0.9714738,19.34063,-1.876027E-05,0,0.5713583,1.090561,-0.9937345,7.703165,29.67833,-7.043808,0.6191384,1.086197,-0.9910743,34.66635,1.325542,-8.976078,0.6501982,1.102616,-0.9956937,17.90757,-0.0001964615,0,0.6655113,1.118417,-0.9991488,11.9438,-0.0001375411,0,0.6203313,1.232197,-0.9694655,42.71753,-14.51438,83.59299,0.5850717,1.249151,-0.9749135,16.75287,31.83184,-9.021361,0.5600455,1.258342,-0.9611969,9.453011,4.182788E-06,0,0.6140063,1.224163,-0.9613168,0,-14.88068,1.249762,0.5808137,1.259622,-0.9356315,22.24068,28.25561,6.07809,0.539684,1.264969,-0.9165157,24.95445,1.762103E-05,0,0.5117836,1.262084,-0.9148811,16.65095,1.922068E-05,0,0.6109653,1.215299,-0.956298,0,-1.682693E-05,0,0.5745316,1.238394,-0.9246222,23.82161,14.80424,2.439516,0.530942,1.242835,-0.9079383,37.00739,-4.564095E-05,0,0.5011789,1.238581,-0.9151723,24.71967,-3.384041E-05,0,0.6088476,1.205507,-0.9520065,3.069309,14.87367,-2.900701,0.570555,1.214751,-0.9192196,17.23662,1.325149,-3.318653,0.5306651,1.21966,-0.9018294,41.89513,1.873384E-05,0,0.5038024,1.219799,-0.9105476,28,5.854266E-06,0,0.6086146,1.196072,-0.9496952,7.703139,29.6784,-7.043725,0.5715348,1.191917,-0.9194151,13.79263,-12.85705,-16.70922,0.5395365,1.196112,-0.9047812,36.27105,1.329156E-05,0,0.5182969,1.201166,-0.9091892,24.22594,-3.369953E-06,0,sign
2733,0.5493746,0.9274858,-1.169525,2.600905,1.624614,3.290512,0.5415008,1.286249,-1.210672,-2.75513,-0.1202747,3.605869,0.5434565,1.594711,-1.193417,2.613668,-1.237134,1.802874,0.469454,0.9254299,-1.16483,2.368851,0.1993835,-2.93485,0.4810826,0.5000802,-1.127779,11.2364,0.01052205,0.05934703,0.4828805,0.07446656,-1.173885,6.530447,-0.8179048,-8.038832,0.6292952,0.9295416,-1.17422,0.1845175,-1.003515,-0.7848442,0.6340166,0.5029748,-1.153033,6.932398,-0.02315797,0,0.6369064,0.07596487,-1.18353,3.340468,-0.1654218,-7.823707,0.4734823,1.408115,-1.18151,-14.67931,-3.450535,3.054219,0.3431017,1.401614,-1.207366,-4.847473,17.44922,-67.5098,0.3160031,1.149462,-1.159667,76.0713,-9.167928E-05,-77.75493,0.6124169,1.408244,-1.190269,-16.25865,0.835984,2.627784,0.7375675,1.412095,-1.235351,-2.025744,24.22304,-55.7618,0.8268926,1.175632,-1.183418,100.2301,-8.905058E-05,-4.642748,0.538412,1.086847,-0.9942676,8.97448,-4.066206,0.3183671,0.6454573,1.209613,-0.9673867,12.45118,-16.32707,1.792969,0.5407691,1.09837,-0.9616466,40.75918,-23.44688,87.76833,0.561326,1.125024,-0.9409743,6.662296,40.20036,-4.311616,0.5817744,1.125972,-0.9190677,3.389343,-2.756363E-05,0,0.5514868,1.093149,-0.9670154,0,-14.88066,1.249918,0.5866756,1.096386,-0.9249433,47.75152,25.54505,-10.34005,0.6275383,1.116776,-0.9245098,22.87974,-0.000130294,0,0.6470922,1.135717,-0.9314609,15.26446,-9.642951E-05,0,0.557997,1.088665,-0.9741231,0,-2.581337E-05,0,0.6009155,1.085972,-0.942266,35.34775,14.56116,-1.298298,0.644301,1.102975,-0.9370989,27.82185,1.946393E-06,0,0.6661894,1.124157,-0.9424368,18.56824,-8.349179E-06,0,0.5635124,1.084114,-0.9823479,3.069309,14.87362,-2.900701,0.6108354,1.07852,-0.9634804,28.65281,5.619621,1.148929,0.6522363,1.09219,-0.95938,31.33743,-2.205014E-05,0,0.6715411,1.112325,-0.9638011,20.92072,-1.694337E-05,0,0.5663866,1.080314,-0.9908165,7.703165,29.67833,-7.04378,0.6136398,1.073342,-0.9855639,33.9215,1.455533,-8.394402,0.6459625,1.087548,-0.988574,19.66616,-3.214036E-05,0,0.662026,1.10271,-0.9914328,13.11795,-2.390494E-05,0,0.6291112,1.239993,-0.9708953,41.94199,-14.13334,83.89093,0.5913113,1.247812,-0.979286,16.56079,29.8503,-8.419256,0.5636778,1.251853,-0.9683776,9.544684,-8.822814E-06,0,0.6241789,1.231412,-0.9623514,0,-14.8807,1.249918,0.5820029,1.260196,-0.9420655,24.26623,27.35949,5.124991,0.5388957,1.257199,-0.9272851,26.2722,-4.03983E-05,0,0.5125063,1.247612,-0.9283475,17.53193,-4.044425E-05,0,0.6228573,1.222531,-0.956661,0,-3.117402E-05,0,0.5798849,1.239075,-0.929388,28.98314,13.84978,1.297846,0.5344163,1.23341,-0.9194548,34.57774,-6.441696E-05,0,0.5074979,1.221698,-0.9291753,23.091,-4.410043E-05,0,0.6226964,1.212905,-0.9515533,3.069181,14.87366,-2.900701,0.5809703,1.215685,-0.921923,22.85803,0.8135204,-3.461192,0.5386947,1.211544,-0.9112765,38.38786,-2.554888E-05,0,0.5136521,1.204627,-0.9223515,25.64558,-7.221163E-06,0,0.624433,1.203898,-0.9483476,7.703165,29.6784,-7.04378,0.5871037,1.193767,-0.9198353,18.15293,-13.12396,-15.61522,0.5531923,1.191182,-0.9098871,33.70285,-9.742584E-06,0,0.5319372,1.190516,-0.9165113,22.50483,-5.743875E-06,0,sign
2767,0.5495051,0.9274987,-1.168783,2.620847,1.630496,3.118285,0.541662,1.286253,-1.210366,-2.619503,-0.09748743,3.543814,0.5434418,1.594757,-1.193859,2.59201,-1.181255,1.465002,0.4695713,0.9254249,-1.164327,2.315621,0.2144338,-3.015322,0.4810575,0.5000503,-1.127518,11.22126,0.02435962,0.05934703,0.4827551,0.07445079,-1.173758,6.550326,-0.7546065,-7.939217,0.6294389,0.9295725,-1.173239,0.14537,-1.021746,-0.719005,0.634047,0.5029966,-1.152213,7.01445,-0.02230451,0.02797646,0.6368989,0.07604241,-1.183485,3.420393,-0.1968987,-7.919387,0.4735693,1.408164,-1.181568,-14.66684,-3.620227,2.928038,0.3432372,1.401162,-1.207536,-5.489694,18.07202,-66.84601,0.3153076,1.148946,-1.16066,74.06702,-0.0001141502,-74.93176,0.6125135,1.408321,-1.190174,-16.35161,0.6664616,2.283362,0.7376432,1.411724,-1.23535,-3.210589,25.48037,-53.37573,0.8311118,1.175638,-1.189333,101.1627,-8.319804E-05,-1.530207,0.5324928,1.076355,-0.9924206,6.419549,-5.238162,0.2934199,0.6574255,1.210313,-0.9671305,18.92514,-9.707192,1.621603,0.5343674,1.087791,-0.9597375,41.08889,-23.19429,89.75134,0.5562961,1.112784,-0.9384105,9.063689,39.11853,-5.747366,0.5762025,1.112494,-0.9159921,4.680484,-5.204767E-05,0,0.5448242,1.081638,-0.9646108,0,-14.88063,1.249762,0.5782323,1.08203,-0.9209927,47.97822,24.87675,-11.34601,0.6204397,1.099298,-0.9185391,24.34669,-0.0001947925,0,0.6411967,1.117157,-0.9248348,16.24475,-0.0001379479,0,0.5512353,1.076574,-0.9714121,0,-3.500413E-06,0,0.592283,1.07034,-0.937643,36.26588,14.45102,-1.579172,0.63657,1.084176,-0.9309082,29.42842,2.373465E-05,0,0.6596223,1.104144,-0.9360212,19.64302,1.909121E-05,0,0.556701,1.071523,-0.9793746,3.069245,14.87364,-2.900701,0.6024659,1.061956,-0.9583796,30.29224,5.428903,0.9024397,0.6444345,1.073175,-0.9528577,32.38802,2.090365E-05,0,0.6647162,1.092402,-0.9569348,21.62417,1.307926E-05,0,0.559614,1.067448,-0.9877008,7.703139,29.67834,-7.043752,0.6058027,1.056447,-0.9803085,33.31126,1.550113,-7.603233,0.6394569,1.067437,-0.9818074,21.27673,-5.41904E-05,0,0.6566423,1.081418,-0.9841136,14.19354,-4.03443E-05,0,0.6364601,1.237832,-0.9695066,41.5993,-13.79364,83.4798,0.5979661,1.239826,-0.9781442,16.2806,29.68833,-8.230654,0.5698992,1.238708,-0.9676598,9.399776,-8.503867E-06,0,0.6328321,1.228124,-0.9615353,0,-14.88073,1.249918,0.5862367,1.24865,-0.940887,27.17185,26.68975,3.27375,0.543542,1.237276,-0.929334,23.88576,-9.334959E-05,0,0.5189106,1.224,-0.9318765,15.93669,-8.155715E-05,0,0.6328633,1.218851,-0.9563373,0,-4.770275E-05,0,0.5873367,1.226808,-0.9293532,32.44201,13.46839,0.09691329,0.5430857,1.212477,-0.9234698,31.32755,0.000143034,0,0.5185001,1.197395,-0.9346218,20.91412,9.500491E-05,0,0.6341698,1.209061,-0.9517295,3.069309,14.87364,-2.900768,0.5920507,1.203524,-0.9230577,26.25337,0.7634128,-4.092803,0.5505507,1.191355,-0.9161732,34.5478,-9.41626E-06,0,0.5270043,1.181233,-0.9280364,23.07093,-1.008416E-06,0,0.6372806,1.200288,-0.9489414,7.703139,29.67839,-7.04378,0.6015987,1.18279,-0.9219289,21.14694,-13.19352,-15.4264,0.5680415,1.173976,-0.9147269,30.23549,8.593518E-06,0,0.5472437,1.170101,-0.9216935,20.18314,4.154399E-06,0,sign
2800,0.5493491,0.9274721,-1.168008,2.640194,1.630997,2.969398,0.5414346,1.286217,-1.210029,-2.481597,-0.03413407,3.484813,0.5428636,1.59476,-1.194248,2.609921,-1.169452,1.123265,0.4694043,0.9253893,-1.163759,2.290722,0.2051016,-3.09674,0.4809092,0.5000112,-1.126997,11.29601,0.01013507,0.05233916,0.482767,0.07448032,-1.173858,6.624689,-0.7272196,-7.852905,0.6292939,0.9295549,-1.172257,0.1046783,-1.014906,-0.635814,0.6339378,0.5029711,-1.151399,7.098598,-0.02253179,0.02797646,0.636856,0.07607654,-1.183469,3.507494,-0.2104804,-7.975136,0.473182,1.408124,-1.181598,-14.68919,-3.739592,2.78748,0.3429128,1.400648,-1.207749,-5.835596,18.42345,-66.01512,0.3142811,1.148359,-1.161691,71.87833,-6.930967E-05,-71.54116,0.6121352,1.408408,-1.190056,-16.51796,0.8384368,2.025357,0.7371735,1.41225,-1.235449,-4.746068,26.7325,-52.23661,0.8346629,1.176729,-1.195244,99.67841,-8.406554E-05,-2.967419,0.5250762,1.065347,-0.990175,2.890289,-6.278851,0.1582588,0.6672732,1.198797,-0.9666902,21.63401,-4.633098,0.8855863,0.526443,1.076638,-0.9574167,41.70313,-22.49608,92.74593,0.550096,1.099378,-0.9354215,13.01496,37.83256,-8.069202,0.569585,1.097244,-0.9127376,6.831476,-2.129441E-05,0,0.5364279,1.069393,-0.9617475,0,-14.88063,1.249918,0.5673624,1.066396,-0.9164389,48.09683,24.40488,-12.03313,0.6108625,1.079432,-0.9115939,25.62636,4.957524E-05,0,0.6332259,1.095562,-0.9169908,17.10014,3.145393E-05,0,0.5426118,1.063652,-0.9682134,0,-6.939936E-06,0,0.5809437,1.053221,-0.932353,37.85869,14.32235,-1.915915,0.6259497,1.06335,-0.9239884,30.06059,6.699462E-06,0,0.6506056,1.081448,-0.928552,20.06609,8.980248E-06,0,0.5479192,1.058021,-0.9758884,3.069245,14.87363,-2.900701,0.591249,1.043728,-0.952544,32.30834,5.146974,0.5964329,0.6336642,1.051898,-0.9453374,32.47806,1.372351E-05,0,0.655423,1.069589,-0.9486815,21.68446,1.045929E-05,0,0.5508144,1.05363,-0.9840585,7.703139,29.67833,-7.043725,0.5951241,1.037816,-0.9742786,32.63116,1.576242,-6.599301,0.6298674,1.044772,-0.9738728,23.22034,-1.80855E-05,0,0.6482713,1.057216,-0.9754631,15.49203,-1.917634E-05,0,0.6440907,1.22456,-0.9655377,41.32489,-13.63132,82.44146,0.6053401,1.224278,-0.9731982,15.78927,30.25524,-8.108594,0.5778118,1.219597,-0.9622802,9.064903,-1.620812E-05,0,0.6414417,1.213719,-0.9587256,0,-14.88071,1.249762,0.593798,1.227735,-0.9352216,28.66743,26.74033,1.734042,0.5524176,1.211041,-0.9254926,22.66253,4.28464E-05,0,0.5288447,1.196262,-0.929408,15.11934,3.635707E-05,0,0.6423422,1.203937,-0.9546608,0,-3.480735E-05,0,0.5969262,1.204864,-0.9263647,33.80476,13.93903,-1.141239,0.5543389,1.185626,-0.9225748,29.92229,5.513696E-05,0,0.5307872,1.169979,-0.9350951,19.97353,3.147765E-05,0,0.6445423,1.19382,-0.951259,3.069245,14.87365,-2.900701,0.6036571,1.181479,-0.9229242,27.52821,1.411331,-5.224948,0.5635861,1.164545,-0.9178984,33.04836,1.48217E-05,0,0.540626,1.153929,-0.9304588,22.06643,5.402773E-06,0,0.6484176,1.185071,-0.949566,7.703139,29.6784,-7.04378,0.6148833,1.161624,-0.9243723,22.76765,-12.63882,-16.33136,0.5822929,1.148875,-0.918808,28.08028,-1.539008E-05,0,0.5616868,1.143935,-0.92567,18.7411,-1.975981E-05,0,end
2833,0.6075118,0.9273757,-1.400159,-2.218585,0.3216654,-4.878573,0.600349,1.287282,-1.402491,-10.83562,3.520077,-4.304751,0.5844714,1.591774,-1.354729,-11.08072,-2.637832,-4.765469,0.5277185,0.9271917,-1.406982,4.841569,-1.24516,0.1412742,0.53629,0.5006372,-1.38678,5.904418,0.4856377,0.03956468,0.5444666,0.07328412,-1.41083,3.303576,-0.894731,-9.674164,0.6873052,0.9275597,-1.393336,4.741608,-0.746963,-0.05233916,0.6811443,0.5008733,-1.375138,5.693299,-0.4930484,-0.03956468,0.6756039,0.07349694,-1.399523,3.188561,-1.106857,-0.3256589,0.5221018,1.401007,-1.366823,20.48145,-27.09385,10.98842,0.412254,1.328522,-1.34709,-24.69641,82.56586,-45.83755,0.3497964,1.141058,-1.181118,52.22699,-0.0001147951,-95.75539,0.6606578,1.407413,-1.354958,12.3656,-25.1575,8.877015,0.7793059,1.352417,-1.330303,4.404733,59.13433,-44.08716,0.8367138,1.16799,-1.159184,68.1592,-9.270994E-05,-21.36435,0.5011599,1.046981,-0.9598002,7.856928,3.537506,-0.2422834,0.6590996,1.170571,-0.9373966,18.91565,-0.8794425,0.1480375,0.5019168,1.058481,-0.9270948,42.44807,-21.20308,94.29802,0.5273806,1.078683,-0.9046488,14.38853,37.14161,-8.804977,0.5458642,1.074783,-0.8813661,7.618163,6.915818E-06,0,0.5112492,1.0501,-0.930786,0,-14.88062,1.249918,0.5389994,1.044243,-0.8837284,47.81896,24.05709,-12.36137,0.5832733,1.052465,-0.876119,26.8164,4.434887E-05,0,0.6073018,1.066367,-0.8804526,17.89582,2.139506E-05,0,0.5171041,1.043614,-0.9368408,0,-1.089932E-06,0,0.551892,1.029412,-0.8987328,39.54607,14.06671,-2.413462,0.597221,1.035678,-0.8885278,30.32938,7.212374E-05,0,0.6234956,1.051532,-0.8923443,20.24597,5.729834E-05,0,0.5221711,1.03732,-0.9441545,3.069245,14.87364,-2.900701,0.5621967,1.018552,-0.9182228,33.9323,4.751264,0.3571801,0.6047404,1.023216,-0.9089485,32.93784,3.742969E-05,0,0.6279566,1.039093,-0.9115115,21.99238,2.671312E-05,0,0.5250142,1.032523,-0.9521117,7.703165,29.67834,-7.043752,0.5666166,1.011953,-0.9396536,31.89504,1.446473,-5.70427,0.6018589,1.014557,-0.9370379,25.59391,4.630133E-05,0,0.621319,1.025361,-0.9378541,17.07844,3.740219E-05,0,0.6350396,1.195117,-0.9328026,41.00204,-13.67397,81.83251,0.5961186,1.194304,-0.9395003,16.08091,31.0171,-8.449291,0.5692683,1.18718,-0.92822,9.157403,-1.53867E-05,0,0.6329418,1.183465,-0.927254,0,-14.88068,1.250075,0.5853877,1.19282,-0.9013718,29.019,27.06571,1.380268,0.5449874,1.173229,-0.8930257,24.63417,-0.0003021103,0,0.5223147,1.157822,-0.8991911,16.4369,-0.0002054201,0,0.634288,1.17332,-0.9243771,0,-1.232558E-05,0,0.5895417,1.169214,-0.8953073,34.12756,14.59209,-1.750218,0.5480307,1.14753,-0.8931213,30.74243,4.935609E-05,0,0.5251361,1.13245,-0.907429,20.52241,4.583133E-05,0,0.6369292,1.162968,-0.9222226,3.069245,14.87367,-2.900768,0.5971871,1.145864,-0.8947499,27.99106,2.228287,-5.820428,0.5581335,1.126352,-0.8913081,33.2446,2.858982E-05,0,0.535483,1.116287,-0.9048463,22.19785,3.254728E-05,0,0.6411547,1.154238,-0.9216368,7.703139,29.67841,-7.043752,0.6090826,1.126756,-0.8987199,23.73806,-11.80932,-16.8362,0.5772246,1.111771,-0.8947003,26.82056,5.274753E-05,0,0.5566962,1.106561,-0.9015949,17.8986,5.109909E-05,0,end
