Timestamp,Pelvis_position_x,Pelvis_position_y,Pelvis_position_z,Pelvis_extension,Pelvis_lateral_flexion_rotation,Pelvis_axial_rotation,Chest_position_x,Chest_position_y,Chest_position_z,Thorax_extension,Thorax_lateral_flexion_rotation,Thorax_axial_rotation,Head_position_x,Head_position_y,Head_position_z,Neck_flexion,Neck_left-ward_tilt,Neck_right-ward_rotation,LeftUpperLeg_position_x,LeftUpperLeg_position_y,LeftUpperLeg_position_z,LeftHip_flexion,LeftHip_adduction,LeftHip_external_rotation,LeftLowerLeg_position_x,LeftLowerLeg_position_y,LeftLowerLeg_position_z,LeftKnee_flexion,LeftKnee_adduction,LeftKnee_external_rotation,LeftFoot_position_x,LeftFoot_position_y,LeftFoot_position_z,LeftAnkle_dorsiflexion,LeftAnkle_inversion,LeftAnkle_internal_rotation,RightUpperLeg_position_x,RightUpperLeg_position_y,RightUpperLeg_position_z,RightHip_flexion,RightHip_adduction,RightHip_external_rotation,RightLowerLeg_position_x,RightLowerLeg_position_y,RightLowerLeg_position_z,RightKnee_flexion,RightKnee_adduction,RightKnee_external_rotation,RightFoot_position_x,RightFoot_position_y,RightFoot_position_z,RightAnkle_dorsiflexion,RightAnkle_inversion,RightAnkle_internal_rotation,LeftShoulder_position_x,LeftShoulder_position_y,LeftShoulder_position_z,LeftScapula_protraction,LeftScapula_medial_rotation,LeftScapula_posterior_tilt,LeftUpperArm_position_x,LeftUpperArm_position_y,LeftUpperArm_position_z,LeftShoulder_flexion,LeftShoulder_abduction,LeftShoulder_external_rotation,LeftForeArm_position_x,LeftForeArm_position_y,LeftForeArm_position_z,LeftElbow_flexion,LeftElbow_abduction,LeftElbow_pronation,RightShoulder_position_x,RightShoulder_position_y,RightShoulder_position_z,RightScapula_protraction,RightScapula_medial_rotation,RightScapula_posterior_tilt,RightUpperArm_position_x,RightUpperArm_position_y,RightUpperArm_position_z,RightShoulder_flexion,RightShoulder_abduction,RightShoulder_external_rotation,RightForeArm_position_x,RightForeArm_position_y,RightForeArm_position_z,RightElbow_flexion,RightElbow_abduction,RightElbow_pronation,LeftHand_position_x,LeftHand_position_y,LeftHand_position_z,LeftWrist_flexion,LeftWrist_adduction,LeftWrist_pronation,RightHand_position_x,RightHand_position_y,RightHand_position_z,RightWrist_flexion,RightWrist_adduction,RightWrist_pronation,LeftDigit1MetaCarpal_position_x,LeftDigit1MetaCarpal_position_y,LeftDigit1MetaCarpal_position_z,LeftDigit1Carpometacarpal_flexion,LeftDigit1Carpometacarpal_ulnarDeviation,LeftDigit1Carpometacarpal_pronation,LeftDigit1ProximalPhalangx_position_x,LeftDigit1ProximalPhalangx_position_y,LeftDigit1ProximalPhalangx_position_z,LeftDigit1Metacarpophalangeal_flexion,LeftDigit1Metacarpophalangeal_ulnarDeviation,LeftDigit1Metacarpophalangeal_pronation,LeftDigit1DistalPhalanx_position_x,LeftDigit1DistalPhalanx_position_y,LeftDigit1DistalPhalanx_position_z,LeftDigit1Interphalangeal_flexion,LeftDigit1Interphalangeal_ulnarDeviation,LeftDigit1Interphalangeal_pronation,LeftDigit2MetaCarpal_position_x,LeftDigit2MetaCarpal_position_y,LeftDigit2MetaCarpal_position_z,LeftDigit2Carpometacarpal_flexion,LeftDigit2Carpometacarpal_ulnarDeviation,LeftDigit2Carpometacarpal_pronation,LeftDigit2ProximalPhalangx_position_x,LeftDigit2ProximalPhalangx_position_y,LeftDigit2ProximalPhalangx_position_z,LeftDigit2Metacarpophalangeal_flexion,LeftDigit2Metacarpophalangeal_ulnarDeviation,LeftDigit2Metacarpophalangeal_pronation,LeftDigit2IntermediatePhalanx_position_x,LeftDigit2IntermediatePhalanx_position_y,LeftDigit2IntermediatePhalanx_position_z,LeftDigit2ProximalInterphalangeal_flexion,LeftDigit2ProximalInterphalangeal_ulnarDeviation,LeftDigit2ProximalInterphalangeal_pronation,LeftDigit2DistalPhalanx_position_x,LeftDigit2DistalPhalanx_position_y,LeftDigit2DistalPhalanx_position_z,LeftDigit2DistalInterphalangeal_flexion,LeftDigit2DistalInterphalangeal_ulnarDeviation,LeftDigit2DistalInterphalangeal_pronation,LeftDigit3MetaCarpal_position_x,LeftDigit3MetaCarpal_position_y,LeftDigit3MetaCarpal_position_z,LeftDigit3Carpometacarpal_flexion,LeftDigit3Carpometacarpal_ulnarDeviation,LeftDigit3Carpometacarpal_pronation,LeftDigit3ProximalPhalangx_position_x,LeftDigit3ProximalPhalangx_position_y,LeftDigit3ProximalPhalangx_position_z,LeftDigit3Metacarpophalangeal_flexion,LeftDigit3Metacarpophalangeal_ulnarDeviation,LeftDigit3Metacarpophalangeal_pronation,LeftDigit3IntermediatePhalanx_position_x,LeftDigit3IntermediatePhalanx_position_y,LeftDigit3IntermediatePhalanx_position_z,LeftDigit3ProximalInterphalangeal_flexion,LeftDigit3ProximalInterphalangeal_ulnarDeviation,LeftDigit3ProximalInterphalangeal_pronation,LeftDigit3DistalPhalanx_position_x,LeftDigit3DistalPhalanx_position_y,LeftDigit3DistalPhalanx_position_z,LeftDigit3DistalInterphalangeal_flexion,LeftDigit3DistalInterphalangeal_ulnarDeviation,LeftDigit3DistalInterphalangeal_pronation,LeftDigit4MetaCarpal_position_x,LeftDigit4MetaCarpal_position_y,LeftDigit4MetaCarpal_position_z,LeftDigit4Carpometacarpal_flexion,LeftDigit4Carpometacarpal_ulnarDeviation,LeftDigit4Carpometacarpal_pronation,LeftDigit4ProximalPhalangx_position_x,LeftDigit4ProximalPhalangx_position_y,LeftDigit4ProximalPhalangx_position_z,LeftDigit4Metacarpophalangeal_flexion,LeftDigit4Metacarpophalangeal_ulnarDeviation,LeftDigit4Metacarpophalangeal_pronation,LeftDigit4IntermediatePhalanx_position_x,LeftDigit4IntermediatePhalanx_position_y,LeftDigit4IntermediatePhalanx_position_z,LeftDigit4ProximalInterphalangeal_flexion,LeftDigit4ProximalInterphalangeal_ulnarDeviation,LeftDigit4ProximalInterphalangeal_pronation,LeftDigit4DistalPhalanx_position_x,LeftDigit4DistalPhalanx_position_y,LeftDigit4DistalPhalanx_position_z,LeftDigit4DistalInterphalangeal_flexion,LeftDigit4DistalInterphalangeal_ulnarDeviation,LeftDigit4DistalInterphalangeal_pronation,LeftDigit5MetaCarpal_position_x,LeftDigit5MetaCarpal_position_y,LeftDigit5MetaCarpal_position_z,LeftDigit5Carpometacarpal_flexion,LeftDigit5Carpometacarpal_ulnarDeviation,LeftDigit5Carpometacarpal_pronation,LeftDigit5ProximalPhalangx_position_x,LeftDigit5ProximalPhalangx_position_y,LeftDigit5ProximalPhalangx_position_z,LeftDigit5Metacarpophalangeal_flexion,LeftDigit5Metacarpophalangeal_ulnarDeviation,LeftDigit5Metacarpophalangeal_pronation,LeftDigit5IntermediatePhalanx_position_x,LeftDigit5IntermediatePhalanx_position_y,LeftDigit5IntermediatePhalanx_position_z,LeftDigit5ProximalInterphalangeal_flexion,LeftDigit5ProximalInterphalangeal_ulnarDeviation,LeftDigit5ProximalInterphalangeal_pronation,LeftDigit5DistalPhalanx_position_x,LeftDigit5DistalPhalanx_position_y,LeftDigit5DistalPhalanx_position_z,LeftDigit5DistalInterphalangeal_flexion,LeftDigit5DistalInterphalangeal_ulnarDeviation,LeftDigit5DistalInterphalangeal_pronation,RightDigit1MetaCarpal_position_x,RightDigit1MetaCarpal_position_y,RightDigit1MetaCarpal_position_z,RightDigit1Carpometacarpal_flexion,RightDigit1Carpometacarpal_ulnarDeviation,RightDigit1Carpometacarpal_pronation,RightDigit1ProximalPhalangx_position_x,RightDigit1ProximalPhalangx_position_y,RightDigit1ProximalPhalangx_position_z,RightDigit1Metacarpophalangeal_flexion,RightDigit1Metacarpophalangeal_ulnarDeviation,RightDigit1Metacarpophalangeal_pronation,RightDigit1DistalPhalanx_position_x,RightDigit1DistalPhalanx_position_y,RightDigit1DistalPhalanx_position_z,RightDigit1Interphalangeal_flexion,RightDigit1Interphalangeal_ulnarDeviation,RightDigit1Interphalangeal_pronation,RightDigit2MetaCarpal_position_x,RightDigit2MetaCarpal_position_y,RightDigit2MetaCarpal_position_z,RightDigit2Carpometacarpal_flexion,RightDigit2Carpometacarpal_ulnarDeviation,RightDigit2Carpometacarpal_pronation,RightDigit2ProximalPhalangx_position_x,RightDigit2ProximalPhalangx_position_y,RightDigit2ProximalPhalangx_position_z,RightDigit2Metacarpophalangeal_flexion,RightDigit2Metacarpophalangeal_ulnarDeviation,RightDigit2Metacarpophalangeal_pronation,RightDigit2IntermediatePhalanx_position_x,RightDigit2IntermediatePhalanx_position_y,RightDigit2IntermediatePhalanx_position_z,RightDigit2ProximalInterphalangeal_flexion,RightDigit2ProximalInterphalangeal_ulnarDeviation,RightDigit2ProximalInterphalangeal_pronation,RightDigit2DistalPhalanx_position_x,RightDigit2DistalPhalanx_position_y,RightDigit2DistalPhalanx_position_z,RightDigit2DistalInterphalangeal_flexion,RightDigit2DistalInterphalangeal_ulnarDeviation,RightDigit2DistalInterphalangeal_pronation,RightDigit3MetaCarpal_position_x,RightDigit3MetaCarpal_position_y,RightDigit3MetaCarpal_position_z,RightDigit3Carpometacarpal_flexion,RightDigit3Carpometacarpal_ulnarDeviation,RightDigit3Carpometacarpal_pronation,RightDigit3ProximalPhalangx_position_x,RightDigit3ProximalPhalangx_position_y,RightDigit3ProximalPhalangx_position_z,RightDigit3Metacarpophalangeal_flexion,RightDigit3Metacarpophalangeal_ulnarDeviation,RightDigit3Metacarpophalangeal_pronation,RightDigit3IntermediatePhalanx_position_x,RightDigit3IntermediatePhalanx_position_y,RightDigit3IntermediatePhalanx_position_z,RightDigit3ProximalInterphalangeal_flexion,RightDigit3ProximalInterphalangeal_ulnarDeviation,RightDigit3ProximalInterphalangeal_pronation,RightDigit3DistalPhalanx_position_x,RightDigit3DistalPhalanx_position_y,RightDigit3DistalPhalanx_position_z,RightDigit3DistalInterphalangeal_flexion,RightDigit3DistalInterphalangeal_ulnarDeviation,RightDigit3DistalInterphalangeal_pronation,RightDigit4MetaCarpal_position_x,RightDigit4MetaCarpal_position_y,RightDigit4MetaCarpal_position_z,RightDigit4Carpometacarpal_flexion,RightDigit4Carpometacarpal_ulnarDeviation,RightDigit4Carpometacarpal_pronation,RightDigit4ProximalPhalangx_position_x,RightDigit4ProximalPhalangx_position_y,RightDigit4ProximalPhalangx_position_z,RightDigit4Metacarpophalangeal_flexion,RightDigit4Metacarpophalangeal_ulnarDeviation,RightDigit4Metacarpophalangeal_pronation,RightDigit4IntermediatePhalanx_position_x,RightDigit4IntermediatePhalanx_position_y,RightDigit4IntermediatePhalanx_position_z,RightDigit4ProximalInterphalangeal_flexion,RightDigit4ProximalInterphalangeal_ulnarDeviation,RightDigit4ProximalInterphalangeal_pronation,RightDigit4DistalPhalanx_position_x,RightDigit4DistalPhalanx_position_y,RightDigit4DistalPhalanx_position_z,RightDigit4DistalInterphalangeal_flexion,RightDigit4DistalInterphalangeal_ulnarDeviation,RightDigit4DistalInterphalangeal_pronation,RightDigit5MetaCarpal_position_x,RightDigit5MetaCarpal_position_y,RightDigit5MetaCarpal_position_z,RightDigit5Carpometacarpal_flexion,RightDigit5Carpometacarpal_ulnarDeviation,RightDigit5Carpometacarpal_pronation,RightDigit5ProximalPhalangx_position_x,RightDigit5ProximalPhalangx_position_y,RightDigit5ProximalPhalangx_position_z,RightDigit5Metacarpophalangeal_flexion,RightDigit5Metacarpophalangeal_ulnarDeviation,RightDigit5Metacarpophalangeal_pronation,RightDigit5IntermediatePhalanx_position_x,RightDigit5IntermediatePhalanx_position_y,RightDigit5IntermediatePhalanx_position_z,RightDigit5ProximalInterphalangeal_flexion,RightDigit5ProximalInterphalangeal_ulnarDeviation,RightDigit5ProximalInterphalangeal_pronation,RightDigit5DistalPhalanx_position_x,RightDigit5DistalPhalanx_position_y,RightDigit5DistalPhalanx_position_z,RightDigit5DistalInterphalangeal_flexion,RightDigit5DistalInterphalangeal_ulnarDeviation,RightDigit5DistalInterphalangeal_pronation
0,0.7173988,0.9272285,-1.344711,1.438038,0.6395397,0.9421154,0.7126676,1.286978,-1.386333,-1.004247,0.6585182,1.51129,0.7104948,1.595471,-1.373111,8.270373,-1.33592,2.85917,0.6373298,0.9263681,-1.343372,-2.229146,1.227966,0.09487279,0.6326681,0.4993134,-1.349113,7.405018,0.002818023,-0.05934703,0.6265557,0.07559809,-1.409973,7.7238,-0.7162263,-7.480078,0.7974677,0.928089,-1.34605,-2.610595,-1.580034,2.814178,0.7901339,0.5011186,-1.354588,4.958712,0.001721503,0.01978234,0.7809984,0.07553229,-1.400072,5.710864,-1.812627,-5.719676,0.642177,1.408777,-1.363434,-14.66444,-0.568817,1.305513,0.5126199,1.406498,-1.39376,-6.514213,14.07177,-45.74825,0.4703446,1.152046,-1.386154,13.2684,-4.234085E-05,1.256476,0.78133,1.410441,-1.367078,-14.7182,2.102154,-1.449424,0.9089546,1.41744,-1.40413,-0.2093567,7.830428,-47.39542,0.9489084,1.162531,-1.40014,11.93808,-9.653937E-05,-9.486967,0.4602879,0.8751146,-1.323298,4.555523,-8.975443,0.3571801,0.9616305,0.8839428,-1.345645,4.245655,-8.162747,0.302612,0.4795748,0.8640401,-1.296693,45.34439,-12.63816,94.23041,0.5099764,0.8388544,-1.298026,16.67107,35.78891,-9.933314,0.5168402,0.8102827,-1.292069,8.973319,-5.849965E-06,0,0.4734749,0.8550138,-1.303923,0,-14.88064,1.250075,0.4879424,0.809116,-1.277411,38.00224,22.38497,-10.81565,0.5080068,0.7694839,-1.288012,28.10884,2.85116E-05,0,0.5268668,0.7542818,-1.302247,18.7602,1.051832E-05,0,0.4675472,0.8505788,-1.311551,0,-6.331009E-06,0,0.4739507,0.7998992,-1.295593,33.98168,12.67294,-4.64452,0.4932655,0.7587127,-1.306939,31.83607,-1.346156E-05,0,0.5148132,0.7433082,-1.322897,21.25459,-1.519958E-05,0,0.4612524,0.8474217,-1.319869,3.069309,14.87364,-2.900633,0.4617523,0.7962756,-1.316618,30.14342,-0.1970283,-2.395717,0.4804786,0.7578943,-1.326309,31.77928,6.520469E-06,0,0.5016963,0.7439879,-1.338721,21.21654,2.381438E-06,0,0.4555553,0.8469157,-1.327724,7.703165,29.67835,-7.043725,0.4513527,0.799886,-1.336647,20.47542,-10.62917,-2.847645,0.4622569,0.7668865,-1.343559,31.0771,0.0003329009,0,0.4779411,0.7532688,-1.3516,20.74647,0.0002394308,0,0.9482762,0.8724005,-1.315797,37.96283,-13.06894,81.39648,0.920689,0.8450842,-1.308507,18.13667,29.13422,-9.060914,0.9146551,0.8158074,-1.306187,10.522,-8.789269E-06,0,0.9524044,0.8634924,-1.324432,0,-14.88067,1.249762,0.9427531,0.817054,-1.296698,23.53173,26.49793,5.067321,0.9289538,0.7736415,-1.299954,33.23492,5.191395E-06,0,0.9109011,0.7555304,-1.311595,22.19136,1.470666E-05,0,0.9564075,0.859189,-1.33329,0,-3.480937E-06,0,0.9521992,0.8081528,-1.317742,26.64947,15.90244,-1.745516,0.9354447,0.7650037,-1.325197,38.54395,-2.352785E-05,0,0.9113772,0.7502501,-1.337821,25.75031,-2.7288E-05,0,0.9606555,0.8561776,-1.342864,3.069245,14.87368,-2.900768,0.9594363,0.8049738,-1.341012,24.71278,3.146855,-8.595028,0.9423183,0.7653549,-1.348431,37.53819,1.341529E-05,0,0.9183398,0.7523227,-1.355699,25.07562,1.09651E-05,0,0.964495,0.8558128,-1.351782,7.703165,29.67841,-7.043752,0.9653369,0.8090284,-1.362717,29.16787,-11.09424,-19.00966,0.9476299,0.7789333,-1.368749,31.05835,1.203644E-05,0,0.9281611,0.7682086,-1.370178,20.73391,1.124073E-05,0
33,0.7174405,0.9272169,-1.344844,1.437766,0.6340329,0.9366996,0.7127559,1.286967,-1.386427,-1.018372,0.6498586,1.512973,0.7106076,1.595459,-1.37315,8.248812,-1.31198,2.838005,0.6373714,0.926364,-1.343513,-2.214258,1.224664,0.09278741,0.6326966,0.4993081,-1.349146,7.415133,0.002837497,-0.05595291,0.6265739,0.07558841,-1.409975,7.719556,-0.7158312,-7.48687,0.7975096,0.9280699,-1.346175,-2.639823,-1.580515,2.802467,0.7901293,0.5011048,-1.354934,4.860912,0.001712539,0.01978234,0.7810049,0.0754647,-1.399913,5.643475,-1.814714,-5.722383,0.6422843,1.408771,-1.363497,-14.66517,-0.5911023,1.314029,0.5127274,1.406467,-1.393821,-6.571547,14.11205,-45.66246,0.4703593,1.152024,-1.386447,13.34915,-3.083957E-05,1.283747,0.7814373,1.410414,-1.367144,-14.71404,2.109441,-1.438991,0.9090638,1.41742,-1.404188,-0.1928145,7.812761,-47.35287,0.948989,1.162507,-1.400219,11.91051,-8.933874E-05,-9.138328,0.4603493,0.8751187,-1.323468,4.565744,-8.904032,0.3555328,0.9617877,0.8838996,-1.345839,4.221461,-8.210335,0.3032579,0.4796112,0.8640226,-1.296853,45.33928,-12.6392,94.20821,0.5100068,0.838829,-1.298174,16.65673,35.77514,-9.92121,0.5168645,0.8102521,-1.292236,8.967275,-1.36631E-05,0,0.4735153,0.8550023,-1.304094,0,-14.88064,1.250075,0.4879499,0.8090841,-1.2776,37.98372,22.39609,-10.83674,0.5080011,0.7694463,-1.288205,28.11109,-0.0001135406,0,0.5268691,0.7542428,-1.302427,18.76172,-7.294057E-05,0,0.467593,0.8505737,-1.311731,0,-5.644431E-06,0,0.4739715,0.7998822,-1.295799,33.97862,12.6879,-4.649705,0.4932767,0.7586961,-1.307163,31.8457,9.243286E-06,0,0.5148321,0.7432992,-1.323118,21.26102,4.6581E-06,0,0.4613045,0.8474234,-1.320056,3.069309,14.87364,-2.900633,0.4617901,0.7962751,-1.316837,30.13643,-0.1827046,-2.342011,0.4805059,0.7578926,-1.326544,31.80199,3.234855E-05,0,0.5017235,0.7439951,-1.338966,21.23176,3.211874E-05,0,0.455614,0.8469238,-1.327916,7.703165,29.67835,-7.043752,0.4514081,0.7999009,-1.336873,20.46998,-10.6276,-2.835451,0.4623075,0.7669022,-1.343796,31.08429,0.0001403993,0,0.4779946,0.7532868,-1.351836,20.75128,9.391533E-05,0,0.9482946,0.8723474,-1.316057,37.95966,-13.10176,81.3653,0.9207029,0.8450053,-1.308882,18.23861,29.11051,-9.107851,0.9146934,0.8157183,-1.306628,10.58318,-4.270714E-06,0,0.9524795,0.8634425,-1.324668,0,-14.88069,1.249762,0.9427474,0.8169988,-1.296971,23.51805,26.50664,5.078946,0.9290351,0.7735632,-1.300286,33.29639,-5.567552E-05,0,0.9110605,0.7554421,-1.312032,22.23255,-5.074629E-05,0,0.9565343,0.8591422,-1.333503,0,-1.152416E-05,0,0.9523144,0.8081046,-1.317963,26.72351,15.9079,-1.736636,0.9356136,0.7649532,-1.325525,38.50454,0.0001175916,0,0.9116312,0.7501782,-1.338285,25.72387,7.762043E-05,0,0.9608358,0.8561339,-1.343055,3.069245,14.87368,-2.900768,0.9596762,0.804929,-1.341195,24.82755,3.150982,-8.463968,0.9425784,0.7653222,-1.348725,37.33248,-1.730378E-05,0,0.9186896,0.7522186,-1.356158,24.93768,-2.42431E-05,0,0.9647219,0.8557718,-1.351953,7.703165,29.67843,-7.043752,0.9656835,0.8089857,-1.362871,29.60092,-11.12718,-19.24637,0.947825,0.7790021,-1.36901,29.39014,-1.597878E-05,0,0.928621,0.7678346,-1.370621,19.61743,-2.660695E-05,0
67,0.7174863,0.9272162,-1.344967,1.438991,0.628301,0.9343988,0.7128685,1.286967,-1.38651,-1.035521,0.6329839,1.520456,0.7107832,1.595458,-1.373167,8.219721,-1.280684,2.805469,0.637417,0.9263712,-1.34364,-2.199358,1.221195,0.09691329,0.6327279,0.4993139,-1.349155,7.429964,0.002951835,-0.05233916,0.6265944,0.0755932,-1.409975,7.717953,-0.7155822,-7.487525,0.7975556,0.9280612,-1.346295,-3.310265,-1.820887,2.771352,0.7882579,0.501264,-1.360008,3.885041,0.001794392,0.02797646,0.7776985,0.07542059,-1.402691,5.353391,-2.026396,-5.715563,0.6424356,1.408784,-1.363533,-14.66729,-0.5729008,1.321454,0.5128741,1.406569,-1.393845,-6.484041,14.03765,-45.6257,0.4705124,1.152128,-1.386367,13.29816,-6.211193E-05,1.364727,0.7815887,1.410388,-1.367199,-14.70752,2.122193,-1.429987,0.909215,1.417397,-1.404243,-0.2332305,7.836165,-47.39882,0.9491543,1.162483,-1.400426,11.96135,-0.0001012894,-9.173504,0.4603318,0.8752134,-1.323457,4.596275,-8.917175,0.358274,0.9617942,0.8838724,-1.346027,4.189046,-8.195055,0.3000144,0.4796112,0.864103,-1.296861,45.33687,-12.64189,94.22343,0.5100006,0.8389034,-1.298212,16.68378,35.77217,-9.937213,0.5168512,0.8103208,-1.292292,8.982029,6.586485E-06,0,0.4735081,0.8550867,-1.304101,0,-14.88062,1.249918,0.4879528,0.8091552,-1.277635,37.96507,22.40104,-10.804,0.5079783,0.7695103,-1.288262,28.1304,3.25318E-05,0,0.5268283,0.754308,-1.30251,18.77464,2.679285E-05,0,0.4675792,0.8506623,-1.311735,0,-8.096578E-08,0,0.4739589,0.7999632,-1.295828,33.98073,12.69482,-4.653327,0.4932442,0.7587776,-1.307227,31.84878,3.057639E-05,0,0.5147839,0.7433844,-1.323207,21.26309,2.154606E-05,0,0.4612838,0.8475166,-1.320057,3.069245,14.87364,-2.900701,0.461761,0.796367,-1.316858,30.13966,-0.1829226,-2.340005,0.4804634,0.7579855,-1.326595,31.78674,3.467655E-07,0,0.5016662,0.7440832,-1.339037,21.22156,6.953572E-06,0,0.4555873,0.8470212,-1.327913,7.703139,29.67834,-7.043752,0.4513649,0.8000027,-1.336885,20.45677,-10.61783,-2.848676,0.4622428,0.7670017,-1.343831,31.11173,0.0001862195,0,0.4779237,0.7533906,-1.351889,20.76963,0.0001342593,0,0.9482976,0.8723199,-1.316246,37.94941,-13.09825,81.38512,0.9207125,0.8449706,-1.309074,18.23039,29.08371,-9.096042,0.9146979,0.815685,-1.306815,10.58128,-3.917488E-06,0,0.9524846,0.8634151,-1.324856,0,-14.88067,1.249918,0.9427525,0.8169714,-1.29716,23.5024,26.51005,5.084768,0.9290547,0.7735309,-1.300471,33.35515,-3.251202E-05,0,0.9110751,0.7554243,-1.312232,22.27189,-3.192735E-05,0,0.9565411,0.8591149,-1.333691,0,-2.866494E-06,0,0.9523235,0.8080773,-1.318151,26.7444,15.91178,-1.717486,0.9356165,0.7649304,-1.325724,38.52057,-2.716075E-05,0,0.9116345,0.7501695,-1.338502,25.73461,-1.711847E-05,0,0.9608443,0.8561067,-1.343242,3.069245,14.87368,-2.900701,0.959689,0.8049018,-1.341381,24.80118,3.151357,-8.384243,0.9426129,0.7652846,-1.348905,37.41113,1.210012E-05,0,0.9187201,0.752203,-1.356364,24.99044,1.229204E-05,0,0.9647318,0.8557447,-1.35214,7.703139,29.67842,-7.04378,0.9656993,0.8089583,-1.363056,29.41048,-11.08473,-19.34739,0.9479468,0.7789135,-1.369203,29.21207,1.380821E-05,0,0.9288177,0.7676204,-1.370829,19.49828,6.145781E-06,0
100,0.7175134,0.9272074,-1.345057,1.441165,0.6225337,0.9247154,0.7129776,1.286957,-1.386571,-1.049412,0.6122762,1.5229,0.7109856,1.595447,-1.373168,8.203965,-1.26,2.771281,0.6374438,0.9263702,-1.343743,-2.171867,1.217464,0.1027921,0.6327457,0.4993102,-1.349038,7.474988,0.003207539,-0.05233916,0.6266137,0.07560608,-1.409974,7.733145,-0.713779,-7.47777,0.797583,0.9280446,-1.346371,-4.648989,-2.205741,2.727424,0.7852109,0.5017585,-1.36998,1.790675,0.001845617,0,0.7725841,0.07544181,-1.407002,4.620715,-2.354967,-5.713059,0.6425899,1.408794,-1.363561,-14.66479,-0.5780001,1.325889,0.513025,1.406622,-1.393861,-6.436265,14.00456,-45.6232,0.4706632,1.152184,-1.386293,13.27696,-6.518343E-05,1.420789,0.7817434,1.410349,-1.367234,-14.70008,2.125548,-1.427247,0.9093748,1.417328,-1.404266,-0.1887116,7.806377,-47.37649,0.9491897,1.162396,-1.400384,11.90816,-8.35443E-05,-9.163988,0.4604235,0.8752736,-1.32337,4.616686,-8.90555,0.3599087,0.9618503,0.8837593,-1.346124,4.19568,-8.22344,0.301316,0.4797255,0.8641487,-1.296797,45.33258,-12.64435,94.24664,0.5101063,0.8389408,-1.298183,16.71199,35.76629,-9.95325,0.5169505,0.810353,-1.292281,8.997743,-1.56706E-05,0,0.4736131,0.8551366,-1.304034,0,-14.88062,1.250075,0.4880713,0.8091919,-1.277599,37.95599,22.40676,-10.78319,0.5080699,0.7695417,-1.288257,28.12653,-3.553441E-05,0,0.5268964,0.7543336,-1.302529,18.77204,-1.862159E-05,0,0.4676757,0.8507165,-1.311664,0,2.084108E-06,0,0.4740576,0.8000101,-1.295781,33.98159,12.70147,-4.659385,0.4933182,0.7588233,-1.307218,31.85506,1.722948E-05,0,0.5148389,0.7434332,-1.323227,21.26729,1.992401E-05,0,0.4613717,0.8475753,-1.319981,3.069309,14.87364,-2.900701,0.4618388,0.7964244,-1.316801,30.13576,-0.1776144,-2.370008,0.4805177,0.75804,-1.326571,31.80067,1.859636E-05,0,0.5017099,0.7441411,-1.339035,21.23089,1.377407E-05,0,0.4556675,0.8470842,-1.327832,7.703139,29.67834,-7.043752,0.4514245,0.80007,-1.336816,20.45196,-10.60357,-2.857184,0.4622807,0.767068,-1.343791,31.12505,0.0003067146,0,0.4779509,0.7534583,-1.351873,20.77855,0.0002233507,0,0.9483566,0.8722082,-1.316342,37.94124,-13.09574,81.38346,0.9207698,0.8448619,-1.309164,18.21197,29.05485,-9.078267,0.9147351,0.8155806,-1.306903,10.57371,5.307321E-06,0,0.9525395,0.863303,-1.324953,0,-14.88068,1.249918,0.9428005,0.8168597,-1.297259,23.51306,26.50902,5.092968,0.929084,0.7734255,-1.300574,33.33354,-9.997834E-07,-0.01978234,0.9111013,0.7553197,-1.312332,22.25743,-2.784053E-06,0,0.956593,0.8590024,-1.33379,0,-4.128949E-06,0,0.9523647,0.8079648,-1.318252,26.76794,15.91365,-1.69812,0.9356309,0.7648301,-1.325836,38.53345,-3.279768E-05,0,0.9116393,0.7500931,-1.338623,25.74328,-2.281041E-05,0,0.9608935,0.8559937,-1.343341,3.069309,14.87368,-2.900701,0.9597248,0.8047889,-1.341484,24.80456,3.140092,-8.352612,0.9426309,0.765178,-1.349,37.39908,2.63063E-05,0,0.9187361,0.7521008,-1.356461,24.98233,1.228214E-05,0,0.9647791,0.8556313,-1.35224,7.703165,29.67842,-7.043752,0.9657317,0.8088454,-1.363159,29.03067,-10.99753,-19.41449,0.9481748,0.7786882,-1.369318,29.34859,1.126603E-05,0,0.9290916,0.7673187,-1.37095,19.58962,-4.081395E-08,0
133,0.7182686,0.927184,-1.345703,1.443065,0.6168478,0.9099972,0.7138261,1.286933,-1.387201,-1.058324,0.5885049,1.522771,0.7119545,1.595421,-1.373744,8.211213,-1.250782,2.739097,0.6381986,0.9263543,-1.34441,-2.079237,1.264226,0.1101434,0.6331249,0.4992904,-1.348998,7.575979,0.003983705,-0.06255726,0.6266282,0.07559821,-1.409979,7.740147,-0.6603205,-7.46858,0.7983386,0.9280138,-1.346997,-5.119024,-2.349879,2.710072,0.7848006,0.501969,-1.37407,0.9115012,0.00217297,0.01978234,0.7714301,0.07542011,-1.408028,4.226932,-2.487384,-5.728955,0.6434889,1.408796,-1.364172,-14.66123,-0.5995177,1.328838,0.5139223,1.406632,-1.394465,-6.566442,14.12445,-45.71496,0.4712856,1.152234,-1.387082,13.36426,-5.629244E-05,1.358547,0.782643,1.410294,-1.367845,-14.70416,2.141068,-1.42807,0.9102728,1.417262,-1.404885,-0.2112177,7.817759,-47.37491,0.950063,1.162324,-1.401141,11.96774,-9.180812E-05,-9.192913,0.4610904,0.8753418,-1.324075,4.622707,-8.870559,0.3588198,0.9625434,0.8836979,-1.346782,4.180904,-8.204541,0.3000144,0.480414,0.8642027,-1.297523,45.32863,-12.6421,94.26998,0.5107833,0.8389828,-1.298945,16.73163,35.75285,-9.962235,0.5176229,0.8103903,-1.293061,9.009789,-3.623546E-06,0,0.4742917,0.8551948,-1.304757,0,-14.88063,1.249762,0.48876,0.8092376,-1.278349,37.94884,22.40374,-10.83256,0.5087346,0.7695821,-1.289032,28.1232,-6.279563E-05,0,0.5275503,0.75437,-1.303314,18.76982,-4.120532E-05,0,0.4683457,0.8507788,-1.312383,0,-3.096574E-07,0,0.4747259,0.8000658,-1.296521,33.98554,12.70998,-4.660982,0.493959,0.7588765,-1.307995,31.86016,7.537503E-06,0,0.5154585,0.7434874,-1.324033,21.2707,8.999658E-06,0,0.4620326,0.8476422,-1.320694,3.069245,14.87364,-2.900701,0.4624858,0.7964902,-1.31753,30.12843,-0.1726608,-2.363557,0.4811365,0.7580995,-1.32733,31.82704,2.516406E-05,0,0.502314,0.7442052,-1.339823,21.24851,1.144858E-05,0,0.4563208,0.8471553,-1.32854,7.703165,29.67834,-7.043725,0.4520536,0.8001451,-1.337534,20.45129,-10.59689,-2.908316,0.4628899,0.7671415,-1.344532,31.12807,0.0002283771,0,0.4785517,0.7535291,-1.352626,20.78057,0.0001560447,0,0.9490614,0.872157,-1.31699,37.93592,-13.10867,81.39384,0.9214683,0.8448247,-1.309784,18.27533,29.02871,-9.104182,0.9154214,0.8155448,-1.307538,10.61298,-8.372517E-06,0,0.9532362,0.8632488,-1.325603,0,-14.88068,1.249918,0.9434944,0.8168139,-1.297895,23.5332,26.50789,5.116343,0.9297482,0.7733886,-1.301203,33.27815,-4.245419E-05,0,0.911765,0.7552727,-1.312944,22.22033,-3.197227E-05,0,0.9572833,0.8589451,-1.33444,0,-9.14077E-06,0,0.953044,0.8079118,-1.318892,26.79548,15.91205,-1.692811,0.9362719,0.7647907,-1.326469,38.52144,-4.856837E-05,0,0.9122667,0.7500674,-1.339246,25.73523,-3.755679E-05,0,0.9615775,0.8559331,-1.343994,3.069309,14.87368,-2.900701,0.9603903,0.8047291,-1.342127,24.82813,3.13706,-8.319209,0.9432613,0.7651311,-1.349632,37.31725,2.019888E-05,0,0.9193736,0.7520371,-1.357085,24.92748,1.076531E-05,0,0.9654582,0.8555678,-1.352895,7.703165,29.67842,-7.043752,0.966387,0.8087797,-1.363807,28.59633,-10.90135,-19.46531,0.9490503,0.7784948,-1.369963,29.54585,-3.18959E-06,0,0.9300098,0.7670535,-1.371592,19.72161,-1.152927E-05,0
167,0.7188662,0.927147,-1.346229,1.44591,0.6106346,0.8915322,0.7145052,1.286895,-1.387734,-1.059248,0.5708959,1.518911,0.7127382,1.595381,-1.374243,8.241596,-1.260301,2.718582,0.6387957,0.9263253,-1.344962,-1.98564,1.299364,0.1153499,0.63343,0.4992579,-1.34883,7.695824,0.004799955,-0.06852804,0.6266488,0.07559508,-1.409984,7.765109,-0.6164331,-7.46001,0.7989367,0.9279686,-1.347496,-4.889524,-2.377272,2.714475,0.7851888,0.5018245,-1.372845,1.306562,0.001459911,0,0.7714184,0.07538626,-1.408012,4.405578,-2.538342,-5.744603,0.6442042,1.408779,-1.364707,-14.65864,-0.5963252,1.332514,0.5146372,1.406663,-1.395003,-6.573457,14.13801,-45.72383,0.4718669,1.152288,-1.387602,13.40091,-6.288699E-05,1.415545,0.7833589,1.410234,-1.368371,-14.7094,2.139591,-1.433404,0.9109901,1.41716,-1.405414,-0.1440177,7.767965,-47.26221,0.9506201,1.162199,-1.401578,11.92641,-8.584349E-05,-9.106469,0.461637,0.8754334,-1.324435,4.650589,-8.835315,0.3593647,0.9631352,0.8835728,-1.347227,4.199972,-8.222295,0.3019647,0.4809899,0.8642806,-1.29791,45.31621,-12.64282,94.32864,0.5113441,0.8390447,-1.299371,16.78316,35.7078,-9.983376,0.5181831,0.8104469,-1.293512,9.042441,-1.056319E-05,0,0.4748552,0.8552768,-1.305138,0,-14.88064,1.249762,0.4893394,0.8093076,-1.27876,37.94373,22.40181,-10.82111,0.5092852,0.769646,-1.289474,28.1036,7.501556E-06,0,0.5280726,0.7544206,-1.30378,18.75667,1.258663E-06,0,0.4688978,0.8508649,-1.312758,0,-6.672934E-06,0,0.4752791,0.8001455,-1.296917,33.98195,12.7172,-4.66115,0.4944765,0.7589499,-1.308428,31.87927,3.241481E-05,0,0.5159509,0.7435636,-1.324502,21.2835,2.410478E-05,0,0.4625731,0.8477327,-1.321062,3.069245,14.87364,-2.900768,0.4630111,0.7965797,-1.317911,30.12865,-0.1690052,-2.382856,0.4816336,0.7581844,-1.327746,31.82634,2.258389E-05,0,0.5027919,0.7442852,-1.340267,21.24807,7.500834E-06,0,0.4568512,0.8472499,-1.328901,7.703139,29.67835,-7.043752,0.4525551,0.8002435,-1.337901,20.4655,-10.59883,-2.863617,0.463378,0.7672406,-1.344924,31.08883,0.0003774483,0,0.4790154,0.7536172,-1.353046,20.75429,0.0002647145,0,0.9496638,0.872042,-1.317427,37.93445,-13.10822,81.38205,0.9220639,0.8447214,-1.310202,18.26609,29.02253,-9.097575,0.9160019,0.8154452,-1.307948,10.60831,-4.531993E-06,0,0.9538306,0.8631307,-1.32604,0,-14.88067,1.249918,0.9440841,0.8167042,-1.29832,23.55474,26.50746,5.088581,0.9303066,0.7732883,-1.301623,33.21807,-1.158931E-05,0,0.9123149,0.7551637,-1.313338,22.18008,-2.507209E-05,0,0.9578714,0.858824,-1.334879,0,-2.61934E-06,0,0.9536193,0.8077948,-1.31932,26.82477,15.90845,-1.698696,0.9368063,0.7646885,-1.32689,38.49952,-8.818911E-06,0,0.9127869,0.749976,-1.339653,25.7205,-1.551874E-05,0,0.9621595,0.8558088,-1.344434,3.069245,14.87368,-2.900701,0.9609523,0.8046056,-1.342559,24.8531,3.132742,-8.322442,0.9437862,0.7650215,-1.350052,37.22422,2.656173E-05,0,0.9199046,0.7519066,-1.357489,24.86506,1.50968E-05,0,0.9660354,0.8554404,-1.353337,7.703165,29.67842,-7.04378,0.9669397,0.8086503,-1.364242,28.15807,-10.80255,-19.51552,0.9498258,0.7782387,-1.370397,29.79007,7.086327E-06,0,0.9308195,0.76674,-1.372021,19.88502,-8.235847E-07,0
200,0.7191464,0.9271026,-1.346535,1.449829,0.6062888,0.8726766,0.7149186,1.286849,-1.388052,-1.060356,0.5311975,1.51659,0.7133577,1.595334,-1.374532,8.265054,-1.251836,2.710289,0.6390754,0.9262865,-1.345295,-1.912132,1.314946,0.1136409,0.6335745,0.4992159,-1.348587,7.806653,0.005506207,-0.07401875,0.6266643,0.07559121,-1.40999,7.799712,-0.5934564,-7.45214,0.7992173,0.9279188,-1.347776,-4.737599,-2.388402,2.717069,0.7853844,0.5017104,-1.371971,1.583379,0.0009613557,0,0.7713987,0.07535437,-1.408039,4.539974,-2.566527,-5.761909,0.6447015,1.408782,-1.365025,-14.65981,-0.5756633,1.334862,0.5151337,1.406804,-1.395325,-6.569488,14.13242,-45.89615,0.4722142,1.152458,-1.38778,13.35993,-5.716326E-05,1.318044,0.7838574,1.41014,-1.368685,-14.71676,2.151174,-1.43395,0.9114882,1.417005,-1.40574,-0.1938267,7.815173,-47.31438,0.9510909,1.162038,-1.402013,11.98833,-9.758902E-05,-9.180741,0.4618688,0.8755822,-1.324726,4.657871,-8.856116,0.3609945,0.9633706,0.8834232,-1.347551,4.186989,-8.196023,0.3000144,0.4812505,0.8644158,-1.298228,45.30365,-12.64146,94.39359,0.5115887,0.8391631,-1.299727,16.83768,35.67641,-10.00956,0.5184205,0.8105597,-1.293887,9.075171,2.720367E-06,0,0.4751033,0.855416,-1.30545,0,-14.88062,1.249918,0.4896028,0.8094352,-1.2791,37.93177,22.40631,-10.77795,0.5095133,0.7697638,-1.289844,28.10815,-0.0001284946,0,0.5282694,0.7545303,-1.304182,18.75973,-9.252887E-05,0,0.4691348,0.8510082,-1.313063,0,-6.864815E-07,0,0.4755164,0.8002827,-1.297242,33.98201,12.72351,-4.662158,0.4946803,0.7590818,-1.30879,31.89899,-1.129656E-05,0,0.5161307,0.7436998,-1.3249,21.2967,-7.339497E-06,0,0.4627986,0.8478802,-1.321361,3.069245,14.87364,-2.900701,0.463221,0.7967265,-1.318222,30.14042,-0.1658571,-2.372731,0.4818217,0.7583305,-1.328095,31.79638,-8.255074E-06,0,0.5029534,0.744418,-1.340647,21.22799,-3.36237E-06,0,0.4570667,0.8474014,-1.329192,7.703139,29.67833,-7.043725,0.4527415,0.8003988,-1.338198,20.45425,-10.60268,-2.878072,0.4635385,0.7673908,-1.345237,31.11202,0.0003105782,0,0.479165,0.7537668,-1.353379,20.76983,0.0002262743,0,0.9499047,0.8719019,-1.317744,37.93089,-13.10198,81.35135,0.9222959,0.844593,-1.310509,18.21863,29.0043,-9.06759,0.916204,0.8153239,-1.308244,10.58288,-8.847603E-06,0,0.9540634,0.8629877,-1.326358,0,-14.88069,1.249918,0.9443032,0.8165685,-1.298631,23.57026,26.50534,5.132555,0.930492,0.7731631,-1.30193,33.17072,-1.810721E-05,0,0.9125011,0.7550329,-1.313637,22.14837,-2.235581E-05,0,0.9580985,0.8586782,-1.335199,0,-9.012868E-06,0,0.9538255,0.8076525,-1.319634,26.85524,15.90579,-1.695698,0.9369668,0.764564,-1.327204,38.45522,-3.774542E-05,0,0.9129394,0.749856,-1.339957,25.69077,-3.005908E-05,0,0.9623812,0.85566,-1.344755,3.069245,14.87368,-2.900633,0.9611478,0.8044576,-1.342876,24.86076,3.136678,-8.304539,0.9439541,0.7648845,-1.350364,37.17358,1.591225E-05,0,0.9200746,0.7517632,-1.357795,24.83111,1.66905E-05,0,0.9662535,0.8552889,-1.353659,7.703139,29.67843,-7.043725,0.9671287,0.8084974,-1.364561,27.71049,-10.7111,-19.54958,0.9502393,0.7779601,-1.370714,30.09273,-5.628471E-06,0,0.9312556,0.7664231,-1.372331,20.08758,-1.736023E-05,0
233,0.7194128,0.9270588,-1.346838,1.454949,0.6032919,0.8559229,0.7152939,1.286803,-1.388384,-1.056473,0.4982544,1.512973,0.7139137,1.595288,-1.374871,8.280718,-1.25537,2.710361,0.6393415,0.9262463,-1.34562,-1.838773,1.330597,0.1136409,0.633714,0.4991734,-1.348329,7.925904,0.006411063,-0.07661668,0.626678,0.07559478,-1.410035,7.841774,-0.5718936,-7.447768,0.7994841,0.9278713,-1.348056,-4.515315,-2.394549,2.719446,0.7856191,0.5015715,-1.370564,2.001347,0.0003017001,0.02797646,0.7714059,0.07534534,-1.40805,4.737888,-2.591148,-5.773565,0.6451459,1.408777,-1.365369,-14.65922,-0.5819265,1.336034,0.5155784,1.406857,-1.395675,-6.575217,14.128,-45.94468,0.472589,1.152525,-1.388093,13.33126,-4.846793E-05,1.340129,0.7843027,1.410055,-1.369022,-14.72078,2.145463,-1.435587,0.9119375,1.416831,-1.40608,-0.1769387,7.829124,-47.33839,0.9514347,1.16185,-1.402214,11.9727,-7.882788E-05,-9.238844,0.4621304,0.8756291,-1.325142,4.664217,-8.876809,0.3620769,0.9636192,0.8832453,-1.347677,4.199832,-8.191336,0.3000144,0.4815387,0.8644507,-1.298669,45.29238,-12.64357,94.43951,0.5118629,0.8391832,-1.300203,16.88361,35.62908,-10.02658,0.5186957,0.8105748,-1.294389,9.10524,-7.204934E-06,0,0.4753799,0.8554545,-1.305887,0,-14.88066,1.249918,0.4898932,0.8094635,-1.279562,37.92887,22.40702,-10.79638,0.5097752,0.7697857,-1.290335,28.08735,-8.088923E-05,0,0.5285082,0.754539,-1.304689,18.74585,-6.684077E-05,0,0.4694009,0.8510503,-1.313493,0,-1.194428E-05,0,0.4757823,0.8003195,-1.297688,33.98557,12.72613,-4.672819,0.4949179,0.7591149,-1.30927,31.89669,-1.587722E-05,0,0.5163451,0.7437285,-1.325407,21.29516,-2.554046E-05,0,0.4630539,0.8479262,-1.321784,3.069245,14.87364,-2.900701,0.4634613,0.7967716,-1.318655,30.17289,-0.1631425,-2.377676,0.4820529,0.7583824,-1.328572,31.69833,4.150605E-06,0,0.5031516,0.7444364,-1.341141,21.16237,-2.505036E-06,0,0.4573128,0.847451,-1.329609,7.703165,29.67836,-7.043725,0.4529599,0.8004516,-1.338619,20.43729,-10.59784,-2.859786,0.4637267,0.7674374,-1.345674,31.15081,-1.640763E-05,0,0.4793413,0.7538162,-1.353844,20.79581,-2.636529E-05,0,0.9501628,0.8717363,-1.317862,37.92122,-13.10016,81.36449,0.9225456,0.8444416,-1.310606,18.21512,28.96208,-9.053885,0.9164215,0.8151796,-1.308335,10.58526,-1.852079E-05,0,0.9543111,0.8628184,-1.326477,0,-14.88068,1.249918,0.9445373,0.8164089,-1.298738,23.56348,26.50835,5.135913,0.9307021,0.77301,-1.302024,33.19538,-6.450309E-05,0,0.9126903,0.7548963,-1.313724,22.16488,-6.245296E-05,0,0.9583386,0.8585051,-1.335319,0,-5.383728E-06,0,0.9540423,0.8074841,-1.319746,26.87008,15.90558,-1.683769,0.9371432,0.7644098,-1.327307,38.43378,-2.797106E-05,0,0.9131036,0.7497117,-1.340048,25.67638,-3.321331E-05,0,0.9626141,0.8554831,-1.344878,3.069309,14.87368,-2.900701,0.9613495,0.8042817,-1.342991,24.87108,3.130893,-8.300589,0.9441186,0.7647218,-1.350463,37.10733,-1.060033E-05,0,0.9202393,0.7515903,-1.357878,24.78667,-8.769383E-06,0,0.9664811,0.8551084,-1.353784,7.703165,29.67842,-7.04378,0.9673209,0.8083149,-1.364681,27.32058,-10.64537,-19.61074,0.9506194,0.777671,-1.370816,30.3507,-9.000679E-06,0,0.931654,0.7661011,-1.372412,20.26025,-2.186641E-05,0
267,0.7196548,0.9270182,-1.347161,1.459649,0.6016768,0.8434873,0.7156303,1.28676,-1.388745,-1.048292,0.4678754,1.508828,0.7144251,1.595246,-1.375262,8.295904,-1.267917,2.713537,0.6395832,0.9262076,-1.34596,-1.764916,1.34542,0.1136409,0.6338444,0.4991328,-1.348084,8.033091,0.007057865,-0.07912937,0.6266959,0.07558703,-1.410002,7.871031,-0.5532835,-7.449059,0.7997264,0.9278287,-1.348361,-4.275122,-2.399078,2.722323,0.7858506,0.5014372,-1.369051,2.455351,-0.0003275612,0.03426402,0.7714161,0.07535797,-1.408091,4.943358,-2.610735,-5.775534,0.6455457,1.408774,-1.365751,-14.6584,-0.6073444,1.335595,0.5159797,1.40686,-1.396064,-6.662826,14.2005,-45.9934,0.4728148,1.152555,-1.388579,13.40251,-4.886134E-05,1.327364,0.7847034,1.409978,-1.369396,-14.73201,2.131852,-1.438038,0.912338,1.41665,-1.406474,-0.2176059,7.871554,-47.23455,0.9517832,1.161659,-1.402703,12.0048,-9.309092E-05,-9.182282,0.4624149,0.87569,-1.325483,4.669338,-8.834297,0.3609945,0.9639234,0.8830701,-1.348078,4.221924,-8.181919,0.302612,0.4818408,0.8645008,-1.299027,45.2863,-12.64229,94.45235,0.5121528,0.8392202,-1.300587,16.89162,35.60534,-10.02584,0.5189854,0.8106086,-1.294789,9.11225,-3.764455E-06,0,0.4756731,0.8555078,-1.306241,0,-14.88064,1.249918,0.4901919,0.8095076,-1.279935,37.91867,22.4129,-10.7916,0.5100445,0.7698204,-1.290728,28.09237,-6.553083E-05,0,0.5287586,0.7545671,-1.3051,18.74918,-5.027034E-05,0,0.4696865,0.8511068,-1.313843,0,-5.298157E-06,0,0.4760633,0.8003713,-1.298052,33.98402,12.72888,-4.691645,0.4951732,0.7591612,-1.309657,31.90409,7.296236E-06,0,0.5165858,0.7437732,-1.325811,21.30011,-8.876477E-07,0,0.4633317,0.8479863,-1.32213,3.069245,14.87364,-2.900633,0.4637241,0.7968311,-1.319009,30.18563,-0.1585416,-2.370008,0.4822996,0.7584416,-1.328955,31.65996,-4.614844E-06,0,0.5033761,0.7444792,-1.341544,21.13666,-5.750005E-07,0,0.4575841,0.8475142,-1.32995,7.703139,29.67835,-7.043752,0.4532079,0.8005177,-1.338964,20.4321,-10.60067,-2.874057,0.4639559,0.7674999,-1.34603,31.1632,1.329559E-05,0,0.4795625,0.7538767,-1.354212,20.8041,8.635329E-06,0,0.9504843,0.871571,-1.318251,37.9179,-13.10537,81.37729,0.9228569,0.8442941,-1.310966,18.24454,28.9433,-9.063993,0.9167137,0.8150358,-1.308699,10.60421,-4.999523E-06,0,0.9546201,0.8626501,-1.326869,0,-14.88068,1.250075,0.9448406,0.8162482,-1.29912,23.56651,26.50774,5.119253,0.9309742,0.7728583,-1.302392,33.19231,-2.727308E-05,0,0.9129391,0.7547554,-1.314073,22.16284,-2.007305E-05,0,0.9586377,0.8583339,-1.335714,0,-8.316191E-06,0,0.9543229,0.8073164,-1.320134,26.8783,15.90507,-1.66777,0.937386,0.7642546,-1.327681,38.42703,6.377693E-05,0,0.9133297,0.7495707,-1.340408,25.67186,3.797216E-05,0,0.9629036,0.8553087,-1.345276,3.069245,14.87368,-2.900768,0.9616092,0.8041081,-1.343385,24.86826,3.12632,-8.299288,0.9443485,0.7645574,-1.350837,37.08219,1.050367E-06,0,0.9204609,0.7514282,-1.358229,24.76984,8.598792E-06,0,0.9667631,0.8549311,-1.354186,7.703191,29.67842,-7.043752,0.9675654,0.8081366,-1.36508,26.99971,-10.57335,-19.62144,0.9510164,0.7774085,-1.371208,30.54491,6.788162E-06,0,0.9320686,0.7658086,-1.372795,20.39025,3.357338E-06,0
300,0.7198923,0.9269885,-1.347489,1.464334,0.5998358,0.8355626,0.7159478,1.286727,-1.389123,-1.03571,0.4421799,1.505192,0.7148997,1.595216,-1.375698,8.305792,-1.288109,2.719446,0.6398205,0.9261803,-1.346299,-1.702839,1.358606,0.1101434,0.6339784,0.4991047,-1.347926,8.121512,0.00770498,-0.08392937,0.6267216,0.07558444,-1.410006,7.893468,-0.5368363,-7.455721,0.7999641,0.9277967,-1.348678,-4.04002,-2.401777,2.723977,0.7860857,0.5013225,-1.367587,2.885341,-0.001115867,0.04845664,0.7714489,0.07538205,-1.40804,5.121549,-2.625945,-5.771596,0.6459168,1.408779,-1.36616,-14.66188,-0.5865346,1.331192,0.5163527,1.406964,-1.396487,-6.580404,14.09765,-45.92253,0.4732418,1.152651,-1.388955,13.37233,-5.267086E-05,1.431355,0.7850752,1.409919,-1.369797,-14.74472,2.15276,-1.444014,0.9127046,1.416574,-1.406896,-0.1356209,7.808891,-47.13441,0.9520118,1.161564,-1.402977,11.98035,-9.280851E-05,-9.144711,0.4627344,0.8757873,-1.325873,4.678391,-8.834708,0.3620769,0.9641621,0.8829989,-1.348233,4.275443,-8.149819,0.3045456,0.4821632,0.8645883,-1.299423,45.28658,-12.64034,94.45736,0.5124665,0.8392981,-1.300996,16.90846,35.60463,-10.03607,0.5192872,0.8106816,-1.295207,9.121303,-3.238581E-06,0,0.475991,0.8555982,-1.306637,0,-14.88064,1.249918,0.4905019,0.8095897,-1.280341,37.91483,22.41357,-10.77483,0.5103379,0.7698966,-1.291142,28.07216,-3.28102E-06,0,0.5290377,0.7546295,-1.305518,18.73567,8.81905E-07,0,0.4700012,0.8512002,-1.314239,0,-4.340959E-06,0,0.4763661,0.8004605,-1.298456,33.98987,12.7297,-4.712309,0.4954628,0.7592483,-1.310074,31.89412,1.618419E-05,0,0.5168691,0.7438543,-1.326232,21.29345,1.932738E-05,0,0.4636434,0.8480828,-1.322523,3.069245,14.87364,-2.900633,0.4640208,0.7969271,-1.319411,30.18457,-0.162926,-2.348521,0.4825833,0.7585331,-1.329363,31.65902,-3.803107E-06,0,0.5036502,0.7445651,-1.341962,21.13602,-9.958943E-06,0,0.4578938,0.8476137,-1.330343,7.703165,29.67835,-7.043752,0.453501,0.8006198,-1.339362,20.44192,-10.5972,-2.861634,0.464241,0.7676019,-1.34644,31.13864,0.0002591293,0,0.4798365,0.7539707,-1.35463,20.78764,0.0001759023,0,0.9507478,0.8714994,-1.318395,37.90928,-13.09328,81.37012,0.9231119,0.8442356,-1.311094,18.18565,28.90906,-9.023582,0.9169273,0.8149868,-1.308817,10.57382,3.430132E-06,0,0.9548662,0.8625784,-1.327021,0,-14.88067,1.249762,0.9450797,0.8161737,-1.299279,23.5207,26.50312,5.201607,0.9311962,0.7727878,-1.302531,33.34453,-4.645018E-05,0,0.9131196,0.7547432,-1.314238,22.2648,-3.013222E-05,0,0.9588699,0.8582623,-1.335873,0,-1.77857E-06,0,0.9545304,0.8072423,-1.320308,26.88413,15.90391,-1.649007,0.9375446,0.7641995,-1.327854,38.44203,0.0001075356,0,0.9134601,0.7495504,-1.340567,25.68195,6.887894E-05,0,0.9631222,0.8552372,-1.345441,3.069245,14.87368,-2.900701,0.9617872,0.8040371,-1.343569,24.83813,3.133393,-8.330248,0.944506,0.7644939,-1.351013,37.14663,8.64038E-06,0,0.920589,0.7514017,-1.358375,24.81303,6.412762E-07,0,0.9669712,0.85486,-1.354355,7.703139,29.67841,-7.043752,0.9677217,0.8080691,-1.365269,26.58005,-10.49626,-19.61481,0.9513688,0.7772347,-1.371389,31.14653,-5.068077E-06,0,0.9323719,0.7657102,-1.372938,20.79294,-1.910617E-05,0
333,0.7201217,0.9269847,-1.347826,1.46927,0.5979725,0.8320423,0.7162461,1.286721,-1.389514,-1.022399,0.4196692,1.503761,0.7153375,1.595214,-1.376169,8.297561,-1.308003,2.727926,0.6400498,0.9261791,-1.346642,-1.666009,1.371369,0.1065312,0.6341037,0.4991038,-1.347957,8.160484,0.008263487,-0.09065409,0.6267373,0.07558215,-1.410014,7.891106,-0.5205194,-7.467555,0.8001937,0.9277903,-1.349011,-3.831343,-2.404093,2.724408,0.7863097,0.5012488,-1.366331,3.2701,-0.001793537,0.05233916,0.7714893,0.07543725,-1.408054,5.273921,-2.636349,-5.761637,0.6462627,1.408805,-1.366581,-14.66162,-0.6218066,1.324708,0.5166997,1.406953,-1.39691,-6.657732,14.16331,-45.94061,0.4734935,1.152653,-1.389467,13.45638,-5.954844E-05,1.401094,0.7854216,1.409889,-1.370216,-14.75089,2.151783,-1.446992,0.9130504,1.416484,-1.407327,-0.1384764,7.833961,-47.10919,0.9523507,1.161474,-1.403329,11.95863,-0.0001010494,-9.171297,0.46314,0.8758345,-1.326161,4.670428,-8.765138,0.3571801,0.9645764,0.8829145,-1.348574,4.341042,-8.147045,0.3090104,0.4825639,0.8646275,-1.299711,45.28901,-12.63653,94.4558,0.5128602,0.8393292,-1.301287,16.92293,35.62207,-10.04917,0.5196622,0.8107077,-1.295501,9.127031,-6.282741E-06,0,0.4763898,0.8556399,-1.306926,0,-14.88063,1.249918,0.4908865,0.809625,-1.280634,37.89139,22.41848,-10.78261,0.5107017,0.7699192,-1.291427,28.12537,7.002603E-06,0,0.5294058,0.7546616,-1.305807,18.77127,-3.704551E-06,0,0.4703994,0.8512443,-1.314529,0,-1.696767E-06,0,0.4767496,0.8005013,-1.298751,34.00058,12.7305,-4.72783,0.4958408,0.759289,-1.310378,31.86729,-1.865291E-05,0,0.5172431,0.7438834,-1.32653,21.2755,-2.754743E-05,0,0.4640414,0.8481294,-1.322814,3.069309,14.87364,-2.900701,0.4644049,0.7969732,-1.319707,30.17928,-0.1586533,-2.357338,0.4829532,0.7585732,-1.329662,31.67153,6.078419E-06,0,0.504019,0.7446038,-1.342261,21.14441,5.441232E-06,0,0.4582923,0.8476626,-1.330634,7.703139,29.67834,-7.043725,0.4538875,0.8006708,-1.339658,20.43001,-10.58957,-2.890289,0.4646111,0.7676483,-1.34674,31.16572,0.0003177201,0,0.4802082,0.7540182,-1.354929,20.80578,0.0002245887,0,0.951174,0.8714155,-1.31873,37.90303,-13.09028,81.36207,0.9235217,0.8441711,-1.311418,18.16558,28.8731,-9.00307,0.9172943,0.8149308,-1.309149,10.566,3.689483E-06,0,0.9552776,0.8624941,-1.327363,0,-14.88066,1.249918,0.9454693,0.8160875,-1.299632,23.46922,26.49988,5.24146,0.9315697,0.7727054,-1.302866,33.5419,4.782327E-06,0,0.9134393,0.7547374,-1.314608,22.39699,9.107713E-06,0,0.9592707,0.8581779,-1.336219,0,1.525876E-06,0,0.9548957,0.8071558,-1.320671,26.87289,15.90446,-1.624376,0.9378717,0.7641282,-1.328218,38.53337,2.507735E-05,0,0.9137504,0.7495444,-1.340936,25.74323,2.291072E-05,0,0.963513,0.8551527,-1.345792,3.069245,14.87367,-2.900768,0.962132,0.8039531,-1.343939,24.79722,3.134341,-8.333006,0.9448349,0.7644154,-1.351376,37.25169,3.63948E-05,0,0.9208847,0.7513762,-1.358724,24.88349,3.588898E-05,0,0.9673548,0.8547754,-1.354709,7.703139,29.6784,-7.043752,0.9680539,0.8079882,-1.365641,26.26805,-10.42826,-19.57406,0.9518402,0.7770815,-1.371767,31.7049,1.865174E-05,0,0.9327816,0.7656561,-1.373293,21.16676,2.916868E-05,-0.01978234
367,0.7195485,0.9269975,-1.348451,1.474854,0.5973994,0.8332174,0.7157308,1.28673,-1.390201,-1.006194,0.3981789,1.507141,0.7149438,1.595229,-1.376964,8.276259,-1.314305,2.735951,0.6394765,0.9261929,-1.347265,-1.593113,1.330788,0.1065312,0.6338363,0.4991121,-1.347999,8.233277,0.008332568,-0.08392937,0.6267672,0.07557988,-1.410019,7.886029,-0.558592,-7.473911,0.7996204,0.9278022,-1.349637,-3.560075,-2.351238,2.723689,0.7861561,0.5011688,-1.364903,3.735492,-0.002589008,0.05934703,0.7715399,0.07549,-1.408029,5.436893,-2.592832,-5.750536,0.6457946,1.408847,-1.367298,-14.66734,-0.6257564,1.315071,0.516232,1.407025,-1.397632,-6.679935,14.16737,-46.03682,0.473022,1.152727,-1.390153,13.43719,-5.331066E-05,1.320565,0.7849537,1.409878,-1.370943,-14.76209,2.158704,-1.449694,0.9125744,1.416431,-1.40809,-0.1480375,7.842876,-46.97485,0.9518726,1.16142,-1.404137,12.01769,-8.932872E-05,-9.032418,0.4627011,0.8758854,-1.326944,4.645785,-8.76872,0.3560827,0.964072,0.8829136,-1.349107,4.319694,-8.110798,0.3064671,0.4821258,0.8646724,-1.300497,45.2919,-12.63756,94.45763,0.5124174,0.8393688,-1.302079,16.95292,35.63737,-10.07138,0.519201,0.8107418,-1.296299,9.141253,-3.77974E-06,0,0.4759487,0.8556867,-1.307712,0,-14.88063,1.250075,0.4904383,0.8096668,-1.281425,37.87492,22.42086,-10.78248,0.5102359,0.7699513,-1.292214,28.15092,-5.324526E-05,0,0.5289373,0.7546947,-1.306599,18.78836,-3.484204E-05,0,0.4699563,0.8512928,-1.315314,0,-2.000433E-06,0,0.476297,0.8005474,-1.29954,34.00785,12.7327,-4.738922,0.4953796,0.7593339,-1.311178,31.84439,3.50968E-05,0,0.5167742,0.7439172,-1.327329,21.26016,3.336594E-05,0,0.4635966,0.8481799,-1.323599,3.069245,14.87364,-2.900768,0.4639488,0.7970235,-1.320495,30.16402,-0.159517,-2.33607,0.4824791,0.7586143,-1.330449,31.71882,1.486901E-05,0,0.5035439,0.7446545,-1.34306,21.17607,6.047372E-07,0,0.4578463,0.847715,-1.331418,7.703165,29.67834,-7.043752,0.4534297,0.8007248,-1.340445,20.41634,-10.58916,-2.88344,0.4641378,0.7676973,-1.347527,31.19782,-6.441726E-05,0,0.4797342,0.7540699,-1.355722,20.82727,-4.260791E-05,0,0.9506813,0.8714247,-1.319255,37.90646,-13.08933,81.34393,0.9230417,0.8441727,-1.311923,18.14528,28.87286,-8.992348,0.9168224,0.8149322,-1.309634,10.55432,2.425861E-06,0.01978234,0.9547871,0.8625005,-1.327883,0,-14.88065,1.249918,0.945006,0.8161047,-1.300124,23.48874,26.50426,5.22431,0.9311169,0.772718,-1.303343,33.5336,-1.290964E-05,0,0.9129896,0.7547389,-1.315073,22.39145,-2.891731E-06,0,0.9587803,0.8581812,-1.336738,0,5.212116E-06,0,0.9544321,0.8071657,-1.321161,26.83349,15.90173,-1.580534,0.9374493,0.7641141,-1.328664,38.74909,0.0001600329,0,0.9132985,0.7495965,-1.341402,25.88796,0.0001203795,0,0.9630219,0.8551528,-1.34631,3.069309,14.87368,-2.900768,0.9616649,0.8039536,-1.344428,24.7751,3.122562,-8.35945,0.944395,0.7643967,-1.351826,37.31499,1.949618E-05,0,0.9204357,0.7513602,-1.359149,24.92594,1.411693E-05,0,0.966862,0.8547724,-1.355227,7.703165,29.6784,-7.043752,0.9675802,0.8079795,-1.366135,26.08791,-10.39331,-19.51185,0.9514784,0.7770104,-1.372241,32.01185,2.27784E-05,0,0.9323984,0.7656192,-1.373755,21.37227,1.286429E-05,0
400,0.7178857,0.9270301,-1.349443,1.478035,0.5999853,0.8322775,0.714085,1.28676,-1.391252,-0.9881397,0.3885233,1.507011,0.7133518,1.595266,-1.378137,8.250668,-1.316998,2.745165,0.6378138,0.9262218,-1.348258,-1.48068,1.22087,0.1065312,0.6330248,0.4991301,-1.348143,8.328787,0.007643577,-0.06852804,0.6267994,0.07556474,-1.410027,7.866092,-0.6683716,-7.46808,0.7979577,0.9278383,-1.350627,-3.24944,-2.228,2.725414,0.7854662,0.5010986,-1.363572,4.218583,-0.003129782,0.06255726,0.771602,0.07552496,-1.407966,5.576892,-2.478053,-5.745354,0.6441692,1.408896,-1.368388,-14.66928,-0.6095408,1.307909,0.5146068,1.407125,-1.398725,-6.623978,14.10635,-46.05746,0.4714723,1.152818,-1.391105,13.40959,-5.355728E-05,1.286792,0.7833285,1.409903,-1.372033,-14.77096,2.124671,-1.457234,0.9109481,1.416344,-1.409203,-0.1678588,7.891528,-46.92347,0.9502259,1.161331,-1.405171,12.021,-7.886805E-05,-8.981767,0.4611689,0.8759836,-1.327862,4.63519,-8.748102,0.354982,0.9624464,0.8828518,-1.350008,4.311162,-8.099284,0.3051875,0.4805785,0.8647656,-1.301406,45.29445,-12.63846,94.46729,0.5108671,0.8394576,-1.302975,16.98854,35.66063,-10.09896,0.5176257,0.8108252,-1.297193,9.157575,-5.864694E-06,0,0.4744032,0.8557814,-1.308624,0,-14.88065,1.250075,0.4888711,0.8097575,-1.282332,37.87352,22.4204,-10.75583,0.5086662,0.7700384,-1.293113,28.13114,-5.78565E-05,0,0.5273646,0.7547696,-1.307489,18.77513,-4.066582E-05,0,0.4684137,0.8513891,-1.31623,0,-8.616318E-06,0,0.474737,0.8006417,-1.300455,34.01276,12.73495,-4.744252,0.4938184,0.7594267,-1.312089,31.82621,2.223112E-05,0,0.5152155,0.7440002,-1.328228,21.24796,3.397639E-06,0,0.4620575,0.8482778,-1.324518,3.069309,14.87364,-2.900633,0.4623984,0.7971212,-1.321416,30.15363,-0.1495737,-2.334813,0.4809163,0.7587047,-1.331365,31.7529,-1.957517E-05,0,0.5019868,0.7447512,-1.343973,21.19887,-1.506456E-05,0,0.456311,0.8478143,-1.33234,7.703165,29.67836,-7.043725,0.4518897,0.8008254,-1.341371,20.4374,-10.58275,-2.830269,0.4626037,0.7678009,-1.348459,31.14817,-0.0001435922,0,0.4781897,0.7541626,-1.356654,20.79402,-0.0001147885,0,0.9490645,0.8713701,-1.320149,37.91697,-13.0985,81.38134,0.9214271,0.8441204,-1.312801,18.20269,28.91778,-9.034941,0.9152418,0.8148733,-1.310504,10.58277,-1.097703E-05,0,0.953171,0.8624439,-1.328775,0,-14.88067,1.249918,0.9434072,0.8160553,-1.300998,23.49571,26.50959,5.180697,0.9295272,0.7726649,-1.304205,33.5652,-4.348593E-05,0,0.9113884,0.7546925,-1.315927,22.41259,-3.597888E-05,0,0.9571635,0.8581225,-1.337629,0,-4.865449E-06,0,0.9528313,0.8071113,-1.322034,26.81307,15.89937,-1.541674,0.9358695,0.7640465,-1.329508,38.90785,0.000130484,0,0.9116952,0.7495843,-1.342264,25.99448,7.983117E-05,0,0.9614039,0.8550918,-1.347201,3.069245,14.87368,-2.900701,0.9600602,0.8038929,-1.345301,24.7599,3.113003,-8.352753,0.9428058,0.7643239,-1.35267,37.36387,1.662164E-05,0,0.9188396,0.751294,-1.359983,24.95872,1.631734E-05,0,0.9652423,0.8547091,-1.356119,7.703165,29.67842,-7.043725,0.9659702,0.8079126,-1.36701,25.91088,-10.35716,-19.50768,0.9499729,0.776887,-1.373103,32.39412,-4.10875E-06,0,0.9308546,0.7655569,-1.374592,21.62825,-5.738467E-06,0
433,0.7174049,0.9270889,-1.349935,1.477373,0.6021543,0.8228193,0.7136541,1.28682,-1.391775,-0.9755841,0.3690625,1.506232,0.7130139,1.595332,-1.378761,8.213269,-1.305199,2.746519,0.6373329,0.9262773,-1.348764,-1.44442,1.191373,0.1046783,0.6327856,0.499183,-1.348388,8.331404,0.007544615,-0.06255726,0.6268083,0.07557926,-1.410032,7.833034,-0.6982145,-7.468002,0.7974769,0.9279006,-1.351106,-3.109798,-2.190949,2.726634,0.7852972,0.5011219,-1.363024,4.426026,-0.003485805,0.06255726,0.7716539,0.07559508,-1.407932,5.617543,-2.44132,-5.736648,0.6437798,1.408985,-1.368938,-14.6667,-0.6400607,1.303713,0.5142168,1.40718,-1.39927,-6.656995,14.13704,-45.98225,0.4710073,1.152884,-1.391717,13.45967,-5.817072E-05,1.319528,0.7829394,1.409943,-1.372581,-14.78091,2.14282,-1.464468,0.9105531,1.416375,-1.409773,-0.09065409,7.840498,-46.88848,0.9497238,1.161349,-1.405558,11.98423,-8.381504E-05,-8.968611,0.4606959,0.876089,-1.328301,4.645575,-8.707565,0.3538778,0.9619628,0.8828844,-1.350324,4.313115,-8.087276,0.3039024,0.4800882,0.8648667,-1.301834,45.29948,-12.63992,94.47559,0.5103754,0.8395562,-1.303388,17.02742,35.68747,-10.12943,0.517108,0.8109181,-1.297603,9.175154,-1.363163E-05,0,0.4739156,0.8558838,-1.309056,0,-14.88067,1.250075,0.4883604,0.8098564,-1.282758,37.87365,22.42085,-10.75175,0.5081547,0.7701343,-1.293528,28.10585,-0.0001223805,0,0.526854,0.7548524,-1.307889,18.75822,-9.377696E-05,0,0.4679297,0.8514928,-1.316665,0,-1.517678E-05,0,0.4742352,0.8007437,-1.300889,34.01559,12.73497,-4.758723,0.4933177,0.7595269,-1.312515,31.80983,-7.442002E-07,0,0.5147214,0.7440913,-1.328636,21.23703,-1.77672E-05,0,0.4615777,0.8483829,-1.324958,3.069309,14.87365,-2.900768,0.4619081,0.7972261,-1.321857,30.16943,-0.1525907,-2.335819,0.4804351,0.7588127,-1.331801,31.70142,-3.064875E-05,0,0.5015042,0.7448409,-1.344392,21.16443,-3.055714E-05,0,0.4558357,0.8479206,-1.332783,7.703165,29.67838,-7.043752,0.4514117,0.8009328,-1.341818,20.43719,-10.58829,-2.832689,0.4621256,0.7679065,-1.348897,31.1461,0.0003081323,0,0.4777145,0.7542652,-1.357083,20.79264,0.0001961965,0,0.9486,0.8714051,-1.320455,37.91183,-13.1072,81.40316,0.9209679,0.8441572,-1.31308,18.25299,28.88467,-9.051932,0.9147777,0.8149104,-1.310794,10.61528,-7.061878E-06,0,0.9527008,0.8624782,-1.329084,0,-14.88067,1.250075,0.9429544,0.8160919,-1.301297,23.50582,26.50974,5.183003,0.9290664,0.7727035,-1.304496,33.58307,-1.622861E-05,0,0.9109153,0.7547401,-1.316213,22.42458,-1.288724E-05,0,0.9566875,0.8581561,-1.33794,0,-3.45938E-06,0,0.9523648,0.8071461,-1.322338,26.82014,15.89646,-1.539641,0.9353922,0.7640833,-1.329798,38.97425,0.0001165026,0,0.9111941,0.7496552,-1.342548,26.03903,7.515492E-05,0,0.9609218,0.8551246,-1.347514,3.069245,14.87368,-2.900633,0.9595788,0.8039259,-1.345609,24.74976,3.112827,-8.370273,0.9423256,0.7643532,-1.352962,37.40379,1.234501E-05,0,0.9183462,0.7513356,-1.360253,24.98549,1.041066E-05,0,0.9647545,0.8547413,-1.356435,7.703139,29.67842,-7.04378,0.9654748,0.8079439,-1.367322,25.76276,-10.33724,-19.47629,0.9495535,0.7768757,-1.373398,32.77565,-2.542363E-06,0,0.9303871,0.7656232,-1.374856,21.88375,-1.102772E-05,0
467,0.716933,0.927171,-1.350477,1.47565,0.6013176,0.806971,0.713203,1.286904,-1.392342,-0.9638805,0.3663332,1.501547,0.7125804,1.595421,-1.379422,8.180141,-1.309139,2.738168,0.6368606,0.92636,-1.349328,-1.439263,1.158916,0.09891172,0.6325525,0.4992632,-1.348932,8.265933,0.007673424,-0.06255726,0.6268284,0.07558307,-1.410074,7.763365,-0.7248677,-7.463874,0.7970054,0.927982,-1.351626,-3.007717,-2.153974,2.730221,0.7851123,0.5011753,-1.362805,4.54993,-0.003599813,0.05934703,0.7717068,0.07566014,-1.407895,5.613355,-2.409075,-5.733333,0.6433327,1.409076,-1.369535,-14.66607,-0.6400645,1.300407,0.5137718,1.407272,-1.399876,-6.662914,14.14435,-45.99416,0.4705388,1.152981,-1.392285,13.46118,-5.73464E-05,1.312092,0.7824927,1.410027,-1.373168,-14.78678,2.136896,-1.473393,0.9101065,1.416432,-1.410364,-0.1119058,7.862772,-46.83735,0.9493056,1.161409,-1.406189,11.99753,-9.347497E-05,-9.006887,0.4602141,0.8761958,-1.328828,4.646291,-8.696074,0.3533245,0.9615869,0.8829546,-1.350916,4.30111,-8.08403,0.3045456,0.4796048,0.86497,-1.302362,45.30012,-12.64177,94.51199,0.5098887,0.8396555,-1.303916,17.09399,35.70113,-10.17396,0.5165966,0.8110109,-1.298134,9.20906,-3.880346E-06,0,0.4734307,0.8559881,-1.309584,0,-14.88064,1.249918,0.4878683,0.8099579,-1.283287,37.84745,22.42733,-10.73858,0.5076433,0.7702232,-1.294047,28.17196,2.474651E-05,0,0.5263456,0.7549551,-1.308418,18.80244,2.053628E-05,0,0.4674441,0.8515983,-1.317193,0,-5.877692E-06,0,0.4737416,0.8008479,-1.301418,34.01393,12.73604,-4.762097,0.4928161,0.7596276,-1.313045,31.81059,8.944648E-07,0,0.5142175,0.7441885,-1.329166,21.2375,-3.583485E-07,0,0.4610916,0.8484896,-1.325486,3.069309,14.87364,-2.900768,0.4614138,0.7973326,-1.322386,30.14891,-0.1479163,-2.34652,0.4799215,0.7589089,-1.332326,31.76278,-1.305761E-05,0,0.5009971,0.7449515,-1.344922,21.20551,-1.469361E-05,0,0.4553494,0.8480284,-1.33331,7.703165,29.67835,-7.04378,0.4509179,0.8010414,-1.342347,20.42556,-10.58173,-2.886697,0.4616188,0.7680113,-1.349428,31.17045,3.803269E-06,0,0.477212,0.754371,-1.357607,20.80894,-5.461484E-06,0,0.9482722,0.8714817,-1.321023,37.91977,-13.10204,81.38055,0.9206505,0.8442354,-1.313604,18.21511,28.90997,-9.039247,0.9144678,0.814989,-1.31129,10.59074,-2.533213E-06,0,0.9523597,0.8625529,-1.329656,0,-14.88067,1.250075,0.94266,0.8161727,-1.301842,23.54308,26.51672,5.159284,0.9287521,0.7727897,-1.305029,33.52964,2.176715E-05,0,0.9105873,0.7548154,-1.316708,22.38881,1.853428E-05,0,0.9563327,0.858229,-1.338518,0,-3.145478E-06,0,0.9520375,0.8072225,-1.322896,26.85308,15.89497,-1.564981,0.9350345,0.7641672,-1.330331,38.94282,-2.534883E-05,0,0.910814,0.7497352,-1.343034,26.01794,-2.561289E-05,0,0.9605519,0.8551954,-1.348098,3.069245,14.87368,-2.900633,0.9592146,0.803997,-1.346179,24.74699,3.112164,-8.388083,0.9419535,0.7644208,-1.353493,37.41968,1.765678E-05,0,0.9179587,0.7514056,-1.360738,24.99616,1.912391E-05,0,0.9643704,0.8548102,-1.357024,7.703139,29.67841,-7.043752,0.965076,0.8080102,-1.367902,25.74443,-10.32678,-19.46301,0.9491579,0.7769349,-1.373949,32.8409,2.260052E-05,0,0.9299808,0.7656965,-1.375375,21.92745,1.680049E-05,0
500,0.7164575,0.9272628,-1.350935,1.474854,0.599116,0.7952467,0.7127193,1.286996,-1.392842,-0.9468806,0.3754899,1.496979,0.7120568,1.595518,-1.380025,8.169574,-1.319442,2.728931,0.6363848,0.9264544,-1.349802,-1.456294,1.125265,0.1027921,0.6323115,0.4993552,-1.349545,8.159114,0.006885379,-0.05595291,0.62685,0.075578,-1.410034,7.673553,-0.7483953,-7.4573,0.7965301,0.9280712,-1.352067,-2.950881,-2.117692,2.730221,0.7849017,0.5012467,-1.362837,4.601386,-0.003725894,0.0656106,0.7717441,0.075721,-1.4079,5.584828,-2.379569,-5.732376,0.6428278,1.409164,-1.370077,-14.67218,-0.6093071,1.292255,0.5132717,1.407402,-1.400441,-6.657172,14.13133,-46.03489,0.4700193,1.153115,-1.392819,13.46582,-5.770034E-05,1.289982,0.781988,1.410136,-1.373698,-14.78599,2.109372,-1.485958,0.9096071,1.416486,-1.410886,-0.1297215,7.904079,-46.86116,0.9488428,1.161471,-1.406614,11.9854,-8.815747E-05,-9.090424,0.4597146,0.8763374,-1.329327,4.639288,-8.683558,0.3522151,0.961169,0.8830256,-1.351302,4.276542,-8.09839,0.302612,0.4791057,0.8651084,-1.302863,45.2937,-12.64156,94.5658,0.5093828,0.8397857,-1.304416,17.16032,35.68294,-10.21057,0.516076,0.8111362,-1.298642,9.246584,-6.823283E-06,0,0.4729293,0.8561276,-1.310084,0,-14.88063,1.249918,0.487361,0.8100951,-1.283787,37.84063,22.43131,-10.72978,0.5071232,0.7703538,-1.294546,28.18524,6.966151E-06,0,0.5258207,0.7550844,-1.308923,18.81132,8.785495E-06,0,0.4669413,0.8517387,-1.317693,0,-2.109194E-06,0,0.473231,0.8009874,-1.301917,34.01023,12.73959,-4.766003,0.4922934,0.7597618,-1.313545,31.82215,1.116081E-05,0,0.5136919,0.7443224,-1.329669,21.24526,4.714289E-06,0,0.4605874,0.848631,-1.325984,3.069309,14.87364,-2.900701,0.4609008,0.7974741,-1.322884,30.12815,-0.1443196,-2.379486,0.4793879,0.7590392,-1.332819,31.82466,3.847362E-05,0,0.5004718,0.7450957,-1.345416,21.24695,3.179928E-05,0,0.4548445,0.8481708,-1.333809,7.703139,29.67834,-7.043697,0.4504037,0.8011845,-1.342844,20.42282,-10.57728,-2.90097,0.4610954,0.7681519,-1.349927,31.17899,0.0004804341,0,0.4766871,0.7545104,-1.358107,20.81466,0.0003408648,0,0.9478875,0.8715665,-1.32139,37.91953,-13.1004,81.3572,0.920281,0.8443165,-1.313927,18.18765,28.89862,-9.021731,0.9140974,0.8150724,-1.311589,10.57611,-7.975349E-06,0,0.9519687,0.8626338,-1.330022,0,-14.88067,1.249918,0.9423093,0.816267,-1.302171,23.57711,26.52316,5.165736,0.928394,0.7728849,-1.305337,33.47441,-7.855247E-06,0,0.9102318,0.754889,-1.316987,22.3518,2.316702E-07,0,0.9559338,0.8583058,-1.338885,0,-1.668417E-06,0,0.9516678,0.8073072,-1.32323,26.87077,15.89648,-1.563604,0.9346584,0.7642485,-1.33063,38.94279,9.378196E-05,0,0.9104268,0.7498107,-1.343305,26.01791,5.779295E-05,0,0.9601442,0.8552678,-1.348467,3.069245,14.87368,-2.900701,0.9588224,0.8040702,-1.346517,24.74898,3.110828,-8.391056,0.9415627,0.7644859,-1.353791,37.42039,1.376377E-05,0,0.917563,0.7514614,-1.361003,24.99664,1.745528E-05,0,0.9639537,0.8548784,-1.357397,7.703165,29.67841,-7.043725,0.9646606,0.8080724,-1.368249,25.75569,-10.32698,-19.4629,0.9487388,0.7769926,-1.374263,32.81987,2.10943E-05,0,0.9295651,0.7657451,-1.375665,21.91339,1.869209E-05,0
533,0.7160405,0.9273456,-1.351323,1.477373,0.6008016,0.7878303,0.7122965,1.287077,-1.393281,-0.9310421,0.3771635,1.491741,0.7116207,1.595602,-1.380549,8.169358,-1.315757,2.729074,0.6359677,0.9265347,-1.3502,-1.478167,1.100064,0.1136409,0.6320938,0.4994336,-1.350089,8.066307,0.006687624,-0.05233916,0.6268579,0.07557666,-1.410038,7.598921,-0.7636983,-7.448137,0.7961133,0.9281566,-1.352446,-2.938849,-2.091141,2.72606,0.7846991,0.5013237,-1.363112,4.569904,-0.003507155,0.05934703,0.7717779,0.07575521,-1.407838,5.520451,-2.355162,-5.732512,0.6423996,1.40925,-1.370557,-14.67716,-0.6183615,1.284356,0.5128493,1.407454,-1.400944,-6.640093,14.13218,-46.07528,0.4696529,1.153163,-1.393171,13.4086,-5.411554E-05,1.263001,0.7815601,1.410225,-1.374166,-14.78961,2.13316,-1.492921,0.9091777,1.416623,-1.41135,-0.04423466,7.812208,-46.66297,0.9483305,1.161596,-1.407013,11.95072,-0.0001029793,-8.89775,0.4592766,0.8763685,-1.329763,4.630877,-8.701031,0.3522151,0.9608316,0.8831651,-1.351669,4.293864,-8.119884,0.3051875,0.4786632,0.8651369,-1.303296,45.28835,-12.64282,94.58763,0.5089347,0.839807,-1.304843,17.19314,35.66768,-10.22718,0.5156186,0.8111544,-1.299074,9.265883,-7.066988E-06,0,0.4724859,0.856157,-1.310518,0,-14.88063,1.250075,0.4869072,0.8101228,-1.284218,37.83799,22.43625,-10.71937,0.5066593,0.770376,-1.294976,28.18244,-0.0001036776,0,0.5253517,0.7550998,-1.309351,18.80944,-8.276941E-05,0,0.4664978,0.8517689,-1.318127,0,-2.010397E-06,0,0.4727772,0.801017,-1.302349,34.01234,12.74338,-4.759299,0.4918321,0.7597881,-1.313977,31.82818,-7.645884E-06,0,0.5132284,0.7443476,-1.330104,21.24931,-5.027904E-06,0,0.4601442,0.8486621,-1.326419,3.069245,14.87364,-2.900701,0.4604482,0.7975051,-1.323317,30.11713,-0.1421174,-2.389828,0.4789224,0.7590625,-1.333246,31.86036,2.75284E-05,0,0.5000108,0.7451254,-1.345843,21.27086,9.318969E-06,0,0.4544018,0.8482026,-1.334244,7.703114,29.67834,-7.043752,0.4499536,0.8012168,-1.343278,20.41224,-10.57339,-2.91215,0.4606335,0.7681798,-1.350359,31.20401,0.00012842,0,0.4762271,0.7545397,-1.358537,20.8314,9.054456E-05,0,0.9475564,0.8717144,-1.32175,37.91999,-13.11217,81.3776,0.9199535,0.8444664,-1.314267,18.24767,28.88539,-9.049305,0.9137768,0.8152203,-1.311935,10.61211,-1.261836E-05,0,0.9516379,0.8627793,-1.330379,0,-14.88068,1.249918,0.9419904,0.8164209,-1.302511,23.61627,26.52678,5.124532,0.9280623,0.7730429,-1.305678,33.38972,4.838592E-06,0,0.9099079,0.7550223,-1.317302,22.29506,-3.645826E-06,0,0.9556025,0.8584488,-1.339241,0,-6.960647E-06,0,0.9513475,0.8074551,-1.323567,26.89199,15.89969,-1.567729,0.9343326,0.7643973,-1.330961,38.94509,9.721554E-05,0,0.9100979,0.7499615,-1.343632,26.01947,6.213801E-05,0,0.9598119,0.8554081,-1.348823,3.069245,14.87368,-2.900701,0.9584992,0.804211,-1.346855,24.73284,3.109875,-8.374495,0.9412553,0.7646159,-1.354107,37.47616,1.847266E-06,0,0.9172486,0.7516024,-1.361315,25.03405,2.61417E-06,0,0.9636203,0.8550162,-1.357754,7.703165,29.67842,-7.043752,0.9643337,0.8082064,-1.368589,25.78213,-10.33891,-19.4613,0.9484007,0.777129,-1.374586,32.74244,-7.527241E-06,0,0.9292385,0.7658615,-1.375983,21.8615,-1.90537E-05,0
567,0.7156907,0.9274127,-1.351726,1.483981,0.6033304,0.7788376,0.7119558,1.287139,-1.393729,-0.923021,0.3726509,1.484904,0.7112938,1.595666,-1.381034,8.17546,-1.305788,2.738025,0.6356179,0.926598,-1.350616,-1.482925,1.080259,0.1186941,0.6319117,0.4994954,-1.350496,8.012487,0.006510493,-0.05233916,0.6268629,0.0755789,-1.410038,7.541398,-0.7718781,-7.443051,0.7957636,0.9282274,-1.352836,-2.923957,-2.07021,2.723905,0.7845293,0.5013859,-1.363348,4.556082,-0.003397647,0.05934703,0.7718016,0.07578483,-1.407819,5.469595,-2.336133,-5.731931,0.6420661,1.409321,-1.371029,-14.68166,-0.6475911,1.283137,0.5125228,1.407464,-1.401443,-6.728494,14.23242,-46.15709,0.4691998,1.153194,-1.393677,13.43372,-4.931242E-05,1.179188,0.7812269,1.410284,-1.374622,-14.79173,2.13145,-1.487932,0.9088482,1.416663,-1.411797,-0.05595291,7.826315,-46.64088,0.9480259,1.16164,-1.407426,11.96092,-0.000100489,-8.922864,0.4588309,0.8764089,-1.330227,4.626138,-8.689339,0.3522151,0.9605426,0.8832278,-1.351993,4.307481,-8.106206,0.3045456,0.4782146,0.8651752,-1.303759,45.28266,-12.63643,94.5881,0.5084785,0.8398363,-1.305305,17.1952,35.65483,-10.22532,0.5151582,0.8111818,-1.29954,9.268513,-1.721159E-05,0,0.4720363,0.856196,-1.310981,0,-14.88062,1.250075,0.4864493,0.8101605,-1.284679,37.83575,22.44069,-10.71469,0.5061924,0.7704087,-1.295435,28.17277,-9.689797E-05,0,0.5248795,0.7551238,-1.309808,18.80299,-6.165016E-05,0,0.4660479,0.8518085,-1.31859,0,5.218468E-07,0,0.4723188,0.8010562,-1.30281,34.01504,12.74589,-4.755964,0.4913679,0.7598248,-1.314439,31.83105,3.130204E-05,0,0.5127621,0.7443829,-1.330567,21.25122,1.744714E-05,0,0.4596941,0.8487024,-1.326882,3.069309,14.87364,-2.900701,0.4599903,0.7975456,-1.323779,30.11646,-0.1363585,-2.418647,0.4784563,0.7590992,-1.333709,31.863,1.295046E-05,0,0.4995463,0.7451595,-1.3463,21.27262,8.567035E-06,0,0.4539521,0.8482435,-1.334707,7.703191,29.67834,-7.043725,0.4494972,0.8012581,-1.34374,20.42505,-10.58028,-2.880384,0.460181,0.7682219,-1.350819,31.17214,-3.417682E-05,0,0.4757671,0.7545735,-1.358998,20.81007,-2.289705E-05,0,0.9472849,0.871781,-1.322065,37.91768,-13.11315,81.38877,0.9196823,0.8445383,-1.314562,18.25529,28.86613,-9.047915,0.9134946,0.8152947,-1.312227,10.61852,-8.850832E-06,0.02797646,0.9513588,0.8628448,-1.330697,0,-14.88068,1.249762,0.9417203,0.8164893,-1.302821,23.66291,26.53125,5.147269,0.9277578,0.7731233,-1.305999,33.26941,-1.716227E-05,0,0.9096161,0.7550753,-1.317599,22.21446,-1.823777E-05,0,0.9553166,0.8585131,-1.339561,0,-4.698984E-06,0,0.9510616,0.8075208,-1.323883,26.92129,15.90303,-1.586959,0.9340162,0.7644751,-1.331276,38.91043,-4.078001E-05,0,0.9097705,0.7500408,-1.343928,25.99621,-3.003606E-05,0,0.959519,0.8554711,-1.349146,3.069181,14.87368,-2.900633,0.9581971,0.8042743,-1.347175,24.72569,3.111621,-8.35153,0.9409453,0.7646801,-1.354414,37.50524,1.723474E-05,0,0.9169281,0.7516811,-1.361613,25.05353,5.785306E-06,0,0.9633214,0.8550781,-1.358079,7.703139,29.67842,-7.043752,0.964018,0.8082678,-1.368913,25.79338,-10.34092,-19.4721,0.9480684,0.7771965,-1.374898,32.70238,1.449755E-05,0,0.9289089,0.7659231,-1.376283,21.83469,1.099502E-05,0
600,0.7153503,0.9274732,-1.352121,1.495279,0.60568,0.7638705,0.7116037,1.287191,-1.394184,-0.916212,0.3775416,1.483189,0.7109169,1.595716,-1.381495,8.209133,-1.30745,2.743025,0.6352772,0.9266549,-1.351032,-1.486089,1.060574,0.1119058,0.6317378,0.4995509,-1.350855,7.976293,0.006741833,-0.05233916,0.6268613,0.075587,-1.410073,7.493917,-0.7796724,-7.444974,0.7954235,0.9282915,-1.353211,-2.885884,-2.047462,2.72807,0.7843857,0.5014361,-1.36336,4.599555,-0.00334626,0.05595291,0.7718421,0.07582548,-1.407792,5.448308,-2.315937,-5.729434,0.6417028,1.40937,-1.371502,-14.6996,-0.6395244,1.282984,0.5121699,1.407517,-1.401959,-6.656141,14.16119,-46.0817,0.4689742,1.153228,-1.39412,13.39032,-5.62409E-05,1.284661,0.7808638,1.410344,-1.37509,-14.78031,2.119682,-1.478167,0.9084944,1.416702,-1.412237,-0.07132626,7.851531,-46.65463,0.9477216,1.161688,-1.407789,11.97722,-8.803053E-05,-9.001476,0.4585253,0.8764393,-1.330699,4.629228,-8.7022,0.3516591,0.9602253,0.8833025,-1.35222,4.302248,-8.096766,0.3045456,0.4779069,0.865205,-1.30423,45.28029,-12.63216,94.57168,0.5081663,0.8398606,-1.305775,17.18664,35.65346,-10.21968,0.5148423,0.8112049,-1.300011,9.264102,-2.391545E-06,0,0.4717279,0.8562261,-1.311452,0,-14.88064,1.250075,0.4861352,0.8101905,-1.285147,37.81385,22.44942,-10.70138,0.5058618,0.7704276,-1.295892,28.22488,-8.633847E-05,0,0.5245505,0.755152,-1.310273,18.83783,-5.958652E-05,0,0.4657393,0.8518388,-1.319061,0,-7.669145E-06,0,0.4720044,0.8010867,-1.303278,34.01631,12.74586,-4.754769,0.4910504,0.7598532,-1.314905,31.83143,2.594664E-05,0,0.5124436,0.7444089,-1.331032,21.25147,1.711499E-05,0,0.4593856,0.8487329,-1.327353,3.069245,14.87365,-2.900701,0.4596764,0.7975762,-1.324247,30.13407,-0.1386555,-2.39212,0.4781494,0.7591341,-1.33418,31.8138,2.014023E-05,0,0.4992289,0.7451778,-1.346771,21.23966,5.116106E-06,-0.02797646,0.4536439,0.8482742,-1.335178,7.703191,29.67835,-7.043752,0.4491844,0.8012888,-1.344209,20.42098,-10.57348,-2.881879,0.4598611,0.7682504,-1.351288,31.18266,0.0003453528,0,0.4754466,0.7546021,-1.359468,20.81712,0.0002330831,0,0.9469923,0.8718688,-1.322276,37.92484,-13.10678,81.39306,0.919392,0.8446317,-1.314744,18.22342,28.89787,-9.040159,0.9132132,0.815389,-1.312375,10.59682,3.077439E-08,0,0.9510583,0.8629287,-1.330907,0,-14.88068,1.249918,0.9414404,0.8165854,-1.303004,23.64874,26.53758,5.139727,0.9274828,0.7732155,-1.30615,33.32506,-1.744531E-06,0,0.9093205,0.7551802,-1.317738,22.25175,3.365636E-06,0,0.9550083,0.8585932,-1.339773,0,-4.903754E-06,0,0.9507632,0.8076077,-1.32407,26.95052,15.90448,-1.597039,0.9336912,0.764569,-1.331443,38.86718,-2.567237E-05,0,0.9094371,0.7501239,-1.344067,25.96719,-2.974631E-05,0,0.9592024,0.855547,-1.34936,3.069309,14.87368,-2.900768,0.9578787,0.8043512,-1.347367,24.74075,3.102591,-8.340378,0.9406059,0.76476,-1.354572,37.46552,1.737943E-05,0,0.9165872,0.7517495,-1.361746,25.0269,-3.626215E-06,0,0.9629971,0.85515,-1.358297,7.703165,29.67842,-7.04378,0.9636814,0.8083352,-1.369111,25.84277,-10.34175,-19.47331,0.9476987,0.7772769,-1.375075,32.56748,1.612206E-05,0,0.9285545,0.765976,-1.376449,21.74435,2.148079E-05,0
633,0.7147837,0.9275162,-1.352484,1.509088,0.6062998,0.7444103,0.7110246,1.287224,-1.394629,-0.9037398,0.3860579,1.500113,0.7103108,1.595745,-1.38193,8.290174,-1.323222,2.730652,0.6347102,0.9266965,-1.351421,-1.475384,1.023111,0.08156469,0.6314594,0.4995904,-1.351068,7.965826,0.005853827,-0.04423466,0.6268696,0.07558814,-1.410034,7.456247,-0.8119878,-7.452983,0.7948571,0.9283359,-1.353547,-2.851217,-2.007122,2.757686,0.7841352,0.5014642,-1.363346,4.64646,-0.003168862,0.05233916,0.7718815,0.07584509,-1.407776,5.437542,-2.272388,-5.709044,0.6411117,1.409397,-1.371953,-14.74598,-0.6479381,1.275028,0.5115952,1.4075,-1.402477,-6.630459,14.14025,-46.02071,0.4684907,1.153195,-1.394631,13.3926,-5.318194E-05,1.393391,0.7802714,1.410392,-1.375582,-14.73206,2.097594,-1.452661,0.9079237,1.416708,-1.412661,-0.1813082,7.946903,-46.50954,0.9473993,1.161731,-1.408321,12.23733,-9.390813E-05,-8.881219,0.458059,0.8764236,-1.331134,4.632104,-8.690513,0.3516591,0.9595972,0.8835378,-1.351728,4.298514,-7.977776,0.3000144,0.4774459,0.8651897,-1.304669,45.28122,-12.62834,94.54126,0.5077023,0.8398422,-1.306221,17.16777,35.66972,-10.21198,0.5143737,0.8111857,-1.300457,9.25213,-1.584928E-05,0,0.4712646,0.8562107,-1.311888,0,-14.88063,1.249762,0.4856747,0.8101759,-1.285584,37.81087,22.44993,-10.72084,0.5053946,0.7704098,-1.296329,28.2226,-3.799314E-05,0,0.5240813,0.7551304,-1.310708,18.83632,-2.52009E-05,0,0.4652739,0.8518234,-1.319496,0,-3.397634E-06,0,0.4715391,0.8010719,-1.303711,34.01525,12.74769,-4.754274,0.4905779,0.7598357,-1.31534,31.83681,2.124138E-05,0,0.5119664,0.7443907,-1.331472,21.25507,1.933733E-05,0,0.4589181,0.8487174,-1.327786,3.069245,14.87364,-2.900633,0.4592059,0.7975609,-1.324677,30.13945,-0.1385156,-2.37504,0.4776767,0.7591186,-1.334614,31.80046,3.538075E-05,0,0.4987482,0.7451564,-1.347211,21.23074,2.007769E-05,0,0.4531744,0.8482586,-1.33561,7.703165,29.67835,-7.043752,0.4487095,0.8012729,-1.344637,20.43577,-10.58624,-2.83966,0.4593933,0.7682361,-1.351713,31.14649,7.326762E-05,0,0.4749696,0.7545798,-1.359897,20.7929,5.13714E-05,0,0.9463459,0.872158,-1.321772,37.94293,-13.10629,81.36484,0.91873,0.8449438,-1.314214,18.19806,28.96652,-9.0462,0.9125654,0.815703,-1.311786,10.57498,-7.262326E-06,0,0.9504157,0.8632024,-1.330385,0,-14.88067,1.250075,0.9407766,0.816909,-1.302406,23.66103,26.53532,5.127323,0.9268081,0.773538,-1.305488,33.30209,-6.704714E-05,0,0.9086508,0.7554805,-1.31705,22.23636,-5.752361E-05,0,0.9543703,0.8588508,-1.339241,0,-2.57199E-06,0,0.9501104,0.8078933,-1.323451,26.97147,15.90531,-1.609976,0.933025,0.7648503,-1.330768,38.8359,6.290656E-06,0,0.908778,0.7503806,-1.343377,25.9462,2.238505E-06,0,0.9585695,0.8557875,-1.348821,3.069245,14.87368,-2.900701,0.9572387,0.8045953,-1.346739,24.76102,3.102291,-8.362339,0.9399524,0.7650002,-1.35389,37.40879,-1.164741E-06,0,0.9159433,0.7519636,-1.361048,24.98884,-1.656471E-05,0,0.9623693,0.8553745,-1.357754,7.703165,29.67842,-7.04378,0.9630542,0.8085407,-1.368487,25.85322,-10.33828,-19.48211,0.9470664,0.777477,-1.374409,32.5145,5.500639E-07,0,0.9279305,0.7661616,-1.375778,21.70887,-1.18026E-05,0
667,0.7142491,0.927528,-1.352798,1.51659,0.5991905,0.7225344,0.7104249,1.28723,-1.395102,-0.8547791,0.4260166,1.520714,0.7095699,1.59575,-1.38254,8.42625,-1.39623,2.723905,0.6341751,0.9267176,-1.351766,-1.439942,0.9793233,0.03956468,0.6312053,0.4996098,-1.351101,8.00359,0.00485979,-0.04423466,0.6268812,0.07560036,-1.410035,7.448453,-0.8546198,-7.466004,0.7943231,0.9283384,-1.35383,-2.828332,-1.961336,2.826947,0.7838998,0.5014545,-1.363412,4.66854,-0.002412167,0.04845664,0.7719119,0.07582214,-1.40779,5.433901,-2.221702,-5.66109,0.640434,1.409373,-1.372506,-14.83113,-0.6388858,1.23337,0.5109531,1.407383,-1.403175,-6.624777,14.15872,-45.94819,0.4678983,1.15307,-1.395347,13.43373,-5.723177E-05,1.488589,0.7795917,1.410463,-1.376185,-14.66715,2.023492,-1.373731,0.9072759,1.416663,-1.413173,-0.612617,8.265862,-46.41856,0.9474231,1.161783,-1.40933,13.19139,-8.527447E-05,-7.977179,0.4575063,0.8763497,-1.331618,4.643002,-8.641903,0.3505445,0.9579141,0.8842433,-1.349291,4.248607,-7.602427,0.2811602,0.4768745,0.8651165,-1.305139,45.28531,-12.62492,94.5013,0.507131,0.839768,-1.306672,17.14448,35.6972,-10.20419,0.513791,0.8111105,-1.300899,9.236419,-4.758842E-06,0,0.4706977,0.8561373,-1.312362,0,-14.88063,1.250075,0.4850876,0.8101034,-1.286045,37.81262,22.44689,-10.71302,0.5048153,0.7703367,-1.296773,28.20296,5.180569E-05,0,0.5235078,0.7550484,-1.311136,18.82317,4.130969E-05,0,0.4647121,0.8517498,-1.319973,0,-1.293422E-06,0,0.4709639,0.800999,-1.304181,34.01443,12.74906,-4.756128,0.4900075,0.7597607,-1.315794,31.83879,6.593653E-06,0,0.5114065,0.7443142,-1.331911,21.25638,2.840992E-06,0,0.4583617,0.8486437,-1.328268,3.069373,14.87364,-2.900633,0.4586449,0.7974873,-1.325155,30.16935,-0.1460293,-2.363557,0.4771402,0.7590548,-1.335084,31.70734,-1.258184E-05,0,0.4982069,0.7450638,-1.347657,21.16839,-2.844351E-05,0,0.4526234,0.8481846,-1.336096,7.703191,29.67834,-7.043752,0.4481624,0.8011986,-1.345122,20.41246,-10.57845,-2.85156,0.4588354,0.768156,-1.352187,31.20503,7.74852E-05,0,0.4744242,0.7545093,-1.360364,20.83209,5.813367E-05,0,0.9441834,0.8730335,-1.319487,38.01946,-13.09139,81.381,0.9164338,0.8458678,-1.312251,18.13942,29.34008,-9.11973,0.910388,0.8166153,-1.30967,10.50185,-1.058131E-05,0,0.9483989,0.8640295,-1.327979,0,-14.88068,1.249918,0.9383349,0.8178977,-1.299883,23.69372,26.52014,5.19486,0.924422,0.7745067,-1.302936,33.23013,-3.666472E-05,0,0.9064859,0.7563481,-1.314683,22.18816,-3.883987E-05,0,0.9525002,0.8596278,-1.336743,0,-5.835498E-06,0,0.9480164,0.8087628,-1.320719,26.99445,15.90847,-1.625219,0.9310678,0.7656709,-1.328065,38.77463,1.957506E-05,0,0.9070464,0.7510892,-1.340973,25.90508,6.520648E-07,0,0.956857,0.8565102,-1.346234,3.069245,14.87368,-2.900633,0.9555257,0.8053305,-1.343867,24.86533,3.07508,-8.396647,0.9383096,0.7657143,-1.35107,37.06214,1.366118E-06,0,0.91448,0.752512,-1.358518,24.75637,-1.032624E-05,0,0.9608022,0.8560464,-1.355102,7.703165,29.67842,-7.04378,0.9616925,0.8091497,-1.36554,25.93542,-10.39762,-19.44436,0.9457712,0.7780609,-1.37151,32.23097,-1.435979E-05,0,0.9267051,0.7666613,-1.373133,21.51901,-1.733166E-05,0
700,0.7140043,0.9275218,-1.352951,1.505582,0.5715349,0.6915378,0.7101521,1.287232,-1.39539,-0.7880787,0.4826456,1.545857,0.709089,1.595751,-1.383037,8.587576,-1.492198,2.72297,0.6339294,0.9267487,-1.351963,-1.420238,0.9353413,0,0.6310889,0.4996401,-1.351242,7.978015,0.003056356,-0.03956468,0.6268981,0.07559544,-1.409932,7.412063,-0.8833252,-7.472362,0.7940792,0.928295,-1.353938,-2.789796,-1.915062,2.936983,0.7838098,0.501403,-1.363328,4.710521,-0.001133661,0.04845664,0.7719191,0.07578027,-1.407824,5.465939,-2.185441,-5.589283,0.6400494,1.409331,-1.372907,-14.972,-0.5709894,1.171028,0.5106301,1.40734,-1.403835,-6.474841,14.04811,-45.77776,0.4677306,1.153003,-1.395921,13.41697,-5.315118E-05,1.68818,0.7792045,1.410555,-1.376647,-14.65356,1.958566,-1.192226,0.9068816,1.416689,-1.413671,-1.725217,8.949707,-45.88191,0.9486617,1.162046,-1.412226,16.31287,-8.416732E-05,-5.453305,0.4571778,0.8763377,-1.33198,4.676422,-8.610731,0.3527702,0.9534394,0.8868662,-1.341542,3.980002,-6.765147,0.234068,0.4765005,0.8651053,-1.305467,45.28354,-12.61933,94.48997,0.5067567,0.8397533,-1.30695,17.13913,35.69725,-10.20095,0.5134043,0.8110949,-1.301168,9.233588,-7.287769E-06,0,0.4703358,0.856126,-1.312701,0,-14.88064,1.250075,0.4846793,0.810093,-1.286356,37.79976,22.45107,-10.70517,0.5044171,0.7703202,-1.297044,28.22111,-4.551225E-05,0,0.5231334,0.7550326,-1.311376,18.83529,-3.82567E-05,0,0.4643629,0.8517383,-1.320322,0,-4.67152E-06,0,0.4705863,0.800988,-1.304516,34.01505,12.75274,-4.756128,0.4896466,0.7597484,-1.316098,31.83529,-2.553311E-06,0,0.5110708,0.7442987,-1.332178,21.25406,-2.67173E-06,0,0.4580266,0.8486318,-1.328627,3.069245,14.87364,-2.900633,0.4583029,0.7974756,-1.325511,30.19303,-0.1430789,-2.380884,0.4768255,0.7590504,-1.335418,31.6298,2.013637E-05,0,0.497904,0.7450352,-1.347944,21.11648,1.711629E-05,0,0.4523017,0.8481725,-1.336465,7.703139,29.67835,-7.043725,0.4478546,0.8011862,-1.345496,20.451,-10.57815,-2.81668,0.4585579,0.7681513,-1.352551,31.11104,0.0002156123,0,0.4741449,0.7544869,-1.360702,20.76916,0.0001490108,0,0.9385497,0.8764412,-1.312011,38.06417,-12.95278,80.95908,0.9105089,0.8494536,-1.305247,17.19187,29.58547,-8.685142,0.9042695,0.8203213,-1.301885,9.932601,-2.123669E-05,0,0.9430777,0.8672176,-1.320097,0,-14.88068,1.249918,0.9318677,0.8218364,-1.291223,23.65908,26.42909,4.867517,0.9179947,0.778391,-1.293612,33.41559,-0.0001014834,0,0.9003856,0.7600161,-1.305517,22.31237,-6.919511E-05,0,0.9475086,0.8625877,-1.328578,0,-6.025305E-06,0,0.9423349,0.8121586,-1.311424,27.02116,15.87009,-1.950436,0.9255881,0.768908,-1.318285,38.70337,5.772202E-05,0,0.9020076,0.7539935,-1.331618,25.85727,4.669572E-05,0,0.9522249,0.8592224,-1.337809,3.069309,14.87368,-2.900768,0.9507293,0.8081222,-1.334167,25.17969,2.955714,-8.877856,0.9335132,0.7684428,-1.341013,35.95293,9.241924E-06,0,0.9101008,0.7547185,-1.348832,24.0127,3.782305E-06,0,0.9565096,0.8585265,-1.346503,7.703165,29.67842,-7.043752,0.9577355,0.8113738,-1.355677,26.30679,-10.65485,-19.89529,0.941775,0.7802502,-1.361353,31.01545,1.007703E-06,0,0.9229317,0.7685391,-1.363323,20.70519,-3.198264E-06,0
733,0.7137027,0.9275324,-1.352975,1.469404,0.5241541,0.667053,0.7099453,1.28727,-1.395396,-0.7457234,0.5185575,1.568728,0.7087402,1.595795,-1.383239,8.623226,-1.543712,2.755485,0.6336267,0.926824,-1.352024,-1.444556,0.8686917,0,0.6309323,0.4997139,-1.351762,7.861598,0.001762075,-0.03426402,0.6269103,0.07561159,-1.410046,7.356101,-0.9165354,-7.463927,0.7937787,0.9282408,-1.353926,-2.73058,-1.845582,3.043432,0.7836885,0.5013411,-1.363158,4.760492,0.0002019339,0.05233916,0.7719147,0.07573733,-1.407865,5.518285,-2.147262,-5.521161,0.6397742,1.409342,-1.372976,-15.13577,-0.4645944,1.115749,0.5104284,1.407499,-1.404219,-6.20207,13.81267,-45.61135,0.4677576,1.153129,-1.396122,13.34371,-7.243185E-05,1.901251,0.778927,1.410651,-1.376771,-14.77776,1.977165,-0.9443973,0.9065031,1.416884,-1.414125,-3.747895,10.39869,-45.07526,0.9522175,1.162937,-1.41755,22.78277,-8.654745E-05,-5.103,0.4569389,0.8764981,-1.332076,4.708941,-8.606786,0.3544303,0.9460045,0.8943522,-1.324994,3.957205,-6.943237,0.2398483,0.4762055,0.865267,-1.305522,45.27012,-12.6245,94.58118,0.5064605,0.8399096,-1.306931,17.26533,35.61162,-10.25814,0.5130944,0.8112444,-1.301166,9.311078,-1.376389E-05,0,0.4700555,0.8562874,-1.312767,0,-14.88065,1.249918,0.4843416,0.8102559,-1.286389,37.78912,22.45114,-10.71553,0.504096,0.7704779,-1.297026,28.24061,-0.0001444144,0,0.522846,0.7551928,-1.311317,18.84834,-0.0001018921,0,0.4640984,0.8518993,-1.320401,0,-9.882185E-06,0,0.4702863,0.8011501,-1.304578,34.0151,12.75635,-4.75345,0.4893668,0.7599083,-1.316118,31.83293,-1.389719E-06,0,0.510822,0.7444549,-1.332154,21.25248,-6.850381E-07,0,0.4577794,0.8487924,-1.328719,3.069245,14.87365,-2.900768,0.4580467,0.7976365,-1.325598,30.20515,-0.138192,-2.390483,0.4765928,0.7592139,-1.335471,31.57767,1.583039E-06,0,0.4976889,0.7451794,-1.347946,21.08157,-8.967932E-06,0,0.4520709,0.8483328,-1.336569,7.703165,29.67836,-7.043725,0.4476405,0.8013459,-1.345606,20.44143,-10.58562,-2.864915,0.4583544,0.7683076,-1.352629,31.13001,0.0001488806,0,0.4739651,0.7546442,-1.360736,20.78191,9.129133E-05,0,0.930566,0.8870165,-1.294822,37.95635,-12.78737,80.74483,0.9015192,0.8617014,-1.286116,16.20609,29.09821,-8.045008,0.8937978,0.8333417,-1.280197,9.412605,-7.108365E-06,0,0.934765,0.8769807,-1.302075,0,-14.88066,1.249918,0.9216207,0.8346386,-1.269623,23.77594,26.34887,4.371705,0.9059496,0.7917567,-1.268513,33.09503,5.629674E-05,0,0.8876226,0.7731192,-1.278818,22.09768,4.693036E-05,0,0.9390512,0.8714899,-1.310106,0,-6.098716E-07,0,0.9317967,0.822908,-1.288862,27.29189,15.76579,-3.120042,0.913179,0.7800158,-1.292293,37.56396,6.50809E-06,0,0.8890504,0.7646333,-1.304018,25.09291,7.96479E-06,0,0.9436764,0.8671847,-1.318986,3.069245,14.87368,-2.900768,0.9401379,0.8166639,-1.31112,25.70583,2.840668,-10.13852,0.9210405,0.7774358,-1.314885,33.67637,9.134015E-06,0,0.8974248,0.7633042,-1.321227,22.48709,1.563949E-05,0,0.9479735,0.8655993,-1.327555,7.703165,29.67841,-7.043752,0.9473749,0.8178339,-1.332767,26.98567,-10.95362,-20.99047,0.9298285,0.7872092,-1.335911,28.67921,1.155556E-05,0,0.9108685,0.77556,-1.336867,19.14178,1.412961E-05,0
767,0.7132427,0.9275613,-1.353124,1.412777,0.4730992,0.6708556,0.7097345,1.287344,-1.395231,-0.7868362,0.4935843,1.603887,0.708568,1.595882,-1.383102,8.359168,-1.442279,2.771564,0.6331661,0.9269235,-1.35217,-1.469936,0.7861015,0,0.6307039,0.499812,-1.352525,7.676188,0.001018404,-0.01978234,0.626942,0.07560375,-1.41005,7.255878,-0.9610178,-7.45085,0.7933192,0.9281992,-1.354078,-2.66653,-1.761769,3.105704,0.7834778,0.5012927,-1.363261,4.744912,-0.0004645229,0.04845664,0.7719156,0.07566562,-1.407802,5.521906,-2.10158,-5.467624,0.6396294,1.409429,-1.372681,-15.24541,-0.4378717,1.111003,0.5103225,1.40773,-1.404093,-6.156955,13.78464,-45.56047,0.4674444,1.153388,-1.396204,13.55185,-6.209776E-05,1.912643,0.7787803,1.410681,-1.376561,-15.08776,2.122762,-0.7558876,0.9061168,1.417232,-1.414671,-6.446615,13.12716,-44.03236,0.9602086,1.165101,-1.424405,33.31694,-8.962659E-05,-6.782406,0.4568499,0.8769102,-1.331464,4.731351,-8.455426,0.3494264,0.9387733,0.912518,-1.29601,4.439944,-8.009597,0.3102743,0.4760714,0.8656832,-1.304875,45.23412,-12.64707,94.80687,0.5063224,0.8403164,-1.306202,17.57338,35.39009,-10.39359,0.5129499,0.8116364,-1.300503,9.502164,-5.922534E-06,0,0.4699332,0.8567024,-1.312129,0,-14.88064,1.249918,0.4841731,0.8106753,-1.285719,37.77959,22.45616,-10.71948,0.5039374,0.7708905,-1.296312,28.26722,-4.729098E-05,0,0.5227136,0.7556089,-1.310573,18.86615,-3.261713E-05,0,0.4639888,0.8523132,-1.319772,0,-6.735067E-06,0,0.470148,0.8015667,-1.30393,34.01435,12.75714,-4.754398,0.4892453,0.7603216,-1.31543,31.83658,1.312787E-05,0,0.5107272,0.7448657,-1.331427,21.25492,5.504135E-06,0,0.4576836,0.8492051,-1.3281,3.069245,14.87364,-2.900701,0.4579436,0.7980497,-1.32497,30.1835,-0.1310763,-2.385811,0.4764897,0.7596163,-1.3348,31.6388,-1.671872E-05,0,0.497612,0.7455953,-1.347246,21.12248,-1.94995E-05,0,0.4519883,0.8487443,-1.335959,7.703139,29.67835,-7.043752,0.4475711,0.8017559,-1.344995,20.42845,-10.58487,-2.881267,0.4582885,0.7687131,-1.351992,31.1583,-7.359342E-06,0,0.4739169,0.7550521,-1.360068,20.8008,-1.508388E-05,0,0.9233907,0.9110237,-1.264967,38.04879,-12.72111,80.67758,0.8925782,0.889722,-1.25243,15.74092,29.3458,-7.864669,0.882771,0.8633355,-1.24211,9.121496,-1.11232E-05,0,0.9266407,0.8997144,-1.270668,0,-14.88067,1.249762,0.9108182,0.8638716,-1.232148,23.79463,26.61699,4.060763,0.8919395,0.8229632,-1.22468,33.15912,5.175251E-05,0,0.8719998,0.8045708,-1.231998,22.14059,2.949718E-05,0,0.9303223,0.8927619,-1.277817,0,-5.487507E-06,0,0.9196587,0.8486262,-1.24949,27.25183,15.96812,-3.830679,0.89775,0.8072882,-1.246438,37.01471,6.07942E-06,0,0.8722852,0.7921275,-1.255268,24.72456,6.148677E-06,0,0.9344191,0.8868243,-1.285987,3.069309,14.87368,-2.900633,0.9270461,0.8384884,-1.270623,25.19682,3.303086,-10.65944,0.9052742,0.8005545,-1.26845,33.86971,2.122556E-05,0,0.8805732,0.7874357,-1.272374,22.61662,1.220377E-05,0,0.9384102,0.8836398,-1.294254,7.703165,29.67841,-7.043752,0.9339318,0.835838,-1.292255,26.85349,-10.5577,-21.52637,0.9140878,0.8065143,-1.290852,28.33554,7.571636E-06,0,0.8943582,0.7962196,-1.289926,18.91188,6.747847E-06,0
800,0.7127091,0.9275993,-1.353522,1.353641,0.4326697,0.721179,0.7095667,1.287428,-1.395151,-0.8860281,0.3978839,1.67538,0.7086945,1.595985,-1.382915,7.902837,-1.203505,2.687151,0.632633,0.9270185,-1.3525,-1.463265,0.708239,0.02797646,0.6304409,0.4999062,-1.353249,7.530904,0.001282683,0,0.6269484,0.07560334,-1.41009,7.166233,-1.005231,-7.455747,0.7927852,0.92818,-1.354545,-2.584826,-1.682654,3.107027,0.783223,0.5012634,-1.363556,4.732717,-0.0006925699,0.04423466,0.7719138,0.07560217,-1.407834,5.511249,-2.054972,-5.427876,0.6396922,1.40959,-1.372301,-15.23069,-0.3857761,1.155044,0.5103331,1.408278,-1.403516,-6.293419,13.86615,-46.00972,0.466874,1.154028,-1.395846,13.80975,-4.743629E-05,1.292406,0.77884,1.410619,-1.376356,-15.51625,2.322388,-0.6728944,0.9058277,1.417501,-1.415556,-8.522861,16.36928,-42.361,0.9712235,1.168285,-1.429891,46.51705,-7.994199E-05,-7.507861,0.4568967,0.8776346,-1.330652,4.664637,-8.312696,0.339197,0.9337742,0.9460349,-1.256843,4.914621,-8.224051,0.3533245,0.4760932,0.8664154,-1.304042,45.21083,-12.64374,94.89293,0.5063372,0.841038,-1.305325,17.6627,35.25025,-10.41348,0.5129826,0.8123562,-1.299657,9.566861,-1.302965E-05,0,0.469962,0.8574325,-1.3113,0,-14.88065,1.249762,0.4841774,0.811413,-1.284863,37.77525,22.46074,-10.71173,0.5039478,0.7716233,-1.295426,28.28327,3.88913E-05,0,0.5227374,0.7563421,-1.309669,18.8769,2.893269E-05,0,0.4640248,0.8530411,-1.318946,0,-9.150269E-06,0,0.4701696,0.8022991,-1.303084,34.01408,12.75841,-4.761192,0.4892774,0.7610508,-1.314555,31.84859,-8.092761E-06,0,0.5107777,0.7455961,-1.330529,21.26296,-8.642176E-06,0,0.4577276,0.8499305,-1.32728,3.069245,14.87364,-2.900633,0.4579851,0.798776,-1.324134,30.16413,-0.1271488,-2.427129,0.4765288,0.7603328,-1.333931,31.69704,7.563194E-06,0,0.4976756,0.7463254,-1.346351,21.16149,-6.877605E-06,0,0.4520396,0.8494674,-1.335144,7.703165,29.67836,-7.043725,0.4476316,0.8024764,-1.344171,20.40286,-10.57373,-2.896986,0.4583399,0.7694264,-1.351147,31.22175,8.855116E-05,0,0.473984,0.7557749,-1.359209,20.84332,6.151493E-05,0,0.9183452,0.9514966,-1.226272,38.27102,-12.39172,79.112,0.8860015,0.9350867,-1.210621,12.70138,29.97556,-6.424953,0.8741047,0.912386,-1.195062,7.320996,-3.137293E-06,0,0.9207452,0.9391147,-1.22972,0,-14.88066,1.250075,0.9023402,0.9123572,-1.185401,24.09553,27.05108,3.121423,0.8805318,0.8748854,-1.171051,32.26159,8.331097E-06,0,0.8593423,0.8568216,-1.17481,21.53951,-9.289166E-07,0,0.923897,0.9306985,-1.235398,0,4.421599E-06,0,0.9100158,0.893535,-1.199477,27.01321,16.45628,-4.540967,0.8854368,0.8549524,-1.18921,36.90321,1.89122E-05,0,0.8589447,0.8401794,-1.195227,24.6498,4.925541E-06,0,0.9275373,0.9230554,-1.242262,3.069309,14.87368,-2.900768,0.9166178,0.8791131,-1.218249,24.56636,4.022368,-11.09975,0.8926666,0.8435136,-1.209489,34.65848,-1.422924E-05,0,0.8670791,0.8317006,-1.211323,23.1451,-1.800927E-05,0,0.9312759,0.918099,-1.249736,7.703139,29.67841,-7.043752,0.923273,0.8719698,-1.238914,26.50788,-10.05858,-21.96806,0.9015498,0.8447191,-1.232501,28.68978,-5.773883E-06,0,0.8811339,0.8361836,-1.229964,19.14885,-5.968401E-06,0
833,0.7121772,0.9276457,-1.354119,1.302512,0.3980873,0.8343908,0.7093201,1.287513,-1.395254,-1.001906,0.3080267,1.828206,0.7087895,1.596073,-1.382708,7.571886,-1.031025,2.450883,0.6321028,0.927116,-1.352941,-1.445368,0.6328363,0.09691329,0.6301957,0.5000028,-1.353935,7.399001,0.001582048,-0.02797646,0.6269494,0.07560036,-1.410042,7.068467,-1.043409,-7.495592,0.7922515,0.9281754,-1.355298,-2.489314,-1.606407,3.052039,0.7829729,0.5012455,-1.363963,4.742765,-0.0004517544,0.04423466,0.7719094,0.07554942,-1.407967,5.498968,-2.013114,-5.385906,0.6396941,1.409736,-1.371972,-15.07507,-0.3685241,1.233687,0.5101658,1.408717,-1.402488,-6.487367,14.00814,-46.48992,0.4661741,1.154558,-1.394815,13.93674,-3.78528E-05,0.4784724,0.7788318,1.410561,-1.376399,-15.9667,2.707103,-0.6314908,0.9053662,1.418236,-1.416896,-8.634017,19.08079,-40.49216,0.9834461,1.172646,-1.430292,60.56786,-0.0001156723,-9.162981,0.4567677,0.8781404,-1.32964,4.558403,-8.266302,0.3292442,0.9311895,0.9974508,-1.212762,5.5005,-7.122894,0.3420692,0.4759632,0.8669309,-1.303025,45.20945,-12.63153,94.91014,0.5062048,0.8415504,-1.304304,17.68374,35.22928,-10.42115,0.5128511,0.8128684,-1.298638,9.580639,-8.949068E-06,0,0.469833,0.8579453,-1.31028,0,-14.88064,1.249762,0.4840495,0.8119351,-1.283827,37.78122,22.46423,-10.67265,0.5038229,0.7721445,-1.294381,28.27011,1.674479E-05,0,0.5226053,0.7568548,-1.308625,18.86806,2.334132E-06,0,0.4638965,0.853551,-1.317925,0,-6.266554E-06,0,0.4700433,0.8028145,-1.302046,34.00952,12.76234,-4.765017,0.48915,0.7615616,-1.313503,31.87038,-1.714425E-05,0,0.5106552,0.7461109,-1.329474,21.27754,-1.347136E-05,0,0.4576,0.8504375,-1.326258,3.069309,14.87365,-2.900633,0.4578604,0.799284,-1.323096,30.17355,-0.1216597,-2.381459,0.4764098,0.760842,-1.332887,31.67079,6.222602E-06,0,0.4975473,0.746824,-1.34531,21.14389,-5.766412E-06,0,0.4519126,0.8499715,-1.334123,7.703191,29.67836,-7.043752,0.4475079,0.8029773,-1.343135,20.39417,-10.56376,-2.864232,0.4582113,0.7699241,-1.350103,31.24672,0.0004325586,0,0.4738561,0.7562764,-1.35817,20.86,0.0002850013,0,0.9162032,1.010015,-1.184126,38.39724,-12.22196,77.69328,0.8827343,0.9993204,-1.166075,9.690916,30.10983,-4.896451,0.8689924,0.9818386,-1.145964,5.582617,-2.972731E-05,0,0.9177048,0.9970551,-1.184989,0,-14.8807,1.250075,0.8974359,0.9811087,-1.136474,24.36279,27.36256,2.438714,0.8729901,0.9487461,-1.115481,30.82447,-0.0001001398,0,0.8507031,0.9316379,-1.115319,20.57734,-7.759631E-05,0,0.9202409,0.9874691,-1.188821,0,-2.601612E-05,0,0.9037326,0.9593498,-1.146384,26.90487,16.82329,-5.087695,0.8766394,0.9252326,-1.12906,36.12522,4.784613E-06,0,0.8492487,0.9111783,-1.131976,24.12819,2.337611E-06,0,0.9233196,0.978366,-1.193963,3.069245,14.87366,-2.900633,0.9092736,0.9410229,-1.161792,24.49387,4.453297,-11.55969,0.8829826,0.9094639,-1.146609,33.75687,1.705199E-05,0,0.856774,0.8989519,-1.146117,22.541,1.577298E-05,0,0.9266894,0.9717584,-1.20024,7.703165,29.6784,-7.04378,0.9153909,0.929424,-1.180511,26.62737,-9.848288,-22.38947,0.8917433,0.905573,-1.169217,27.87293,-3.588179E-06,0,0.8708704,0.8989152,-1.165206,18.6024,-1.431974E-05,0
867,0.7114924,0.9276865,-1.354737,1.268412,0.3619457,1.044177,0.7087665,1.287579,-1.395507,-1.092174,0.2538067,2.07726,0.7085929,1.596112,-1.382395,7.663727,-1.05513,2.174029,0.6314226,0.9272131,-1.353266,-1.468737,0.5412746,0.191797,0.6298862,0.5000996,-1.354685,7.244757,0.001731637,0,0.6269148,0.07559994,-1.410066,6.969366,-1.093338,-7.595822,0.7915623,0.9281599,-1.356207,-2.383842,-1.516214,2.949421,0.782634,0.5012114,-1.364309,4.783563,-0.0005486127,0.03956468,0.7718342,0.07548147,-1.408051,5.502922,-1.971451,-5.31596,0.639349,1.409825,-1.371731,-14.83767,-0.3038263,1.295129,0.5095636,1.409105,-1.401143,-6.484283,13.96713,-46.62238,0.4653236,1.154996,-1.393254,13.8519,-5.090688E-05,0.03956468,0.7784668,1.410537,-1.376765,-16.36423,3.018536,-0.5101407,0.9045039,1.418903,-1.418652,-6.177681,20.9456,-38.64669,0.9953406,1.177398,-1.422461,73.84193,-8.775175E-05,-12.36458,0.4560114,0.8784541,-1.328594,4.504282,-8.377378,0.329838,0.9300672,1.064371,-1.170058,6.110547,-4.921572,0.2624426,0.4752881,0.8672485,-1.302036,45.23414,-12.60803,94.80987,0.5055267,0.8418704,-1.303426,17.58417,35.40436,-10.40375,0.5121498,0.8131892,-1.297729,9.506217,-7.865068E-06,0,0.4691356,0.8582619,-1.309271,0,-14.88063,1.249918,0.4834326,0.8122557,-1.282855,37.80294,22.45954,-10.62903,0.5031836,0.7724711,-1.293473,28.1905,-6.634021E-05,0,0.521905,0.7571535,-1.307767,18.81485,-4.806719E-05,0,0.4631758,0.8538665,-1.316898,0,-2.388782E-06,0,0.4693707,0.8031324,-1.30103,34.01251,12.76448,-4.755799,0.4884421,0.7618784,-1.312541,31.86193,6.212138E-07,0,0.5098947,0.7464221,-1.328577,21.27186,1.671924E-06,0,0.4568538,0.8507516,-1.325211,3.069245,14.87364,-2.900768,0.4571235,0.7995987,-1.322042,30.17378,-0.1241958,-2.345435,0.4756437,0.7611551,-1.331881,31.66611,1.63483E-06,0,0.4967378,0.7471329,-1.344374,21.14078,1.387939E-06,0,0.4511424,0.8502845,-1.333058,7.703139,29.67834,-7.043752,0.4467097,0.8032889,-1.342049,20.37799,-10.56495,-2.86095,0.4573837,0.7702309,-1.34904,31.29014,-0.0001228775,0,0.4730096,0.7565903,-1.357156,20.8891,-8.417635E-05,0,0.9160418,1.083537,-1.14479,38.53598,-12.29821,76.13414,0.8817961,1.079272,-1.12557,6.575783,30.46225,-3.344627,0.8667082,1.068202,-1.102145,3.776832,-9.215632E-06,0,0.9165634,1.070596,-1.142998,0,-14.88068,1.250075,0.8951021,1.066329,-1.092599,24.19806,27.54552,2.401266,0.8684108,1.040659,-1.065873,30.17986,-1.211489E-05,0,0.8450235,1.025509,-1.062279,20.14593,-1.62514E-05,0,0.9183738,1.060273,-1.144777,0,-1.47631E-05,0,0.8997511,1.042612,-1.097815,26.49657,17.0555,-5.106914,0.870436,1.01462,-1.074252,35.86187,-2.265063E-05,0,0.8421516,1.00212,-1.074424,23.95163,-1.998589E-05,0,0.9207628,1.050116,-1.147926,3.069245,14.87367,-2.900701,0.9039106,1.02119,-1.109119,23.89665,4.707485,-11.64581,0.8756775,0.9951341,-1.088102,34.21508,3.260951E-06,0,0.8487754,0.9868311,-1.085873,22.84799,-9.980481E-06,0,0.9236314,1.042146,-1.152686,7.703165,29.6784,-7.043752,0.9091552,1.005626,-1.125013,26.12762,-9.694947,-22.672,0.8839898,0.9861762,-1.109391,28.37486,2.158986E-05,0,0.8626763,0.9820475,-1.104413,18.93818,1.950626E-05,0
900,0.7105738,0.9276681,-1.355307,1.259743,0.3308561,1.351616,0.7079053,1.287567,-1.395819,-1.176031,0.1957679,2.357006,0.7081996,1.596051,-1.381943,8.007586,-1.164567,1.996158,0.6305127,0.9272474,-1.353408,-1.477108,0.4321151,0.3232465,0.6294983,0.5001327,-1.354949,7.18608,0.001438404,0,0.6268913,0.07558939,-1.410013,6.924584,-1.170323,-7.755271,0.7906349,0.9280888,-1.357206,-2.305032,-1.414782,2.809583,0.7821509,0.5011208,-1.36474,4.808846,-0.0007817976,0.03426402,0.7716767,0.07534352,-1.408098,5.516722,-1.919487,-5.208271,0.6387177,1.409842,-1.371528,-14.57244,-0.3262816,1.315517,0.5086577,1.409217,-1.399704,-6.420618,13.9425,-46.62738,0.4643946,1.155125,-1.391429,13.62746,-5.67574E-05,-0.05233916,0.7778097,1.410434,-1.377242,-16.72564,3.331797,-0.1758294,0.9033354,1.419487,-1.420499,-1.234004,21.98751,-36.93771,1.007263,1.183745,-1.405829,85.48847,-0.0001048153,-15.96726,0.4549346,0.8783943,-1.327603,4.49745,-8.592654,0.3374619,0.930019,1.142043,-1.135574,5.354305,-1.806094,0.08156469,0.4744153,0.8671813,-1.301197,45.28972,-12.54505,94.38109,0.5046367,0.8418005,-1.302884,16.99679,35.77475,-10.13151,0.5112993,0.8131448,-1.297105,9.148558,-2.601865E-05,0,0.4682049,0.8581969,-1.308385,0,-14.88062,1.249918,0.4826982,0.8121842,-1.282087,37.83698,22.44914,-10.61341,0.5023763,0.77241,-1.292879,28.05782,-8.302127E-05,0,0.5209637,0.7570497,-1.307301,18.72606,-6.051744E-05,0,0.4621851,0.8538037,-1.315966,0,-7.943119E-07,0,0.4684934,0.8030662,-1.300154,34.01685,12.76478,-4.736607,0.4874685,0.7618117,-1.311822,31.84385,-6.689514E-06,0,0.5087861,0.7463466,-1.328028,21.25978,-1.488182E-05,0,0.4557979,0.8506912,-1.32423,3.069309,14.87364,-2.900768,0.4560822,0.7995377,-1.32107,30.18236,-0.127902,-2.333471,0.474524,0.7610952,-1.33106,31.63393,1.410412E-05,0,0.4955119,0.7470605,-1.343716,21.11924,-7.736957E-07,0,0.4500254,0.8502262,-1.332032,7.703139,29.67834,-7.043752,0.4455137,0.8032328,-1.340995,20.39479,-10.57897,-2.854373,0.456139,0.7701771,-1.348071,31.25124,-7.09876E-06,0,0.4716953,0.7565277,-1.356304,20.86306,-1.611404E-05,0,0.9170396,1.166609,-1.114826,38.53454,-12.63331,74.35961,0.8826372,1.168316,-1.095489,2.729146,30.38953,-1.38126,0.8669837,1.164395,-1.07022,1.569227,-4.811039E-06,0,0.9168805,1.154287,-1.110458,0,-14.88067,1.249918,0.8952599,1.161387,-1.060449,23.68492,27.61153,2.760028,0.8675402,1.14307,-1.029116,30.62186,2.678757E-07,0,0.8434209,1.130126,-1.02278,20.44173,-5.985667E-06,0,0.9181438,1.143737,-1.110103,0,-1.098893E-05,0,0.8986503,1.136898,-1.060733,25.85562,17.17871,-4.784464,0.8682882,1.115724,-1.03196,36.7016,1.844252E-05,0,0.8393874,1.104894,-1.030027,24.51461,1.489603E-05,0,0.9199927,1.133045,-1.111119,3.069245,14.87367,-2.900701,0.9016684,1.11345,-1.067449,23.12159,4.840281,-11.46927,0.8725529,1.093521,-1.04151,35.80615,-7.664417E-06,0,0.84517,1.087412,-1.038271,23.91429,-1.772076E-05,0,0.9224344,1.124141,-1.114147,7.703165,29.67841,-7.04378,0.9060754,1.094751,-1.079829,25.28997,-9.607306,-22.97487,0.8802789,1.079999,-1.060527,30.12852,2.835595E-05,0,0.85871,1.078409,-1.055203,20.11155,2.451715E-05,0
933,0.7100422,0.9275597,-1.356,1.283899,0.3184232,1.728503,0.7073029,1.287439,-1.396344,-1.270724,0.1436207,2.570398,0.7080171,1.595871,-1.381665,8.326571,-1.269016,1.967221,0.6299952,0.9271691,-1.353575,-1.402211,0.3614872,0.4768338,0.6293595,0.5000516,-1.35437,7.368387,0.001856649,0,0.6268886,0.07558611,-1.410038,7.003423,-1.235537,-7.966985,0.7900893,0.9279504,-1.358425,-2.261572,-1.354865,2.644787,0.7818578,0.500968,-1.365397,4.818776,-0.0009712536,0.03956468,0.7714967,0.07513776,-1.40826,5.542735,-1.890916,-5.065465,0.6383086,1.409731,-1.371592,-14.29443,-0.4005235,1.318934,0.5080125,1.409074,-1.398654,-6.306863,13.91415,-46.32044,0.4637643,1.154986,-1.390183,13.51589,-4.612065E-05,0.1780411,0.7773787,1.410218,-1.377826,-17.10627,3.688884,0.464781,0.9024049,1.420083,-1.422335,4.092947,22.01479,-36.08975,1.016126,1.191097,-1.387354,94.98912,-1.472264E-05,-18.27929,0.4541672,0.8781798,-1.326705,4.537039,-8.699288,0.3449174,0.9242114,1.21422,-1.119473,3.029959,1.109048,-0.02797646,0.4738329,0.8669475,-1.300445,45.34075,-12.46558,93.89616,0.5040221,0.8415495,-1.302423,16.2523,36.13758,-9.754675,0.510745,0.8129282,-1.296545,8.710773,-2.607851E-05,0,0.4675666,0.8579687,-1.307591,0,-14.88065,1.250075,0.4822279,0.8119391,-1.281417,37.84749,22.44654,-10.61934,0.5018141,0.7721639,-1.29237,28.00166,-5.795837E-06,0,0.5202829,0.7567819,-1.306921,18.6885,-1.576096E-05,0,0.4614901,0.8535812,-1.31513,0,-1.051374E-05,0,0.4678887,0.8028347,-1.299383,34.02665,12.76426,-4.722939,0.4867647,0.7615796,-1.311209,31.81262,-7.486298E-06,0,0.5079505,0.7461004,-1.327574,21.23886,-1.081935E-05,0,0.4550419,0.850475,-1.323349,3.069245,14.87365,-2.900768,0.4553251,0.7993202,-1.320211,30.19303,-0.1257309,-2.3619,0.4736811,0.7608768,-1.330354,31.58525,1.46556E-05,0,0.4945663,0.7468212,-1.343156,21.08666,-3.855441E-06,0,0.449213,0.8500157,-1.33111,7.703165,29.67836,-7.043752,0.4446147,0.8030279,-1.340058,20.38308,-10.58148,-2.87358,0.4551681,0.7699673,-1.347218,31.28188,0.0003894006,0,0.4706643,0.7563196,-1.355567,20.88357,0.0002760771,0,0.9118986,1.242527,-1.103676,38.3741,-13.3415,73.14616,0.8775966,1.249206,-1.08526,-1.167514,29.49901,0.5747126,0.8616941,1.252266,-1.060028,-0.6775311,2.30834E-06,-0.01978234,0.9113715,1.231223,-1.097126,0,-14.88069,1.249918,0.8898426,1.247973,-1.049432,23.20071,27.52779,3.014088,0.8617356,1.236654,-1.015263,31.2196,1.349506E-05,0,0.8372073,1.225777,-1.006928,20.84184,5.509695E-06,0,0.9123275,1.220887,-1.094836,0,-1.91345E-05,0,0.8925222,1.223761,-1.045201,25.41751,17.14995,-4.400507,0.8617091,1.20916,-1.013022,37.9403,-3.769778E-06,0,0.8324504,1.19968,-1.009807,25.34535,-1.438786E-05,0,0.9138681,1.210142,-1.093861,3.069245,14.87367,-2.900701,0.8948758,1.199405,-1.047485,22.6642,4.859893,-11.30132,0.8653759,1.185387,-1.018314,37.51788,3.800026E-05,0,0.8377084,1.180935,-1.014804,25.06203,4.026411E-05,0,0.916058,1.200768,-1.095189,7.703191,29.6784,-7.04378,0.8987691,1.178637,-1.056197,24.77612,-9.559005,-23.02615,0.8727196,1.168331,-1.034498,31.81433,-3.158068E-06,0,0.8510199,1.168654,-1.029487,21.24001,-3.536123E-07,0
967,0.7095137,0.9274118,-1.357011,1.327512,0.3403786,2.123016,0.7064641,1.287256,-1.397239,-1.371164,0.1315808,2.628678,0.7074144,1.595648,-1.381891,8.470625,-1.441308,2.107472,0.6294853,0.9270052,-1.354034,-1.232894,0.3244629,0.6205508,0.6292647,0.4998874,-1.353232,7.735886,0.001728043,0,0.6268967,0.0755704,-1.410025,7.151654,-1.307867,-8.206262,0.789542,0.9278184,-1.359988,-2.19927,-1.327803,2.460686,0.7815793,0.5008177,-1.366105,4.857001,-0.001059018,0.02797646,0.7713315,0.07492706,-1.408391,5.56398,-1.861632,-4.921513,0.6375179,1.409518,-1.372203,-14.00407,-0.4427494,1.340713,0.5070603,1.408818,-1.398474,-6.07938,13.79696,-45.86397,0.4629537,1.154713,-1.389763,13.5099,-5.553151E-05,0.8681804,0.7765818,1.40999,-1.378578,-17.52235,4.181008,1.417617,0.901159,1.42107,-1.424049,10.46494,20.97113,-35.62927,1.022555,1.201219,-1.364725,101.9387,-9.16989E-05,-19.88366,0.4533836,0.8779791,-1.325968,4.64684,-8.691312,0.3533245,0.9161819,1.279377,-1.113092,0.4111691,3.295723,-0.02797646,0.4733058,0.8667204,-1.299914,45.32731,-12.46952,93.9513,0.503451,0.8412963,-1.302201,16.28588,36.08693,-9.763923,0.5102217,0.8126686,-1.296409,8.734306,-8.220942E-06,0,0.4669606,0.8577495,-1.307,0,-14.88065,1.249918,0.4818515,0.8116974,-1.280995,37.83323,22.44525,-10.65144,0.5012917,0.7719079,-1.292155,28.02728,-9.260661E-05,0,0.5196097,0.7565251,-1.306894,18.70565,-7.321859E-05,0,0.4608047,0.85337,-1.314479,0,-9.058046E-06,0,0.4673242,0.8026117,-1.29882,34.03278,12.76448,-4.721694,0.486051,0.7613499,-1.310857,31.79052,-4.70766E-06,0,0.5070547,0.7458543,-1.32744,21.22407,-1.159968E-05,0,0.4542713,0.8502722,-1.322633,3.069181,14.87365,-2.900701,0.4545477,0.7991158,-1.31952,30.18102,-0.1219455,-2.373886,0.4727628,0.7606586,-1.329863,31.61018,-5.767975E-06,0,0.4935101,0.7465984,-1.342883,21.10336,3.038482E-06,0,0.4483638,0.8498207,-1.330335,7.703165,29.67836,-7.043752,0.4436396,0.8028403,-1.339256,20.38315,-10.57361,-2.871195,0.4540926,0.7697752,-1.346541,31.28361,0.000125482,0,0.4694921,0.7561201,-1.355056,20.8847,7.899898E-05,0,0.9042689,1.310184,-1.102533,38.21024,-14.57493,71.96088,0.8701092,1.32131,-1.086111,-5.455783,28.5187,2.610895,0.8542753,1.331134,-1.062623,-3.194818,-2.467995E-05,0,0.9035013,1.300191,-1.094136,0,-14.88074,1.250075,0.8819675,1.325276,-1.050252,22.15042,27.42288,3.987228,0.8539364,1.320851,-1.01447,34.22421,-5.225534E-05,0,0.8289768,1.311557,-1.005521,22.85413,-5.999094E-05,0,0.9042606,1.290391,-1.090087,0,-5.34496E-05,0,0.8841937,1.302118,-1.04188,25.12468,17.10055,-3.539778,0.8530648,1.293901,-1.007797,39.26015,-7.083909E-05,0,0.8236174,1.285339,-1.00382,26.23089,-5.597395E-05,0,0.9056056,1.279952,-1.087258,3.069309,14.87364,-2.900701,0.8861326,1.277698,-1.039903,21.99943,4.845751,-10.40467,0.8565555,1.269493,-1.008669,40.75881,-5.899608E-05,0,0.8286394,1.266156,-1.005987,27.23687,-5.079643E-05,0,0.9076387,1.270456,-1.086927,7.703165,29.67839,-7.043752,0.8897153,1.255677,-1.044863,22.79806,-9.338522,-22.36767,0.864176,1.249549,-1.021076,38.17919,-1.473563E-05,0,0.8422316,1.251775,-1.017981,25.50562,-2.244736E-05,0
1000,0.7089971,0.9272706,-1.35849,1.376435,0.3737651,2.475595,0.705421,1.287076,-1.398764,-1.417893,0.1975898,2.551673,0.7062569,1.595438,-1.383026,8.623341,-1.708851,2.298058,0.6289889,0.9268319,-1.355019,-0.985562,0.3040347,0.7364823,0.6291931,0.4997239,-1.352002,8.199512,0.0008677238,0,0.6269115,0.07557186,-1.410017,7.312119,-1.37547,-8.430421,0.7890054,0.9277093,-1.361961,-2.077165,-1.316107,2.274,0.7813197,0.5006865,-1.366743,4.966094,-0.0006775079,0.03426402,0.7711802,0.07474104,-1.408499,5.573376,-1.844747,-4.816742,0.6363038,1.409239,-1.373722,-13.70923,-0.3828271,1.354653,0.5057474,1.408537,-1.399499,-5.974976,13.76581,-45.77353,0.4616848,1.154434,-1.39052,13.68783,-6.296192E-05,1.210469,0.7753755,1.409872,-1.379907,-17.87157,4.779668,2.495597,0.8996161,1.422531,-1.425884,17.15106,19.49574,-35.13022,1.027516,1.214988,-1.341278,106.6569,-0.000100716,-20.96033,0.4528045,0.8778863,-1.325823,4.691478,-8.503278,0.3483046,0.9079641,1.335482,-1.113393,-1.556957,6.684664,0.08846933,0.4729322,0.8666083,-1.299936,45.3013,-12.49493,94.18464,0.5030362,0.8411567,-1.302451,16.59805,35.92108,-9.919149,0.5098207,0.8125077,-1.296781,8.919251,-8.501038E-06,0,0.4665212,0.8576434,-1.30697,0,-14.88064,1.249918,0.4815886,0.811576,-1.281094,37.80874,22.44682,-10.70341,0.5008939,0.7717636,-1.292406,28.09878,-9.422106E-05,0,0.5190947,0.7563891,-1.307298,18.75348,-7.18223E-05,0,0.4603,0.8532698,-1.314398,0,-7.221006E-06,0,0.4669068,0.8025043,-1.298799,34.0297,12.7637,-4.72609,0.4854982,0.7612273,-1.310993,31.80246,5.048604E-06,0,0.506354,0.7457206,-1.327751,21.23208,1.202234E-07,0,0.4536968,0.8501783,-1.322499,3.069309,14.87364,-2.900633,0.4539566,0.7990214,-1.319394,30.15737,-0.1147012,-2.393019,0.4720378,0.7605414,-1.329886,31.67591,1.607933E-05,0,0.4926745,0.7464835,-1.343082,21.14735,1.495606E-05,0,0.4477254,0.8497325,-1.330151,7.703165,29.67835,-7.043752,0.4428886,0.802757,-1.339038,20.36731,-10.56228,-2.878685,0.4532422,0.769681,-1.346415,31.32659,-2.777101E-05,0,0.4685643,0.7560225,-1.355062,20.91348,-2.1134E-05,0,0.895717,1.367267,-1.106896,38.00763,-16.6216,70.62826,0.8615551,1.381323,-1.092904,-9.916314,27.9901,4.690476,0.8461107,1.396268,-1.071999,-5.831732,-2.425992E-05,0,0.8949504,1.358405,-1.097314,0,-14.88069,1.249918,0.872824,1.388624,-1.057114,20.01869,27.25159,5.73675,0.8455238,1.389299,-1.020509,42.11822,1.403056E-05,0,0.8201969,1.379562,-1.013217,28.14987,1.464227E-05,0,0.8957487,1.3492,-1.092056,0,-1.753722E-05,0,0.8751531,1.366726,-1.045873,23.85488,16.9998,-1.946318,0.8444214,1.363034,-1.010659,44.55173,-3.02158E-05,0,0.8149637,1.354017,-1.007972,29.78535,-2.23155E-05,0,0.8971487,1.339213,-1.087924,3.069309,14.87367,-2.900768,0.8772632,1.342767,-1.040821,20.97713,4.770096,-8.688488,0.8479974,1.338538,-1.00852,48.67073,5.319138E-06,0,0.8199948,1.334909,-1.009081,32.55722,3.890869E-07,0,0.8992522,1.329852,-1.086383,7.703139,29.6784,-7.043752,0.8810614,1.32033,-1.042938,22.25788,-8.861321,-20.53956,0.8556182,1.316757,-1.018534,47.29345,-1.688905E-05,0,0.833525,1.319496,-1.019232,31.62985,-1.710626E-05,0
1033,0.7084441,0.9271656,-1.360174,1.429576,0.4091963,2.728572,0.7042605,1.286928,-1.400699,-1.39297,0.3175302,2.349354,0.7047167,1.59527,-1.384841,8.893466,-2.019373,2.494812,0.6284521,0.9266896,-1.356349,-0.7287365,0.2928136,0.8275619,0.6290635,0.4996047,-1.351014,8.645588,-0.0009209691,0,0.6269175,0.07558867,-1.41002,7.442313,-1.428187,-8.581285,0.788436,0.9276416,-1.363999,-1.911824,-1.311157,2.117108,0.7810437,0.5005982,-1.36711,5.151379,0.0003608788,0.03426402,0.7710282,0.07462066,-1.408568,5.582792,-1.845225,-4.776227,0.6348093,1.408963,-1.375957,-13.41114,-0.3610562,1.343483,0.5042126,1.408022,-1.40152,-6.006618,13.91212,-45.80178,0.4601369,1.153935,-1.392161,13.94988,-5.16724E-05,1.476047,0.7739007,1.409873,-1.381643,-18.06295,5.405913,3.575167,0.8979967,1.424217,-1.427516,23.34973,18.0148,-34.53298,1.030731,1.231031,-1.319576,109.351,-0.0001145455,-23.04692,0.4521422,0.8776785,-1.326117,4.738054,-8.253379,0.3420692,0.8998741,1.380435,-1.116357,-2.766969,10.53522,0.2548778,0.4724494,0.8664066,-1.300368,45.23703,-12.58332,94.79443,0.5025277,0.8409373,-1.303007,17.49354,35.48749,-10.36853,0.5092859,0.8122411,-1.29755,9.447768,-8.906209E-06,0,0.4659828,0.8574406,-1.30735,0,-14.88064,1.250075,0.48121,0.8113822,-1.281551,37.78007,22.45313,-10.72297,0.5003975,0.7715407,-1.292961,28.19441,-3.423643E-05,0,0.5184969,0.7561743,-1.307984,18.81743,-3.154938E-05,0,0.4597059,0.8530655,-1.31473,0,-5.533278E-06,0,0.466396,0.8023069,-1.299144,34.02112,12.76481,-4.735448,0.4848711,0.7610077,-1.311439,31.84494,-2.011372E-05,0,0.5056051,0.7454938,-1.328341,21.26052,-2.304946E-05,0,0.4530427,0.8499722,-1.322781,3.069245,14.87364,-2.900633,0.4532958,0.7988173,-1.319643,30.12566,-0.1099451,-2.369264,0.4712603,0.7603081,-1.330228,31.78167,-3.251424E-05,0,0.4918036,0.7462608,-1.34358,21.21815,-4.198299E-05,0.02797646,0.4470161,0.8495247,-1.330389,7.703165,29.67835,-7.043752,0.4420889,0.802546,-1.339209,20.35933,-10.54861,-2.880044,0.4523622,0.7694576,-1.346643,31.35441,0.0002188526,0,0.467616,0.7557907,-1.355397,20.93209,0.0001447023,0,0.8872819,1.412503,-1.112409,37.62828,-19.58998,69.41473,0.8532106,1.428985,-1.101101,-13.68314,28.77256,6.683838,0.8387401,1.447483,-1.082463,-7.979565,-7.071423E-06,0,0.8864036,1.404354,-1.102222,0,-14.88067,1.250075,0.8633276,1.437224,-1.064727,18.68085,26.87112,7.505535,0.8359331,1.441047,-1.028387,53.30079,-3.000075E-05,0,0.8106737,1.429195,-1.02508,35.67885,-2.371282E-05,0,0.8871716,1.395562,-1.096295,0,-9.729531E-06,0,0.8656078,1.41622,-1.051883,23.58308,16.53299,-0.7230757,0.8342814,1.41527,-1.017013,54.08079,-3.128335E-05,0,0.8052689,1.404748,-1.018972,36.20539,-2.912804E-05,0,0.8885674,1.385914,-1.091422,3.069309,14.87367,-2.900768,0.8677972,1.392711,-1.045064,24.90236,4.718459,-6.702415,0.835974,1.389761,-1.015125,56.28371,7.780319E-06,0,0.8089449,1.384546,-1.021439,37.69354,-1.28908E-05,0,0.8907096,1.376708,-1.089167,7.703165,29.67841,-7.043752,0.8717948,1.370211,-1.045474,28.35511,-8.690067,-18.3184,0.8436027,1.367578,-1.024169,52.03178,4.968258E-06,0,0.8221083,1.369879,-1.029536,34.82261,1.757602E-06,0
1067,0.7078104,0.927091,-1.36145,1.485167,0.4675125,2.830961,0.7029025,1.286807,-1.402306,-1.342609,0.4888962,1.996256,0.7027043,1.595125,-1.386393,9.233142,-2.35726,2.698999,0.627826,0.9265411,-1.357479,-0.5352231,0.3119067,0.9134313,0.6287917,0.4994842,-1.350278,8.996498,-0.003353188,0.01978234,0.6269097,0.07557103,-1.410028,7.544208,-1.462139,-8.592286,0.7877948,0.9276409,-1.36542,-1.76092,-1.332515,2.024004,0.7807092,0.5005838,-1.366966,5.385397,0.002031314,0.02797646,0.7708606,0.07461923,-1.408598,5.620612,-1.859835,-4.815034,0.632952,1.408664,-1.3781,-13.11432,-0.3417442,1.329427,0.5023851,1.407358,-1.403799,-6.098601,14.13046,-46.06898,0.4584382,1.153267,-1.393938,14.21845,-4.929096E-05,1.670232,0.772073,1.409964,-1.38292,-18.12254,6.015912,4.510497,0.8962196,1.426034,-1.428079,28.31915,16.85419,-33.87685,1.032039,1.246787,-1.301531,110.6703,-0.0001009931,-25.3709,0.4515961,0.8773264,-1.326462,4.751719,-8.017474,0.332791,0.892002,1.413796,-1.11921,-3.315053,13.3872,0.3886621,0.4720943,0.8660942,-1.300847,45.18795,-12.61308,95.05896,0.5021456,0.8406087,-1.303634,17.84543,35.18844,-10.51023,0.5089568,0.8119039,-1.298288,9.672295,-4.855401E-06,0,0.4655755,0.8571175,-1.307767,0,-14.88062,1.249918,0.4809932,0.8110992,-1.28201,37.75347,22.46225,-10.71998,0.5000795,0.7712288,-1.293487,28.28661,-9.022022E-05,0,0.5180758,0.7558648,-1.308637,18.87913,-6.023344E-05,0,0.4592436,0.852731,-1.315093,0,6.787035E-07,0,0.4660482,0.8019968,-1.299477,34.00065,12.77009,-4.744706,0.4844172,0.7606695,-1.311836,31.93851,2.378385E-06,0,0.5050386,0.7451622,-1.328882,21.32315,2.199991E-06,0,0.4525205,0.8496253,-1.323089,3.069245,14.87364,-2.900701,0.4527954,0.7984754,-1.319872,30.1127,-0.1047483,-2.332297,0.47067,0.759944,-1.330528,31.83693,6.958602E-06,0,0.4911143,0.7458922,-1.344026,21.25516,4.269972E-06,0,0.4464373,0.8491661,-1.330652,7.703139,29.67833,-7.043697,0.441443,0.8021737,-1.33936,20.37071,-10.54565,-2.877528,0.4516642,0.7690758,-1.346823,31.33314,0.0006723433,0,0.466849,0.7553912,-1.355669,20.91788,0.0004811509,0,0.8790715,1.445899,-1.117059,36.91206,-23.11693,69.23991,0.8453156,1.464614,-1.108652,-15.2562,29.90678,7.744076,0.8316877,1.485455,-1.091953,-8.792117,-2.568835E-07,0,0.8779688,1.438208,-1.106543,0,-14.88069,1.249762,0.8536175,1.472529,-1.071217,24.35657,26.64671,5.900998,0.8224207,1.475755,-1.038021,59.6215,2.862599E-05,0,0.7983406,1.461377,-1.039706,39.95152,2.109422E-05,0,0.8786352,1.429698,-1.100207,0,-1.587444E-05,0,0.8556916,1.452142,-1.057382,31.14138,16.3012,-1.986625,0.8197984,1.449895,-1.027303,59.34829,9.851036E-06,0,0.7929102,1.437179,-1.035765,39.76654,3.065422E-07,0,0.8799648,1.42029,-1.094869,3.069181,14.87367,-2.900633,0.857861,1.428982,-1.049453,37.36788,4.275764,-6.793329,0.8201045,1.424304,-1.027767,56.26962,5.698004E-05,0,0.7956271,1.417604,-1.04016,37.68402,2.813687E-05,0,0.8821102,1.411214,-1.092143,7.703139,29.67841,-7.04378,0.8620322,1.406522,-1.048739,40.51798,-8.117708,-17.03441,0.8297536,1.403169,-1.034509,52.32348,5.120379E-06,0,0.8100846,1.404917,-1.044813,35.01938,-1.847293E-07,0
1100,0.7071489,0.9270058,-1.362248,1.540785,0.5232818,2.779392,0.7014983,1.286673,-1.403399,-1.30761,0.7103626,1.4941,0.7003767,1.594965,-1.387394,9.51122,-2.730061,2.995063,0.6271617,0.92638,-1.358346,-0.3642322,0.3382283,0.9873473,0.6284125,0.4993558,-1.349453,9.336015,-0.006096898,0.02797646,0.6269009,0.07555994,-1.410039,7.664802,-1.481562,-8.466381,0.7871361,0.9276317,-1.366149,-1.654221,-1.356014,2.004474,0.7803411,0.5005672,-1.366488,5.615554,0.004786025,0.02797646,0.7707112,0.07464746,-1.408625,5.680892,-1.881374,-4.925055,0.6308908,1.408285,-1.379878,-12.83478,-0.3158488,1.332074,0.5004319,1.406532,-1.406093,-6.092233,14.27281,-46.22607,0.4568694,1.152395,-1.395732,14.43378,-4.621909E-05,2.006426,0.7700434,1.410093,-1.383468,-18.1599,6.568676,5.215564,0.8943478,1.427869,-1.427539,32.22461,15.9034,-33.27315,1.03149,1.260735,-1.286653,111.1601,-8.873173E-05,-27.88395,0.4510214,0.8767823,-1.326835,4.770317,-7.829045,0.3262592,0.8841714,1.438163,-1.120641,-4.192411,15.89037,0.5855064,0.4716511,0.8656191,-1.301295,45.16355,-12.60175,95.05743,0.5016916,0.8401303,-1.304167,17.81957,35.01496,-10.45022,0.5086008,0.8114443,-1.298846,9.679446,-2.842525E-06,0,0.4651037,0.8566232,-1.308162,0,-14.88062,1.249918,0.4806731,0.8106716,-1.282378,37.74078,22.46249,-10.73412,0.4997213,0.7707819,-1.293852,28.33276,-4.85619E-05,0,0.5176608,0.7554085,-1.309059,18.91002,-3.615293E-05,0,0.4587384,0.8522168,-1.315448,0,-4.30837E-07,0,0.4656479,0.8015216,-1.299751,33.98954,12.76733,-4.778236,0.4839762,0.760173,-1.3121,32.00388,3.959746E-06,0,0.5045403,0.7446652,-1.329214,21.36694,4.311732E-06,0,0.451978,0.8490895,-1.323404,3.069245,14.87364,-2.900701,0.4522975,0.797947,-1.320073,30.15414,-0.1122681,-2.335651,0.4701667,0.7594169,-1.330743,31.72363,1.010715E-06,0,0.4905407,0.7453157,-1.344296,21.17927,-8.929868E-06,0,0.4458582,0.8486098,-1.330936,7.703165,29.67834,-7.043752,0.4408478,0.8015952,-1.339514,20.39205,-10.55132,-2.838487,0.4510633,0.7684907,-1.346955,31.29003,8.344771E-05,0,0.466205,0.7547883,-1.355848,20.889,5.08294E-05,0,0.8712086,1.470298,-1.119314,36.28478,-26.93521,69.56047,0.8382028,1.491186,-1.113427,-15.33663,31.99713,8.268475,0.8257448,1.513424,-1.097641,-8.643452,-1.148115E-06,0,0.8698636,1.462781,-1.108701,0,-14.88071,1.249918,0.8447288,1.497679,-1.074508,35.38608,25.06772,1.65871,0.8080341,1.49771,-1.04732,60.47522,-3.760898E-05,0,0.7859337,1.481646,-1.053872,40.52969,-1.60011E-05,0,0.870382,1.454376,-1.102212,0,-3.625927E-05,0,0.8464788,1.477524,-1.060295,44.93036,14.84254,-5.598777,0.8048991,1.471232,-1.039567,58.53982,-5.122786E-05,0,0.781471,1.457392,-1.054258,39.21934,-2.953531E-05,0,0.8715859,1.445057,-1.09669,3.069309,14.87366,-2.900633,0.8484575,1.454497,-1.051938,52.64415,3.013673,-7.495592,0.806513,1.447196,-1.041687,53.55192,-5.68359E-05,0,0.7858929,1.439922,-1.059563,35.84834,-4.788344E-05,0,0.8736649,1.436027,-1.093767,7.703139,29.6784,-7.043752,0.852602,1.432052,-1.05076,54.97595,-7.057724,-16.08305,0.8178544,1.427333,-1.045664,50.85399,-4.87609E-05,0,0.8011513,1.428916,-1.060313,34.02837,-3.300609E-05,0
1133,0.7061847,0.9269139,-1.362773,1.583132,0.576655,2.578229,0.6998793,1.28654,-1.404089,-1.304613,0.9398237,0.9240804,0.6977352,1.594807,-1.387945,9.646059,-3.064061,3.360453,0.6261851,0.9262086,-1.35915,-0.1948336,0.3520153,1.023164,0.6277969,0.4992211,-1.348687,9.65158,-0.009044114,0.03426402,0.6268885,0.07553679,-1.41006,7.783917,-1.510028,-8.228579,0.7861844,0.9276193,-1.366397,-1.559343,-1.363391,2.05338,0.7798057,0.5005487,-1.365747,5.840531,0.0062978,0.03426402,0.77058,0.07468885,-1.408574,5.750026,-1.890519,-5.108602,0.6285806,1.407882,-1.38127,-12.64186,-0.3153611,1.346829,0.498307,1.405628,-1.408355,-5.981501,14.31886,-46.24313,0.4553842,1.151398,-1.397616,14.59502,-6.626167E-05,2.56025,0.7677543,1.410215,-1.383463,-18.17868,7.026186,5.651075,0.8922763,1.429518,-1.426259,35.23753,15.22175,-32.88652,1.029592,1.27229,-1.274555,111.0591,-9.442319E-05,-29.23987,0.4503356,0.8760977,-1.327421,4.79665,-7.705183,0.3232465,0.8763984,1.455101,-1.120104,-5.394377,17.45255,0.8289794,0.4710613,0.8650242,-1.30192,45.1593,-12.58909,95.0169,0.5011137,0.8395535,-1.304828,17.78131,34.93018,-10.40524,0.5081026,0.8108899,-1.299491,9.669123,-1.616721E-05,0,0.4645007,0.8560033,-1.308742,0,-14.88063,1.249918,0.4802036,0.8101369,-1.282887,37.73183,22.45157,-10.77366,0.4992599,0.7702357,-1.294307,28.37286,-2.098587E-05,0,0.5171812,0.7548565,-1.30953,18.93683,-1.031259E-05,0,0.458116,0.8515708,-1.315994,0,-3.565608E-06,0,0.4651307,0.8009249,-1.300186,33.97087,12.75974,-4.795342,0.4834576,0.7595566,-1.31247,32.09947,1.068503E-05,0,0.504002,0.7440618,-1.32962,21.43092,5.39979E-06,0,0.4513327,0.8484152,-1.323919,3.069309,14.87364,-2.900701,0.451717,0.7972822,-1.320454,30.15629,-0.1215296,-2.395799,0.4695967,0.7587435,-1.331075,31.72395,-4.725249E-06,0,0.4899524,0.7446296,-1.344643,21.17952,1.336672E-06,0,0.4451885,0.847909,-1.33143,7.703165,29.67834,-7.043752,0.4401993,0.8008665,-1.339866,20.37989,-10.55528,-2.884526,0.4504203,0.7677503,-1.347247,31.32413,0.0003670261,0,0.4655567,0.7540464,-1.356146,20.91184,0.000254342,0,0.8633808,1.487232,-1.11933,35.82058,-30.34237,70.47752,0.8312265,1.509833,-1.115371,-14.29171,33.65988,8.036731,0.8196664,1.533007,-1.100262,-7.906289,-2.595949E-05,0,0.8619667,1.479864,-1.108622,0,-14.88073,1.250075,0.8365268,1.515206,-1.075117,46.23409,22.33779,-2.383924,0.7959142,1.511853,-1.0545,62.65947,-8.007935E-05,0,0.7771121,1.494302,-1.065809,42.01018,-5.938871E-05,0,0.8624482,1.471553,-1.102011,0,-4.786667E-05,0,0.8381984,1.495257,-1.060607,57.74674,12.15292,-7.90542,0.7937343,1.485458,-1.049423,59.44857,-3.767498E-05,0,0.7753476,1.470778,-1.069491,39.83443,-2.816285E-05,0,0.8636237,1.462315,-1.096349,3.069309,14.87365,-2.900701,0.8401467,1.472353,-1.05191,64.87794,1.489098,-6.805847,0.7973252,1.463228,-1.051036,54.04449,-1.764668E-05,0,0.7815796,1.455421,-1.073144,36.18087,-1.113722E-05,0,0.8656934,1.453331,-1.093282,7.703191,29.6784,-7.04378,0.8443138,1.449933,-1.050382,65.33018,-5.818017,-14.78738,0.8093985,1.444048,-1.051767,52.82448,-3.369901E-05,0,0.7962003,1.445521,-1.069649,35.35741,-3.41556E-05,0
1167,0.7053566,0.9268333,-1.362904,1.603521,0.6159968,2.255593,0.6986163,1.286435,-1.40429,-1.308208,1.135341,0.3896677,0.6955472,1.594689,-1.388099,9.641614,-3.302997,3.696128,0.6253386,0.9260615,-1.359729,-0.05934703,0.3649864,0.9899204,0.627194,0.4991046,-1.348125,9.886423,-0.01236651,0.03956468,0.6268758,0.07550901,-1.410114,7.88359,-1.525825,-7.940181,0.7853746,0.927605,-1.366078,-1.488458,-1.372942,2.151769,0.7793019,0.5005314,-1.364807,6.049706,0.009252909,0.02797646,0.7704555,0.07475942,-1.408578,5.844994,-1.914103,-5.355952,0.6267181,1.407543,-1.382116,-12.55646,-0.3520138,1.348136,0.4966731,1.40479,-1.410234,-5.762862,14.23607,-46.11193,0.454661,1.150419,-1.399227,14.68318,-4.113049E-05,3.08134,0.7658982,1.410323,-1.383,-18.14441,7.334401,5.824266,0.8906811,1.43074,-1.424499,37.15998,14.79896,-32.76512,1.027257,1.279932,-1.265772,110.7769,-9.281842E-05,-29.27226,0.4502435,0.8753802,-1.327972,4.776596,-7.621881,0.3177519,0.8696017,1.464765,-1.118379,-7.253904,18.52832,1.184651,0.4709451,0.8644128,-1.302406,45.15938,-12.56859,94.94907,0.5010333,0.8389719,-1.305202,17.6923,34.8833,-10.339,0.5080877,0.8103384,-1.299789,9.626841,-9.840162E-06,0,0.4644087,0.8553621,-1.309211,0,-14.88064,1.250075,0.4801386,0.8095956,-1.283196,37.71851,22.44211,-10.81154,0.4992742,0.7696868,-1.294456,28.42839,1.99244E-05,0,0.5172597,0.7543098,-1.309605,18.97396,4.363699E-06,0,0.4580422,0.8508986,-1.31646,0,-7.766946E-06,0,0.4651069,0.8003101,-1.300491,33.95594,12.75296,-4.789129,0.483512,0.7589284,-1.312613,32.22171,-4.347109E-07,0,0.5041272,0.7434642,-1.329705,21.51278,-3.841325E-06,0,0.4512762,0.8477096,-1.324387,3.069309,14.87364,-2.900701,0.4517308,0.7965876,-1.32077,30.14128,-0.1217636,-2.379897,0.4696769,0.7580391,-1.331242,31.78903,-4.487051E-06,0,0.4900825,0.7439367,-1.344747,21.22309,-6.242455E-06,0,0.4451446,0.8471721,-1.331906,7.703191,29.67835,-7.043752,0.4402387,0.8000975,-1.340211,20.37845,-10.57008,-2.873852,0.4505245,0.7669743,-1.34747,31.33835,0.000167503,0,0.4656996,0.7532707,-1.356303,20.92136,0.000113452,0,0.8566203,1.496914,-1.117736,35.79552,-33.24535,71.26606,0.8253013,1.520818,-1.114896,-13.44777,34.73144,7.7577,0.814659,1.544741,-1.100288,-7.346867,-5.434383E-06,0,0.8553667,1.489658,-1.106931,0,-14.88068,1.249918,0.8304724,1.525366,-1.073405,54.91121,19.21366,-5.719574,0.7879061,1.51936,-1.057987,70.00685,-5.12252E-05,0,0.7743525,1.500821,-1.074175,47.00414,-5.959942E-05,0,0.8559445,1.481416,-1.100243,0,-1.812944E-05,0,0.832354,1.505566,-1.058717,67.61771,9.00183,-8.529634,0.7871869,1.493646,-1.054718,66.59325,8.046381E-06,0,0.7761736,1.478753,-1.079481,44.68119,-6.463466E-06,0,0.8572007,1.472236,-1.094504,3.069181,14.87367,-2.900701,0.8344203,1.482753,-1.049814,74.09851,-0.3047926,-4.890525,0.7921137,1.472859,-1.055292,61.11269,5.703261E-06,0,0.7831708,1.464867,-1.080861,40.96158,4.17104E-06,0,0.8593112,1.463281,-1.091377,7.703139,29.6784,-7.043752,0.8385946,1.460346,-1.048119,72.52423,-4.82953,-12.95628,0.804171,1.453709,-1.053277,59.96599,2.178408E-05,0,0.7954109,1.455477,-1.073679,40.1848,4.476296E-06,0
1200,0.704697,0.9267651,-1.362593,1.6012,0.6398199,1.880136,0.6977189,1.286363,-1.40398,-1.30746,1.289834,-0.05934703,0.693891,1.594607,-1.387797,9.606377,-3.464969,3.929645,0.6246604,0.925945,-1.359941,0.03426402,0.3727662,0.9080599,0.62666,0.4990067,-1.347696,10.0269,-0.01338958,0.04845664,0.6268514,0.07547158,-1.410097,7.958331,-1.532412,-7.648116,0.7847337,0.9275851,-1.365244,-1.443607,-1.380784,2.270468,0.7788613,0.5005095,-1.363722,6.221889,0.01086424,0.02797646,0.7703374,0.07483906,-1.408533,5.948112,-1.949563,-5.629497,0.6253434,1.407286,-1.382356,-12.54189,-0.4266343,1.331927,0.4955292,1.404035,-1.411469,-5.697807,14.25566,-46.09256,0.4542679,1.14954,-1.400507,14.88249,-5.434918E-05,2.912218,0.7645187,1.410415,-1.382141,-18.07733,7.499449,5.787095,0.8895654,1.43153,-1.422482,38.2981,14.47744,-32.85891,1.024727,1.284056,-1.259469,110.3772,-0.0001000302,-28.96469,0.4507549,0.8747653,-1.328189,4.621266,-7.426565,0.2993615,0.8640121,1.468982,-1.115539,-9.635087,18.66619,1.587083,0.4711837,0.8639141,-1.302356,45.16829,-12.55969,94.91793,0.50135,0.8385239,-1.30474,17.68572,34.85287,-10.32727,0.5084074,0.8099181,-1.299186,9.626963,-7.355509E-06,0,0.4647427,0.8548305,-1.309208,0,-14.88065,1.249918,0.4802611,0.8091722,-1.282878,37.70403,22.43545,-10.81278,0.4995992,0.7692637,-1.293787,28.49739,-1.233873E-05,0,0.5177981,0.7539003,-1.308694,19.0201,-2.024201E-05,0,0.4584679,0.8503332,-1.316516,0,-1.122435E-05,0,0.4654456,0.7998062,-1.300316,33.95041,12.74542,-4.785488,0.4840682,0.7584229,-1.312094,32.34039,6.016998E-06,0,0.5049285,0.743001,-1.328925,21.59227,2.291105E-06,0,0.4517989,0.8471075,-1.32451,3.069245,14.87365,-2.900768,0.4523091,0.7959976,-1.320734,30.15853,-0.1228695,-2.359579,0.4704563,0.757459,-1.330892,31.75565,1.709586E-05,0,0.4910356,0.7433487,-1.344122,21.20073,1.050065E-05,0,0.4457547,0.8465359,-1.332096,7.703165,29.67836,-7.043752,0.4410332,0.7994274,-1.340316,20.37399,-10.5709,-2.839797,0.4514621,0.7663016,-1.347356,31.36279,-0.0001927487,0,0.4667645,0.7526075,-1.355982,20.93772,-0.0001335416,0,0.851528,1.501328,-1.114939,36.26097,-35.86058,72.19325,0.8212435,1.526624,-1.113105,-12.22421,36.09917,7.274296,0.8117387,1.551178,-1.098764,-6.568055,-3.017601E-05,0,0.8504163,1.494204,-1.104032,0,-14.88074,1.249762,0.8268352,1.530625,-1.070324,61.42881,16.47653,-8.268545,0.7833056,1.523236,-1.058653,77.14428,-2.051319E-05,0,0.7746849,1.504795,-1.078019,51.87806,1.638127E-05,-0.02797646,0.8510257,1.486022,-1.097272,0,-5.003584E-05,0,0.8287608,1.510951,-1.055475,74.81326,6.795472,-8.985507,0.7836925,1.498047,-1.05617,74.32909,-2.527945E-05,0,0.7794855,1.483855,-1.083321,49.95282,-2.404046E-06,0,0.8522776,1.476884,-1.091467,3.069373,14.87365,-2.900633,0.8306928,1.488201,-1.046381,81.11841,-1.104107,-3.673331,0.7892102,1.477974,-1.055989,69.02891,-4.86442E-06,0,0.7867041,1.470279,-1.083047,46.33813,1.09584E-05,0,0.8543264,1.467931,-1.088295,7.703165,29.67839,-7.043752,0.8345719,1.465752,-1.044544,77.88087,-3.46492,-11.29512,0.8006695,1.458685,-1.052049,67.53178,-3.485655E-05,0,0.7961464,1.460754,-1.073759,45.31936,-1.41567E-05,0
1233,0.7041417,0.9266974,-1.361838,1.577808,0.6492184,1.502199,0.6970727,1.286309,-1.403184,-1.293012,1.408098,-0.4092611,0.6926188,1.594549,-1.387086,9.575754,-3.541373,4.089213,0.6240897,0.9258485,-1.359714,0.07661668,0.3695977,0.8021067,0.6261901,0.498915,-1.347314,10.10589,-0.01628152,0.04845664,0.6268494,0.07544523,-1.410153,8.035583,-1.543542,-7.375068,0.7841938,0.9275464,-1.363962,-1.417065,-1.379011,2.401592,0.7784788,0.5004685,-1.362488,6.383743,0.02598687,0.02797646,0.7703433,0.07492563,-1.408564,6.081282,-1.970765,-5.890258,0.624333,1.407094,-1.38202,-12.58142,-0.4509028,1.305213,0.4947294,1.403537,-1.412022,-5.581318,14.17569,-46.20065,0.4542557,1.148918,-1.401005,15.00218,-5.614601E-05,2.371576,0.763498,1.410492,-1.380949,-18.00919,7.524445,5.580229,0.8887886,1.431898,-1.420369,38.73642,14.0792,-33.02775,1.021742,1.28441,-1.255562,109.7317,-0.000123811,-27.0747,0.4516234,0.8743286,-1.327949,4.404778,-7.258956,0.2783625,0.8601962,1.468139,-1.11103,-9.636637,20.2356,1.723514,0.4716813,0.863597,-1.301777,45.18098,-12.55354,94.89905,0.5019408,0.8382741,-1.303639,17.71195,34.85143,-10.34288,0.5089731,0.8096951,-1.297918,9.641226,-2.262611E-06,0,0.4653663,0.8544794,-1.308701,0,-14.88064,1.249762,0.4805866,0.8089308,-1.282009,37.69724,22.43317,-10.78065,0.5001795,0.7690358,-1.292506,28.54183,1.730399E-05,0,0.5186408,0.7536885,-1.307103,19.04985,1.8375E-05,0,0.4592139,0.8499472,-1.316091,0,-4.381571E-06,0,0.4660601,0.7994818,-1.299644,33.93037,12.7426,-4.764441,0.4849472,0.7581027,-1.311009,32.51767,6.380208E-06,0,0.5061228,0.7427562,-1.327512,21.71102,-3.125132E-06,0,0.4526748,0.8466837,-1.324176,3.069245,14.87364,-2.900701,0.4532449,0.7955858,-1.32025,30.16317,-0.12299,-2.382035,0.4716358,0.7570633,-1.330023,31.752,3.710694E-05,0,0.4924499,0.7429652,-1.342894,21.19829,2.459809E-05,0,0.4467483,0.8460768,-1.331852,7.703139,29.67835,-7.04378,0.4422607,0.7989347,-1.34001,20.39014,-10.58902,-2.838143,0.4528853,0.7658172,-1.346792,31.32753,0.0001713688,0,0.4683473,0.7521291,-1.355138,20.91409,0.0001211396,0,0.8468772,1.500128,-1.109674,36.88656,-37.9496,72.49072,0.8164076,1.525212,-1.108016,-12.35588,37.87896,7.660295,0.807356,1.549639,-1.093173,-6.483406,-1.874812E-05,0,0.8462262,1.492831,-1.098843,0,-14.88068,1.249762,0.8225319,1.528155,-1.064064,66.14938,14.32585,-10.46548,0.7789386,1.517915,-1.055096,83.87248,1.135016E-06,0.01978234,0.7754005,1.500526,-1.07688,56.49554,-4.402066E-05,0,0.8472201,1.48458,-1.092215,0,-1.736506E-05,0,0.825347,1.508344,-1.049542,80.51453,5.452644,-10.2362,0.781324,1.492787,-1.053797,82.16197,-2.577061E-05,0,0.7837777,1.480917,-1.082247,55.31938,-5.396753E-05,0,0.8488578,1.475402,-1.08657,3.069309,14.87367,-2.900633,0.8281071,1.485535,-1.040815,85.94564,-1.09403,-2.915711,0.7877997,1.473466,-1.052956,74.6143,5.607206E-06,0,0.7899095,1.466742,-1.080304,50.14769,-9.909013E-06,0,0.8512214,1.466466,-1.083574,7.703191,29.67841,-7.04378,0.8326246,1.463176,-1.039388,82.04842,-1.973722,-10.37251,0.7995467,1.454456,-1.048632,72.48972,1.817319E-05,0,0.7978193,1.457141,-1.070675,48.69694,-4.465391E-06,0
1267,0.7036872,0.9266313,-1.360844,1.539387,0.6344134,1.164325,0.6966445,1.286269,-1.402168,-1.250231,1.504358,-0.6540186,0.6916244,1.594512,-1.386281,9.580721,-3.537076,4.204539,0.6236239,0.9257888,-1.359193,0.09065409,0.3442582,0.6952065,0.6258011,0.4988497,-1.346999,10.11894,-0.01669396,0.05595291,0.6268409,0.07542625,-1.410145,8.093715,-1.558226,-7.140701,0.7837505,0.9274738,-1.362494,-1.404999,-1.356209,2.546451,0.7781578,0.5003934,-1.361283,6.494436,0.01231938,0,0.7701504,0.07496676,-1.408442,6.198908,-2.01654,-6.095932,0.6236231,1.406953,-1.381395,-12.64635,-0.4840887,1.273032,0.4941928,1.403098,-1.4121,-5.598182,14.18734,-46.40116,0.4543284,1.148381,-1.401112,15.08154,-6.672054E-05,1.979717,0.7627767,1.410572,-1.379727,-17.89022,7.390179,5.275332,0.88833,1.43184,-1.418378,38.55893,13.84281,-33.45534,1.018995,1.282355,-1.253541,108.86,-0.0001134443,-25.913,0.4524583,0.8738825,-1.327693,4.246946,-7.224696,0.268341,0.8574363,1.463123,-1.105337,-7.815147,22.5471,1.560096,0.4723038,0.8632691,-1.301312,45.19405,-12.54891,94.90435,0.5026466,0.8380236,-1.302841,17.75845,34.86081,-10.37363,0.5096869,0.8094715,-1.296997,9.665177,2.201966E-06,0,0.4660756,0.8541176,-1.30827,0,-14.88062,1.250075,0.4811682,0.8086762,-1.281324,37.68397,22.43858,-10.73665,0.5009505,0.7688004,-1.291535,28.61308,-0.0001499038,0,0.5195853,0.7534859,-1.305944,19.09753,-0.0001048935,0,0.4600025,0.8495508,-1.315704,0,2.346611E-06,0,0.4668275,0.7991451,-1.299067,33.93502,12.74612,-4.761274,0.4859238,0.7577876,-1.310158,32.61956,1.349977E-05,0,0.5073051,0.7425035,-1.326452,21.77922,2.504939E-06,0,0.453546,0.84625,-1.323841,3.069245,14.87364,-2.900701,0.4542111,0.7951638,-1.319778,30.14171,-0.1166706,-2.346269,0.4727748,0.7566564,-1.329281,31.83101,1.41697E-05,0,0.4937465,0.7426035,-1.341944,21.25117,1.16926E-06,0,0.4476914,0.8456084,-1.331569,7.703165,29.67834,-7.043752,0.4433993,0.7984344,-1.339647,20.37286,-10.57984,-2.812508,0.4541588,0.7653238,-1.346247,31.37658,-3.380388E-05,0,0.4697345,0.7516648,-1.354428,20.94696,-2.178257E-05,0,0.8427646,1.494411,-1.102458,37.11385,-39.9223,72.31405,0.811757,1.518813,-1.100605,-12.11095,39.46153,7.766019,0.8023592,1.542285,-1.08449,-6.215332,-8.717242E-06,0,0.8424603,1.486592,-1.091984,0,-14.88067,1.249918,0.8173847,1.519189,-1.05555,68.36208,13.31528,-11.28519,0.7741764,1.506029,-1.048801,88.18217,-7.993479E-06,0,0.7743227,1.490462,-1.072191,59.46616,-2.208981E-05,0,0.8438273,1.478088,-1.085753,0,-6.784097E-06,0,0.8210906,1.498854,-1.041981,82.90448,5.215846,-11.27688,0.7782788,1.480952,-1.048674,87.17027,-9.939159E-06,0,0.7847491,1.472316,-1.077654,58.76771,-1.495483E-05,0,0.845874,1.468733,-1.080549,3.069245,14.87368,-2.900768,0.8248518,1.4758,-1.034345,89.12495,-0.3552242,-3.191446,0.7860985,1.461699,-1.049078,79.19485,-1.385139E-05,0,0.7920255,1.457481,-1.076367,53.28285,-1.883402E-05,0,0.8486274,1.459775,-1.077981,7.703165,29.67841,-7.043725,0.8303267,1.453613,-1.033979,85.19167,-0.8384092,-10.33516,0.7983794,1.443441,-1.045448,75.60728,-1.143032E-05,0,0.7987171,1.447731,-1.067301,50.82647,-1.250997E-05,0
1300,0.7032418,0.9265889,-1.359764,1.492921,0.6128221,0.8967844,0.6963174,1.286262,-1.401065,-1.196485,1.556976,-0.8158936,0.6908944,1.594511,-1.385431,9.610346,-3.441926,4.271502,0.6231714,0.9257654,-1.358489,0.04845664,0.3075773,0.6016592,0.6254538,0.4988097,-1.346915,10.04964,-0.01821307,0.05595291,0.6268397,0.07540312,-1.410168,8.122021,-1.583938,-6.959085,0.7833122,0.9274124,-1.361039,-1.398438,-1.322018,2.693554,0.7778623,0.5003294,-1.360177,6.594187,0.0136959,0.02797646,0.7700641,0.07502145,-1.40843,6.324868,-2.03244,-6.233507,0.6231338,1.4069,-1.380604,-12.72565,-0.4811651,1.249292,0.4938377,1.40292,-1.411854,-5.536934,14.08399,-46.53481,0.4545491,1.148116,-1.400795,15.00079,-5.856873E-05,1.956147,0.7622789,1.41064,-1.378543,-17.77908,7.218199,4.980906,0.8880579,1.431586,-1.416632,37.98185,13.82738,-34.20174,1.016968,1.279512,-1.252783,107.8073,-9.341881E-05,-25.38614,0.4529477,0.8735732,-1.327537,4.192832,-7.38356,0.2705197,0.8551497,1.455395,-1.099086,-8.230105,23.16325,1.689223,0.4727533,0.8630697,-1.301081,45.20612,-12.54448,94.93086,0.5031672,0.8379027,-1.302485,17.8265,34.88625,-10.4216,0.5102429,0.8093747,-1.296567,9.698784,-7.113848E-06,0,0.4665664,0.8538867,-1.308035,0,-14.88066,1.250075,0.4817073,0.8085442,-1.28095,37.66611,22.44666,-10.68778,0.5016071,0.7686899,-1.291015,28.71112,-3.254084E-05,0,0.520322,0.7534222,-1.30537,19.16311,-3.972555E-05,0,0.4605241,0.8492878,-1.315475,0,-1.609605E-05,0,0.4674364,0.7989369,-1.298708,33.93139,12.75397,-4.738261,0.486661,0.7576021,-1.309661,32.72409,-9.037137E-06,0,0.5081342,0.7423829,-1.325895,21.84923,-1.578912E-05,0,0.4540967,0.8459523,-1.32362,3.069245,14.87364,-2.900701,0.454883,0.7948772,-1.319442,30.16312,-0.1127603,-2.31579,0.4735796,0.7564043,-1.328823,31.78117,2.289231E-05,0,0.4946087,0.7423646,-1.341405,21.21784,3.085608E-06,0,0.4482634,0.8452784,-1.331361,7.703139,29.67837,-7.043752,0.4441134,0.7980757,-1.339346,20.38254,-10.57758,-2.813273,0.454979,0.7649806,-1.345848,31.36264,9.698542E-05,0,0.4706094,0.7513422,-1.353959,20.93763,7.334682E-05,0,0.8403369,1.486471,-1.09492,37.19921,-41.36111,72.73285,0.8096125,1.511177,-1.092468,-10.90606,40.70325,7.161906,0.8006593,1.534017,-1.075231,-5.498219,-1.433805E-05,0,0.8402394,1.478298,-1.084715,0,-14.8807,1.250075,0.8155286,1.509472,-1.046815,71.33735,12.88844,-11.96932,0.772668,1.494519,-1.041809,90.63975,-1.82766E-05,0,0.7750316,1.480574,-1.066087,61.16497,1.368751E-05,0,0.8417521,1.469596,-1.078799,0,-2.779034E-05,0,0.8195627,1.488712,-1.034007,85.83176,5.311447,-12.19938,0.7775587,1.469775,-1.042679,89.80673,-1.1203E-05,0,0.7862121,1.463623,-1.071723,60.58873,-1.804231E-05,0,0.8439338,1.460082,-1.07395,3.069309,14.87367,-2.900701,0.8235777,1.465435,-1.027219,92.63315,0.1103434,-3.456041,0.7858813,1.450991,-1.044192,80.66367,-2.649094E-05,0,0.793662,1.44857,-1.071234,54.29041,-9.237855E-06,0,0.8467796,1.451061,-1.07173,7.703165,29.67841,-7.043752,0.8291901,1.443285,-1.027694,88.75069,0.2047432,-10.6539,0.7980415,1.433014,-1.041107,76.29362,-9.570473E-06,0,0.7994719,1.438571,-1.062628,51.29591,-6.193694E-06,0
1333,0.7027715,0.9265614,-1.3587,1.440622,0.5816569,0.717643,0.6960573,1.286275,-1.399899,-1.163316,1.565642,-0.9191971,0.6904168,1.594531,-1.384431,9.62441,-3.279937,4.276908,0.6226972,0.925774,-1.357676,0,0.2535702,0.5245137,0.6251431,0.4987977,-1.346925,9.939509,-0.01963396,0.0656106,0.6268369,0.07539263,-1.41018,8.131998,-1.622331,-6.844785,0.7828459,0.9273489,-1.359723,-1.397598,-1.269084,2.832619,0.7775904,0.5002627,-1.359282,6.657849,0.01496638,0.01978234,0.7700017,0.07505327,-1.408428,6.434772,-2.02428,-6.29398,0.6228231,1.406916,-1.379635,-12.808,-0.5340521,1.243483,0.4936337,1.402787,-1.411304,-5.633117,14.14491,-46.57169,0.4544633,1.147956,-1.400448,14.96026,-4.145476E-05,1.369308,0.7619638,1.410673,-1.377324,-17.66632,7.064646,4.745449,0.8879361,1.431258,-1.414969,37.28112,13.99901,-35.09978,1.015704,1.276904,-1.252363,106.9454,-8.707208E-05,-24.58322,0.4527211,0.8733404,-1.327467,4.078856,-7.489316,0.2668786,0.8527666,1.447435,-1.09389,-8.373955,23.62309,1.754128,0.4722102,0.862929,-1.300741,45.22809,-12.53718,94.88406,0.5027039,0.8378387,-1.301724,17.82237,34.9729,-10.44118,0.5097431,0.8093331,-1.295657,9.686066,-1.574493E-05,0,0.4661348,0.8537196,-1.307758,0,-14.88066,1.249918,0.4810337,0.8084595,-1.280402,37.67764,22.44555,-10.62773,0.5011596,0.7686394,-1.290148,28.72918,-0.0001285352,0,0.5200871,0.753401,-1.304253,19.17519,-9.974001E-05,0,0.4601993,0.8490937,-1.315266,0,-1.577912E-05,0,0.4670146,0.798788,-1.298325,33.96139,12.76157,-4.692271,0.4864857,0.7574905,-1.308979,32.74802,-7.463647E-06,0,0.5081979,0.7423173,-1.324936,21.86525,-2.020764E-06,0,0.4538849,0.8457289,-1.323488,3.069309,14.87365,-2.900633,0.454738,0.794663,-1.319212,30.18053,-0.1157995,-2.259494,0.4736548,0.7562252,-1.32829,31.74857,-1.699458E-05,0,0.4948666,0.742207,-1.340586,21.19599,-2.591166E-05,0,0.448153,0.845028,-1.331302,7.703165,29.67837,-7.043752,0.4442171,0.797802,-1.339257,20.41159,-10.59017,-2.762863,0.4552616,0.764728,-1.345563,31.30051,0.0003655647,0,0.4710174,0.7511032,-1.353451,20.89602,0.0002555033,0,0.8375627,1.478165,-1.088693,37.18373,-42.14075,72.75601,0.8067492,1.50268,-1.085549,-10.56503,41.23798,7.009218,0.7978963,1.524956,-1.06754,-5.283757,-1.011834E-05,0,0.8377053,1.469713,-1.078718,0,-14.88067,1.250075,0.8130113,1.49947,-1.039685,73.46243,12.47598,-12.29398,0.7705898,1.482948,-1.036061,91.33385,-1.785663E-05,0,0.7741627,1.470153,-1.060819,61.64542,7.273111E-05,0,0.8394135,1.460875,-1.073063,0,-6.37242E-06,0,0.817496,1.478427,-1.027503,88.01639,5.457213,-12.93108,0.7763432,1.458406,-1.03769,90.48477,-8.073674E-06,0,0.7859498,1.454065,-1.066761,61.05773,-3.754285E-06,0,0.8417894,1.451265,-1.068504,3.069245,14.87368,-2.900633,0.821925,1.455034,-1.021409,94.98666,0.333631,-3.789202,0.7850847,1.440259,-1.039908,81.15833,-1.820858E-06,0,0.7937986,1.439279,-1.066755,54.62998,3.073755E-06,0,0.8447904,1.442228,-1.066569,7.703139,29.67841,-7.043752,0.8278471,1.432989,-1.022562,91.19875,0.6653849,-10.93018,0.7973197,1.42266,-1.037293,76.3179,3.571853E-06,0,0.799236,1.429175,-1.058506,51.31252,-9.684397E-07,0
1367,0.702231,0.9265305,-1.357903,1.387198,0.5592422,0.6205508,0.6956312,1.286285,-1.39892,-1.158934,1.577746,-0.9811842,0.6897554,1.594546,-1.383537,9.561907,-3.106653,4.22758,0.6221548,0.9257702,-1.357017,-0.02797646,0.1983381,0.4579955,0.6248429,0.49878,-1.346893,9.859176,-0.02101751,0.07132626,0.6268277,0.07538062,-1.410179,8.138755,-1.671084,-6.793444,0.7823073,0.9272909,-1.358789,-1.388044,-1.214104,2.963458,0.7773129,0.5002015,-1.358694,6.687944,0.01375549,0,0.7699327,0.0750542,-1.408406,6.513099,-1.99557,-6.285064,0.6223524,1.406913,-1.37874,-12.90178,-0.5073529,1.253826,0.4932479,1.402825,-1.410759,-5.494154,13.98574,-46.2808,0.4542337,1.147964,-1.400051,14.82673,-4.397243E-05,1.21997,0.7614897,1.410696,-1.37628,-17.54186,6.938211,4.565402,0.8876231,1.43101,-1.41353,36.66018,14.18911,-35.79415,1.01459,1.274764,-1.252108,106.398,-0.0001066386,-24.49669,0.4518005,0.8732555,-1.327439,4.076694,-7.676756,0.2741124,0.8505412,1.441077,-1.090333,-8.543713,23.82281,1.805477,0.4710317,0.8629246,-1.300497,45.25534,-12.52219,94.75244,0.5015929,0.8379056,-1.301144,17.70034,35.10293,-10.39947,0.5086137,0.8094265,-1.294933,9.604801,-3.999513E-06,0,0.4650499,0.853692,-1.307563,0,-14.88064,1.249918,0.4797601,0.8085034,-1.279988,37.71395,22.44779,-10.63891,0.5000841,0.7687244,-1.289487,28.66967,-0.0001973646,0,0.519184,0.7534956,-1.303369,19.13538,-0.0001425345,0,0.4592032,0.8490425,-1.315126,0,-5.965357E-06,0,0.46595,0.7987759,-1.298042,34.01222,12.7779,-4.657577,0.4856362,0.7575223,-1.308469,32.71441,1.273581E-05,0,0.5075351,0.7423784,-1.324197,21.84275,4.171764E-06,0,0.4529824,0.8456523,-1.323408,3.069245,14.87364,-2.900633,0.4539013,0.7945945,-1.31905,30.20493,-0.1104977,-2.286018,0.4730062,0.7561937,-1.327888,31.68294,1.318173E-05,0,0.4943697,0.7421868,-1.339931,21.15204,5.43193E-06,0,0.447334,0.8449278,-1.331281,7.703165,29.67835,-7.043752,0.4435837,0.7976821,-1.339209,20.41765,-10.60439,-2.75449,0.4547721,0.7646245,-1.345345,31.29133,-2.347503E-05,0,0.4706398,0.751022,-1.353045,20.88987,-2.279518E-05,0,0.8351972,1.471599,-1.084379,37.23538,-42.59686,72.8735,0.8043908,1.496066,-1.080817,-9.990878,41.30625,6.632706,0.7953979,1.517856,-1.062291,-4.992613,-7.895871E-06,0,0.8354026,1.462914,-1.074607,0,-14.8807,1.249918,0.8106453,1.491614,-1.034831,74.79446,12.47036,-12.36861,0.7685106,1.474178,-1.032319,91.9368,-1.436202E-05,0,0.772977,1.462265,-1.05737,62.06304,3.593427E-05,0,0.8371664,1.453953,-1.069167,0,-2.682194E-05,0,0.8152596,1.470312,-1.02316,89.47897,5.728166,-13.45377,0.7747154,1.449773,-1.034669,90.94894,-1.515866E-05,0,0.7850525,1.446782,-1.06366,61.37896,-6.847273E-06,0,0.8395993,1.44425,-1.064842,3.069245,14.87367,-2.900768,0.8198167,1.446803,-1.017631,96.51958,0.6846344,-4.183246,0.7836407,1.432014,-1.037388,81.46657,-7.870646E-06,0,0.7930509,1.432159,-1.064016,54.84165,1.168015E-06,0,0.842649,1.435185,-1.063127,7.703165,29.6784,-7.04378,0.825845,1.424822,-1.019317,92.46924,1.127931,-11.01923,0.7957357,1.414603,-1.034958,76.90569,-1.235582E-06,0,0.7982028,1.421848,-1.055875,51.71474,2.370749E-06,0
1400,0.7015338,0.9265069,-1.357451,1.339545,0.5256746,0.5712977,0.6950943,1.286298,-1.398266,-1.169858,1.575865,-1.015678,0.6890742,1.594568,-1.382941,9.441171,-2.942263,4.155108,0.6214564,0.9257911,-1.356635,-0.01978234,0.1194972,0.4039677,0.6244822,0.4987949,-1.346863,9.81532,-0.02225012,0.08156469,0.6268051,0.07540098,-1.410173,8.140805,-1.729995,-6.773031,0.7816112,0.9272228,-1.358266,-1.363005,-1.135366,3.072305,0.7769642,0.5001293,-1.358354,6.717146,0.01688478,0,0.7698888,0.07502341,-1.408462,6.573099,-1.948694,-6.256143,0.6218086,1.406925,-1.378105,-12.97259,-0.4945032,1.259432,0.4927621,1.402884,-1.410362,-5.279045,13.81764,-45.82735,0.4537849,1.148017,-1.399673,14.6755,-3.833169E-05,1.248195,0.7609448,1.410702,-1.37556,-17.50096,6.93919,4.438797,0.8871281,1.431018,-1.412639,36.38341,14.13466,-36.25513,1.013325,1.273459,-1.251891,106.1593,-8.208454E-05,-24.05295,0.4503685,0.8732563,-1.327297,4.145057,-7.871761,0.2853053,0.8482624,1.437318,-1.08865,-9.312007,23.29705,1.923764,0.469371,0.862998,-1.300166,45.27798,-12.50598,94.6052,0.4999858,0.8380386,-1.300517,17.53576,35.22069,-10.32811,0.506998,0.8095876,-1.294168,9.502329,-2.407479E-06,0,0.4634712,0.8537446,-1.307273,0,-14.88062,1.249918,0.4780112,0.8086212,-1.279502,37.74337,22.46404,-10.66081,0.4984951,0.7688729,-1.288784,28.64041,-8.950538E-05,0,0.5177442,0.7536572,-1.302473,19.11581,-7.137092E-05,0,0.4577026,0.8490739,-1.314884,0,3.199487E-06,0,0.4643851,0.7988434,-1.297669,34.06523,12.80138,-4.651095,0.4842547,0.7576286,-1.307899,32.66277,-1.629176E-05,0,0.5063132,0.7425008,-1.323418,21.80819,-1.178567E-05,0,0.4515643,0.845661,-1.323217,3.069245,14.87364,-2.900701,0.4525371,0.7946109,-1.31878,30.21478,-0.09088199,-2.286703,0.47179,0.7562358,-1.327406,31.65095,3.007735E-05,0,0.4932801,0.7422418,-1.339237,21.13063,1.234269E-05,0,0.4459896,0.8449152,-1.331141,7.703139,29.67834,-7.043752,0.442399,0.7976518,-1.339037,20.40966,-10.60159,-2.810697,0.4536991,0.7646049,-1.345024,31.31532,0.000267487,0,0.4696693,0.7510259,-1.352552,20.90593,0.0002012374,0,0.833084,1.467905,-1.082606,37.3931,-42.73356,73.38447,0.8024048,1.492518,-1.078953,-9.264462,41.24968,6.138651,0.7934618,1.514326,-1.060423,-4.635148,-1.787261E-05,0,0.8333296,1.459228,-1.072828,0,-14.88069,1.249918,0.8089879,1.488058,-1.032889,76.03193,12.47414,-12.39306,0.7670038,1.470209,-1.030786,91.98061,-2.300433E-05,0,0.7718247,1.458404,-1.055822,62.09339,-4.561055E-06,0,0.8350994,1.450264,-1.067394,0,-1.620469E-05,0,0.8136069,1.466747,-1.021236,90.65147,5.929121,-13.74064,0.7733302,1.445926,-1.03317,90.77691,-7.846789E-06,0,0.7838222,1.443172,-1.062128,61.25989,-1.693807E-05,0,0.8375269,1.440555,-1.063079,3.069245,14.87367,-2.900633,0.8181135,1.443225,-1.015721,97.67758,0.9432266,-4.34208,0.7822171,1.428366,-1.03593,81.21985,-2.71088E-05,0,0.7917989,1.428642,-1.062495,54.67223,1.788827E-06,0,0.8405539,1.43148,-1.06138,7.703139,29.67841,-7.043725,0.8240424,1.421219,-1.017435,93.43014,1.537444,-11.00934,0.7940964,1.411005,-1.033389,77.09529,-2.877288E-05,0,0.7968281,1.41832,-1.054249,51.8445,-1.01554E-05,0
1433,0.7007875,0.926511,-1.357401,1.300858,0.5082663,0.5661368,0.6944237,1.286331,-1.398036,-1.184651,1.572561,-1.024311,0.6883086,1.594604,-1.382697,9.376013,-2.819065,4.069194,0.6207098,0.9258188,-1.356593,-0.01978234,0.05262824,0.3830841,0.624105,0.4988202,-1.347051,9.757658,-0.02312237,0.09065409,0.626781,0.07539883,-1.410163,8.110264,-1.788992,-6.762657,0.7808653,0.9272033,-1.358208,-1.299503,-1.067663,3.134753,0.7765989,0.5001059,-1.358117,6.776158,0.01748802,0,0.7698298,0.07502529,-1.408481,6.613163,-1.902425,-6.229165,0.6211423,1.406957,-1.377855,-12.99935,-0.4992165,1.259121,0.4921157,1.402923,-1.410192,-5.152102,13.7781,-45.53859,0.4529826,1.148084,-1.399406,14.56317,-5.423537E-05,1.124135,0.7602782,1.410725,-1.375287,-17.45083,6.956088,4.34812,0.8864955,1.431081,-1.412229,36.40987,13.95947,-36.40102,1.011881,1.272818,-1.251537,106.1361,-8.176892E-05,-24.04642,0.4487447,0.8733013,-1.327159,4.198387,-8.01193,0.2934199,0.8463551,1.4362,-1.088286,-9.061347,23.27274,1.869697,0.4675533,0.8630974,-1.299872,45.27833,-12.49718,94.55895,0.4981977,0.8381721,-1.299967,17.45037,35.23979,-10.2804,0.5052071,0.8097432,-1.293517,9.454298,-6.900562E-06,0,0.4617187,0.8538287,-1.307013,0,-14.88063,1.249918,0.4761024,0.8087549,-1.27908,37.76383,22.48574,-10.63887,0.4966983,0.7690231,-1.288183,28.65209,-0.0001210303,0,0.5160618,0.7538228,-1.301727,19.12365,-9.319017E-05,0,0.4560137,0.8491422,-1.314662,0,-4.148297E-06,0,0.4626262,0.7989396,-1.297338,34.09969,12.82626,-4.641694,0.4826259,0.7577469,-1.307402,32.6582,-3.22566E-06,0,0.5048138,0.7426389,-1.322755,21.80512,2.851194E-07,0,0.4499428,0.8457122,-1.323038,3.069245,14.87364,-2.900701,0.4509437,0.7946685,-1.318534,30.21107,-0.07251862,-2.262091,0.4702984,0.7563044,-1.326979,31.66347,3.256096E-05,0,0.4918889,0.7423255,-1.338645,21.13903,2.868749E-05,0,0.4444293,0.8449505,-1.331002,7.703139,29.67835,-7.04378,0.4409558,0.7976737,-1.33887,20.38935,-10.58118,-2.812925,0.4523251,0.7646294,-1.34474,31.37828,0.0001448289,0,0.4683748,0.7510743,-1.35214,20.94808,9.72468E-05,0,0.8310941,1.466744,-1.082234,37.64557,-42.69017,73.33849,0.8002865,1.491226,-1.078785,-9.534649,41.18287,6.311183,0.7911028,1.512971,-1.060299,-4.774586,-2.400182E-05,0,0.8312801,1.458029,-1.072488,0,-14.88071,1.249918,0.8066133,1.486674,-1.032615,76.87567,12.53948,-12.34961,0.7648054,1.468338,-1.031358,91.9547,-1.331603E-05,0,0.7702035,1.456704,-1.056357,62.07543,-1.155071E-06,0,0.8330221,1.449047,-1.067076,0,-2.723289E-05,0,0.8111753,1.465323,-1.021011,91.40534,6.139444,-13.90269,0.7713251,1.44417,-1.033765,90.69519,-3.966786E-06,0,0.782284,1.441729,-1.062578,61.20332,-7.322028E-06,0,0.8354309,1.439324,-1.062781,3.069245,14.87367,-2.900633,0.8156722,1.441786,-1.015555,98.37694,1.18914,-4.47317,0.7802667,1.426782,-1.036509,81.0979,-1.029668E-05,0,0.7902688,1.427301,-1.062916,54.5885,1.568525E-05,0,0.8384571,1.430246,-1.061095,7.703165,29.67841,-7.043752,0.8216416,1.419794,-1.017311,94.0332,1.837845,-11.04111,0.7920437,1.40952,-1.033865,77.18811,-1.800552E-05,0,0.795147,1.416984,-1.05462,51.90805,-7.141012E-06,0
1467,0.6998492,0.9265085,-1.35739,1.273646,0.4854377,0.6042554,0.6935838,1.28635,-1.397924,-1.185477,1.557049,-1.007942,0.6874818,1.594618,-1.38252,9.445001,-2.741746,4.009171,0.6197718,0.925849,-1.356531,0,-0.03170286,0.4029978,0.6236258,0.4988508,-1.347149,9.721887,-0.02401772,0.09691329,0.6267394,0.07541654,-1.410154,8.093035,-1.855618,-6.754009,0.7799267,0.927168,-1.35825,-1.231782,-0.9801039,3.145352,0.7761419,0.5000663,-1.357859,6.852918,0.01807228,0,0.7697775,0.07501137,-1.408493,6.651366,-1.842458,-6.21022,0.6203404,1.406996,-1.37772,-12.98118,-0.537255,1.246155,0.4912962,1.402906,-1.409981,-5.136486,13.88696,-45.39059,0.4517705,1.148137,-1.398997,14.45039,-6.232714E-05,0.989525,0.759478,1.410726,-1.375194,-17.44081,7.02324,4.313614,0.8856739,1.431203,-1.412142,36.72432,13.63224,-36.38363,1.010223,1.272916,-1.250825,106.0964,-9.224818E-05,-24.03222,0.4466901,0.8733234,-1.326919,4.27196,-8.145011,0.3045456,0.8446971,1.436883,-1.088163,-9.153775,23.24421,1.886474,0.4653975,0.8631451,-1.299553,45.27059,-12.48784,94.58476,0.4960462,0.8382249,-1.299515,17.4182,35.1986,-10.25045,0.5030622,0.8098086,-1.293018,9.4419,-6.802155E-06,0,0.4595939,0.8538693,-1.306711,0,-14.88062,1.249918,0.4738868,0.8088199,-1.278692,37.78691,22.50548,-10.63399,0.4945287,0.7690929,-1.287711,28.64631,-8.87889E-05,0,0.513943,0.7538931,-1.301183,19.11975,-6.698993E-05,0,0.45392,0.8491755,-1.314378,0,3.032988E-06,0,0.4604845,0.7989872,-1.296995,34.12828,12.84374,-4.631978,0.4805426,0.7578034,-1.30698,32.66122,-7.919198E-06,0,0.5027919,0.7427055,-1.322254,21.80712,-3.938756E-06,0,0.4478827,0.8457375,-1.322775,3.069245,14.87364,-2.900701,0.4488852,0.7946973,-1.318233,30.21409,-0.06178478,-2.215407,0.4682837,0.7563351,-1.326586,31.66447,1.818906E-05,0,0.4899164,0.7423567,-1.338173,21.13969,1.074534E-06,0,0.4424001,0.8449684,-1.33076,7.703139,29.67834,-7.043752,0.4389745,0.797685,-1.338609,20.40109,-10.56152,-2.793512,0.4503791,0.7646435,-1.344427,31.3659,0.0002334626,0,0.4664577,0.7510892,-1.351765,20.93981,0.0001616728,0,0.8295287,1.467489,-1.082187,37.85466,-42.67616,73.57484,0.7987449,1.492022,-1.078896,-9.214755,41.15445,6.093874,0.789462,1.513782,-1.060477,-4.617025,-4.208977E-06,0,0.829675,1.458792,-1.072425,0,-14.88067,1.249918,0.8050556,1.487593,-1.032636,77.48141,12.60033,-12.34967,0.7633157,1.469083,-1.031723,91.91282,5.176962E-06,0,0.7689603,1.45744,-1.056663,62.04644,1.1194E-05,0,0.8313816,1.449815,-1.066993,0,-1.232909E-05,0,0.8095347,1.466251,-1.020985,91.96259,6.331493,-14.0624,0.7698749,1.444936,-1.03406,90.60858,1.215453E-05,0,0.7810214,1.442551,-1.062806,61.1434,7.162127E-06,0,0.8337537,1.440092,-1.062677,3.069245,14.87367,-2.900701,0.8139486,1.442709,-1.015479,98.91581,1.41901,-4.587231,0.7787819,1.427614,-1.036766,80.87213,1.495186E-05,0,0.7889327,1.428127,-1.063116,54.43351,-8.158332E-06,0,0.8367484,1.431008,-1.06097,7.703165,29.67841,-7.043752,0.8198484,1.420695,-1.017185,94.47388,2.090509,-11.17428,0.7904065,1.410404,-1.034005,77.15952,-2.754179E-07,0,0.7936734,1.417883,-1.054729,51.88848,4.810477E-06,0
1500,0.6989332,0.9264832,-1.357419,1.25445,0.4820457,0.6667597,0.6925972,1.286337,-1.397884,-1.184817,1.572531,-0.9757847,0.6864012,1.594593,-1.382386,9.549523,-2.72812,3.995471,0.6188567,0.92583,-1.356473,0,-0.09587327,0.4288719,0.6231658,0.4988369,-1.347057,9.732964,-0.0227028,0.1027921,0.6266741,0.07541287,-1.41011,8.097836,-1.918939,-6.76373,0.7790098,0.9271363,-1.358366,-1.164829,-0.9123856,3.14174,0.7757004,0.5000311,-1.357617,6.930926,0.01614423,0,0.7697049,0.07499674,-1.408468,6.681696,-1.785577,-6.181267,0.619331,1.406963,-1.377642,-12.95263,-0.5219466,1.238279,0.4902527,1.40287,-1.409766,-4.964555,13.83788,-45.11789,0.4506019,1.148136,-1.398407,14.17167,-4.428718E-05,1.195995,0.758469,1.410733,-1.375193,-17.43423,7.080155,4.31098,0.8846235,1.431374,-1.412191,36.97724,13.39667,-36.26236,1.008793,1.273258,-1.250415,106.0965,-0.0001029622,-23.87382,0.4444089,0.8731935,-1.326912,4.367043,-8.361963,0.3195939,0.8435292,1.437974,-1.088244,-9.042202,23.40422,1.876697,0.4631075,0.8630112,-1.299541,45.25948,-12.47859,94.63513,0.4937394,0.8380705,-1.299495,17.39925,35.12441,-10.22043,0.5007725,0.8096585,-1.292997,9.440547,-6.676502E-06,0,0.4573011,0.8537369,-1.306699,0,-14.88064,1.249918,0.4715703,0.8086855,-1.278671,37.85057,22.50691,-10.63465,0.4922187,0.768968,-1.287717,28.50489,-6.358002E-05,0,0.5116084,0.7537224,-1.301172,19.02515,-4.543519E-05,0,0.4516265,0.8490443,-1.314366,0,-5.415425E-06,0,0.4581669,0.7988558,-1.296975,34.17175,12.85592,-4.629143,0.4782239,0.7576764,-1.30698,32.61025,2.072588E-05,0,0.500461,0.7425612,-1.322254,21.77301,8.571951E-06,0,0.4455891,0.8456077,-1.322764,3.069245,14.87364,-2.900633,0.4465692,0.7945677,-1.318214,30.21598,-0.04023992,-2.220877,0.4659451,0.7561954,-1.326572,31.66377,-1.952185E-05,0,0.48757,0.7422059,-1.338161,21.13921,-2.197085E-05,0,0.4401075,0.8448398,-1.33075,7.703139,29.67834,-7.043752,0.4366631,0.7975566,-1.338593,20.43521,-10.55109,-2.785653,0.4480693,0.7645171,-1.344417,31.29355,0.0005584845,0,0.4641329,0.7509428,-1.351752,20.89135,0.0003959752,0,0.8283129,1.468564,-1.082308,38.05861,-42.61935,73.65871,0.7974263,1.492977,-1.079089,-9.212239,41.17908,6.09516,0.788043,1.514724,-1.060706,-4.614054,8.142112E-07,0,0.8284806,1.459883,-1.072531,0,-14.88066,1.249918,0.8038391,1.488707,-1.032772,77.95996,12.64188,-12.33825,0.762235,1.469885,-1.032066,91.78809,6.00506E-06,0,0.7680461,1.458234,-1.056964,61.96001,-3.234944E-05,0,0.830206,1.450917,-1.067086,0,-1.758401E-06,0,0.8083623,1.467391,-1.021091,92.37503,6.456381,-14.14505,0.7689093,1.445804,-1.034342,90.47324,-6.185165E-06,0,0.780137,1.443467,-1.06306,61.04975,-1.344753E-05,0,0.8325975,1.441206,-1.062756,3.069245,14.87368,-2.900701,0.8128198,1.443866,-1.015549,99.27912,1.563078,-4.595038,0.7778415,1.428573,-1.037005,80.68239,-1.586679E-05,0,0.7880475,1.429076,-1.063334,54.30326,-7.888985E-06,0,0.8356088,1.432129,-1.061036,7.703139,29.67841,-7.043752,0.8187558,1.421859,-1.017224,94.79567,2.266798,-11.16424,0.7894439,1.411436,-1.034189,77.1049,-1.534676E-05,0,0.7927749,1.418896,-1.05491,51.85109,1.106205E-05,0
1533,0.6980714,0.9264452,-1.357451,1.239542,0.5036542,0.7364823,0.6916072,1.286308,-1.397828,-1.196976,1.573223,-0.9261956,0.6854052,1.594557,-1.382228,9.591016,-2.719823,4.025988,0.6179963,0.9257637,-1.356406,0.04845664,-0.1347588,0.4383485,0.6227602,0.4987796,-1.346803,9.806441,-0.03632664,0.1101434,0.626739,0.07541314,-1.410214,8.14459,-2.001657,-6.798841,0.7781464,0.9271266,-1.358495,-1.097892,-0.8730115,3.149519,0.7752876,0.5000191,-1.357355,7.021522,0.01652195,0,0.7696283,0.07501334,-1.408483,6.719948,-1.732108,-6.136,0.6183549,1.406928,-1.377501,-12.92822,-0.5646386,1.236064,0.4892392,1.402737,-1.40946,-4.875239,13.8561,-44.86528,0.4494929,1.148028,-1.397867,13.96266,-4.780071E-05,1.678764,0.7574949,1.410701,-1.375171,-17.42843,7.14112,4.331241,0.8836001,1.431494,-1.412252,37.16617,13.25192,-36.17435,1.007684,1.273641,-1.250152,106.0969,-0.0001061801,-23.87769,0.4424515,0.8729818,-1.326852,4.479253,-8.548376,0.3339648,0.8425913,1.438855,-1.088313,-9.131315,23.1765,1.876176,0.4612865,0.8627757,-1.299584,45.2304,-12.47074,94.74246,0.4918831,0.8377918,-1.299699,17.4062,34.94859,-10.18099,0.4989826,0.8093804,-1.293271,9.465062,-1.325532E-05,0,0.4554333,0.8535084,-1.306712,0,-14.88066,1.249762,0.4698098,0.8084372,-1.278771,37.90865,22.50633,-10.65041,0.4903932,0.7687209,-1.287969,28.3851,-0.0001009442,0,0.5096822,0.7534322,-1.30152,18.94499,-8.193312E-05,0,0.4497134,0.848823,-1.31435,0,-1.383894E-05,0,0.4562995,0.7986244,-1.297005,34.2205,12.86252,-4.632442,0.4762842,0.7574455,-1.307156,32.52757,5.163851E-06,0,0.4984145,0.7422954,-1.32255,21.71761,1.436972E-06,0,0.4436279,0.845394,-1.322716,3.069309,14.87365,-2.900768,0.4445845,0.794352,-1.318183,30.23941,-0.02933652,-2.194993,0.4638878,0.7559713,-1.32667,31.59351,2.640691E-05,0,0.485422,0.7419431,-1.33838,21.09217,1.904955E-05,0,0.438103,0.8446329,-1.330673,7.703165,29.67837,-7.043752,0.4345724,0.7973549,-1.338508,20.46416,-10.55058,-2.785161,0.4459308,0.7643123,-1.344408,31.23218,0.0003295262,0,0.4619352,0.7507145,-1.351828,20.85028,0.0002219104,0,0.8274727,1.469526,-1.082553,38.1909,-42.6097,74.07024,0.7966311,1.494021,-1.079523,-8.547413,41.31246,5.666384,0.787203,1.515796,-1.061196,-4.273335,-5.696661E-06,0,0.8276129,1.460902,-1.072727,0,-14.88065,1.249918,0.8030643,1.490033,-1.033135,78.27943,12.59695,-12.30889,0.7614523,1.471226,-1.032533,91.78348,-2.74321E-06,0,0.767381,1.459438,-1.057339,61.95683,2.065879E-05,0,0.8293098,1.451962,-1.06723,0,3.993997E-06,0,0.8075198,1.468771,-1.02133,92.65578,6.529742,-14.23865,0.7681179,1.447115,-1.034622,90.39098,-9.180254E-07,0,0.7794008,1.444649,-1.063308,60.99284,3.768822E-06,0,0.8316705,1.442269,-1.062844,3.069245,14.87368,-2.900768,0.8119025,1.445264,-1.015653,99.55826,1.647241,-4.652064,0.777006,1.429898,-1.03719,80.47858,-1.420935E-05,0,0.7872368,1.430242,-1.063512,54.16338,-2.753324E-06,0,0.8346528,1.433192,-1.061072,7.703165,29.67841,-7.043752,0.8177682,1.423229,-1.0172,95.04485,2.358541,-11.26336,0.7885092,1.412785,-1.034244,76.91567,-2.331303E-06,0,0.7918666,1.420138,-1.054998,51.72158,-4.238382E-07,0
1567,0.6972287,0.9263947,-1.357407,1.232576,0.503755,0.800886,0.6907009,1.286262,-1.397709,-1.215792,1.580686,-0.8641139,0.6844735,1.594507,-1.382024,9.5752,-2.72593,4.059412,0.6171548,0.9257149,-1.356273,0.09065409,-0.1964624,0.4288719,0.6223841,0.4987418,-1.346424,9.880256,-0.02634281,0.1170339,0.6266505,0.07542312,-1.410134,8.181702,-2.067819,-6.849225,0.7773025,0.9270745,-1.358542,-1.039858,-0.8118006,3.174655,0.7748978,0.4999653,-1.35702,7.119708,0.01681484,-0.01978234,0.7695612,0.07499674,-1.40849,6.766657,-1.678879,-6.08183,0.6174521,1.406864,-1.377267,-12.92862,-0.5808852,1.23733,0.4883043,1.402625,-1.40909,-4.782703,13.82913,-44.56893,0.4485168,1.147925,-1.397447,13.80316,-5.637923E-05,2.308934,0.7565939,1.410658,-1.375085,-17.42522,7.180386,4.344289,0.8826447,1.431571,-1.412284,37.26161,13.1481,-36.14597,1.006721,1.273771,-1.250127,106.1049,-9.199497E-05,-24.21973,0.4407639,0.8727829,-1.326878,4.583941,-8.717474,0.3494264,0.841725,1.439161,-1.088369,-9.322238,22.77931,1.8818,0.4597752,0.8625461,-1.299744,45.20807,-12.4687,94.83001,0.4903347,0.8375188,-1.300071,17.4357,34.77971,-10.15679,0.4974989,0.809102,-1.293739,9.500839,-8.143891E-06,0,0.4538627,0.8532879,-1.306835,0,-14.88064,1.249918,0.4683816,0.8081908,-1.27901,37.93517,22.5069,-10.7148,0.488866,0.7684633,-1.288379,28.34852,-4.265276E-05,0,0.508049,0.7531548,-1.302058,18.92055,-3.469515E-05,0,0.4480851,0.8486116,-1.314435,0,-7.279409E-06,0,0.4547351,0.7983994,-1.297154,34.2613,12.8712,-4.643846,0.4746187,0.757216,-1.307483,32.45338,2.07399E-05,0.01978234,0.4966163,0.7420301,-1.323032,21.66793,2.034175E-05,0,0.4419383,0.8451923,-1.32276,3.069245,14.87364,-2.900633,0.4428696,0.7941477,-1.318252,30.25545,-0.02833785,-2.176458,0.4620798,0.7557545,-1.326892,31.54332,-3.25992E-06,0,0.4835078,0.7416918,-1.338755,21.05857,-9.186226E-06,0,0.4363578,0.8444403,-1.330679,7.703139,29.67835,-7.043725,0.432721,0.797169,-1.338506,20.48651,-10.55939,-2.762154,0.4440156,0.764121,-1.344498,31.1791,1.363145E-05,0,0.4599462,0.7504988,-1.352031,20.81474,9.913605E-06,0,0.8268411,1.469975,-1.082763,38.30833,-42.5476,74.23096,0.7961468,1.494678,-1.079932,-8.303214,41.40356,5.513098,0.7867779,1.516527,-1.061662,-4.145765,-2.945173E-05,0,0.8268802,1.461385,-1.072906,0,-14.88074,1.249918,0.8024498,1.490855,-1.033493,78.58578,12.66595,-12.27764,0.7607615,1.472211,-1.0331,91.70961,-3.241821E-05,0,0.7667769,1.460293,-1.057822,61.90565,0.0001094867,0,0.8284867,1.452451,-1.067374,0,-4.558037E-05,0,0.806694,1.469598,-1.0216,92.86662,6.617517,-14.22486,0.7672551,1.448108,-1.03505,90.30392,-1.63793E-05,0,0.7786566,1.445455,-1.063672,60.93259,-7.284975E-06,0,0.8307542,1.442753,-1.062946,3.069181,14.87365,-2.900701,0.8108659,1.446077,-1.015828,99.73755,1.741997,-4.571362,0.7760046,1.430852,-1.037521,80.34348,-2.075061E-05,0,0.786351,1.430979,-1.0638,54.07067,-1.585348E-05,0,0.8336564,1.433659,-1.061133,7.703165,29.6784,-7.043752,0.8165553,1.423989,-1.01728,95.20086,2.487074,-11.25207,0.7873346,1.413673,-1.034467,76.85815,-2.1238E-05,0,0.7908495,1.420918,-1.055233,51.68219,4.792395E-06,0
1600,0.6964244,0.9263413,-1.35734,1.22589,0.5059093,0.8686311,0.6898073,1.286212,-1.397581,-1.229079,1.59407,-0.7962303,0.6835362,1.594454,-1.381844,9.557734,-2.744504,4.071407,0.616352,0.9256604,-1.35611,0.1235407,-0.2510953,0.4374548,0.622009,0.4986972,-1.346071,9.952223,-0.0272846,0.1266688,0.6266237,0.07543379,-1.410124,8.22402,-2.139387,-6.882021,0.7764968,0.9270222,-1.358569,-0.9952432,-0.7568991,3.189053,0.7745133,0.499912,-1.356761,7.199119,0.01964022,0,0.7694998,0.074976,-1.408532,6.807201,-1.626726,-6.033807,0.6165515,1.406791,-1.377029,-12.94446,-0.5821314,1.235589,0.4873761,1.402523,-1.408736,-4.749369,13.8287,-44.35348,0.4475182,1.147831,-1.397172,13.72739,-5.673756E-05,2.675837,0.7556948,1.410621,-1.375011,-17.41976,7.189421,4.329386,0.8816966,1.431594,-1.412342,37.21643,13.12831,-36.1481,1.005926,1.27355,-1.25054,106.1462,-0.0001007479,-24.12506,0.4393233,0.8726257,-1.326899,4.626434,-8.804345,0.3566318,0.8410575,1.438829,-1.08854,-8.952341,22.92339,1.818654,0.4584198,0.862361,-1.299835,45.2108,-12.46635,94.86909,0.4889531,0.8373036,-1.30028,17.45907,34.69743,-10.15036,0.4961388,0.8088787,-1.294009,9.523138,-2.182854E-05,0,0.4524731,0.8531111,-1.306908,0,-14.88066,1.249762,0.4670448,0.8079903,-1.279149,37.95187,22.51394,-10.73464,0.4874579,0.7682493,-1.288616,28.34299,-0.0001822366,0,0.506578,0.7529293,-1.30237,18.91682,-0.0001415476,0,0.4466641,0.848443,-1.314489,0,-1.191024E-05,0,0.4533247,0.7982185,-1.297248,34.28415,12.88047,-4.655304,0.4731365,0.7570258,-1.307678,32.41137,-3.314817E-05,0,0.4950585,0.7418132,-1.323307,21.63979,-3.429855E-05,0,0.4404846,0.8450326,-1.322794,3.069181,14.87364,-2.900701,0.4413807,0.7939856,-1.318305,30.24755,-0.02166433,-2.171777,0.4605149,0.7555728,-1.327027,31.56406,-1.302748E-05,0,0.4818874,0.7414978,-1.338975,21.07245,-1.440305E-05,0,0.4348755,0.8442887,-1.330693,7.703139,29.67836,-7.043725,0.4311639,0.7970237,-1.338523,20.49402,-10.56355,-2.769373,0.4424093,0.7639679,-1.344564,31.16115,1.712834E-05,0,0.4582986,0.750329,-1.352154,20.80272,-7.808988E-06,0,0.8259994,1.469551,-1.082892,38.34745,-42.52892,74.65771,0.7951555,1.494069,-1.08008,-7.421639,41.31451,4.915179,0.7854246,1.515702,-1.061744,-3.711776,-5.149147E-06,0,0.8260585,1.460935,-1.073057,0,-14.88066,1.249762,0.8013761,1.490175,-1.033629,78.76528,12.66454,-12.27825,0.7598215,1.471231,-1.033496,91.65533,-1.629425E-05,0,0.7660196,1.459419,-1.058224,61.86806,0.0001083914,0,0.8276976,1.451995,-1.067544,0,2.56332E-06,0,0.8057011,1.468909,-1.021781,92.99118,6.656826,-14.2211,0.7664644,1.447192,-1.035456,90.29932,7.382935E-06,0,0.7780029,1.444691,-1.064037,60.92944,-1.114073E-05,0.01978234,0.8300043,1.442298,-1.063136,3.069245,14.87368,-2.900701,0.8099809,1.445394,-1.016059,99.84106,1.786322,-4.557371,0.775306,1.430013,-1.037941,80.30746,1.70698E-05,0,0.7857491,1.430262,-1.06418,54.04598,-2.137819E-06,0,0.8329493,1.433214,-1.061339,7.703165,29.67841,-7.04378,0.8157887,1.42334,-1.017555,95.27357,2.54499,-11.29611,0.7866982,1.412894,-1.034883,76.89874,-8.92416E-06,0,0.7902578,1.420235,-1.055609,51.70999,1.679985E-06,0
1633,0.6968071,0.9262987,-1.356316,1.213537,0.5178317,0.9323022,0.6900306,1.286175,-1.396486,-1.238753,1.621436,-0.7268545,0.683654,1.594413,-1.380708,9.548617,-2.776119,4.058447,0.6167363,0.9256028,-1.354997,0.05934703,-0.2160389,0.4618246,0.6222143,0.4986245,-1.345518,9.950859,-0.02709366,0.1219466,0.6265992,0.07544139,-1.410116,8.295289,-2.128866,-6.905722,0.776878,0.9269947,-1.357634,-1.063121,-0.7936194,3.189298,0.7746932,0.4998833,-1.356416,7.163467,0.01706808,-0.02797646,0.7694186,0.07498935,-1.408505,6.855122,-1.655284,-5.992404,0.6167389,1.406715,-1.37583,-12.97027,-0.5426208,1.234639,0.4875384,1.402479,-1.407439,-4.776883,13.8503,-44.46028,0.4476515,1.14779,-1.395898,13.7476,-5.439294E-05,2.605567,0.7558824,1.410614,-1.373979,-17.40947,7.174074,4.293134,0.8818409,1.43162,-1.411437,37.15752,13.0989,-36.17989,1.00613,1.273211,-1.250039,106.1044,-7.632862E-05,-24.11382,0.4396321,0.8725713,-1.325658,4.579068,-8.769978,0.3505445,0.841484,1.43811,-1.087425,-9.358115,22.54335,1.869069,0.4587545,0.8622875,-1.298621,45.2287,-12.46301,94.85982,0.4892741,0.8372142,-1.299117,17.46422,34.67548,-10.14802,0.4964594,0.8087818,-1.29288,9.528503,-2.096112E-05,0,0.4527924,0.8530433,-1.305688,0,-14.88065,1.249918,0.4673657,0.8079064,-1.277956,37.96928,22.52331,-10.75746,0.4877387,0.7681562,-1.28747,28.32297,-0.0001579714,0,0.5068288,0.7528225,-1.30125,18.90344,-0.000115775,0,0.4469707,0.8483809,-1.313263,0,-9.520855E-06,0,0.4536162,0.7981482,-1.29604,34.30275,12.88567,-4.669715,0.4733915,0.7569494,-1.306515,32.3753,8.383141E-06,0,0.4952798,0.7417155,-1.32217,21.61564,5.248634E-06,0,0.4407785,0.8449765,-1.32156,3.069245,14.87364,-2.900701,0.4416433,0.793928,-1.317083,30.27351,-0.02032078,-2.185432,0.4607525,0.7555124,-1.325847,31.4742,1.37491E-07,0,0.4820888,0.7413973,-1.337812,21.01229,-3.472772E-06,0,0.4351591,0.8442383,-1.329453,7.703139,29.67836,-7.043697,0.4314037,0.7969776,-1.337288,20.48775,-10.56489,-2.794563,0.4426149,0.7639136,-1.343347,31.17741,-0.0001576032,0,0.4584895,0.7502677,-1.350955,20.81361,-0.0001167947,0,0.82665,1.46895,-1.081829,38.41464,-42.47797,74.94052,0.7959472,1.49364,-1.07898,-6.8631,41.25829,4.538075,0.7862888,1.515317,-1.060657,-3.435985,-6.047168E-06,0,0.8266966,1.460371,-1.071962,0,-14.8807,1.249762,0.8023779,1.489921,-1.032539,78.92365,12.65766,-12.26318,0.7607331,1.471178,-1.032248,91.61076,-2.205403E-05,0,0.7668024,1.459235,-1.056945,61.83719,4.985154E-05,0,0.8283021,1.451442,-1.066421,0,-2.704211E-05,0,0.8066174,1.468673,-1.020628,93.11256,6.709409,-14.26554,0.7672387,1.447093,-1.03411,90.20188,-7.944472E-06,0,0.778631,1.444425,-1.062734,60.86202,-5.706689E-06,0,0.8305655,1.441747,-1.061986,3.069245,14.87366,-2.900768,0.8107702,1.445153,-1.014834,99.96136,1.843672,-4.559004,0.7759621,1.429872,-1.036574,80.14149,-7.256016E-06,0,0.7862713,1.429937,-1.062867,53.93209,-1.987433E-06,0,0.8334596,1.432651,-1.060167,7.703165,29.67841,-7.043752,0.8164286,1.423056,-1.01627,95.39369,2.627033,-11.38749,0.7872457,1.412703,-1.033498,76.79279,-1.006694E-05,0,0.7907494,1.41996,-1.054263,51.63746,2.379987E-06,0
1667,0.6968964,0.9262664,-1.355524,1.193374,0.5195788,0.9829774,0.6900566,1.286156,-1.395608,-1.243325,1.62976,-0.6629335,0.6836453,1.594393,-1.379812,9.544478,-2.775034,4.034637,0.6168268,0.9255691,-1.354135,0,-0.209439,0.4796977,0.6222624,0.4985786,-1.345193,9.921588,-0.02718649,0.1203313,0.6265653,0.07544297,-1.410106,8.336634,-2.134252,-6.9211,0.7769661,0.9269637,-1.356913,-1.104113,-0.8029355,3.189114,0.7747127,0.4998516,-1.356144,7.145974,0.01975464,0,0.769352,0.07499748,-1.408548,6.90055,-1.666434,-5.967557,0.6167675,1.406682,-1.374864,-12.99005,-0.5415812,1.230193,0.4875433,1.40243,-1.406374,-4.923901,13.96771,-44.64196,0.4475181,1.147754,-1.395028,13.91898,-5.409474E-05,2.40428,0.7559124,1.410606,-1.373168,-17.40161,7.156507,4.249989,0.8818366,1.431594,-1.410751,37.05272,13.11828,-36.20755,1.006266,1.27276,-1.249879,106.0874,-9.976434E-05,-24.38394,0.4400435,0.8726074,-1.324447,4.516443,-8.640158,0.3414966,0.84189,1.437279,-1.086609,-9.300306,22.41781,1.846844,0.4591778,0.8623143,-1.297421,45.24498,-12.45542,94.83605,0.4896896,0.8372324,-1.297948,17.43909,34.66293,-10.12963,0.4968816,0.8087978,-1.291728,9.516406,-1.049792E-05,0,0.4532075,0.8530729,-1.304485,0,-14.88066,1.249918,0.4677785,0.8079289,-1.276764,37.98095,22.53451,-10.76463,0.4881264,0.7681719,-1.286304,28.32038,-5.180399E-05,0,0.5071993,0.7528324,-1.300101,18.90171,-3.994515E-05,0,0.4473793,0.8484133,-1.312057,0,-1.23E-05,0,0.4540141,0.7981771,-1.29484,34.31662,12.8901,-4.687217,0.47377,0.7569751,-1.305338,32.34091,1.873745E-05,0,0.4956399,0.7417229,-1.321002,21.59263,1.232373E-05,0,0.4411807,0.8450119,-1.320351,3.069309,14.87364,-2.900768,0.4420268,0.7939629,-1.315876,30.28922,-0.01240257,-2.185163,0.4611199,0.7555448,-1.324664,31.41471,-3.49045E-06,0,0.4824326,0.7414023,-1.336639,20.97248,-2.304667E-06,0,0.4355564,0.8442764,-1.32824,7.703165,29.67836,-7.043752,0.4317764,0.7970176,-1.336074,20.49248,-10.5642,-2.783966,0.4429724,0.7639502,-1.342143,31.16923,0.0002354053,0,0.4588348,0.7502969,-1.349764,20.80812,0.0001573354,0,0.8271409,1.468148,-1.080946,38.52839,-42.3713,74.97559,0.7964525,1.492855,-1.078096,-6.854063,41.2481,4.531293,0.7867469,1.514462,-1.059715,-3.432108,-1.774573E-05,0,0.827131,1.459534,-1.071109,0,-14.88067,1.249605,0.8027955,1.489024,-1.031652,79.05991,12.6893,-12.27297,0.7611248,1.470337,-1.031611,91.50966,-1.599414E-05,0,0.7672393,1.458458,-1.056328,61.76718,5.130861E-05,0,0.8286913,1.45058,-1.065596,0,-9.223906E-06,0,0.8069311,1.467721,-1.019804,93.19279,6.770471,-14.28146,0.7675654,1.446257,-1.033507,90.11953,-2.381925E-06,-0.02797646,0.7790208,1.44365,-1.062112,60.80507,-2.560333E-06,0,0.8309101,1.440862,-1.061189,3.069245,14.87367,-2.900701,0.8109901,1.444167,-1.014082,100.0329,1.909223,-4.568361,0.7762387,1.429029,-1.036012,80.02204,-8.693193E-06,0,0.7866018,1.429142,-1.062284,53.85014,-1.471625E-05,0,0.8337691,1.431751,-1.059394,7.703165,29.67841,-7.043752,0.8165803,1.422057,-1.01558,95.44697,2.69724,-11.44935,0.7874436,1.411827,-1.03296,76.79699,2.083652E-05,0,0.7910388,1.419166,-1.05368,51.64035,-6.660757E-07,0
1700,0.6965811,0.9262503,-1.35516,1.166843,0.5127521,1.026601,0.6896546,1.286157,-1.395111,-1.256632,1.660656,-0.6119779,0.6830955,1.594389,-1.379263,9.526151,-2.784281,4.001935,0.6165124,0.9255631,-1.353711,0,-0.2391483,0.4873863,0.6221163,0.4985681,-1.345096,9.885529,-0.02537217,0.1219466,0.6265286,0.07544243,-1.410067,8.34318,-2.162984,-6.936584,0.7766498,0.9269375,-1.356609,-1.085164,-0.775612,3.191016,0.7745456,0.4998246,-1.355895,7.16856,0.01755508,0,0.7692627,0.0749965,-1.408518,6.929851,-1.660497,-5.9519,0.6163163,1.406638,-1.374278,-13.01115,-0.5045034,1.227804,0.4870754,1.402408,-1.405723,-4.987942,14.00155,-44.84452,0.4470925,1.147721,-1.394468,14.05076,-4.905691E-05,2.229936,0.7554604,1.410639,-1.372702,-17.40921,7.12534,4.210451,0.8813458,1.431634,-1.410411,36.97097,13.09978,-36.18846,1.005849,1.272337,-1.250055,106.0564,-0.0001015394,-24.54891,0.4402568,0.8726317,-1.3236,4.442325,-8.526434,0.3316129,0.8419279,1.436605,-1.086075,-9.413232,22.36165,1.864666,0.4594144,0.8623382,-1.296591,45.25826,-12.44605,94.82662,0.4899233,0.8372534,-1.297154,17.4232,34.66219,-10.11985,0.4971234,0.8088188,-1.290944,9.507872,-4.021846E-06,0,0.4534361,0.8530971,-1.303648,0,-14.88064,1.249918,0.4680251,0.8079534,-1.275936,37.98584,22.5428,-10.73405,0.4883541,0.7681919,-1.285498,28.33253,-7.483431E-05,0,0.5074065,0.752852,-1.299322,18.90984,-6.78868E-05,0,0.4476001,0.8484377,-1.311214,0,-7.955748E-06,0,0.4542423,0.7982021,-1.293998,34.33193,12.89297,-4.711061,0.4739873,0.7570009,-1.30452,32.30184,8.364886E-06,0,0.4958382,0.7417324,-1.320195,21.56644,1.568936E-06,0,0.4413932,0.8450365,-1.319502,3.069309,14.87364,-2.900701,0.4422348,0.7939878,-1.315023,30.25658,-0.007662203,-2.237559,0.4612935,0.7555535,-1.323815,31.50343,-2.42261E-06,0,0.4826099,0.7414306,-1.335806,21.03187,-1.597368E-06,0,0.4357614,0.8443012,-1.327386,7.703191,29.67835,-7.043725,0.4319662,0.7970421,-1.335212,20.49378,-10.55931,-2.778617,0.4431502,0.7639725,-1.341291,31.1667,3.237248E-05,0,0.4590019,0.7503154,-1.348927,20.80644,2.618042E-05,0,0.8273118,1.467515,-1.080295,38.61282,-42.2896,75.31664,0.7966832,1.492282,-1.077322,-6.21858,41.10954,4.097872,0.7868912,1.513773,-1.058851,-3.121046,-2.229019E-05,0,0.8272801,1.458871,-1.070486,0,-14.8807,1.250231,0.803117,1.488334,-1.030902,79.14041,12.70198,-12.26919,0.7613906,1.469772,-1.030906,91.5207,-1.547382E-05,0,0.7674654,1.457956,-1.055663,61.77482,5.290952E-05,0,0.8288113,1.449893,-1.065002,0,-2.451291E-05,0,0.8071818,1.466977,-1.019128,93.24401,6.816654,-14.29754,0.7677411,1.445671,-1.032863,90.11179,-5.176562E-06,0,0.7791592,1.443121,-1.061488,60.7997,6.853032E-07,0,0.8309966,1.440153,-1.060629,3.069309,14.87366,-2.900701,0.8111529,1.443389,-1.013486,100.0752,1.963791,-4.584113,0.7763402,1.428422,-1.035435,79.9971,1.740486E-06,0,0.7866735,1.42858,-1.061719,53.83305,-1.648071E-06,0,0.833821,1.431024,-1.058867,7.703165,29.67841,-7.04378,0.8166513,1.421261,-1.015061,95.50109,2.779637,-11.518,0.7874832,1.411165,-1.032466,76.77037,-9.401655E-07,0,0.7910765,1.41857,-1.053162,51.62213,2.342456E-06,0
1733,0.6962337,0.9262412,-1.354788,1.137288,0.5022386,1.06936,0.6893353,1.28617,-1.39459,-1.272263,1.65344,-0.5654452,0.682786,1.5944,-1.378682,9.503343,-2.743426,3.957651,0.616166,0.9255691,-1.353279,-0.02797646,-0.272844,0.4973219,0.62194,0.4985692,-1.345027,9.845385,-0.02579199,0.1235407,0.6264852,0.07545453,-1.41006,8.350284,-2.189824,-6.947773,0.7763015,0.9269132,-1.356296,-1.066429,-0.7441022,3.188561,0.7743504,0.4997994,-1.355662,7.18941,0.01788381,0,0.7691738,0.07499886,-1.408517,6.958493,-1.653179,-5.941748,0.616027,1.406654,-1.373667,-13.01417,-0.5014327,1.214665,0.4867614,1.402452,-1.405013,-4.938085,13.93363,-44.92573,0.4470102,1.147731,-1.393722,14.09403,-5.041283E-05,2.208062,0.7551728,1.410639,-1.372204,-17.41606,7.129839,4.175373,0.8810235,1.431641,-1.410025,36.91667,13.0616,-36.15606,1.005527,1.271878,-1.250133,106.057,-0.0001001979,-24.7954,0.4406648,0.8726655,-1.322714,4.38633,-8.469428,0.3250574,0.842041,1.436054,-1.08563,-9.693309,22.15834,1.902384,0.4598622,0.8623772,-1.295731,45.27711,-12.44285,94.81541,0.4903753,0.8372988,-1.296345,17.41193,34.6568,-10.11167,0.4975958,0.8088663,-1.290149,9.502453,-4.619767E-06,0,0.4538734,0.8531348,-1.302779,0,-14.88063,1.249762,0.4685032,0.8079965,-1.275079,37.99373,22.54993,-10.71561,0.4888163,0.7682341,-1.284671,28.3383,-6.981171E-05,0,0.5078443,0.7528948,-1.29853,18.9137,-4.108098E-05,0.01978234,0.4480263,0.8484738,-1.310335,0,-4.62966E-06,0,0.4546937,0.7982416,-1.293119,34.34634,12.89714,-4.719121,0.4744277,0.757043,-1.303672,32.26464,4.729533E-06,0,0.4962506,0.7417603,-1.319371,21.54153,-4.949071E-06,0,0.4418072,0.8450711,-1.318613,3.069245,14.87364,-2.900701,0.4426552,0.7940233,-1.314125,30.24209,-0.006022835,-2.252554,0.4616922,0.7555819,-1.322933,31.54325,3.190216E-05,0,0.4829977,0.7414676,-1.334954,21.05852,2.893983E-05,0,0.4361638,0.8443342,-1.326488,7.703165,29.67835,-7.043752,0.4323569,0.7970736,-1.334299,20.51205,-10.55404,-2.741883,0.4435396,0.7640068,-1.340396,31.12644,6.577413E-05,0,0.4593713,0.7503415,-1.348059,20.77949,4.86004E-05,0,0.8276745,1.467072,-1.079801,38.79099,-42.13251,75.42831,0.7971544,1.491965,-1.076762,-6.2194,41.20709,4.10637,0.7875113,1.513462,-1.05822,-3.116841,-1.408294E-05,0,0.8275896,1.458419,-1.069999,0,-14.88068,1.249762,0.8037139,1.488034,-1.030354,79.23878,12.73803,-12.31094,0.7618726,1.469731,-1.030354,91.4196,-1.600718E-05,0,0.767809,1.457897,-1.055135,61.70481,5.988176E-05,0,0.8290588,1.449425,-1.064526,0,-1.527514E-05,0,0.8076292,1.466634,-1.018605,93.30634,6.864627,-14.31204,0.768038,1.445601,-1.032327,90.02158,-1.268702E-05,0,0.779374,1.442981,-1.060979,60.73729,-1.158985E-05,0,0.8311743,1.439664,-1.060165,3.069245,14.87367,-2.900768,0.8114244,1.443011,-1.01299,100.1374,2.016742,-4.55092,0.7765013,1.428297,-1.034935,79.84832,3.853499E-06,0,0.7867654,1.428362,-1.061246,53.73099,-1.563181E-06,0,0.8339301,1.430512,-1.058415,7.703139,29.67841,-7.04378,0.816748,1.420842,-1.014593,95.57157,2.844573,-11.55307,0.7875104,1.410962,-1.032005,76.63126,-1.385841E-05,0,0.7911006,1.418351,-1.052708,51.52692,1.221699E-05,0
1767,0.6958369,0.926232,-1.354468,1.106238,0.49909,1.107828,0.6888592,1.286181,-1.394111,-1.289678,1.677803,-0.5326577,0.6821766,1.594405,-1.378118,9.495852,-2.733353,3.907958,0.6157702,0.9255645,-1.352906,-0.03426402,-0.3019404,0.5143426,0.6217359,0.4985613,-1.344972,9.809448,-0.02616181,0.1266688,0.626449,0.07545584,-1.410053,8.356091,-2.215502,-6.946813,0.7759036,0.9268994,-1.35603,-1.046985,-0.7163152,3.182293,0.7741337,0.4997847,-1.355482,7.202851,0.01817568,0,0.7691022,0.07500517,-1.408519,6.980193,-1.642441,-5.93858,0.6155101,1.406627,-1.373111,-13.01106,-0.4873872,1.200404,0.4862256,1.40241,-1.404378,-4.987667,13.96169,-45.11062,0.446599,1.147665,-1.393186,14.2385,-5.995252E-05,2.056808,0.754655,1.410672,-1.371726,-17.43073,7.099144,4.137632,0.8804756,1.43167,-1.409649,36.88835,13.06574,-36.08814,1.005123,1.271647,-1.250131,106.075,-0.0001207973,-25.00762,0.441009,0.8726689,-1.321847,4.30939,-8.352519,0.315279,0.8420954,1.4359,-1.085249,-9.628535,22.16346,1.890205,0.460238,0.8623898,-1.294883,45.2951,-12.44196,94.80629,0.4907591,0.837322,-1.295532,17.40641,34.65041,-10.10673,0.4980005,0.8088925,-1.289347,9.50024,-2.571818E-06,0,0.4542424,0.8531448,-1.301921,0,-14.88064,1.249918,0.468909,0.8080153,-1.274226,38.00684,22.55173,-10.70727,0.4892196,0.7682568,-1.283839,28.33216,-3.043868E-05,0,0.5082316,0.7529176,-1.29772,18.90959,-3.059613E-05,0,0.4483873,0.8484813,-1.309469,0,-4.441463E-06,0,0.4550804,0.7982543,-1.292248,34.37958,12.89874,-4.73491,0.4748226,0.7570674,-1.302832,32.16768,4.396904E-06,0,0.4966184,0.7417533,-1.318538,21.47661,3.430554E-06,0,0.4421594,0.8450757,-1.31774,3.069309,14.87364,-2.900768,0.4430187,0.7940291,-1.31324,30.26336,-0.009117493,-2.26719,0.4620634,0.7555956,-1.322066,31.46573,1.663891E-05,0,0.4833485,0.7414573,-1.334095,21.00663,1.379231E-05,0,0.4365072,0.844336,-1.325608,7.703139,29.67835,-7.04378,0.4326973,0.797073,-1.333403,20.51724,-10.55686,-2.784388,0.4438806,0.7640071,-1.339504,31.11353,0.0001493381,0,0.4597077,0.7503392,-1.347171,20.77085,0.0001051748,0,0.8278012,1.466937,-1.079349,38.94147,-41.99195,75.63043,0.7972631,1.491804,-1.076275,-5.887262,41.09967,3.877877,0.7874786,1.513191,-1.057679,-2.955388,9.266637E-07,0,0.8276817,1.458257,-1.069572,0,-14.88068,1.249762,0.8038319,1.487818,-1.029872,79.2974,12.76237,-12.33142,0.7619616,1.469583,-1.029999,91.3813,-9.351334E-06,0,0.767903,1.457811,-1.054809,61.6783,2.46502E-05,0,0.8291209,1.449243,-1.064123,0,-1.285265E-05,0,0.8076775,1.466375,-1.01818,93.339,6.911037,-14.34031,0.7680727,1.445444,-1.032017,89.98476,2.393558E-06,0,0.7794253,1.442885,-1.060667,60.71185,1.303708E-06,0,0.8312058,1.439464,-1.059787,3.069309,14.87367,-2.900768,0.811405,1.442726,-1.012627,100.1529,2.046142,-4.5642,0.7764845,1.428144,-1.034665,79.83178,-2.885464E-06,0,0.7867794,1.428262,-1.060964,53.71962,6.858753E-06,0,0.8339359,1.4303,-1.05806,7.703165,29.67841,-7.043752,0.8166737,1.420549,-1.014288,95.59647,2.902554,-11.62841,0.7874523,1.410764,-1.031781,76.57069,7.16677E-06,0,0.7910615,1.418216,-1.052458,51.48548,5.800379E-06,0
1800,0.6954218,0.9262297,-1.354213,1.076655,0.4951403,1.139179,0.6884741,1.286201,-1.393706,-1.305063,1.66372,-0.4981082,0.6818262,1.59442,-1.377619,9.512192,-2.682889,3.866701,0.6153559,0.9255678,-1.352608,-0.04845664,-0.3311298,0.5286014,0.6215078,0.4985614,-1.344991,9.763358,-0.02644495,0.1266688,0.6263895,0.07545388,-1.410046,8.352,-2.238435,-6.941446,0.7754877,0.9268916,-1.355819,-1.025457,-0.6884494,3.176135,0.7738951,0.4997762,-1.355334,7.214934,0.0184072,0,0.7690113,0.07501382,-1.408522,6.997482,-1.633741,-5.943166,0.6151657,1.406658,-1.372633,-13.00279,-0.5152268,1.181177,0.4858593,1.402414,-1.403805,-4.938759,13.91295,-45.20718,0.4465106,1.14763,-1.392517,14.23099,-7.048895E-05,2.011686,0.7543123,1.410671,-1.37133,-17.4354,7.126102,4.10842,0.8801025,1.431711,-1.40933,36.91482,13.01261,-35.98763,1.004761,1.271443,-1.250065,106.115,-8.562703E-05,-25.03763,0.4413394,0.8726218,-1.321193,4.252753,-8.338137,0.309643,0.8421859,1.435989,-1.085028,-9.811954,21.91374,1.903926,0.4606051,0.8623542,-1.294251,45.31134,-12.44239,94.80791,0.4911362,0.8372995,-1.294939,17.41749,34.63943,-10.11071,0.4983993,0.8088726,-1.288767,9.507479,-2.464968E-06,0,0.4546025,0.853106,-1.301279,0,-14.88062,1.250075,0.4693142,0.8079872,-1.27359,38.02369,22.54902,-10.71272,0.4896285,0.7682363,-1.283227,28.3101,-5.043918E-05,0,0.5086247,0.7528948,-1.297127,18.89482,-3.087604E-05,0,0.4487388,0.8484392,-1.308818,0,-1.378484E-06,0,0.4554647,0.7982184,-1.291592,34.40225,12.89673,-4.763413,0.4752141,0.7570413,-1.3022,32.08428,1.287871E-05,0,0.4969865,0.7416998,-1.317912,21.42077,8.064409E-06,0,0.442501,0.84503,-1.31708,3.069245,14.87364,-2.900701,0.443377,0.7939847,-1.312567,30.26618,-0.01300529,-2.284391,0.4624219,0.7555542,-1.321406,31.44397,3.867714E-05,0,0.483694,0.7414095,-1.33345,20.99207,3.318879E-05,0,0.4368389,0.844287,-1.324941,7.703165,29.67834,-7.043697,0.4330292,0.7970211,-1.332718,20.52783,-10.56113,-2.791269,0.4442183,0.7639582,-1.338825,31.08622,-0.0002441246,0,0.4600362,0.7502863,-1.346504,20.75258,-0.0001675791,0,0.8280675,1.467125,-1.079221,39.11724,-41.82731,75.8217,0.7975756,1.492052,-1.076183,-5.594995,41.01976,3.678658,0.787771,1.513475,-1.057639,-2.812368,-1.071163E-05,0,0.8279211,1.458483,-1.06941,0,-14.88068,1.249762,0.8043055,1.488325,-1.02978,79.35638,12.79499,-12.32335,0.7623587,1.470266,-1.029773,91.33394,-3.340685E-06,0,0.7681937,1.458358,-1.054543,61.64549,-1.183822E-05,0,0.8293232,1.449483,-1.063929,0,-1.18496E-05,0,0.8080604,1.466908,-1.018012,93.3657,6.937095,-14.32806,0.7683343,1.446107,-1.031699,89.95324,-1.183655E-05,0,0.7796149,1.443366,-1.060361,60.69004,-1.22621E-05,0,0.831365,1.43971,-1.059559,3.069245,14.87367,-2.900633,0.8116737,1.443261,-1.012374,100.184,2.067325,-4.52632,0.7766508,1.428762,-1.034304,79.74707,-2.269176E-06,0,0.7868775,1.428694,-1.06063,53.66154,-1.147361E-05,0,0.8340498,1.430538,-1.057801,7.703139,29.67841,-7.043752,0.8168217,1.42105,-1.013958,95.6462,2.967276,-11.65055,0.7875423,1.411321,-1.031385,76.45883,-6.622766E-07,0,0.7911239,1.418663,-1.052107,51.40894,5.629303E-06,0
1833,0.6950449,0.9262354,-1.353981,1.049225,0.490321,1.171863,0.6880649,1.286225,-1.393322,-1.324708,1.674197,-0.4668813,0.6813435,1.594434,-1.377105,9.539864,-2.659184,3.838237,0.6149798,0.9255803,-1.352331,-0.06255726,-0.3598978,0.5410409,0.6213073,0.4985706,-1.345053,9.708854,-0.02662055,0.1312212,0.6263433,0.0754545,-1.410041,8.342661,-2.258846,-6.940372,0.7751099,0.9268904,-1.355632,-1.005804,-0.6624953,3.165824,0.7736735,0.4997744,-1.355206,7.229141,0.02134365,0,0.7689384,0.07503095,-1.408559,7.015345,-1.626173,-5.952263,0.6147442,1.406661,-1.37217,-13.00097,-0.4925638,1.168184,0.4854191,1.402454,-1.40327,-4.951516,13.89854,-45.30898,0.4461681,1.147649,-1.392117,14.37725,-5.938759E-05,1.924679,0.7538907,1.4107,-1.370941,-17.44964,7.11731,4.087105,0.87965,1.431758,-1.409033,36.97167,12.94333,-35.86211,1.004279,1.27131,-1.249928,106.1353,-9.357848E-05,-25.28337,0.4416405,0.872722,-1.320439,4.201324,-8.234295,0.3019647,0.8422996,1.436297,-1.084746,-9.888193,21.73653,1.903001,0.4609313,0.862468,-1.293509,45.32654,-12.44419,94.82073,0.4914748,0.8374292,-1.294221,17.45084,34.62433,-10.12708,0.4987553,0.8090038,-1.288062,9.527266,-1.967478E-06,0,0.4549258,0.8532159,-1.30053,0,-14.88064,1.249918,0.4696737,0.8081096,-1.27284,38.03789,22.54713,-10.74105,0.4899982,0.7683669,-1.282489,28.28242,-0.0001330125,0,0.508989,0.7530221,-1.296393,18.87632,-9.686528E-05,0,0.4490573,0.8485452,-1.308063,0,-5.34202E-06,0,0.4558125,0.7983314,-1.290828,34.41306,12.89514,-4.777867,0.4755718,0.7571613,-1.301445,32.03755,3.080222E-06,0,0.497332,0.7418054,-1.31716,21.38949,-2.417199E-06,0,0.4428138,0.8451316,-1.316318,3.069245,14.87364,-2.900701,0.4437091,0.794088,-1.311792,30.25777,-0.01294946,-2.29354,0.4627538,0.7556577,-1.320631,31.45821,6.16447E-06,0,0.4840229,0.7415187,-1.332687,21.00159,6.791107E-06,0,0.4371456,0.8443847,-1.324175,7.703165,29.67835,-7.043752,0.4333439,0.7971154,-1.331935,20.53664,-10.56667,-2.808468,0.4445442,0.7640561,-1.33804,31.0627,-0.0001887112,0,0.460359,0.7503822,-1.345722,20.73682,-0.0001258344,0,0.8283765,1.467529,-1.078983,39.31808,-41.6382,75.89233,0.797937,1.492526,-1.075993,-5.588055,41.06736,3.6777,0.7881665,1.513961,-1.057446,-2.806725,-2.325738E-05,0,0.8281665,1.458898,-1.069163,0,-14.8807,1.249762,0.8047097,1.488932,-1.029584,79.4054,12.82267,-12.35007,0.7626641,1.471104,-1.029608,91.27856,-4.632538E-06,0,0.7684339,1.459137,-1.054366,61.60716,2.36073E-05,0,0.8295062,1.449895,-1.063672,0,-2.652304E-05,0,0.8083171,1.467503,-1.01779,93.38744,6.958818,-14.304,0.7684827,1.446924,-1.031496,89.9332,-4.784363E-06,0,0.779773,1.444067,-1.060143,60.67619,3.310763E-06,-0.01978234,0.8314815,1.440114,-1.05929,3.069309,14.87366,-2.900633,0.8117738,1.443839,-1.012126,100.2083,2.067543,-4.465676,0.776687,1.429543,-1.034086,79.62563,-7.551386E-06,0,0.7869021,1.429338,-1.060415,53.57823,5.865877E-06,0,0.834106,1.430927,-1.057521,7.703165,29.6784,-7.043725,0.8167805,1.421594,-1.013683,95.67088,3.015538,-11.6754,0.7874709,1.41201,-1.03114,76.38255,-1.974159E-05,0,0.7910937,1.419303,-1.051871,51.35674,-2.613662E-06,0
1867,0.6947125,0.9262404,-1.35381,1.023929,0.496126,1.216757,0.6877025,1.286247,-1.393017,-1.340421,1.66592,-0.4311472,0.680999,1.59445,-1.376687,9.572715,-2.62509,3.821364,0.6146488,0.9255776,-1.352097,-0.07912937,-0.3751326,0.556375,0.6211303,0.4985651,-1.345122,9.662167,-0.02909821,0.1297215,0.6263042,0.0754438,-1.410064,8.336257,-2.278708,-6.948761,0.7747762,0.9269032,-1.355523,-0.9771874,-0.6494917,3.150078,0.7734787,0.4997868,-1.35507,7.247166,0.01879986,0,0.7688254,0.07505536,-1.408525,7.024957,-1.626548,-5.953909,0.6144108,1.406687,-1.371788,-12.98501,-0.5168693,1.151821,0.4850591,1.402448,-1.402772,-4.985938,13.92945,-45.43087,0.4458987,1.147627,-1.391656,14.46134,-5.346465E-05,1.789801,0.7535586,1.410708,-1.370645,-17.45231,7.13612,4.072369,0.8792884,1.431803,-1.408815,37.04107,12.83802,-35.72508,1.00378,1.271129,-1.249829,106.1463,-0.0001040021,-25.36634,0.4418822,0.8727398,-1.319795,4.152845,-8.176736,0.2967354,0.84243,1.436601,-1.084516,-9.978016,21.60502,1.908546,0.4611946,0.8625014,-1.292875,45.34039,-12.44698,94.8257,0.4917525,0.8374806,-1.293604,17.47788,34.61697,-10.14158,0.4990496,0.8090575,-1.287454,9.542769,4.592182E-07,0,0.455188,0.8532449,-1.299889,0,-14.88063,1.249918,0.4699714,0.8081527,-1.272195,38.04835,22.54909,-10.73376,0.490307,0.7684177,-1.281852,28.27326,6.078802E-05,0,0.5092915,0.7530752,-1.295767,18.8702,4.666788E-05,0,0.4493164,0.8485696,-1.307417,0,-1.365641E-06,0,0.456102,0.7983636,-1.290171,34.42083,12.8916,-4.796446,0.4758757,0.7572011,-1.30079,31.99934,3.606702E-05,0,0.4976299,0.7418353,-1.316504,21.3639,3.066431E-05,0,0.4430687,0.8451512,-1.315667,3.069245,14.87364,-2.900633,0.4439864,0.7941093,-1.311126,30.27628,-0.01786953,-2.286018,0.463052,0.7556906,-1.31997,31.38831,1.968412E-05,0,0.4843084,0.7415342,-1.332029,20.9548,1.870046E-05,0,0.4373955,0.8443997,-1.32352,7.703139,29.67834,-7.043752,0.4336068,0.7971265,-1.331263,20.51653,-10.57414,-2.796804,0.4448076,0.7640651,-1.337356,31.10903,0.0005558563,0,0.4606282,0.7504032,-1.345048,20.76785,0.0004008476,0,0.8286681,1.467912,-1.078797,39.46587,-41.46932,76.0648,0.7982688,1.492958,-1.075807,-5.328331,40.94986,3.497936,0.7884575,1.514399,-1.057288,-2.681318,-2.711243E-05,0,0.8284258,1.4593,-1.068961,0,-14.88071,1.249762,0.8051609,1.489524,-1.029412,79.43932,12.84681,-12.36325,0.7630396,1.471875,-1.029366,91.26108,-3.784154E-06,0,0.7687266,1.459838,-1.054109,61.59504,2.149316E-05,0,0.8297269,1.450301,-1.063454,0,-3.26068E-05,0,0.8086748,1.468099,-1.017583,93.3989,6.971288,-14.2699,0.7687311,1.44768,-1.031211,89.90447,4.482102E-06,0,0.7799738,1.444693,-1.059863,60.65632,7.570671E-07,0,0.8316584,1.440518,-1.059056,3.069181,14.87366,-2.900701,0.8120202,1.444429,-1.011878,100.2039,2.067531,-4.43341,0.7768375,1.430266,-1.033771,79.61082,-5.185553E-06,0,0.7870194,1.429943,-1.060112,53.56808,2.479299E-06,0,0.8342392,1.431322,-1.057273,7.703165,29.6784,-7.04378,0.816915,1.422156,-1.013399,95.67694,3.055803,-11.71528,0.7875496,1.412663,-1.030811,76.35715,8.473922E-07,0,0.7911717,1.419905,-1.05156,51.33937,7.40019E-06,0
1900,0.6944175,0.9262387,-1.353744,1.005026,0.4878755,1.266868,0.6873849,1.286258,-1.392828,-1.360706,1.673125,-0.3941611,0.6806379,1.594452,-1.376368,9.596344,-2.613655,3.80668,0.6143552,0.9255881,-1.351961,-0.08156469,-0.4036217,0.5647526,0.6209868,0.4985754,-1.345141,9.633781,-0.02669488,0.1312212,0.626242,0.07544622,-1.410025,8.327796,-2.294031,-6.968662,0.7744797,0.9268892,-1.355526,-0.9427382,-0.6226708,3.138685,0.7733201,0.4997725,-1.354955,7.278368,0.01884328,0,0.7687507,0.07505417,-1.408522,7.036703,-1.622502,-5.945607,0.61409,1.406681,-1.371511,-12.98362,-0.5234854,1.14141,0.4847187,1.402418,-1.40241,-5.005468,13.95425,-45.51099,0.4456149,1.147587,-1.391341,14.53738,-5.060968E-05,1.746525,0.7532379,1.410721,-1.370457,-17.43775,7.150082,4.056806,0.8789451,1.431877,-1.408666,37.09835,12.69852,-35.54235,1.003182,1.270829,-1.249861,106.1067,-0.000108655,-25.5518,0.4419936,0.872739,-1.319308,4.131759,-8.144117,0.2940859,0.842699,1.436745,-1.08415,-10.11268,21.37661,1.913462,0.461348,0.8625183,-1.292412,45.3507,-12.44065,94.82536,0.491917,0.8375122,-1.293182,17.45584,34.61414,-10.12757,0.4992447,0.8090969,-1.287033,9.531164,-1.085963E-05,0,0.4553356,0.8532567,-1.299414,0,-14.88065,1.250075,0.4701768,0.8081805,-1.271725,38.05528,22.55629,-10.72877,0.4905138,0.7684515,-1.281404,28.28024,-2.325689E-06,0,0.5094837,0.7531161,-1.295347,18.87485,-1.574124E-05,0,0.4494554,0.8485762,-1.306932,0,-9.335566E-06,0,0.4562865,0.7983792,-1.289678,34.41951,12.89064,-4.796201,0.4760627,0.757221,-1.300309,31.99299,-1.644782E-05,0,0.4978005,0.7418554,-1.316046,21.35963,-2.752142E-05,0,0.4431976,0.8451523,-1.315172,3.069245,14.87364,-2.900633,0.4441434,0.7941124,-1.310614,30.27908,-0.01862912,-2.249424,0.4632149,0.7556997,-1.319472,31.36292,-9.695267E-06,0,0.4844512,0.7415379,-1.33156,20.93778,-1.19504E-05,0,0.4375138,0.8443956,-1.323017,7.703165,29.67836,-7.043752,0.4337344,0.7971181,-1.330738,20.54467,-10.57069,-2.780589,0.4449539,0.7640656,-1.336844,31.04121,-7.904097E-05,0,0.4607593,0.7503954,-1.344553,20.72243,-7.014353E-05,0,0.8291871,1.468171,-1.078464,39.63641,-41.32146,76.16209,0.7989005,1.493355,-1.075488,-5.135875,40.91579,3.368948,0.789132,1.514813,-1.056967,-2.58581,-1.315709E-05,0,0.8288854,1.459575,-1.068616,0,-14.8807,1.249918,0.8058897,1.490035,-1.029091,79.48135,12.88155,-12.4129,0.7636477,1.472678,-1.028993,91.13504,-1.054202E-05,0,0.7691714,1.460561,-1.053733,61.50778,9.568497E-05,0,0.8301205,1.450574,-1.063097,0,-2.939E-05,0,0.8092455,1.468601,-1.017234,93.4087,6.979218,-14.24713,0.7691375,1.448468,-1.030805,89.83367,-6.860008E-06,0,0.7803087,1.445326,-1.059469,60.60736,-6.766299E-06,0,0.831979,1.440782,-1.058687,3.069309,14.87366,-2.900701,0.8124103,1.444914,-1.011498,100.2112,2.058797,-4.400908,0.7771014,1.431001,-1.033349,79.54272,-1.2998E-05,0,0.7872372,1.430538,-1.059706,53.52137,-8.560224E-06,0,0.8344892,1.431568,-1.056892,7.703139,29.6784,-7.043752,0.8171294,1.422601,-1.012991,95.71478,3.101314,-11.77354,0.7876963,1.413292,-1.030389,76.20719,-7.054353E-06,0,0.7913089,1.420474,-1.05116,51.23676,3.604689E-06,0
1933,0.6940907,0.9262242,-1.353613,0.9893272,0.4930263,1.322786,0.6870184,1.286254,-1.392567,-1.388044,1.666758,-0.3454843,0.6802931,1.594441,-1.375967,9.591877,-2.59134,3.78253,0.6140303,0.9255673,-1.351752,-0.07132626,-0.4211694,0.5719823,0.6208317,0.4985563,-1.344993,9.649156,-0.02912246,0.132704,0.6262105,0.07545537,-1.410051,8.349319,-2.318245,-6.993136,0.7741511,0.9268811,-1.355473,-0.9215358,-0.60689,3.125246,0.7731445,0.499764,-1.354858,7.302562,0.02146951,0,0.7686927,0.07506132,-1.408559,7.05302,-1.609344,-5.931677,0.6137522,1.406673,-1.371134,-12.9958,-0.503802,1.139351,0.4843596,1.402483,-1.401954,-4.924974,13.87205,-45.50065,0.4453735,1.147635,-1.390866,14.54104,-5.078558E-05,1.809592,0.7529014,1.410701,-1.370195,-17.44642,7.145428,4.045737,0.8785742,1.431852,-1.40852,37.11897,12.52543,-35.42822,1.002408,1.270191,-1.250023,106.0066,-0.000120677,-25.73337,0.4419102,0.8727902,-1.318811,4.131143,-8.167509,0.2947506,0.8428928,1.436283,-1.083555,-10.1739,21.09091,1.898779,0.4613084,0.8625885,-1.291939,45.36086,-12.43449,94.82439,0.4918883,0.8375972,-1.292752,17.42083,34.61293,-10.1061,0.4992502,0.8091918,-1.286598,9.512377,-4.392494E-06,0,0.4552896,0.8533216,-1.298929,0,-14.88061,1.249918,0.4701906,0.8082628,-1.271244,38.05811,22.55857,-10.75327,0.4905298,0.768539,-1.280939,28.28766,4.299819E-05,0,0.50949,0.7532106,-1.294903,18.87984,3.666596E-05,0,0.4494004,0.8486357,-1.306437,0,3.686929E-06,0,0.4562781,0.7984484,-1.289172,34.4145,12.88804,-4.795996,0.4760553,0.7572929,-1.299812,31.99549,-6.052174E-06,0,0.497777,0.7419294,-1.315573,21.36131,7.438744E-06,0,0.443132,0.8452057,-1.314666,3.069309,14.87364,-2.900701,0.4441062,0.7941681,-1.310089,30.27014,-0.01398123,-2.219203,0.463174,0.7557564,-1.318959,31.37971,-1.191763E-05,0,0.4843951,0.7416014,-1.331081,20.94905,4.487014E-08,0,0.437437,0.8444435,-1.322502,7.703139,29.67833,-7.043752,0.4336663,0.7971613,-1.330199,20.50417,-10.57163,-2.795334,0.4448708,0.7641022,-1.336298,31.14233,0.0005331888,0,0.460685,0.7504544,-1.344027,20.79013,0.0003876695,0,0.8296274,1.467816,-1.077882,39.75494,-41.22995,76.46695,0.7994824,1.493172,-1.074929,-4.354512,40.75507,2.845857,0.7896161,1.514562,-1.05638,-2.198023,-2.266964E-05,0,0.8292561,1.459226,-1.068031,0,-14.88067,1.250075,0.8064924,1.489879,-1.028521,79.52719,12.92667,-12.4983,0.764134,1.472808,-1.02843,90.9034,-1.032562E-05,0,0.7694654,1.460633,-1.053185,61.34745,0.0001077268,0,0.8304191,1.450217,-1.062509,0,-1.066191E-05,0,0.8096769,1.468422,-1.016657,93.40368,6.983201,-14.22426,0.7694137,1.4486,-1.030225,89.78599,2.493352E-06,0,0.7805454,1.445338,-1.05889,60.57439,-1.80446E-06,0,0.8321995,1.440413,-1.058096,3.069309,14.87368,-2.900701,0.812654,1.444713,-1.010913,100.2035,1.995532,-4.312661,0.7772263,1.431118,-1.032771,79.48042,6.632491E-06,0,0.7873457,1.430522,-1.059132,53.47867,5.64634E-06,0,0.8346367,1.43118,-1.056298,7.703165,29.67841,-7.04378,0.8171977,1.422363,-1.012398,95.73766,3.130007,-11.77554,0.787708,1.413266,-1.029812,76.08317,6.80478E-07,0,0.7913449,1.420396,-1.050597,51.15193,-2.280328E-06,0
1967,0.6937966,0.926208,-1.353526,0.9761857,0.5095285,1.374443,0.6866205,1.286244,-1.39233,-1.426287,1.669982,-0.2914124,0.6798742,1.594426,-1.375574,9.542686,-2.575691,3.743451,0.6137381,0.9255288,-1.351593,-0.05233916,-0.4250969,0.5791218,0.6206942,0.4985206,-1.344816,9.669306,-0.02674135,0.1356209,0.6261491,0.07544062,-1.410004,8.364218,-2.338051,-7.014254,0.7738551,0.9268871,-1.355459,-0.9000514,-0.6037092,3.111623,0.7729929,0.4997698,-1.354782,7.322604,0.02129751,0,0.7686355,0.07507673,-1.408566,7.062943,-1.595484,-5.919239,0.6133654,1.406644,-1.37075,-13.01029,-0.5091982,1.150291,0.4839518,1.402452,-1.401481,-4.970905,13.92355,-45.51849,0.4448695,1.147612,-1.390537,14.6261,-3.771941E-05,1.769567,0.7525151,1.410682,-1.369942,-17.43541,7.111496,4.02555,0.8781684,1.431791,-1.408355,37.07636,12.31903,-35.31528,1.001367,1.269141,-1.250374,105.9026,-9.501857E-05,-25.97337,0.4416014,0.8728032,-1.318338,4.129151,-8.156447,0.2940859,0.8429706,1.435325,-1.082933,-10.73251,20.60469,1.956447,0.4610196,0.8626196,-1.291474,45.37367,-12.43262,94.83163,0.4916129,0.8376452,-1.292301,17.41003,34.6222,-10.10188,0.4989951,0.8092474,-1.286137,9.505473,-3.30382E-06,0,0.4550005,0.8533477,-1.298456,0,-14.88063,1.250075,0.4699364,0.8083055,-1.270763,38.05859,22.55563,-10.7499,0.4902882,0.7685871,-1.280454,28.30249,-0.0001008113,0,0.5092492,0.7532678,-1.294426,18.88976,-6.558958E-05,0,0.4491088,0.8486564,-1.305958,0,-1.508539E-06,0,0.4560174,0.7984785,-1.288679,34.40993,12.88463,-4.787452,0.475805,0.7573258,-1.299311,32.00559,2.882022E-06,0,0.4975246,0.741968,-1.31508,21.36808,7.492654E-06,0,0.442837,0.8452208,-1.314183,3.069245,14.87364,-2.900633,0.4438349,0.7941853,-1.309587,30.23851,-0.01944563,-2.230287,0.4628986,0.755767,-1.318438,31.46639,2.873161E-05,0,0.484132,0.7416401,-1.330571,21.00706,2.194157E-05,0,0.4371377,0.8444533,-1.322015,7.703139,29.67834,-7.043752,0.4333819,0.7971666,-1.329692,20.50388,-10.57434,-2.777772,0.4445971,0.7641098,-1.335783,31.14779,-9.161648E-05,0,0.4604125,0.7504672,-1.34352,20.7938,-6.333508E-05,0,0.8302257,1.46707,-1.07725,39.84454,-41.16692,77.04401,0.8004523,1.492851,-1.074205,-2.831514,40.4459,1.837708,0.7905805,1.514167,-1.055575,-1.436404,-2.302802E-05,0,0.8297679,1.458503,-1.067383,0,-14.88069,1.249918,0.8076748,1.489572,-1.027818,79.59991,12.94789,-12.57156,0.7650741,1.473117,-1.027527,90.40971,-1.600318E-05,0,0.7698911,1.460766,-1.052299,61.00581,0.000121723,0,0.8308168,1.449486,-1.061852,0,-2.212413E-05,0,0.8105814,1.468088,-1.015932,93.40636,6.950013,-14.15139,0.7699435,1.448896,-1.029288,89.59689,-2.913174E-06,0,0.7808153,1.445339,-1.058018,60.44366,-1.814132E-05,0,0.8324654,1.439662,-1.05743,3.069245,14.87366,-2.900701,0.8132161,1.444344,-1.010161,100.2209,1.894233,-4.204586,0.7774656,1.431341,-1.031853,79.26202,-1.278866E-05,0,0.7873739,1.430474,-1.058286,53.3289,-1.025208E-05,0,0.834767,1.430396,-1.055628,7.703139,29.67841,-7.043725,0.8174037,1.421924,-1.01163,95.77947,3.169173,-11.8326,0.7877116,1.413242,-1.028911,75.87527,8.501631E-06,0,0.7912914,1.420272,-1.04974,51.00975,2.497937E-06,0
2000,0.6935078,0.9261944,-1.35352,0.9646922,0.5073782,1.412777,0.6863406,1.286238,-1.392159,-1.472729,1.659755,-0.2281412,0.6796268,1.594418,-1.375251,9.442545,-2.537318,3.689501,0.6134505,0.9255188,-1.351534,-0.02797646,-0.4459592,0.5797972,0.6205505,0.4985146,-1.344654,9.708693,-0.0291298,0.1398823,0.6261146,0.07546511,-1.410031,8.386936,-2.362612,-7.025599,0.7735651,0.92687,-1.355506,-0.8740209,-0.5828755,3.108161,0.7728425,0.4997527,-1.35472,7.345425,0.02114517,-0.02797646,0.7685768,0.07506615,-1.408564,7.06905,-1.578037,-5.909462,0.6131274,1.406632,-1.370406,-13.02834,-0.5436941,1.166172,0.4836923,1.402405,-1.401041,-5.055631,14.0305,-45.59001,0.4444397,1.147586,-1.390205,14.6831,-5.798962E-05,1.653866,0.7522785,1.410649,-1.369746,-17.42016,7.058944,3.989929,0.8779212,1.431647,-1.408254,36.97332,12.0591,-35.186,1.000193,1.267536,-1.251067,105.7899,-0.0001062254,-26.56244,0.441274,0.8727833,-1.317979,4.127301,-8.169154,0.2954137,0.8432513,1.433796,-1.082337,-11.5958,19.71252,2.021198,0.4607054,0.8626152,-1.291119,45.38785,-12.42744,94.83203,0.4913111,0.8376564,-1.291958,17.3937,34.65061,-10.09909,0.4987051,0.8092648,-1.285779,9.493326,-7.875312E-06,0,0.4546875,0.8533388,-1.298096,0,-14.88064,1.250075,0.4696503,0.8083106,-1.270395,38.06219,22.55125,-10.75744,0.4900181,0.7685992,-1.280082,28.3125,9.436018E-06,0,0.5089843,0.7532892,-1.294057,18.89644,4.915161E-07,0,0.448795,0.8486431,-1.305595,0,-6.747208E-06,0,0.455729,0.798473,-1.288303,34.4104,12.8813,-4.774791,0.4755309,0.7573254,-1.298928,32.00087,-1.764888E-05,0,0.4972489,0.7419692,-1.314701,21.36492,-8.150154E-06,0.02797646,0.4425217,0.8452026,-1.313816,3.069245,14.87364,-2.900633,0.4435409,0.7941688,-1.309206,30.24239,-0.02488265,-2.207796,0.4626208,0.7557571,-1.31805,31.44661,2.991221E-05,0,0.4838506,0.7416279,-1.330187,20.99384,2.333698E-05,0,0.43682,0.8444306,-1.321646,7.703165,29.67835,-7.043725,0.4330798,0.7971402,-1.329308,20.51012,-10.58203,-2.789024,0.444311,0.7640873,-1.335391,31.13045,0.0004675848,0,0.4601286,0.7504451,-1.343123,20.78218,0.0003276638,0,0.8313773,1.465885,-1.076702,39.93502,-41.06157,77.66524,0.8022547,1.492393,-1.073611,-1.269954,40.28624,0.8211529,0.7926516,1.51373,-1.054864,-0.64589,-2.806268E-05,0,0.8307301,1.457363,-1.066807,0,-14.8807,1.250075,0.809625,1.489123,-1.027251,79.76141,12.96657,-12.83747,0.7666337,1.47372,-1.026834,89.4464,-1.867442E-05,0,0.7706146,1.461133,-1.051636,60.33961,-0.000231609,0,0.8315604,1.448337,-1.061253,0,-2.692613E-05,0,0.8120053,1.467603,-1.015312,93.44843,6.855025,-14.02835,0.7708165,1.449516,-1.02852,89.10058,-1.513451E-06,0,0.7812943,1.445434,-1.057327,60.10058,-1.337978E-07,0,0.8329643,1.438486,-1.056808,3.069309,14.87366,-2.900701,0.8140302,1.443815,-1.009481,100.2889,1.763281,-4.048398,0.7778694,1.431797,-1.031061,78.78011,5.567359E-06,0,0.7874829,1.430473,-1.057583,52.99855,4.377798E-06,0,0.8350257,1.429166,-1.054986,7.703165,29.67841,-7.043752,0.8176143,1.421287,-1.010898,95.88102,3.211681,-11.94857,0.7876707,1.413334,-1.028095,75.43633,-4.213332E-06,0,0.7912182,1.420196,-1.048986,50.70956,-8.990358E-06,0
2033,0.6932895,0.9261804,-1.353505,0.9495632,0.5181484,1.447533,0.686105,1.286233,-1.391952,-1.524698,1.642352,-0.1582588,0.679436,1.594418,-1.374938,9.261429,-2.4687,3.620987,0.6132336,0.9254901,-1.35147,0,-0.4485723,0.5848376,0.6204379,0.4984888,-1.344514,9.731205,-0.02677178,0.1412742,0.6260468,0.07545397,-1.409982,8.398261,-2.377665,-7.0316,0.7733454,0.9268708,-1.35554,-0.8462666,-0.579335,3.106397,0.7727308,0.4997534,-1.354658,7.367242,0.02088631,-0.02797646,0.7685263,0.07507429,-1.408564,7.075679,-1.561766,-5.898771,0.6129509,1.406628,-1.370004,-13.0571,-0.5697674,1.185147,0.4834952,1.402404,-1.400553,-5.032753,14.03685,-45.58148,0.4442181,1.14759,-1.389701,14.61809,-5.074359E-05,1.643063,0.7521038,1.410606,-1.369509,-17.39421,6.994851,3.933779,0.877745,1.431456,-1.408103,36.85674,11.75167,-34.93364,0.9988874,1.265556,-1.251923,105.6857,-0.0001170845,-27.78221,0.4408777,0.8727207,-1.317737,4.137348,-8.257666,0.2987072,0.8440067,1.432216,-1.081689,-11.85513,17.66673,1.84875,0.4603234,0.8625645,-1.290882,45.39975,-12.42152,94.82417,0.4909391,0.8376185,-1.291737,17.3714,34.67228,-10.09099,0.4983459,0.8092323,-1.285549,9.478739,-7.733087E-06,0,0.4543057,0.8532847,-1.297855,0,-14.88064,1.249762,0.4692945,0.8082671,-1.270151,38.07731,22.54657,-10.76476,0.4896793,0.7685661,-1.279844,28.28805,1.685213E-05,0,0.5086442,0.7532557,-1.293821,18.88008,-5.440289E-06,0,0.4484117,0.8485855,-1.305351,0,-7.914597E-06,0,0.4553691,0.7984213,-1.288052,34.41772,12.87885,-4.762672,0.4751849,0.7572809,-1.298678,31.97691,9.326482E-07,0,0.4968967,0.7419205,-1.314456,21.34886,-3.974818E-06,0,0.4421362,0.8451413,-1.313569,3.069245,14.87364,-2.900701,0.4431739,0.7941088,-1.308948,30.25506,-0.02638732,-2.236072,0.4622703,0.7557062,-1.317797,31.39676,-2.640951E-05,0,0.4834967,0.7415661,-1.329927,20.96044,-2.193372E-05,0,0.4364315,0.8443658,-1.321396,7.703139,29.67835,-7.043752,0.4327038,0.7970726,-1.329047,20.53489,-10.58523,-2.79155,0.4439567,0.7640275,-1.335132,31.06704,0.00019831,0,0.4597681,0.7503769,-1.342863,20.73972,0.0001338366,0,0.833286,1.464812,-1.076681,39.77525,-40.92608,79.32643,0.8051463,1.492429,-1.074268,2.284905,39.48311,-1.453334,0.7953299,1.513883,-1.055767,1.175531,-1.338189E-05,0,0.8321742,1.456465,-1.066678,0,-14.88067,1.249762,0.8117366,1.489577,-1.027888,80.14214,12.98128,-13.40963,0.7682508,1.475627,-1.028099,87.08176,0.0001002026,0,0.7710958,1.46245,-1.052751,58.70664,0.0004559745,0,0.8325809,1.447497,-1.060985,0,-1.955278E-06,0,0.8131254,1.46816,-1.015613,93.56463,6.704076,-13.91978,0.7714849,1.451527,-1.029308,87.85783,1.014467E-05,0,0.7816948,1.446364,-1.058038,59.24222,-7.003508E-06,0,0.833545,1.437665,-1.056382,3.069309,14.87367,-2.900701,0.8141588,1.444399,-1.009419,100.4664,1.48425,-3.70121,0.7779142,1.433641,-1.031516,77.54285,3.522701E-06,0,0.7874021,1.431306,-1.058015,52.15094,1.460861E-06,0,0.8352237,1.428302,-1.0544,7.703165,29.67841,-7.043752,0.8169013,1.421734,-1.010466,96.2318,3.190659,-12.13076,0.7870225,1.414717,-1.028176,73.84209,1.231916E-05,0,0.7906581,1.421046,-1.04922,49.62016,6.611212E-06,0
2067,0.693108,0.926173,-1.353456,0.9346082,0.5172467,1.483453,0.6859834,1.286236,-1.391665,-1.594464,1.611601,-0.08392937,0.6793932,1.594433,-1.374559,8.96699,-2.357131,3.538506,0.6130533,0.9254842,-1.351372,0,-0.4608591,0.5881739,0.6203433,0.4984832,-1.344496,9.732579,-0.0474092,0.14537,0.6261505,0.07546505,-1.410055,8.410785,-2.412941,-7.035727,0.7731626,0.9268618,-1.355541,-0.8228193,-0.5659609,3.106775,0.7726417,0.4997445,-1.354594,7.385118,0.02040189,-0.02797646,0.7684817,0.07507312,-1.408565,7.084961,-1.545532,-5.884199,0.6129191,1.406642,-1.369477,-13.09268,-0.5977417,1.217401,0.4834419,1.402456,-1.39994,-5.104074,14.10979,-45.63696,0.4439623,1.147666,-1.389278,14.62297,-4.995764E-05,1.568478,0.7520745,1.41055,-1.369164,-17.38118,6.883067,3.882671,0.8777205,1.431125,-1.407889,36.78294,11.35175,-34.52,0.997361,1.263154,-1.252768,105.6369,-9.485809E-05,-28.64993,0.4405222,0.8727307,-1.317568,4.137632,-8.331786,0.301316,0.8453635,1.431045,-1.08115,-13.56052,16.01859,1.916834,0.4599879,0.8625825,-1.290725,45.40915,-12.41079,94.8242,0.4906089,0.837644,-1.291607,17.35363,34.68875,-10.08434,0.4980269,0.8092614,-1.285415,9.467222,5.300982E-07,0,0.4539679,0.8533004,-1.297693,0,-14.88064,1.250075,0.4689857,0.8082898,-1.269993,38.08909,22.54374,-10.76797,0.4893794,0.7685968,-1.2797,28.27307,-0.0001439188,0,0.5083383,0.7532877,-1.293687,18.87008,-0.0001045093,0,0.4480701,0.8485988,-1.305184,0,-5.581841E-06,0,0.4550509,0.7984384,-1.287884,34.42452,12.87576,-4.75971,0.4748747,0.7573044,-1.29852,31.94715,1.14853E-05,0,0.4965757,0.7419367,-1.314305,21.32897,-5.426945E-06,0,0.44179,0.8451521,-1.313398,3.069181,14.87364,-2.900701,0.4428431,0.7941204,-1.308772,30.23752,-0.02326895,-2.24925,0.4619322,0.7557148,-1.317623,31.4439,1.320443E-05,0,0.4831609,0.741591,-1.329768,20.99202,-2.330047E-06,0,0.4360804,0.8443742,-1.321221,7.703139,29.67835,-7.043752,0.4323591,0.7970793,-1.328864,20.5244,-10.58335,-2.783052,0.4436101,0.7640338,-1.33495,31.0929,0.0002682812,0,0.459422,0.7503909,-1.342693,20.75703,0.000187465,0,0.8363225,1.464189,-1.076437,39.45276,-40.57095,81.30508,0.8095635,1.493121,-1.073743,7.473176,36.76796,-4.489604,0.7993001,1.514426,-1.055313,3.98713,-1.745392E-05,0,0.8349369,1.456033,-1.066311,0,-14.88067,1.250075,0.8166699,1.490597,-1.027704,80.43494,12.9989,-14.1156,0.7725945,1.478643,-1.027333,83.03168,1.597616E-05,0,0.772587,1.464889,-1.051833,55.91719,3.542215E-05,0,0.8349796,1.447128,-1.060506,0,-3.204239E-06,0,0.817171,1.469293,-1.015166,93.61857,6.478442,-13.86034,0.7745749,1.4547,-1.028233,85.41088,-1.452947E-05,0,0.7829688,1.448272,-1.057293,57.55473,-1.052195E-06,0,0.835522,1.43732,-1.055785,3.069245,14.87368,-2.900701,0.8171209,1.44559,-1.008671,100.6456,1.069763,-3.379161,0.7801356,1.436641,-1.030344,75.17837,-1.049703E-05,0,0.7881535,1.433204,-1.057206,50.53322,-6.184229E-06,0,0.8367658,1.427911,-1.053701,7.703165,29.67841,-7.043725,0.818734,1.422805,-1.009454,96.56589,3.147232,-12.80466,0.7884049,1.417096,-1.026866,71.12563,-8.011771E-06,0,0.791119,1.422963,-1.048181,47.76657,-2.630924E-06,0
2100,0.6929683,0.9261692,-1.353461,0.9187712,0.5058512,1.522,0.6859698,1.286244,-1.391412,-1.669647,1.569701,0,0.6795028,1.594456,-1.374227,8.626756,-2.229627,3.456777,0.6129149,0.9254966,-1.351323,0,-0.4823339,0.5875081,0.6202794,0.4984945,-1.344591,9.693492,-0.02781749,0.14537,0.6259695,0.07545158,-1.409999,8.391875,-2.406404,-7.052825,0.7730217,0.9268417,-1.355599,-0.804056,-0.5440701,3.108287,0.7725787,0.4997244,-1.354633,7.382965,0.01968575,-0.02797646,0.7684537,0.07504791,-1.408567,7.082718,-1.529283,-5.865448,0.6130186,1.406671,-1.368975,-13.12618,-0.6149274,1.252108,0.4835175,1.402577,-1.399349,-5.107298,14.10373,-45.67062,0.4439492,1.147795,-1.388818,14.59061,-6.731926E-05,1.524056,0.7521769,1.410483,-1.368841,-17.37125,6.778366,3.841297,0.8778269,1.430779,-1.407699,36.78798,10.81509,-33.8793,0.9955629,1.260555,-1.253581,105.7354,-0.0001213108,-30.04313,0.440401,0.872778,-1.317429,4.131095,-8.408791,0.3032579,0.847182,1.430848,-1.081167,-15.1997,14.14128,1.896304,0.459884,0.8626326,-1.290597,45.41928,-12.40734,94.83582,0.4905109,0.8377021,-1.291504,17.35616,34.70724,-10.09046,0.4979338,0.809321,-1.285311,9.466412,-8.273384E-06,0,0.4538615,0.8533496,-1.297562,0,-14.88064,1.249918,0.4689028,0.8083412,-1.269871,38.11676,22.53666,-10.76227,0.489311,0.7686617,-1.279603,28.1952,3.885514E-05,0,0.5082545,0.7533346,-1.293591,18.81799,2.897375E-05,0,0.4479601,0.8486472,-1.30505,0,-6.637053E-06,0,0.4549592,0.7984878,-1.287754,34.43182,12.87269,-4.753285,0.4747887,0.7573601,-1.298404,31.91858,-5.447447E-06,0,0.4964786,0.7419862,-1.314199,21.30982,-1.257369E-05,0,0.4416758,0.8451996,-1.31326,3.069245,14.87364,-2.900768,0.44274,0.794168,-1.308635,30.24121,-0.02267819,-2.292259,0.4618319,0.7557669,-1.317499,31.42225,2.72636E-05,0,0.483058,0.7416399,-1.329645,20.97751,1.370053E-05,0,0.4359618,0.8444209,-1.32108,7.703139,29.67835,-7.043725,0.4322437,0.7971253,-1.328721,20.5369,-10.57657,-2.81209,0.4435009,0.7640845,-1.334822,31.06292,0.0004156295,0,0.4593081,0.7504387,-1.342569,20.73696,0.0002889379,0,0.8401741,1.464539,-1.07689,39.10615,-39.26536,84.27505,0.8148251,1.494667,-1.073713,14.08723,30.84463,-7.331494,0.8027246,1.515317,-1.055656,8.043079,-1.517841E-05,0,0.8383815,1.45663,-1.066634,0,-14.88069,1.249762,0.8225096,1.492783,-1.028426,80.1074,12.99442,-14.60292,0.777771,1.48367,-1.027393,75.80653,9.109197E-06,0,0.7730942,1.469415,-1.051149,50.96273,7.489669E-06,0,0.8379366,1.447823,-1.060696,0,-2.449671E-05,0,0.8218333,1.471672,-1.015573,93.26932,6.218048,-14.34353,0.7782201,1.459774,-1.028002,80.12139,1.912051E-05,0,0.7830489,1.452033,-1.057549,53.9183,3.826433E-05,0,0.8379282,1.43807,-1.055833,3.069309,14.87366,-2.900768,0.8204169,1.448112,-1.008724,100.743,0.6272262,-3.797771,0.7828191,1.441394,-1.030148,69.74752,-1.666847E-05,0,0.7878501,1.437045,-1.057596,46.8275,-1.706899E-05,0,0.8386236,1.428635,-1.053616,7.703139,29.6784,-7.04378,0.8206596,1.425263,-1.009176,96.88995,3.139015,-14.64011,0.7900059,1.421147,-1.026469,65.87853,-1.379083E-05,0,0.7908919,1.426714,-1.048017,44.19542,-1.202284E-05,0
2133,0.692948,0.9261705,-1.35286,0.8987461,0.4970278,1.559971,0.6861475,1.28626,-1.390523,-1.751336,1.497196,0.05934703,0.6799487,1.594485,-1.373185,8.327961,-2.084164,3.38142,0.612896,0.9255103,-1.350669,-0.0656106,-0.4939293,0.5828267,0.6202677,0.4984986,-1.34458,9.607687,-0.02677097,0.1440177,0.6259151,0.07545552,-1.409991,8.392508,-2.408593,-7.070715,0.773,0.9268306,-1.355051,-0.8561515,-0.5339434,3.11263,0.7725521,0.4997124,-1.354622,7.313622,0.01881456,-0.02797646,0.7684168,0.07503843,-1.408575,7.090662,-1.516598,-5.84392,0.6133716,1.406746,-1.36783,-13.14525,-0.69025,1.287856,0.4838457,1.40268,-1.398102,-5.217067,14.21933,-45.78693,0.4440101,1.147933,-1.387749,14.57939,-5.502079E-05,1.362431,0.7525346,1.410386,-1.367859,-17.37838,6.69599,3.807812,0.8781841,1.430394,-1.406868,36.88369,10.13269,-33.07912,0.9935393,1.25777,-1.253621,106.035,-7.273959E-05,-32.17678,0.440321,0.872826,-1.316713,4.125545,-8.483771,0.3064671,0.849225,1.43163,-1.081316,-16.60476,12.244,1.793296,0.4598145,0.8626781,-1.28989,45.42936,-12.40669,94.855,0.4904465,0.8377546,-1.290816,17.37387,34.72342,-10.10525,0.4978687,0.8093724,-1.284627,9.474071,-4.644688E-06,0,0.4537903,0.8533956,-1.296854,0,-14.88063,1.250075,0.4688458,0.8083841,-1.269176,38.14945,22.53049,-10.79301,0.4892693,0.7687197,-1.278937,28.0874,-0.0001443624,0,0.5082005,0.7533665,-1.292913,18.74587,-9.313321E-05,0,0.4478868,0.8486939,-1.30434,0,-3.57768E-06,0,0.4548969,0.7985322,-1.287055,34.43526,12.87245,-4.746068,0.4747283,0.7574095,-1.297721,31.90085,1.555335E-05,0,0.4964101,0.7420333,-1.313524,21.29795,1.810642E-05,0,0.4415999,0.845247,-1.312549,3.069309,14.87364,-2.900633,0.4426706,0.7942147,-1.307932,30.22704,-0.02600035,-2.285247,0.4617569,0.755812,-1.316802,31.45815,3.711703E-05,0,0.4829843,0.7416984,-1.328961,21.00156,2.954504E-05,0,0.4358832,0.844469,-1.320367,7.703139,29.67834,-7.043725,0.432167,0.7971743,-1.328014,20.51178,-10.57449,-2.827363,0.4434121,0.7641301,-1.334119,31.12174,9.327908E-05,0,0.4592262,0.7504975,-1.341875,20.77633,5.876588E-05,0,0.8445587,1.465776,-1.077476,40.41401,-35.54895,87.14366,0.8195243,1.496086,-1.073606,19.40252,24.67251,-8.363794,0.8047026,1.515053,-1.055732,11.71864,-1.724434E-05,0,0.8421863,1.458138,-1.067133,0,-14.8807,1.249918,0.8287326,1.495774,-1.029433,77.41904,13.85429,-14.40476,0.7834359,1.490746,-1.026501,67.42375,7.329263E-06,0,0.7726741,1.47692,-1.048466,45.24588,1.047835E-05,0,0.8411108,1.449457,-1.061091,0,-2.326464E-05,0,0.8265483,1.474921,-1.016329,90.82908,6.544512,-14.81042,0.7816587,1.466634,-1.027024,71.14568,-1.053819E-05,0,0.7798905,1.457885,-1.056631,47.78024,1.537524E-05,0,0.8404087,1.439788,-1.05611,3.069245,14.87367,-2.900768,0.8234762,1.451603,-1.009201,99.37468,0.06883696,-4.278465,0.7850754,1.447889,-1.029921,59.48777,1.029362E-05,0,0.7841967,1.443103,-1.057741,39.86099,2.630224E-05,0,0.8404397,1.430356,-1.053777,7.703165,29.6784,-7.043752,0.8221334,1.428788,-1.009376,96.16558,2.300469,-17.00907,0.7910774,1.427098,-1.026355,56.2198,-3.56591E-06,0,0.7883721,1.432509,-1.047791,37.65033,8.600246E-06,0
2167,0.6928918,0.9261797,-1.352464,0.8780415,0.4842789,1.593482,0.6863014,1.286285,-1.389852,-1.827135,1.426836,0.1027921,0.6803903,1.594514,-1.372296,8.129148,-1.977095,3.329784,0.6128409,0.9255373,-1.350227,-0.1186941,-0.5104957,0.5797972,0.62023,0.4985186,-1.344681,9.519154,-0.02571524,0.1467098,0.6258542,0.07545704,-1.409975,8.374635,-2.410472,-7.080917,0.7729428,0.9268221,-1.354701,-0.8877931,-0.5177876,3.12487,0.77251,0.4997036,-1.354663,7.257095,0.01795444,-0.03956468,0.7683745,0.0750255,-1.408582,7.091603,-1.502697,-5.822011,0.6136895,1.406829,-1.366941,-13.15504,-0.7044203,1.317747,0.4841399,1.402926,-1.397133,-5.111363,14.10192,-45.68745,0.4443046,1.148175,-1.386867,14.48716,-5.543806E-05,1.466204,0.7528567,1.410301,-1.367081,-17.42382,6.644015,3.776987,0.8784824,1.430092,-1.406278,36.96496,9.292718,-32.23666,0.9909576,1.25473,-1.254002,106.537,-0.0001138947,-35.03484,0.4402841,0.8729665,-1.316244,4.14723,-8.585147,0.3102743,0.8507899,1.432749,-1.082522,-18.19866,9.844112,1.580287,0.4597933,0.8628116,-1.289435,45.43731,-12.40419,94.87666,0.490427,0.8378913,-1.29039,17.39365,34.73544,-10.12018,0.4978476,0.8095065,-1.284212,9.48334,-6.601108E-06,0,0.4537653,0.853531,-1.296398,0,-14.88065,1.249918,0.4688377,0.8085121,-1.268741,38.16338,22.53066,-10.80208,0.4892608,0.7688551,-1.278534,28.03938,1.748547E-05,0,0.5081785,0.7534919,-1.292516,18.71375,3.817127E-06,0,0.4478575,0.8488312,-1.303883,0,-9.018334E-06,0,0.4548786,0.7986649,-1.286615,34.44241,12.87245,-4.740534,0.474708,0.7575481,-1.297307,31.87566,-8.96839E-06,0,0.4963762,0.7421679,-1.313125,21.28108,-1.434691E-05,0,0.441566,0.8453864,-1.312088,3.069245,14.87364,-2.900633,0.4426403,0.7943529,-1.307487,30.19464,-0.02476113,-2.285419,0.4617041,0.7559412,-1.316366,31.55809,-7.990487E-06,0,0.4829379,0.74186,-1.328551,21.06847,-1.112389E-05,0,0.4358447,0.8446105,-1.319904,7.703139,29.67835,-7.043725,0.432125,0.7973179,-1.327561,20.49689,-10.57638,-2.789094,0.4433602,0.7642723,-1.333677,31.15698,0.000182599,0,0.4591715,0.7506486,-1.341455,20.79994,0.0001203494,0,0.8490159,1.467222,-1.079216,43.1874,-28.69455,89.85205,0.8230706,1.496594,-1.074265,21.62108,17.48254,-6.790267,0.80482,1.513387,-1.057418,13.72542,-7.767109E-06,0,0.8458951,1.459969,-1.068794,0,-14.88067,1.249918,0.8353195,1.499175,-1.031783,71.42322,16.92353,-14.00024,0.7902676,1.499471,-1.024306,56.27684,1.620551E-05,0,0.7714539,1.488329,-1.041951,37.68891,1.893866E-05,0,0.8440213,1.451504,-1.062644,0,-4.957336E-06,0,0.8312303,1.478783,-1.018414,83.67093,8.901446,-15.80951,0.7847551,1.475489,-1.023643,58.95065,1.384784E-05,0,0.7722789,1.46768,-1.05084,39.49737,1.567916E-06,0,0.8424459,1.442006,-1.057537,3.069309,14.87368,-2.900633,0.8261069,1.455921,-1.010995,93.68131,0.9259043,-7.445318,0.7858271,1.455739,-1.028177,44.1852,-1.82481E-05,0,0.7748508,1.452784,-1.054031,29.53892,-1.34868E-05,0,0.841648,1.432641,-1.055071,7.703165,29.67841,-7.04378,0.8228238,1.433303,-1.010864,92.39913,0.1037193,-19.95231,0.7909017,1.435411,-1.026101,40.14532,1.576524E-05,0,0.7816629,1.441094,-1.045555,26.82501,3.218694E-06,0
2200,0.6927794,0.9261984,-1.352388,0.8613922,0.4715232,1.620758,0.6863872,1.286316,-1.389519,-1.90156,1.362691,0.1266688,0.6807767,1.594538,-1.371662,8.025071,-1.92426,3.309378,0.6127294,0.9255738,-1.350113,-0.1384764,-0.5291473,0.5828267,0.6201574,0.4985521,-1.344856,9.454298,-0.02479621,0.14537,0.6257926,0.07546088,-1.409956,8.345556,-2.414207,-7.07992,0.7728294,0.9268231,-1.354663,-0.8838168,-0.498299,3.140867,0.7724444,0.4997046,-1.354724,7.236656,0.01719519,-0.02797646,0.7683227,0.07501915,-1.408587,7.087812,-1.490625,-5.804241,0.6139194,1.40691,-1.366418,-13.14927,-0.7532302,1.339837,0.4843522,1.403076,-1.396543,-5.190068,14.18921,-45.79223,0.4442484,1.148359,-1.386468,14.51385,-4.90663E-05,1.343775,0.7530903,1.410229,-1.36662,-17.50737,6.633201,3.758069,0.8786643,1.429912,-1.406036,36.96838,8.200374,-31.54905,0.9873493,1.251175,-1.254936,107.0855,-0.000121103,-38.14891,0.4401593,0.8731012,-1.316042,4.149354,-8.612951,0.3127867,0.8510261,1.433009,-1.084362,-19.45007,6.348136,1.089124,0.4596823,0.8629358,-1.289246,45.44336,-12.39923,94.90238,0.4903143,0.8380147,-1.290232,17.41451,34.74904,-10.13626,0.4977286,0.8096259,-1.284064,9.493015,-8.309855E-06,0,0.4536499,0.8536579,-1.29621,0,-14.88065,1.249918,0.4687342,0.8086284,-1.268576,38.20533,22.52319,-10.86531,0.489168,0.7689882,-1.278414,27.89451,-0.0001262653,0,0.5080683,0.753588,-1.29238,18.61685,-9.327924E-05,0,0.4477377,0.8489611,-1.303692,0,-1.052544E-05,0,0.4547648,0.7987884,-1.286446,34.44107,12.87384,-4.739996,0.4745843,0.7576733,-1.297163,31.86781,-1.9009E-05,0,0.496241,0.7422929,-1.312997,21.27582,-1.17511E-05,0,0.4414415,0.8455196,-1.311896,3.069245,14.87365,-2.900701,0.442515,0.7944845,-1.307313,30.20258,-0.0317593,-2.301292,0.4615788,0.7560779,-1.316214,31.5306,-6.346428E-06,0,0.4828049,0.7419919,-1.328407,21.05005,4.03196E-06,0,0.435716,0.8447467,-1.319708,7.703165,29.67836,-7.043725,0.431989,0.797457,-1.327381,20.47919,-10.57458,-2.828055,0.4432094,0.7644089,-1.33351,31.19933,0.0001280937,0,0.4590239,0.7507945,-1.341297,20.82828,8.028539E-05,0,0.8524936,1.467573,-1.081992,46.01886,-20.63717,93.34521,0.8253478,1.495716,-1.076382,23.34625,11.734,-5.016494,0.8044674,1.510242,-1.060509,15.23153,5.738855E-06,0,0.8484877,1.460944,-1.071458,0,-14.88067,1.249918,0.8409819,1.501997,-1.035721,62.28846,20.9708,-11.30282,0.7979053,1.508908,-1.022219,44.99899,2.57429E-07,0,0.7725719,1.502699,-1.032664,30.08612,5.0524E-06,0,0.8456911,1.45287,-1.065133,0,1.76566E-06,0,0.8346967,1.482468,-1.021922,71.29076,12.43457,-15.49265,0.7881135,1.486167,-1.018119,48.69189,2.291302E-05,0,0.7655498,1.482073,-1.038865,32.57146,1.315561E-05,0,0.8431135,1.443711,-1.059818,3.069309,14.87368,-2.900701,0.8272637,1.460413,-1.014029,81.12506,2.809788,-13.24748,0.7846789,1.465294,-1.022997,33.8307,1.102267E-05,0,0.7649561,1.466646,-1.043167,22.59046,2.027768E-06,0,0.8413747,1.434538,-1.057128,7.703165,29.67841,-7.043808,0.8218296,1.438222,-1.013385,81.80618,-3.894293,-20.67463,0.7886696,1.445813,-1.023306,26.8133,3.988197E-07,0,0.7734312,1.453002,-1.037874,17.89374,1.830599E-05,0
2233,0.6926146,0.9262118,-1.352315,0.8504184,0.4634382,1.635542,0.6863798,1.286337,-1.389213,-1.97457,1.310882,0.1370561,0.6810685,1.594544,-1.370994,7.991586,-1.944605,3.330019,0.612565,0.9255983,-1.35002,-0.1582588,-0.5458647,0.5845029,0.6200534,0.498575,-1.344976,9.407321,-0.02400585,0.1480375,0.625734,0.07546359,-1.409941,8.32499,-2.420731,-7.067857,0.7726641,0.9268253,-1.35461,-0.8849231,-0.4813253,3.160007,0.7723435,0.4997067,-1.354762,7.219473,0.01652387,-0.03426402,0.7682599,0.07501605,-1.408587,7.082884,-1.482318,-5.797247,0.6140246,1.406967,-1.365945,-13.14939,-0.7789223,1.341151,0.4844508,1.403227,-1.396054,-5.150884,14.15993,-45.63243,0.4442035,1.14852,-1.386316,14.54711,-6.568729E-05,1.538751,0.7531984,1.410161,-1.366168,-17.61238,6.653418,3.739631,0.878703,1.429834,-1.40581,36.81229,6.833428,-31.0937,0.9824678,1.246821,-1.256378,107.6003,-0.0001196165,-41.79891,0.4398938,0.8732333,-1.316017,4.188345,-8.64759,0.315899,0.8496479,1.431607,-1.086213,-21.31391,0.01645559,0,0.4594417,0.8630554,-1.289245,45.45257,-12.39163,94.9273,0.4900704,0.8381321,-1.290278,17.4276,34.79055,-10.15461,0.4974721,0.8097392,-1.284114,9.495211,-1.008408E-05,0,0.4534014,0.8537809,-1.296206,0,-14.88064,1.249762,0.4685071,0.8087392,-1.268604,38.22131,22.52442,-10.84666,0.488931,0.769105,-1.278486,27.83216,2.076804E-05,0,0.5078033,0.753687,-1.29247,18.57514,1.213655E-05,0,0.4474813,0.8490876,-1.303685,0,-4.468378E-06,0,0.454519,0.7989076,-1.286464,34.44626,12.87447,-4.751348,0.4743251,0.7577959,-1.297219,31.84737,-1.431683E-05,0,0.4959631,0.7424117,-1.313074,21.26217,-1.053812E-05,0,0.4411767,0.8456499,-1.311883,3.069245,14.87364,-2.900633,0.4422483,0.7946129,-1.30732,30.21481,-0.03476457,-2.312746,0.4613065,0.756212,-1.316257,31.49257,6.837334E-06,0,0.4825161,0.7421172,-1.328469,21.0246,7.021836E-06,0,0.4354435,0.8448806,-1.31969,7.703139,29.67835,-7.043697,0.4317031,0.7975943,-1.327376,20.49487,-10.57219,-2.827986,0.4429205,0.7645506,-1.333534,31.16187,0.000491038,0,0.4587206,0.7509302,-1.341341,20.8032,0.0003398636,0,0.8556634,1.465754,-1.085715,47.97695,-12.83506,96.52293,0.8287156,1.494069,-1.080017,24.54271,8.210317,-3.730876,0.8070775,1.508047,-1.064676,16.19673,6.534063E-06,0,0.8506632,1.460327,-1.074922,0,-14.88068,1.249918,0.8481767,1.503994,-1.041668,55.42101,23.30089,-7.107795,0.808413,1.51886,-1.02483,37.89124,1.297913E-05,0,0.7807275,1.518313,-1.029589,25.31245,3.841997E-06,-0.01978234,0.846729,1.453068,-1.068225,0,-1.362875E-05,0,0.8391566,1.486288,-1.026955,60.99162,14.01488,-11.75633,0.7952472,1.499226,-1.01682,43.96486,6.043297E-05,0,0.7681724,1.499694,-1.031753,29.3908,4.990179E-05,0,0.8428819,1.44465,-1.062471,3.069309,14.87367,-2.900701,0.8287467,1.465896,-1.018023,70.5645,2.788562,-15.41428,0.7869409,1.478669,-1.020641,29.90133,8.492771E-06,0,0.7641448,1.48482,-1.036138,19.95949,-1.738311E-06,0,0.8399011,1.435956,-1.059319,7.703191,29.67841,-7.043752,0.8204025,1.44469,-1.016278,73.44618,-8.163988,-20.0155,0.7886223,1.4591,-1.022442,16.38576,-9.370728E-06,0,0.7711953,1.469101,-1.032053,10.92797,-1.639525E-05,0
2267,0.6924183,0.9262186,-1.352182,0.842791,0.4620705,1.631109,0.686304,1.286349,-1.388889,-2.036439,1.268536,0.1341704,0.6812707,1.594537,-1.370309,8.021425,-1.999586,3.377538,0.6123686,0.9256067,-1.349893,-0.1701742,-0.5574436,0.5824909,0.6199306,0.498583,-1.344998,9.382572,-0.0232128,0.1467098,0.6256847,0.07546708,-1.409927,8.318666,-2.427505,-7.041691,0.772468,0.9268306,-1.354471,-0.8928481,-0.4697385,3.181062,0.7722223,0.499712,-1.354742,7.210337,0.01741002,-0.03426402,0.7682097,0.07502705,-1.408617,7.086788,-1.476349,-5.805592,0.6140379,1.407007,-1.365492,-13.16452,-0.8030141,1.319231,0.4844715,1.403341,-1.395642,-5.105763,14.185,-45.80636,0.4441218,1.148652,-1.385845,14.50119,-4.912595E-05,1.405417,0.753214,1.410098,-1.365711,-17.71277,6.672867,3.671625,0.8786567,1.429772,-1.405547,36.58318,5.174756,-30.92632,0.9761367,1.241717,-1.258157,108.0675,-0.0001065223,-46.23403,0.4397365,0.8733088,-1.315772,4.18184,-8.67523,0.3177519,0.8463154,1.428675,-1.088051,-23.71814,-7.838317,-1.648414,0.4592931,0.8631176,-1.289011,45.45884,-12.38278,94.94151,0.4899163,0.8381888,-1.290073,17.42628,34.83359,-10.1645,0.4973014,0.809792,-1.283907,9.489412,-2.001203E-06,0,0.4532484,0.8538467,-1.295973,0,-14.88065,1.250075,0.4683568,0.8087922,-1.268394,38.23794,22.5255,-10.88173,0.4887746,0.769163,-1.278309,27.77143,-3.941553E-05,0,0.5076349,0.7537292,-1.292292,18.53452,-2.086357E-05,0,0.4473245,0.8491573,-1.303451,-0.01978234,-8.882887E-06,0.02797646,0.45436,0.7989696,-1.286252,34.45512,12.87573,-4.759093,0.4741579,0.7578615,-1.297036,31.81785,1.697363E-05,0,0.4957837,0.7424696,-1.3129,21.24238,1.658288E-05,0,0.441016,0.8457237,-1.311649,3.069245,14.87364,-2.900701,0.4420803,0.7946849,-1.307105,30.21015,-0.03525527,-2.32035,0.4611258,0.7562822,-1.316062,31.50071,1.401967E-05,0,0.48233,0.7421896,-1.328285,21.03003,8.68138E-06,0,0.4352796,0.8449584,-1.319454,7.703165,29.67836,-7.04378,0.4315277,0.7976756,-1.327156,20.48858,-10.56589,-2.802328,0.4427318,0.7646308,-1.333332,31.17801,0.0001823791,0,0.4585254,0.7510136,-1.341158,20.81402,0.000118226,0,0.8578125,1.461361,-1.08944,49.40775,-5.51198,99.25838,0.8323042,1.490966,-1.083675,24.99289,6.421278,-2.984259,0.8112302,1.505869,-1.068419,16.56477,-6.404427E-06,0,0.851877,1.45749,-1.078452,0,-14.88068,1.249762,0.8561817,1.502943,-1.047885,54.70961,23.81146,-4.14874,0.8194301,1.525031,-1.032166,35.36472,-0.0001486406,0,0.7918269,1.528953,-1.035646,23.6184,-0.0001121301,0,0.8467393,1.451391,-1.071422,0,-1.198163E-05,0,0.8442358,1.487872,-1.032346,55.58219,14.79604,-8.449152,0.8045417,1.509603,-1.020086,43.39731,-8.965365E-05,0,0.776786,1.514549,-1.032791,29.00932,-6.565893E-05,0,0.8415086,1.444077,-1.065263,3.069245,14.87367,-2.900701,0.8305435,1.470025,-1.022447,63.97454,2.162426,-16.31872,0.7922806,1.491323,-1.022169,31.02428,-1.091902E-05,0,0.7704687,1.502087,-1.036522,20.71109,-1.71484E-05,0,0.8371159,1.436191,-1.061668,7.703191,29.67841,-7.04378,0.8188348,1.4506,-1.019629,69.14661,-10.54759,-20.31716,0.7904912,1.471217,-1.024847,13.40606,-1.676801E-05,0,0.7745495,1.484485,-1.032966,8.939647,-4.874479E-06,0
2300,0.6922041,0.9262129,-1.351928,0.8348597,0.4714297,1.615073,0.6862729,1.286349,-1.388514,-2.072071,1.190322,0.1384764,0.6816797,1.594525,-1.369668,8.099437,-2.021115,3.423483,0.6121538,0.9255872,-1.349662,-0.1780411,-0.5578923,0.5831623,0.6197875,0.4985634,-1.34489,9.378925,-0.02232201,0.1480375,0.6256264,0.07546327,-1.409914,8.330696,-2.433258,-7.001911,0.7722543,0.9268386,-1.354195,-0.9115012,-0.4685926,3.201735,0.7720848,0.4997202,-1.354664,7.194048,0.0164147,-0.03426402,0.7681463,0.0750443,-1.408616,7.092875,-1.472586,-5.824367,0.6141742,1.407091,-1.365033,-13.19171,-0.8669971,1.278247,0.4846185,1.403475,-1.395234,-5.02543,14.1365,-45.61399,0.4442167,1.148785,-1.385676,14.53493,-4.782098E-05,1.606081,0.7533543,1.409993,-1.365268,-17.76711,6.640413,3.508164,0.8787899,1.42945,-1.405233,36.24279,3.371156,-30.98326,0.9687576,1.235659,-1.260521,108.5812,-0.000102467,-52.00927,0.4396432,0.873451,-1.315579,4.216866,-8.66865,0.3189811,0.8417808,1.424421,-1.090259,-26.04621,-15.64895,-3.640939,0.4591934,0.8632464,-1.288818,45.46322,-12.37446,94.96156,0.4898107,0.8383107,-1.28989,17.42061,34.87405,-10.17121,0.4971771,0.8099113,-1.283714,9.48162,-6.165029E-06,0,0.4531479,0.8539792,-1.295784,0,-14.88062,1.249918,0.4682428,0.8089119,-1.268218,38.25792,22.52538,-10.86769,0.4886608,0.7692883,-1.278156,27.70331,-0.0001025417,0,0.5075081,0.7538345,-1.292134,18.48895,-7.232393E-05,0,0.4472243,0.8492935,-1.303265,0,6.374901E-08,0,0.4542468,0.7990984,-1.286082,34.45998,12.87582,-4.756664,0.4740402,0.7579918,-1.29688,31.79873,2.949992E-05,0,0.4956621,0.7425942,-1.312744,21.22958,2.951668E-05,0,0.4409165,0.8458642,-1.311465,3.069245,14.87364,-2.900701,0.4419696,0.7948235,-1.306938,30.19563,-0.04042531,-2.316973,0.461003,0.7564151,-1.315896,31.54429,1.115525E-05,0.01978234,0.4822128,0.7423351,-1.328125,21.05922,1.251822E-05,0,0.4351811,0.8451028,-1.319271,7.703139,29.67834,-7.043752,0.4314208,0.7978234,-1.32699,20.4896,-10.56631,-2.820917,0.4426198,0.7647787,-1.333176,31.17693,0.0002558993,-0.01978234,0.4584135,0.7511609,-1.341,20.81328,0.0001762271,0,0.859043,1.454413,-1.092489,50.55841,0.7306249,101.2489,0.8360475,1.486001,-1.086676,25.31514,5.850401,-2.760382,0.8162415,1.502477,-1.071341,16.79774,-9.41206E-06,0,0.8522424,1.452136,-1.081556,0,-14.88068,1.249918,0.863982,1.497305,-1.052559,56.62204,23.64363,-2.87848,0.8306357,1.525787,-1.039814,34.42111,-6.225567E-05,0,0.8040786,1.533831,-1.044224,22.98604,-5.09396E-05,0,0.845917,1.447362,-1.074471,0,-6.588002E-06,0,0.8491328,1.485295,-1.036856,54.25489,15.32449,-7.359835,0.8140996,1.514335,-1.025563,44.9652,-5.621988E-05,0,0.7878351,1.523283,-1.039215,30.06339,-4.404541E-05,0,0.839301,1.441374,-1.068213,3.069309,14.87368,-2.900768,0.8321986,1.470636,-1.02674,61.33951,2.33211,-17.2915,0.7988163,1.498979,-1.026521,34.56784,-4.720534E-06,0,0.7801919,1.513098,-1.042376,23.08436,-6.867428E-06,0,0.8334665,1.434566,-1.064469,7.703165,29.67841,-7.043752,0.8170981,1.453774,-1.023577,69.19595,-10.93494,-21.59087,0.7932732,1.479079,-1.03048,14.87355,-2.940773E-05,0,0.7806723,1.494745,-1.040067,9.918793,-2.416803E-05,0
2333,0.6920686,0.9261998,-1.351612,0.8259051,0.4688161,1.598142,0.6864187,1.286348,-1.388209,-2.056523,1.091134,0.1845175,0.6823494,1.594521,-1.369314,8.241144,-2.005087,3.42171,0.6120176,0.925577,-1.349369,-0.1876719,-0.5661759,0.5858405,0.619692,0.4985525,-1.344736,9.381001,-0.02098506,0.1493534,0.625585,0.07547659,-1.409912,8.351507,-2.437573,-6.961086,0.7721195,0.9268225,-1.353855,-0.9333511,-0.4595346,3.223672,0.7719955,0.4997045,-1.354557,7.173429,0.01366103,-0.03956468,0.7680895,0.07503787,-1.408584,7.099317,-1.47456,-5.842075,0.6145456,1.407219,-1.364701,-13.24423,-0.9394571,1.226688,0.4849915,1.403651,-1.394914,-5.008912,14.12761,-45.65637,0.4445542,1.148967,-1.385353,14.51293,-5.241858E-05,1.541293,0.7537302,1.409884,-1.365055,-17.70883,6.453044,3.197452,0.8792614,1.428681,-1.405036,35.79019,1.589547,-31.32038,0.9607124,1.228775,-1.263635,109.1681,-0.0001172602,-57.82283,0.4399187,0.873606,-1.315365,4.209521,-8.669044,0.3183671,0.8362483,1.419052,-1.093204,-27.89328,-21.81818,-5.480512,0.4594522,0.8633894,-1.288597,45.46919,-12.36916,94.97162,0.4900659,0.8384491,-1.289665,17.42001,34.89983,-10.17724,0.4974162,0.8100466,-1.283484,9.478261,-2.429023E-05,0,0.4534089,0.8541256,-1.295569,0,-14.88066,1.250075,0.4684801,0.809047,-1.268009,38.27968,22.52116,-10.85835,0.4889061,0.7694304,-1.277957,27.62502,-4.05252E-05,0,0.5077468,0.7539536,-1.291919,18.43658,-3.018892E-05,0,0.4474885,0.8494433,-1.303055,0,-1.677506E-05,0,0.4544922,0.7992416,-1.285883,34.46598,12.87406,-4.749946,0.4742878,0.758137,-1.296685,31.77362,-1.104633E-05,0,0.4959113,0.7427313,-1.312539,21.21276,-1.614324E-05,0,0.4411846,0.8460177,-1.311259,3.069245,14.87365,-2.900701,0.4422257,0.7949754,-1.306748,30.22785,-0.04773182,-2.308595,0.4612775,0.7565784,-1.315715,31.43429,2.217901E-05,0,0.4824767,0.7424653,-1.327924,20.98558,8.062491E-06,0,0.4354535,0.8452597,-1.319069,7.703216,29.67837,-7.043752,0.4316887,0.7979835,-1.326805,20.49335,-10.5677,-2.859444,0.4428873,0.7649394,-1.332995,31.16829,0.0003206933,0,0.4586852,0.7513194,-1.340806,20.8075,0.0002264295,0,0.8583213,1.445737,-1.09499,51.41069,5.074239,102.4969,0.8383312,1.479281,-1.089031,25.82788,5.63174,-2.719374,0.8198558,1.497157,-1.073601,17.14541,-6.579203E-06,0,0.8508534,1.444758,-1.084302,0,-14.88068,1.249918,0.8688973,1.487719,-1.055189,58.82142,23.00679,-1.854985,0.839471,1.521218,-1.045313,33.19967,-2.337523E-05,0,0.8145943,1.533049,-1.050846,22.16776,-4.149279E-05,0,0.8435754,1.441188,-1.077425,0,-4.796158E-06,0,0.8517117,1.478537,-1.039969,56.01494,14.96126,-6.44841,0.8210542,1.512977,-1.031475,43.80278,-5.087228E-05,0,0.7969017,1.525488,-1.046186,29.28183,-5.339258E-05,0,0.8358387,1.43646,-1.071378,3.069181,14.87368,-2.900768,0.8322292,1.467018,-1.030391,62.66027,2.292731,-18.41167,0.8038044,1.500261,-1.03255,33.92342,2.668301E-05,0,0.7885787,1.517017,-1.049433,22.65258,2.157631E-05,0,0.8288251,1.430761,-1.067808,7.703191,29.67842,-7.043725,0.8144347,1.452934,-1.027679,71.14388,-10.59257,-21.91644,0.7953113,1.48135,-1.036758,14.62142,-1.139711E-07,0,0.7858695,1.498453,-1.047456,9.750562,1.865052E-06,0
2367,0.692634,0.9261875,-1.350607,0.8197219,0.4712351,1.607299,0.6874313,1.286348,-1.387316,-2.006328,0.9146558,0.3238513,0.6842244,1.594535,-1.368557,8.38888,-1.890809,3.358763,0.6125835,0.9255613,-1.348351,-0.2947506,-0.5270721,0.5951191,0.619962,0.4985233,-1.344548,9.295826,-0.01812912,0.1398823,0.6255527,0.0754731,-1.409917,8.379839,-2.404852,-6.949297,0.7726845,0.9268137,-1.352863,-1.052948,-0.5033908,3.236643,0.7722255,0.4996984,-1.354491,7.059109,0.01132891,-0.02797646,0.7680193,0.07504413,-1.408593,7.110389,-1.520327,-5.839088,0.6159797,1.407455,-1.363738,-13.34568,-1.062346,1.170694,0.4864019,1.403971,-1.393859,-5.26239,14.32106,-46.14774,0.4456159,1.149342,-1.384325,14.59874,-5.79919E-05,0.9402443,0.7551704,1.409703,-1.364446,-17.49336,6.086453,2.754632,0.8809108,1.42723,-1.404346,35.41797,-0.1557664,-31.91846,0.9527658,1.221375,-1.26632,109.5942,-0.0001185772,-63.40198,0.4414126,0.8739579,-1.314401,4.12184,-8.602772,0.3090104,0.8307465,1.41282,-1.095431,-29.57192,-26.97688,-7.245407,0.4609191,0.8637306,-1.287617,45.46898,-12.36397,94.96851,0.4915284,0.838784,-1.288665,17.40106,34.90007,-10.16574,0.4988721,0.8103802,-1.282483,9.468031,-8.445298E-06,0,0.454881,0.8544697,-1.294598,0,-14.88065,1.250075,0.469919,0.8093808,-1.267036,38.29432,22.52257,-10.83391,0.4903525,0.7697683,-1.276986,27.57388,-4.268E-05,0,0.5091923,0.7542759,-1.290931,18.4024,-3.742902E-05,0,0.448967,0.8497905,-1.30209,0,-1.013528E-05,0,0.4559466,0.7995828,-1.284927,34.46922,12.87525,-4.75073,0.4757471,0.7584794,-1.295723,31.75304,5.868448E-06,0,0.4973797,0.7430667,-1.311558,21.19898,-6.965297E-07,0,0.4426703,0.8463682,-1.310301,3.069309,14.87364,-2.900633,0.4436993,0.7953245,-1.305804,30.24037,-0.04775481,-2.284734,0.4627605,0.7569317,-1.31477,31.38473,3.116431E-05,0,0.4839585,0.7428026,-1.326962,20.95241,9.560414E-06,0,0.4369465,0.8456134,-1.318117,7.703165,29.67835,-7.043725,0.4331818,0.7983399,-1.32587,20.50313,-10.5657,-2.83407,0.4443855,0.7652981,-1.332063,31.14682,1.527928E-05,0,0.4601839,0.7516744,-1.339867,20.79313,5.901783E-06,0,0.856737,1.435767,-1.096068,52.14037,7.992917,103.2568,0.8402057,1.471085,-1.089767,25.69171,5.470969,-2.626145,0.8232831,1.490508,-1.074427,17.05991,1.502873E-05,0,0.8488079,1.435883,-1.085672,0,-14.88066,1.250075,0.8721699,1.475312,-1.055368,60.6614,22.33654,-0.6293179,0.8473099,1.512794,-1.047446,33.44428,-3.0964E-05,0,0.824413,1.527604,-1.054215,22.33162,-1.24198E-05,0,0.8408095,1.433437,-1.07911,0,-1.373924E-06,0,0.8532053,1.468801,-1.040903,58.2086,14.29441,-5.286909,0.8274348,1.507494,-1.034829,42.67724,2.384436E-05,0,0.8057886,1.52308,-1.050475,28.52542,2.610451E-05,0,0.8322104,1.429924,-1.07341,3.069309,14.87367,-2.900768,0.8318251,1.460377,-1.032189,64.88054,2.346497,-19.3929,0.8085622,1.497224,-1.036535,32.72522,7.008167E-06,0,0.7968433,1.515994,-1.054085,21.84999,4.737465E-06,0,0.8242686,1.425357,-1.070171,7.703191,29.67841,-7.04378,0.8119744,1.449207,-1.030308,72.8967,-9.91117,-22.65195,0.7975498,1.479854,-1.040718,15.70966,9.310311E-06,0,0.7914663,1.497812,-1.052405,10.47674,1.201851E-05,0
2400,0.6941279,0.9261667,-1.348576,0.8197219,0.4735338,1.657766,0.6894172,1.286336,-1.385475,-1.934417,0.7105933,0.5271187,0.6871808,1.594544,-1.366991,8.51523,-1.722347,3.269262,0.6140794,0.9255384,-1.34625,-0.5192646,-0.4325308,0.6170725,0.6207202,0.4984767,-1.344102,9.135145,-0.01384258,0.1235407,0.6255372,0.07548711,-1.409924,8.443991,-2.320659,-6.976258,0.7741764,0.9267951,-1.350902,-1.294222,-0.6070514,3.235977,0.772903,0.4996918,-1.354305,6.847306,0.007941957,-0.02797646,0.7679477,0.07507044,-1.408601,7.145342,-1.61966,-5.800998,0.6184693,1.407719,-1.361794,-13.47004,-1.173609,1.116625,0.4888427,1.404394,-1.391723,-5.505557,14.47566,-46.7595,0.447767,1.149817,-1.382019,14.63015,-4.850466E-05,0.2601963,0.7576634,1.409487,-1.363017,-17.17956,5.568207,2.272278,0.883669,1.425315,-1.40279,35.01304,-1.619913,-32.74467,0.9461796,1.214175,-1.268243,109.6769,-0.0001122195,-68.45615,0.4440729,0.8743777,-1.312285,4.025307,-8.56151,0.3019647,0.8261415,1.405469,-1.095788,-31.2188,-31.00612,-8.862597,0.463589,0.8641402,-1.285512,45.46668,-12.35414,94.97499,0.4941923,0.8391873,-1.286585,17.37443,34.89893,-10.14928,0.5015414,0.8107836,-1.280408,9.4538,-6.029362E-06,0,0.4575474,0.8548819,-1.292494,0,-14.88062,1.250075,0.4725926,0.8097829,-1.264953,38.37062,22.51264,-10.81501,0.4930506,0.7701982,-1.274962,27.31047,-0.000121485,0,0.5118455,0.7546297,-1.288884,18.22624,-9.182427E-05,0,0.4516302,0.8502057,-1.299986,0,-1.795244E-06,0,0.4586124,0.7999918,-1.282841,34.47587,12.87571,-4.739046,0.4784082,0.7588927,-1.293663,31.72389,4.320795E-07,0,0.5000266,0.7434725,-1.30951,21.17947,3.811053E-06,0,0.4453301,0.8467866,-1.308195,3.069181,14.87364,-2.900701,0.4463567,0.7957414,-1.303715,30.22265,-0.0460959,-2.274947,0.4654009,0.7573434,-1.312695,31.42433,1.629831E-05,0,0.4865957,0.7432258,-1.324906,20.97892,1.688582E-05,0,0.4396031,0.8460348,-1.316009,7.703165,29.67834,-7.043725,0.4358315,0.7987642,-1.323776,20.53155,-10.55903,-2.807422,0.4470424,0.7657298,-1.329995,31.07747,0.0002699332,0,0.4628245,0.7520947,-1.337812,20.7467,0.0001872922,0,0.8549757,1.424709,-1.094852,52.81839,9.854284,103.5956,0.8418453,1.461273,-1.087708,25.58689,5.352305,-2.55742,0.8264413,1.481799,-1.072206,16.99384,-1.234255E-05,0,0.8467665,1.425602,-1.084715,0,-14.88067,1.249762,0.8740964,1.460654,-1.052416,62.09867,21.8158,0.1791368,0.8537529,1.500884,-1.045111,33.93248,-4.073581E-05,0,0.8329316,1.518185,-1.052634,22.65866,-2.879361E-05,0,0.8382831,1.424074,-1.078493,0,2.063691E-06,0,0.8539254,1.456357,-1.038779,60.22447,13.89494,-4.322776,0.8328304,1.497932,-1.033808,41.14687,-6.524679E-05,0,0.8136951,1.516373,-1.049621,27.49746,-4.893265E-05,0,0.8290926,1.421594,-1.073186,3.069181,14.87368,-2.900701,0.831312,1.450653,-1.031027,67.00809,2.743216,-20.1422,0.8127428,1.489952,-1.036367,31.29218,-5.315576E-06,0,0.804084,1.510379,-1.053842,20.89043,-4.391431E-06,0,0.8205002,1.418051,-1.070351,7.703139,29.67842,-7.043752,0.8100903,1.442214,-1.030141,74.54256,-9.174356,-23.08042,0.7999434,1.474394,-1.040964,16.10254,-3.194554E-05,0,0.7967162,1.492933,-1.05288,10.73893,-1.987443E-05,0
2433,0.694682,0.9261411,-1.347518,0.8232948,0.4738008,1.744955,0.6904378,1.286316,-1.384666,-1.845678,0.5096813,0.7517344,0.6891513,1.594546,-1.366533,8.655601,-1.546174,3.184752,0.6146371,0.9255143,-1.34507,-0.6599753,-0.4046161,0.645587,0.6210338,0.4984451,-1.343943,9.021012,-0.01049172,0.1170339,0.6255314,0.07547781,-1.409931,8.467053,-2.305203,-7.025348,0.7747269,0.9267679,-1.349966,-1.43395,-0.6418468,3.228648,0.7731497,0.4996748,-1.354366,6.702386,0.00447256,-0.02797646,0.7678876,0.07504618,-1.408577,7.139327,-1.658289,-5.742487,0.6199957,1.407975,-1.360892,-13.59264,-1.226305,1.059802,0.4903055,1.404928,-1.390574,-5.742249,14.59683,-47.48582,0.4489135,1.150412,-1.380623,14.65093,-6.172772E-05,-0.4519747,0.7591889,1.409272,-1.362679,-16.80481,4.96821,1.818008,0.885484,1.423202,-1.402243,34.61481,-2.955653,-33.57733,0.9386986,1.207454,-1.27105,109.2638,-0.0001308343,-72.79277,0.4458047,0.8749006,-1.311147,3.934127,-8.538042,0.2940859,0.8206739,1.397205,-1.095528,-31.97639,-34.18571,-10.07029,0.4653806,0.8646526,-1.284422,45.46741,-12.32739,94.94573,0.4959736,0.8396913,-1.285587,17.23364,34.95538,-10.07753,0.5033473,0.8112977,-1.279393,9.371336,-1.002511E-06,0,0.4593233,0.8553971,-1.291393,0,-14.88062,1.250075,0.4744297,0.8102874,-1.263903,38.40522,22.5119,-10.77148,0.4948769,0.7707175,-1.273993,27.18725,-2.723735E-05,0,0.5136159,0.7551151,-1.287952,18.1438,-1.579521E-05,0,0.4533893,0.8507238,-1.298873,0,1.705302E-06,0,0.4604094,0.8005033,-1.281764,34.47987,12.87875,-4.692062,0.4801807,0.7594092,-1.292649,31.70908,3.184728E-05,0,0.501752,0.7439882,-1.30856,21.16957,1.978483E-05,0,0.4470707,0.8473079,-1.30707,3.069309,14.87364,-2.900768,0.4481069,0.7962609,-1.302612,30.21676,-0.04933226,-2.238346,0.467129,0.7578643,-1.311644,31.42833,1.608589E-05,0,0.4882916,0.7437499,-1.323915,20.9816,1.37261E-05,0,0.4413263,0.8465591,-1.314871,7.703139,29.67834,-7.04378,0.437537,0.7992915,-1.322648,20.56503,-10.55004,-2.790778,0.4487479,0.7662668,-1.328919,30.98985,0.0007777626,0,0.4644977,0.7526178,-1.336776,20.68803,0.0005571455,0,0.8514001,1.413083,-1.093027,53.49358,10.83136,103.628,0.8413459,1.450451,-1.085096,26.12082,5.537549,-2.709061,0.8272184,1.471607,-1.069228,17.3431,-1.948578E-05,0,0.8429955,1.414558,-1.08312,0,-14.88066,1.249918,0.8728886,1.445308,-1.048774,63.63778,21.2643,0.3690354,0.8563987,1.487322,-1.041804,34.15176,-7.970304E-06,0,0.8376105,1.506569,-1.049926,22.80557,-1.294289E-05,0,0.8341867,1.413784,-1.07722,0,3.673829E-07,0,0.8519108,1.442845,-1.035922,61.91673,13.6433,-3.689182,0.8349011,1.486301,-1.031407,39.77037,1.850014E-05,0,0.8181952,1.507039,-1.047127,26.57333,8.185054E-06,0,0.8246022,1.412173,-1.072288,3.069245,14.87368,-2.900768,0.8285542,1.439444,-1.029074,68.80891,2.979568,-20.20833,0.8141786,1.480402,-1.034859,29.91656,8.898667E-06,0,0.8081167,1.502029,-1.051981,19.96968,7.174472E-06,0,0.81558,1.409518,-1.069845,7.703139,29.67841,-7.043752,0.8065152,1.433391,-1.02914,76.08902,-8.582133,-22.70238,0.8000925,1.466491,-1.040038,15.91929,-2.543131E-05,0,0.7991546,1.485348,-1.051854,10.61665,-1.51966E-05,0
2467,0.6953425,0.9261442,-1.346555,0.8211529,0.4685177,1.853825,0.6914892,1.286328,-1.383948,-1.749212,0.3399602,0.9497693,0.6910095,1.594574,-1.366184,8.820269,-1.399558,3.111246,0.6153024,0.9255269,-1.343955,-0.8050289,-0.3771897,0.6752167,0.6214107,0.4984519,-1.343924,8.871813,-0.007622472,0.1119058,0.6255329,0.07547796,-1.409894,8.463063,-2.286531,-7.093926,0.7753827,0.9267615,-1.349154,-1.549524,-0.6770416,3.222153,0.773456,0.4996795,-1.354413,6.588534,0.002396984,0,0.7678153,0.0750564,-1.408628,7.147127,-1.703987,-5.663893,0.6214787,1.408228,-1.360134,-13.70765,-1.251146,1.000929,0.4917362,1.405451,-1.389613,-6.027826,14.78063,-48.21592,0.4498836,1.151018,-1.37947,14.70775,-5.123676E-05,-1.012204,0.7606679,1.409124,-1.362416,-16.38964,4.385581,1.429166,0.887264,1.421253,-1.401609,34.08804,-3.914767,-34.26765,0.9325711,1.201719,-1.273771,108.7305,-0.0001100092,-76.78864,0.4472934,0.8754541,-1.310179,3.898124,-8.534374,0.2907402,0.8161608,1.389193,-1.094758,-31.79395,-36.52299,-10.73735,0.4670035,0.8651962,-1.283557,45.47428,-12.2955,94.8858,0.4975847,0.8402297,-1.284906,17.03899,35.04163,-9.980145,0.5050051,0.8118502,-1.278703,9.256589,-5.739841E-06,0,0.460912,0.8559433,-1.290502,0,-14.88063,1.249918,0.4761586,0.8108231,-1.263106,38.45657,22.50562,-10.76997,0.4965783,0.7712764,-1.273342,27.00699,-6.076523E-05,0,0.5152236,0.7556272,-1.287374,18.0233,-5.040072E-05,0,0.4549409,0.8512727,-1.297954,0,-2.838054E-06,0,0.4620497,0.8010455,-1.280901,34.47548,12.88438,-4.62745,0.4817636,0.759955,-1.291903,31.71601,2.280674E-05,0,0.5032431,0.7445408,-1.307944,21.1742,8.442033E-06,0,0.4485816,0.8478598,-1.306121,3.069309,14.87364,-2.900701,0.4496433,0.796811,-1.301689,30.2394,-0.04740822,-2.181488,0.4686335,0.7584275,-1.310843,31.3395,1.860919E-05,0,0.4897141,0.7442903,-1.323228,20.92213,8.66856E-06,0,0.4427982,0.8471139,-1.313893,7.703139,29.67834,-7.04378,0.4389729,0.7998493,-1.321671,20.59813,-10.54103,-2.751646,0.4501683,0.7668352,-1.328025,30.90246,0.0004717509,0,0.465863,0.7531738,-1.335971,20.62955,0.0003207018,0,0.8480597,1.402167,-1.090681,54.0698,11.45857,103.4504,0.8405196,1.439972,-1.082065,26.63547,5.799725,-2.901375,0.8273053,1.461521,-1.065942,17.67653,-2.019556E-05,0,0.8394552,1.404099,-1.081028,0,-14.88066,1.249918,0.870656,1.431019,-1.044688,66.16402,20.52531,-0.1887116,0.8569357,1.474171,-1.03874,33.10307,-3.111209E-05,0,0.8401588,1.494949,-1.047471,22.10305,-2.497408E-05,0,0.8303984,1.403947,-1.075464,0,1.145158E-05,0,0.8490775,1.430075,-1.032655,63.16012,13.57118,-3.101541,0.8354549,1.474718,-1.028234,38.59624,-8.417266E-05,0,0.8209872,1.497222,-1.043743,25.7854,-6.293487E-05,0,0.8205315,1.403059,-1.070921,3.069309,14.8737,-2.900701,0.8252721,1.428586,-1.026732,70.119,3.207146,-19.75292,0.8144762,1.470618,-1.032609,28.46039,-1.264021E-05,0,0.8105677,1.493169,-1.049156,18.9954,-8.562973E-06,0,0.8112245,1.401155,-1.068879,7.703191,29.67844,-7.043808,0.8028008,1.424542,-1.027756,77.53117,-8.212774,-21.79402,0.7996363,1.458112,-1.038648,14.36014,-4.443662E-05,0,0.8003953,1.477296,-1.04994,9.576206,-2.984641E-05,0
2500,0.6959966,0.9261724,-1.345719,0.8060005,0.4568708,1.954847,0.6924972,1.286371,-1.383251,-1.675029,0.1956332,1.071371,0.6927109,1.59463,-1.365783,8.932788,-1.289774,3.064522,0.615961,0.9255727,-1.342978,-0.9501812,-0.3549905,0.6977351,0.6217694,0.4984951,-1.344139,8.683039,-0.005203771,0.1101434,0.6255192,0.07548404,-1.409893,8.43126,-2.263042,-7.160865,0.7760322,0.9267722,-1.348459,-1.649956,-0.7077814,3.2227,0.7737439,0.4997032,-1.354562,6.456979,0.0001283093,0,0.7677269,0.07506737,-1.408637,7.134489,-1.755616,-5.587319,0.6228386,1.408474,-1.359443,-13.8079,-1.24567,0.9596078,0.4930759,1.405996,-1.38886,-6.216278,14.8889,-48.71068,0.45074,1.151648,-1.378616,14.79287,-5.131978E-05,-1.150291,0.7620241,1.409025,-1.362032,-16.00309,3.915975,1.104821,0.888908,1.419682,-1.40072,33.47569,-4.583301,-34.70695,0.9277777,1.196987,-1.276274,108.2191,-0.0001208122,-78.47115,0.4484203,0.8760906,-1.309289,3.9577,-8.544788,0.2954137,0.8128571,1.381911,-1.093682,-32.61013,-37.62036,-11.38019,0.4683281,0.865824,-1.282818,45.48122,-12.26472,94.85322,0.4988935,0.8408533,-1.284422,16.86951,35.13646,-9.89978,0.5063686,0.8124874,-1.278223,9.154527,-4.827498E-06,0,0.462186,0.8565733,-1.289721,0,-14.88063,1.249918,0.477639,0.8114437,-1.262457,38.49272,22.5026,-10.72714,0.4979992,0.7719149,-1.272879,26.88537,9.34719E-06,0,0.5165181,0.7562352,-1.287043,17.94192,2.00303E-06,0,0.4561602,0.8519051,-1.297131,0,-3.239006E-06,0,0.4633994,0.8016719,-1.28015,34.48328,12.88948,-4.561109,0.4830354,0.7605897,-1.291322,31.68389,8.950676E-06,0,0.5043781,0.7451697,-1.307538,21.15269,7.288425E-06,0,0.4497408,0.8484948,-1.305251,3.069309,14.87364,-2.900633,0.4508396,0.7974445,-1.300847,30.26211,-0.03818149,-2.100868,0.4697728,0.7590738,-1.310172,31.24512,-2.317032E-05,0,0.4907348,0.744911,-1.322728,20.85892,-3.058814E-05,0,0.4439001,0.8477515,-1.312981,7.703165,29.67834,-7.043752,0.4400212,0.8004896,-1.320748,20.63633,-10.53407,-2.726132,0.4511889,0.7674875,-1.327212,30.79802,-0.002933706,0,0.4668084,0.75381,-1.335278,20.55966,-0.002072583,0,0.8453168,1.39306,-1.08873,54.68333,11.71314,103.1865,0.8392636,1.430872,-1.079033,27.15342,6.309761,-3.226283,0.8267037,1.452234,-1.062156,18.00224,-1.595939E-05,0,0.836691,1.39506,-1.079109,0,-14.88066,1.249762,0.8687239,1.418923,-1.041383,69.08798,19.69081,-1.126222,0.8562503,1.462527,-1.036019,31.05995,-2.596114E-05,0,0.8407727,1.48436,-1.044575,20.73499,-1.86857E-05,0,0.8275633,1.39516,-1.073661,0,3.627722E-06,0,0.8469631,1.418627,-1.029649,64.3886,13.42919,-2.53165,0.8352625,1.463744,-1.024577,37.41599,-2.165755E-06,0,0.8219486,1.487467,-1.039282,24.99369,-1.044872E-05,0,0.8176029,1.394607,-1.069272,3.069245,14.87369,-2.900633,0.8230342,1.418138,-1.024066,71.22784,3.334333,-19.09167,0.8142432,1.460727,-1.029229,27.07351,1.685303E-05,0,0.8113026,1.484087,-1.044826,18.06775,1.105333E-05,0,0.808184,1.393107,-1.067415,7.703165,29.67842,-7.04378,0.8004022,1.415297,-1.025509,78.81651,-7.858495,-20.84161,0.7989847,1.449147,-1.035891,12.98337,-7.01323E-06,0,0.80049,1.46868,-1.046488,8.657665,-4.821849E-06,0
2533,0.6965227,0.9262176,-1.345105,0.7745547,0.4411873,2.02052,0.6933608,1.286441,-1.382615,-1.640082,0.07267877,1.111003,0.6941743,1.594709,-1.36532,8.94907,-1.215976,3.024139,0.6164901,0.9256396,-1.342273,-1.066245,-0.3403956,0.7157319,0.622034,0.4985629,-1.344534,8.481745,-0.003097508,0.1008706,0.6254885,0.07548743,-1.409888,8.376019,-2.235806,-7.196011,0.7765552,0.9267957,-1.347937,-1.726578,-0.7295659,3.235735,0.7739536,0.4997406,-1.354833,6.309474,-0.001471539,0,0.7676465,0.07507017,-1.408603,7.098101,-1.80339,-5.532118,0.6239798,1.408706,-1.358829,-13.8885,-1.215971,0.9439828,0.4942297,1.406561,-1.388327,-6.360942,14.95849,-49.13907,0.4514129,1.152292,-1.378092,14.98613,-5.22788E-05,-1.247724,0.7631641,1.40896,-1.361522,-15.69291,3.600347,0.8434873,0.8902978,1.418573,-1.39966,32.89355,-4.998301,-34.96721,0.9244348,1.193395,-1.278333,107.8563,-0.0001376129,-79.68183,0.4495653,0.8768378,-1.308344,4.006239,-8.461714,0.2960753,0.8105561,1.375974,-1.092753,-31.67015,-37.87726,-11.11735,0.4696276,0.8665674,-1.281991,45.47596,-12.24446,94.85404,0.5001766,0.8415896,-1.283787,16.75884,35.15489,-9.836693,0.5077074,0.813235,-1.277602,9.092953,-5.427607E-06,0,0.4634458,0.8573176,-1.28886,0,-14.88065,1.249918,0.4790598,0.8121838,-1.261695,38.51484,22.50012,-10.72969,0.4993693,0.7726654,-1.272254,26.82344,-6.873131E-05,0,0.5177983,0.7569723,-1.28652,17.90054,-5.286813E-05,0,0.4573771,0.8526505,-1.296235,0,-9.741905E-06,0,0.4647176,0.8024145,-1.279306,34.49357,12.89367,-4.51692,0.4842922,0.7613385,-1.290607,31.63905,1.031165E-05,0,0.5055245,0.7459045,-1.306955,21.12266,8.052904E-06,0,0.4509106,0.8492413,-1.304319,3.069245,14.87364,-2.900768,0.4520374,0.7981902,-1.29993,30.26916,-0.03499824,-2.068006,0.4709199,0.7598245,-1.309377,31.1785,-1.17486E-06,0,0.4917921,0.7456389,-1.322057,20.81434,-1.589098E-06,0,0.4450248,0.8484991,-1.312014,7.703165,29.67836,-7.043752,0.4411029,0.8012384,-1.319767,20.68462,-10.52312,-2.698564,0.4522548,0.7682487,-1.326321,30.66157,-0.0005222667,0,0.4678041,0.7545463,-1.33448,20.4683,-0.0003782671,0,0.8431821,1.386155,-1.086892,55.01272,11.91741,103.1702,0.8377149,1.42398,-1.076902,27.24672,6.397975,-3.284199,0.8252145,1.445381,-1.06003,18.06079,-3.34837E-06,0,0.8343934,1.388248,-1.07744,0,-14.88066,1.249762,0.8661783,1.410662,-1.038631,71.22498,19.11482,-1.981989,0.8541262,1.45451,-1.034422,29.36902,-8.071974E-05,0,0.8395793,1.476863,-1.043264,19.6033,-5.124807E-05,0,0.825148,1.388517,-1.0722,0,3.057863E-06,0,0.8441517,1.410789,-1.027401,65.6283,13.1996,-2.070843,0.8333331,1.456183,-1.022877,36.34016,-2.638915E-06,0,0.8208502,1.480394,-1.037516,24.27229,4.205824E-06,0,0.8150774,1.388172,-1.068048,3.069245,14.87368,-2.900768,0.8200956,1.410872,-1.022372,72.03784,3.446927,-18.86381,0.81241,1.453658,-1.027666,26.28093,1.640545E-05,0,0.8102397,1.477293,-1.042974,17.53776,9.455813E-06,0,0.8055809,1.386903,-1.066429,7.703139,29.67842,-7.043752,0.7974345,1.408674,-1.024373,79.91963,-7.496507,-20.32435,0.7970508,1.442497,-1.034931,12.34084,8.467465E-06,0,0.7991078,1.462047,-1.045403,8.22896,7.262867E-06,0
2567,0.6968471,0.9262721,-1.344651,0.7327532,0.4257321,2.021876,0.6939834,1.286526,-1.382,-1.643539,-0.01908223,1.085164,0.695267,1.594795,-1.364726,8.907261,-1.193065,2.982816,0.6168144,0.9257136,-1.341818,-1.157075,-0.3321712,0.7255072,0.6221578,0.4986407,-1.345062,8.277564,-0.001454284,0.1008706,0.6254466,0.0754821,-1.409885,8.306217,-2.207224,-7.175944,0.7768798,0.9268306,-1.347484,-1.784654,-0.7430261,3.262908,0.7740471,0.4997895,-1.355119,6.171458,-0.002732629,0,0.7675709,0.07508546,-1.408602,7.058331,-1.845065,-5.524035,0.6247901,1.408901,-1.358235,-13.93802,-1.149966,0.9495632,0.4950713,1.407123,-1.387895,-6.367659,14.92457,-49.33112,0.4517938,1.152931,-1.37771,15.21942,-6.220076E-05,-1.190583,0.7639758,1.40893,-1.360872,-15.50974,3.404075,0.6664661,0.8912888,1.417874,-1.398572,32.522,-5.29028,-35.17795,0.922168,1.191052,-1.279456,107.5812,-0.0001211047,-79.57557,0.4502834,0.8776615,-1.307227,4.084373,-8.341801,0.2973941,0.8086619,1.371773,-1.091841,-31.8656,-37.80043,-11.16488,0.470446,0.8673972,-1.280948,45.47624,-12.2351,94.85436,0.5009875,0.8424189,-1.28286,16.70503,35.15892,-9.804837,0.5085561,0.8140723,-1.276686,9.063581,-1.372692E-05,0,0.4642391,0.8581457,-1.287792,0,-14.88066,1.250075,0.4799595,0.8130178,-1.260679,38.50915,22.49685,-10.76551,0.500233,0.7734984,-1.271303,26.8579,-0.0001318869,0,0.5186213,0.7578183,-1.285636,17.92354,-0.0001112052,0,0.4581431,0.8534768,-1.295144,0,-1.234259E-05,0,0.465552,0.8032443,-1.278235,34.50317,12.89439,-4.490957,0.4850917,0.7621717,-1.289609,31.60377,-3.37746E-05,0,0.5062536,0.7467241,-1.306035,21.09903,-3.648795E-05,0,0.4516465,0.8500658,-1.303202,3.069245,14.87365,-2.900701,0.4527945,0.7990155,-1.29881,30.23526,-0.03017529,-2.034805,0.4716248,0.7606373,-1.308311,31.25113,-6.55906E-06,0,0.4924522,0.7464674,-1.321081,20.86296,-2.842015E-05,0,0.4457318,0.8493218,-1.310875,7.703165,29.67837,-7.043725,0.4417851,0.8020595,-1.318606,20.68121,-10.5229,-2.706097,0.4529135,0.769069,-1.325196,30.64365,-0.0004145725,0,0.4684292,0.7553601,-1.333407,20.45633,-0.0003089221,0,0.8413286,1.381605,-1.085621,55.31109,12.05508,103.1367,0.8359186,1.419303,-1.075135,27.0815,6.442981,-3.283841,0.8234463,1.44056,-1.05806,17.94946,-2.323105E-05,0,0.8325024,1.383595,-1.076182,0,-14.88066,1.249762,0.8642327,1.405076,-1.036804,72.69389,18.71236,-2.573214,0.8520455,1.44892,-1.032947,28.07631,-2.947737E-05,0,0.8378285,1.471552,-1.041611,18.73845,-2.435252E-05,0,0.82323,1.38384,-1.070988,0,7.633113E-06,0,0.8421449,1.405167,-1.025695,66.82204,12.87846,-1.9707,0.8314939,1.450623,-1.021395,35.42014,-1.186392E-05,0,0.8192548,1.475108,-1.035781,23.65553,-6.92167E-06,0,0.8131339,1.383495,-1.066898,3.069245,14.87369,-2.900633,0.8180622,1.40534,-1.020797,72.67241,3.541016,-18.81357,0.8105855,1.448194,-1.025833,25.87686,1.550968E-05,0,0.8085505,1.472045,-1.040821,17.2676,1.167087E-05,0,0.8036194,1.382268,-1.065354,7.703191,29.67843,-7.043752,0.7953971,1.403347,-1.022961,80.93536,-7.165861,-19.97572,0.7952139,1.437167,-1.033535,11.93205,-1.574898E-05,0,0.7973168,1.456773,-1.043893,7.956284,-1.047829E-05,0
2600,0.6971323,0.9263277,-1.344247,0.6918207,0.4094819,1.963138,0.6945136,1.28661,-1.381389,-1.666009,-0.07422854,1.028696,0.6961089,1.594873,-1.364019,8.878542,-1.215934,2.942976,0.6170967,0.9257889,-1.341496,-1.238595,-0.3220442,0.7257769,0.6222314,0.4987213,-1.345649,8.075818,-0.0002418207,0.09278741,0.6254029,0.07547215,-1.409883,8.232514,-2.171018,-7.108623,0.777168,0.9268665,-1.346997,-1.842813,-0.7576336,3.312335,0.7741039,0.499841,-1.355373,6.035691,-0.003455079,0,0.7674914,0.0751057,-1.408591,7.017302,-1.892172,-5.551144,0.6254188,1.409044,-1.357642,-13.95471,-1.134771,0.9571576,0.4957347,1.407443,-1.387463,-6.394269,14.98617,-49.46618,0.4520198,1.153327,-1.377238,15.45913,-4.942185E-05,-1.175032,0.7646068,1.408937,-1.360146,-15.37611,3.266757,0.5716401,0.8920698,1.417443,-1.397438,32.32247,-5.418372,-35.34291,0.921014,1.189744,-1.279513,107.4551,-0.0001321619,-79.51393,0.4508434,0.8782867,-1.305861,4.157747,-8.202958,0.2980514,0.807291,1.369474,-1.091079,-31.67663,-37.8092,-11.09837,0.4710647,0.8680407,-1.279619,45.48022,-12.22642,94.85471,0.5016057,0.8430664,-1.28159,16.67033,35.18012,-9.788721,0.5091953,0.8147281,-1.275403,9.042484,-2.823487E-06,0,0.464845,0.8587842,-1.286445,0,-14.88064,1.250075,0.4806332,0.8136741,-1.259341,38.49702,22.49757,-10.75449,0.5008875,0.7741491,-1.269982,26.92826,-3.005691E-05,0,0.5192563,0.7584885,-1.284361,17.97061,-1.946915E-05,0,0.4587341,0.8541101,-1.293781,0,-4.243807E-06,0,0.4661898,0.8038882,-1.276861,34.50747,12.89704,-4.466334,0.4857138,0.7628148,-1.288259,31.59411,-2.065199E-06,0,0.5068367,0.747359,-1.304727,21.09258,5.472333E-06,0,0.4522208,0.8506934,-1.301824,3.069245,14.87364,-2.900701,0.4533888,0.7996457,-1.297407,30.22282,-0.02960261,-2.022843,0.4721996,0.7612618,-1.306922,31.26618,2.444563E-05,0,0.493001,0.74709,-1.319733,20.87306,1.643024E-05,0,0.4462898,0.8499441,-1.309484,7.703165,29.67835,-7.04378,0.442336,0.8026768,-1.31718,20.66028,-10.53016,-2.723402,0.4534488,0.7696804,-1.323767,30.66525,0.0004012185,0,0.4689522,0.7559705,-1.332,20.47077,0.0002893928,0,0.8399562,1.37916,-1.084625,55.50489,12.09867,103.2366,0.8345414,1.416843,-1.074088,27.14044,6.491841,-3.316942,0.8220159,1.438052,-1.056994,17.9867,-8.571835E-06,0,0.8310839,1.381133,-1.075226,0,-14.88066,1.249918,0.8626664,1.402304,-1.035563,73.64597,18.42077,-2.876576,0.8503506,1.446157,-1.032263,27.2065,-8.13124E-05,0,0.8363376,1.4689,-1.040972,18.15668,-5.718057E-05,0,0.8217832,1.381384,-1.070083,0,9.118913E-06,0,0.8405166,1.402417,-1.024577,67.91238,12.50665,-1.959546,0.829934,1.447953,-1.021026,34.46997,1.143402E-05,0,0.8179151,1.472533,-1.035437,23.01878,7.913032E-06,0,0.811663,1.381055,-1.066052,3.069309,14.87369,-2.900836,0.8164074,1.402651,-1.019815,73.30362,3.537789,-18.77882,0.8090495,1.44549,-1.025149,25.31949,-1.921992E-05,0,0.8070865,1.469393,-1.040063,16.89499,-1.096839E-05,0,0.8021357,1.379854,-1.064568,7.703139,29.67843,-7.043752,0.793748,1.400749,-1.022116,81.90289,-6.931312,-19.61819,0.7936936,1.434438,-1.033101,11.45332,1.016887E-05,0,0.7957888,1.453994,-1.043554,7.636945,5.55813E-06,0
2633,0.6972069,0.9263728,-1.343643,0.6590852,0.3943189,1.860358,0.6947256,1.286677,-1.380596,-1.693273,-0.0788947,0.9375348,0.6964018,1.59493,-1.363064,8.893466,-1.288975,2.944904,0.6171662,0.9258519,-1.341037,-1.346975,-0.3223248,0.7179157,0.6221805,0.4987944,-1.346237,7.855354,0.0003223454,0.08846933,0.625363,0.07545647,-1.409883,8.160388,-2.142358,-7.007147,0.7772475,0.9268937,-1.346249,-1.922645,-0.7618918,3.378639,0.7740435,0.4998867,-1.355474,5.905612,-0.003544048,0,0.7674074,0.07513744,-1.408577,6.99308,-1.931431,-5.606718,0.6256089,1.409109,-1.356901,-13.94256,-1.07379,0.9583834,0.4959632,1.40768,-1.386898,-6.311431,14.98862,-49.55764,0.4519112,1.15363,-1.376459,15.63957,-5.337046E-05,-1.19861,0.7648007,1.408985,-1.359184,-15.32779,3.238818,0.5760729,0.8923587,1.417424,-1.396165,32.30545,-5.50253,-35.34214,0.9205171,1.189541,-1.278408,107.442,-0.0001194614,-79.48852,0.4509394,0.8788244,-1.304183,4.222064,-8.079404,0.2987072,0.8065813,1.369233,-1.090067,-31.32231,-37.90144,-10.99721,0.4711728,0.868606,-1.27794,45.48349,-12.22599,94.85989,0.5017197,0.8436381,-1.279902,16.67581,35.18633,-9.793561,0.5093158,0.8153067,-1.273692,9.044723,-9.11906E-06,0,0.4649527,0.8593422,-1.284755,0,-14.88064,1.249762,0.4807612,0.8142595,-1.257618,38.49702,22.49807,-10.76531,0.5010202,0.7747297,-1.268231,26.96489,-0.0001018308,0,0.5193943,0.7590756,-1.282611,17.99512,-7.622015E-05,0,0.4588401,0.8546602,-1.292085,0,-7.939597E-06,0,0.4663135,0.8044549,-1.275123,34.50882,12.89625,-4.452279,0.4858437,0.7633765,-1.286493,31.58721,7.569393E-06,0,0.5069606,0.7479081,-1.302957,21.08797,-5.367268E-06,0,0.4523246,0.851235,-1.300122,3.069309,14.87364,-2.900633,0.4535058,0.8001914,-1.29566,30.22023,-0.03165234,-2.006621,0.4723214,0.7618026,-1.305147,31.24604,2.494212E-05,0,0.4931151,0.7476146,-1.317952,20.85956,2.198879E-05,0,0.4463909,0.8504776,-1.307779,7.703165,29.67835,-7.043725,0.442445,0.8032027,-1.315433,20.66063,-10.53946,-2.692391,0.4535659,0.7702031,-1.32199,30.63541,-0.001254056,0,0.4690619,0.7564806,-1.330216,20.45079,-0.0008873153,0,0.8392424,1.378897,-1.08356,55.61283,12.20935,103.2007,0.8337573,1.416631,-1.073243,26.88901,6.582926,-3.326961,0.8212637,1.437997,-1.056323,17.81639,-1.509335E-06,0,0.8303457,1.380925,-1.074195,0,-14.88066,1.250075,0.8618448,1.402221,-1.034533,74.17064,18.22802,-3.140556,0.8494633,1.446099,-1.031869,26.73579,-0.0001111746,0,0.8355781,1.46884,-1.040785,17.84191,-8.671914E-05,0,0.8210304,1.381213,-1.069082,0,8.745637E-06,0,0.8396632,1.402417,-1.023613,68.6683,12.1751,-1.91663,0.8291501,1.44803,-1.020953,33.83595,-2.896689E-05,0,0.8172687,1.472546,-1.035583,22.59399,-2.853919E-05,0,0.8108981,1.380917,-1.065078,3.069245,14.87369,-2.900701,0.8155406,1.402708,-1.018923,73.68791,3.529032,-18.75821,0.8082339,1.44549,-1.024754,25.13289,2.962352E-05,0,0.8063146,1.469275,-1.039862,16.77025,2.283493E-05,0,0.8013646,1.379737,-1.063617,7.703139,29.67843,-7.043808,0.7928851,1.40083,-1.021282,82.66483,-6.766098,-19.41278,0.7928898,1.434318,-1.032867,11.16077,-3.921759E-06,0,0.7949688,1.453734,-1.043581,7.441838,-9.925241E-07,0
2667,0.6971881,0.9263941,-1.342867,0.6361217,0.3827584,1.733704,0.694797,1.286714,-1.379677,-1.71646,-0.06445155,0.8190054,0.6964364,1.594954,-1.36197,8.9438,-1.353205,3.012529,0.6171418,0.9258863,-1.340438,-1.456025,-0.3236352,0.6977351,0.6220773,0.4988409,-1.346618,7.671507,0.0004019152,0.08392937,0.6253157,0.07544598,-1.409882,8.114959,-2.118636,-6.895716,0.7772344,0.9269019,-1.345296,-2.025647,-0.7659271,3.452357,0.7739221,0.4999174,-1.355472,5.775636,-0.003195047,0,0.7673076,0.07516655,-1.408566,6.981036,-1.967853,-5.67934,0.6256077,1.409124,-1.356076,-13.91982,-1.085003,0.9475003,0.4960136,1.407654,-1.386293,-6.22737,15.05547,-49.57019,0.4517422,1.153657,-1.375511,15.71683,-5.389655E-05,-1.147565,0.764804,1.409027,-1.35807,-15.33653,3.305864,0.6632286,0.8924232,1.417661,-1.394794,32.48269,-5.544397,-35.11848,0.9206948,1.190274,-1.276108,107.5701,-0.0001117158,-78.85667,0.4506849,0.8790439,-1.302506,4.294411,-8.019807,0.301316,0.8068975,1.371202,-1.088868,-31.60231,-37.72136,-11.04361,0.4709163,0.8688558,-1.276251,45.48487,-12.22804,94.87489,0.5014672,0.8438904,-1.278181,16.70756,35.16924,-9.808847,0.509065,0.815564,-1.271951,9.063733,-1.890596E-05,0,0.464698,0.859584,-1.283056,0,-14.88065,1.249918,0.4805082,0.8145321,-1.255869,38.47502,22.50567,-10.78604,0.500761,0.7749847,-1.266428,27.08414,-2.931811E-05,0,0.5191566,0.759357,-1.280809,18.07485,-1.747667E-05,0,0.4585868,0.8548936,-1.290382,0,-1.11523E-05,0,0.4660636,0.8047073,-1.273366,34.49966,12.89726,-4.44184,0.4855948,0.7636154,-1.284684,31.6134,7.23576E-06,0,0.5067166,0.7481394,-1.301135,21.1055,-8.107377E-07,0,0.4520726,0.8514591,-1.298416,3.069245,14.87364,-2.900701,0.4532589,0.8004205,-1.2939,30.2015,-0.03905391,-2.001347,0.4720731,0.7620173,-1.303331,31.27589,2.35327E-05,0,0.4928732,0.7478228,-1.316118,20.87955,1.295645E-05,0,0.4461399,0.8506928,-1.306073,7.703165,29.67836,-7.04378,0.4422,0.8034093,-1.313677,20.6529,-10.55186,-2.667118,0.4533252,0.7704022,-1.320188,30.62475,0.005690447,0,0.4688182,0.7566674,-1.328399,20.44368,0.004009013,0,0.8395213,1.381151,-1.08261,55.68905,12.24685,103.2983,0.8337634,1.418901,-1.072503,26.80089,6.630641,-3.33824,0.8212438,1.44029,-1.055629,17.75611,-8.364918E-06,0,0.8306653,1.383162,-1.073204,0,-14.88067,1.249918,0.8622355,1.404916,-1.033848,74.53823,18.02295,-3.304879,0.8494849,1.448715,-1.031666,26.20151,-2.969899E-06,0,0.8354756,1.471368,-1.04061,17.48465,-7.802508E-06,0,0.8213788,1.383406,-1.068036,0,5.685643E-06,0,0.8401188,1.405,-1.022796,69.24349,11.82018,-1.975164,0.8293489,1.45059,-1.020856,33.29599,-3.671506E-05,0,0.8173082,1.474954,-1.035609,22.23227,-3.006376E-05,0,0.8112732,1.383054,-1.06397,3.069245,14.87368,-2.900701,0.8160231,1.405132,-1.017961,74.06507,3.431475,-18.72054,0.8083871,1.447789,-1.024274,24.80544,4.296046E-05,0,0.8061768,1.471455,-1.039526,16.55137,2.82681E-05,0,0.801758,1.381809,-1.062444,7.703165,29.67842,-7.043752,0.7933691,1.403067,-1.020174,83.26559,-6.727472,-19.14792,0.7930817,1.436367,-1.032287,10.88517,-8.398993E-06,0,0.794906,1.455672,-1.043245,7.258014,-3.966162E-06,0
2700,0.6971551,0.926398,-1.341974,0.6196041,0.3748763,1.601689,0.6947862,1.286729,-1.378652,-1.744843,-0.02794847,0.6994157,0.6962399,1.594959,-1.360773,8.960633,-1.386885,3.104443,0.6171034,0.9258985,-1.33973,-1.565356,-0.3233577,0.661456,0.6219804,0.4988669,-1.346843,7.515385,0.0002529388,0.07661668,0.6252781,0.07543868,-1.409879,8.091045,-2.101761,-6.794368,0.7772068,0.9268976,-1.344218,-2.14521,-0.7734517,3.517751,0.773789,0.4999395,-1.35542,5.641599,-0.002683149,0,0.7672113,0.07519257,-1.40855,6.974402,-2.002876,-5.765072,0.6254772,1.409087,-1.355136,-13.92455,-1.074254,0.9528548,0.4959497,1.407583,-1.385636,-5.901894,14.87211,-49.31828,0.4518936,1.153569,-1.374388,15.61226,-5.611554E-05,-0.7444103,0.7646775,1.409071,-1.356837,-15.40833,3.494258,0.844183,0.8922976,1.418238,-1.393429,32.8545,-5.58195,-34.68029,0.9216086,1.192004,-1.272807,107.784,-0.0001202597,-79.10542,0.4503303,0.879072,-1.300957,4.391284,-8.056975,0.3090104,0.8082992,1.375151,-1.087439,-31.11612,-37.91075,-10.92447,0.470566,0.8689097,-1.274695,45.4872,-12.23315,94.87492,0.501116,0.8439415,-1.276603,16.73482,35.14414,-9.819467,0.5087154,0.8156182,-1.270361,9.081232,3.381842E-07,0,0.4643452,0.8596313,-1.281489,0,-14.88064,1.249918,0.4801562,0.8146067,-1.254257,38.48484,22.50948,-10.8176,0.5004032,0.7750481,-1.264786,27.11333,-1.679173E-05,0,0.5188023,0.7594188,-1.27916,18.09438,-1.178416E-05,0,0.458232,0.8549337,-1.288808,0,-5.686026E-06,0,0.4657069,0.8047647,-1.27174,34.48693,12.8996,-4.439503,0.4852242,0.7636538,-1.283014,31.65554,2.588581E-05,0,0.5063456,0.7481716,-1.299459,21.13371,2.538819E-05,0,0.4517158,0.8514913,-1.296838,3.069181,14.87364,-2.900633,0.4528975,0.8004574,-1.292267,30.20151,-0.04009739,-2.022069,0.471706,0.7620422,-1.301661,31.25554,1.674017E-05,0,0.4925013,0.7478236,-1.314429,20.86592,1.342175E-05,0,0.4457815,0.8507175,-1.304493,7.703139,29.67835,-7.043725,0.4418349,0.8034264,-1.312045,20.58319,-10.55267,-2.685913,0.4529209,0.7703957,-1.318504,30.77556,0.0006143301,0,0.4684306,0.7566755,-1.326708,20.5446,0.0004236054,0,0.8409539,1.38514,-1.081409,55.73711,12.33931,103.2901,0.8352258,1.423079,-1.072017,26.49157,6.822639,-3.388361,0.8229003,1.444878,-1.05553,17.54352,-5.936207E-06,0,0.8321144,1.387349,-1.072032,0,-14.88067,1.249918,0.8637841,1.409768,-1.033132,74.78274,17.91212,-3.553083,0.8510913,1.453622,-1.031962,25.52043,-1.235701E-05,0,0.8372691,1.476273,-1.041199,17.0293,-8.88227E-06,0,0.8228349,1.387713,-1.066858,0,-5.006973E-06,0,0.8416815,1.410113,-1.022057,69.62208,11.52608,-2.109792,0.8311158,1.455786,-1.021339,32.81634,1.822967E-06,0,0.8192533,1.479958,-1.036546,21.91102,7.812803E-07,0,0.8127335,1.387461,-1.062774,3.069245,14.87367,-2.900768,0.8175921,1.410393,-1.017197,74.35103,3.322717,-18.60805,0.8101002,1.452911,-1.02453,24.3871,8.618117E-06,0,0.8078918,1.476315,-1.040182,16.27174,5.157447E-06,0,0.8032174,1.386267,-1.061214,7.703165,29.6784,-7.043752,0.7949308,1.40834,-1.019343,83.70405,-6.75173,-18.85427,0.7947634,1.441309,-1.032327,10.5094,-2.83599E-05,0,0.7965714,1.460381,-1.04369,7.007371,-1.916392E-05,0
2733,0.6971534,0.9264023,-1.341029,0.6094146,0.3707896,1.490297,0.6947972,1.286739,-1.377547,-1.792205,0.001582892,0.5997046,0.6960317,1.594965,-1.359503,8.862618,-1.341242,3.167988,0.6170975,0.9259064,-1.338941,-1.704906,-0.3207819,0.616438,0.6219203,0.4988941,-1.347164,7.322711,0.0001211232,0.07401875,0.625253,0.07541838,-1.409879,8.053203,-2.090174,-6.722808,0.7772094,0.9268982,-1.343118,-2.280875,-0.7858499,3.561175,0.7736729,0.4999712,-1.355415,5.492157,-0.002186854,0,0.7671269,0.07522246,-1.408534,6.961199,-2.034438,-5.850691,0.6253904,1.409045,-1.354052,-13.93452,-1.113308,1.013557,0.4959245,1.407417,-1.384806,-5.786417,14.82639,-49.07473,0.4519481,1.153396,-1.373405,15.59149,-4.855434E-05,-0.3941611,0.7645935,1.409095,-1.355508,-15.54626,3.746243,1.139695,0.8921495,1.418944,-1.392146,33.76758,-5.656725,-34.10092,0.9233087,1.195269,-1.267289,107.9489,-0.0001199311,-79.57639,0.4500233,0.8790014,-1.2996,4.451751,-8.073123,0.3146578,0.8104699,1.382125,-1.085368,-30.48397,-38.09896,-10.74981,0.4702536,0.8688594,-1.273326,45.49033,-12.23903,94.87682,0.5008004,0.8438851,-1.275206,16.77607,35.11906,-9.838612,0.508392,0.8155615,-1.268955,9.106276,-1.041983E-05,-0.02797646,0.4640313,0.859576,-1.280112,0,-14.88065,1.250075,0.4798281,0.8145736,-1.252835,38.51641,22.5044,-10.89269,0.5000796,0.775011,-1.26334,27.08472,-7.59748E-05,0,0.5184862,0.7593659,-1.277687,18.07526,-4.422227E-05,0,0.4579177,0.8548729,-1.287428,0,-1.113279E-05,0,0.4653783,0.8047185,-1.27031,34.47804,12.90021,-4.450519,0.4848821,0.7635885,-1.281538,31.69522,-8.797129E-06,0,0.5060092,0.7481,-1.29797,21.16026,-9.990705E-06,0,0.4514015,0.8514244,-1.295454,3.069309,14.87364,-2.900633,0.45257,0.8003947,-1.290835,30.20569,-0.04313686,-2.039033,0.4713735,0.7619675,-1.300189,31.23107,1.813468E-05,0,0.4921659,0.7477232,-1.312933,20.84955,8.590576E-06,0,0.4454677,0.8506447,-1.303109,7.703165,29.67835,-7.043725,0.4415103,0.8033473,-1.310616,20.57155,-10.56359,-2.681099,0.4525863,0.7703051,-1.317033,30.78651,0.001483617,0,0.4680944,0.7565731,-1.32522,20.55194,0.001041054,0,0.8431466,1.392226,-1.07965,55.79265,12.47642,103.0316,0.8373937,1.430417,-1.071364,25.76264,7.296753,-3.507606,0.8254139,1.452878,-1.055523,17.04167,-1.486407E-05,0,0.834317,1.394723,-1.070336,0,-14.88067,1.249918,0.8660518,1.418208,-1.032124,75.02506,17.82738,-4.035316,0.8533792,1.462083,-1.032411,24.15394,-1.739764E-05,0,0.8398988,1.484812,-1.041955,16.11593,-4.117036E-06,0,0.8250414,1.395255,-1.06517,0,3.099865E-06,0,0.8439566,1.418916,-1.021051,69.80992,11.27433,-2.282334,0.8336006,1.464635,-1.02188,32.33755,-3.136133E-05,0,0.8219379,1.4885,-1.037715,21.59036,-2.204388E-05,0,0.814942,1.395141,-1.061075,3.069245,14.87368,-2.900701,0.8198708,1.419382,-1.016188,74.57755,3.176317,-18.25417,0.8125395,1.46166,-1.024938,23.68539,-1.863299E-05,0,0.8102713,1.484712,-1.041097,15.80281,-9.573887E-06,0,0.8054247,1.394011,-1.059475,7.703139,29.67842,-7.04378,0.7972044,1.41731,-1.01826,83.93333,-6.830141,-18.25625,0.7971602,1.449836,-1.032321,9.883718,9.932653E-06,0,0.7988937,1.468633,-1.044143,6.590053,5.009643E-06,0
2767,0.6972053,0.926435,-1.340075,0.5961047,0.3432173,1.460721,0.6949251,1.286779,-1.376431,-1.834937,0.01924396,0.4973219,0.6959697,1.59501,-1.358307,8.701681,-1.257592,3.206989,0.617148,0.9259767,-1.338028,-1.899398,-0.3441696,0.5951191,0.6219091,0.4989964,-1.347803,7.026129,0.0001724082,0.0656106,0.6252247,0.07542449,-1.409865,7.966787,-2.082876,-6.70575,0.7772626,0.9268933,-1.342121,-2.417999,-0.7730349,3.562549,0.7735987,0.5000013,-1.355545,5.320161,-0.001812576,0,0.76706,0.07523406,-1.408516,6.932313,-2.054843,-5.897708,0.6254456,1.409051,-1.352969,-13.87324,-1.138839,1.103581,0.4960034,1.407349,-1.383818,-5.666245,14.71906,-48.83213,0.4522062,1.153306,-1.372216,15.49567,-6.015025E-05,-0.4463111,0.7646509,1.409136,-1.354176,-15.72696,4.065165,1.604497,0.8921046,1.419796,-1.390943,35.31344,-5.810519,-33.16481,0.9256806,1.20062,-1.258939,107.9343,-0.0001146674,-81.03558,0.4498727,0.8789372,-1.298329,4.413706,-8.082548,0.3121605,0.813908,1.39298,-1.082169,-27.00845,-39.429,-9.837173,0.4699322,0.8688141,-1.271917,45.49616,-12.24734,94.85427,0.5004894,0.843837,-1.273577,16.80722,35.10673,-9.854648,0.5080326,0.8155124,-1.267272,9.124405,-2.437E-06,0,0.4637515,0.859526,-1.278735,0,-14.88063,1.249918,0.4793637,0.8145444,-1.251317,38.55124,22.50807,-10.9482,0.4996826,0.7749786,-1.261679,27.05359,1.050764E-05,0,0.5181809,0.7593179,-1.275891,18.05443,8.891649E-06,0,0.4576839,0.8548178,-1.286085,0,-2.290642E-06,0,0.4650241,0.8046769,-1.268876,34.48091,12.89891,-4.461112,0.4845927,0.7635342,-1.279943,31.70305,1.996773E-05,0,0.5058253,0.7480323,-1.296226,21.16551,1.169393E-05,0,0.4512185,0.8513636,-1.29415,3.069245,14.87364,-2.900701,0.4523465,0.8003377,-1.289478,30.19808,-0.03827603,-2.050327,0.4711953,0.7618954,-1.298678,31.23666,4.636428E-05,0,0.4920659,0.7476348,-1.311275,20.85326,3.457917E-05,0,0.4453337,0.8505784,-1.301842,7.703139,29.67834,-7.04378,0.4414144,0.8032753,-1.309333,20.60672,-10.57752,-2.702478,0.4525459,0.7702329,-1.315652,30.67307,-5.456448E-05,0,0.4680908,0.7564664,-1.32371,20.47602,-3.571334E-05,0,0.8467276,1.402999,-1.077172,56.00073,13.22883,101.272,0.8410316,1.441735,-1.071936,21.67696,9.245071,-3.653823,0.8308125,1.466441,-1.058367,14.2635,1.650557E-05,0,0.8379192,1.406373,-1.068118,0,-14.88067,1.249918,0.8699406,1.432357,-1.03181,75.73908,17.69017,-5.242394,0.8577117,1.476145,-1.036142,20.11977,-0.0001188327,0,0.8454506,1.499213,-1.046483,13.42087,-7.933917E-05,0,0.8286425,1.407462,-1.063042,0,-3.479068E-07,0,0.8478366,1.434296,-1.020903,69.97956,11.04291,-2.031821,0.8383186,1.479959,-1.025637,30.75862,-2.929799E-05,0,0.8272365,1.50315,-1.042831,20.53324,-1.882684E-05,0,0.8185342,1.407834,-1.058984,3.069245,14.87368,-2.900701,0.8237511,1.435524,-1.016173,75.38482,3.034901,-15.26944,0.8171279,1.476894,-1.028914,20.2191,0.0001489748,0,0.8144041,1.499272,-1.045928,13.48718,0.000101136,0,0.808997,1.406984,-1.057331,7.703165,29.67841,-7.043752,0.8010591,1.433643,-1.018147,82.97717,-6.587337,-15.94516,0.8013162,1.465191,-1.034281,8.257781,-8.799145E-07,0,0.802816,1.483484,-1.046899,5.505734,1.229827E-06,0
2800,0.6972992,0.9264961,-1.33918,0.5888388,0.3153085,1.547628,0.6950634,1.286845,-1.375434,-1.863091,0.02064923,0.3477423,0.6960146,1.595083,-1.357299,8.548999,-1.191965,3.296694,0.6172449,0.9260778,-1.337013,-2.167808,-0.3735859,0.6158028,0.6219413,0.4991491,-1.34885,6.605924,0.0001739357,0.06255726,0.6251876,0.07542241,-1.409851,7.820044,-2.079827,-6.760075,0.7773536,0.9269145,-1.341347,-2.549447,-0.7535784,3.523423,0.7735731,0.5000571,-1.355799,5.146585,-0.001299418,0,0.7670028,0.07525781,-1.408509,6.894038,-2.059626,-5.870524,0.6255301,1.409109,-1.352093,-13.69944,-1.185617,1.174532,0.4960772,1.407309,-1.382892,-5.640626,14.71586,-48.76655,0.4523645,1.153265,-1.371004,15.40486,-5.825835E-05,-0.6696879,0.7647382,1.409187,-1.352937,-15.89669,4.417999,2.194548,0.8921201,1.420685,-1.3897,37.27648,-5.974582,-31.85411,0.9282537,1.207723,-1.24852,108.0683,-0.0001374428,-79.46575,0.4498028,0.8788972,-1.297119,4.359951,-8.099007,0.3083766,0.8181563,1.40787,-1.079516,-19.22892,-38.31668,-6.736214,0.4697289,0.868794,-1.270599,45.50695,-12.25315,94.79666,0.5002971,0.8438194,-1.272088,16.79849,35.12675,-9.854128,0.5078022,0.8154963,-1.265731,9.117424,4.119136E-06,0,0.4635817,0.8595008,-1.27744,0,-14.88063,1.249762,0.4790527,0.8145403,-1.249909,38.57815,22.51485,-11.00285,0.4994244,0.7749717,-1.260155,27.02243,-1.031406E-06,0,0.5179944,0.7592956,-1.274256,18.03358,4.915264E-06,0,0.4575505,0.8547871,-1.284817,0,-7.579776E-07,0,0.4648003,0.8046597,-1.267531,34.48728,12.89676,-4.47028,0.4844248,0.763509,-1.278468,31.68837,1.934322E-05,0,0.5057378,0.7479886,-1.294628,21.15571,2.202629E-05,0,0.4511253,0.8513269,-1.292911,3.069181,14.87364,-2.900701,0.4522257,0.8003047,-1.288193,30.20453,-0.02933631,-2.063648,0.4711166,0.7618551,-1.297275,31.18967,2.387625E-05,0,0.4920408,0.7475653,-1.30975,20.8218,1.94393E-05,0,0.4452791,0.8505359,-1.300632,7.703139,29.67834,-7.043725,0.4413933,0.803227,-1.308104,20.67659,-10.57359,-2.701826,0.4525872,0.7701939,-1.314361,30.45977,7.984102E-05,0,0.4681393,0.7563755,-1.322316,20.33325,6.668854E-05,0,0.8503323,1.420307,-1.075977,55.47805,15.02212,95.29771,0.8415473,1.458819,-1.076048,3.276978,8.671419,-0.4941643,0.8355827,1.487818,-1.071316,2.159758,3.401709E-06,0,0.841239,1.42456,-1.0676,0,-14.88066,1.249918,0.8713611,1.457551,-1.035614,74.68413,18.00023,-7.28645,0.8571796,1.499697,-1.046022,7.466136,2.846726E-05,0,0.8467533,1.524091,-1.055277,4.977798,1.531405E-05,0,0.8318514,1.425918,-1.0628,0,3.824356E-06,0,0.8490433,1.459955,-1.025249,71.68128,10.81114,-1.05053,0.8368567,1.503297,-1.038327,16.72039,-4.854843E-05,0,0.8260355,1.527477,-1.054281,11.15134,-2.921313E-05,0,0.8216848,1.426366,-1.058898,3.069309,14.87368,-2.900701,0.8248662,1.460594,-1.020884,73.61636,2.415953,-10.66138,0.8168397,1.499732,-1.038814,7.376637,-4.499959E-05,0,0.8119824,1.523306,-1.05359,4.918128,-3.232679E-05,0,0.8121848,1.425266,-1.057179,7.703165,29.67842,-7.04378,0.8023332,1.457202,-1.022653,76.05247,-6.879433,-11.14461,0.8005528,1.488089,-1.03993,0.872228,3.294871E-06,0,0.7995545,1.507352,-1.051067,0.5814822,4.51919E-06,0
2833,0.6974764,0.9265571,-1.338474,0.5888388,0.2921043,1.735058,0.695066,1.286906,-1.374724,-1.863091,0.07390087,0.1065312,0.6957227,1.595156,-1.356694,8.431353,-1.224942,3.477108,0.6174294,0.926174,-1.336045,-2.439677,-0.4010516,0.6617518,0.6220428,0.4993057,-1.349922,6.190996,2.584163E-05,0.05595291,0.6251475,0.0754284,-1.409874,7.672403,-2.080248,-6.888886,0.7775234,0.9269403,-1.340903,-2.675032,-0.7360933,3.453377,0.7736102,0.5001162,-1.356274,4.959343,-0.0002624652,0,0.7669624,0.0752598,-1.408512,6.835064,-2.052634,-5.773396,0.6253379,1.409115,-1.351677,-13.44367,-1.224666,1.208528,0.4958813,1.407103,-1.382447,-5.706537,14.84812,-48.85294,0.4521946,1.15307,-1.370219,15.30278,-6.201903E-05,-1.018948,0.7645481,1.409303,-1.351933,-16.0432,4.804128,2.804771,0.8919106,1.421806,-1.388434,39.58676,-6.128487,-30.22842,0.9306504,1.216673,-1.236742,108.52,-0.0001391252,-79.36876,0.4494678,0.8786752,-1.296441,4.29473,-8.121961,0.3045456,0.8222778,1.426552,-1.078789,-6.962495,-35.06305,-2.201849,0.4692718,0.8685877,-1.269823,45.51735,-12.25763,94.7439,0.4998493,0.8436158,-1.271158,16.78488,35.15466,-9.852552,0.5073177,0.8152939,-1.264753,9.106923,-1.113961E-05,0,0.4631552,0.8592906,-1.276686,0,-14.88062,1.249918,0.4784971,0.8143467,-1.249056,38.61683,22.51598,-11.01585,0.4989245,0.7747822,-1.259206,26.92078,-4.235428E-05,0,0.5175446,0.7590685,-1.273199,17.96563,-2.596266E-05,0,0.4571575,0.8545725,-1.284087,0,1.908619E-06,0,0.4643247,0.8044557,-1.266736,34.50126,12.89161,-4.490564,0.4840055,0.7633024,-1.277562,31.63625,2.169562E-05,0,0.5053887,0.7477533,-1.293601,21.1208,2.109778E-05,0,0.4507691,0.8511075,-1.292209,3.069245,14.87364,-2.900701,0.4518443,0.8000883,-1.287452,30.19323,-0.02386518,-2.096485,0.4707654,0.7616271,-1.296422,31.18899,4.070944E-05,0,0.4917463,0.7473231,-1.308785,20.82135,3.49102E-05,0,0.4449582,0.850312,-1.299956,7.703165,29.67834,-7.043752,0.4411032,0.8029985,-1.307415,20.75611,-10.57259,-2.676203,0.4523626,0.7699782,-1.313622,30.19085,0.0004687075,0,0.4679061,0.7560955,-1.321481,20.15327,0.0003346117,0,0.8532145,1.442027,-1.076354,55.70644,7.892286,87.91644,0.8463411,1.479402,-1.087134,-5.457507,8.237273,0.7843454,0.8450416,1.50893,-1.092166,-3.600816,3.125712E-06,0,0.8433011,1.447207,-1.069583,0,-14.88066,1.249918,0.868848,1.488564,-1.043976,49.11182,22.22874,2.37784,0.85966,1.533163,-1.047464,0,1.847477E-05,0,0.8540031,1.5606,-1.049617,0,1.450075E-05,0,0.8335366,1.448784,-1.065688,0,-1.12361E-06,0,0.8457618,1.49129,-1.035556,52.88735,12.42172,1.941486,0.8348568,1.535901,-1.044994,5.735247,5.670604E-05,0,0.8266516,1.564334,-1.053969,3.823669,3.920033E-05,0,0.8231201,1.449222,-1.062512,3.069309,14.87367,-2.900768,0.8213555,1.490875,-1.032701,47.21928,0.6626015,-6.978507,0.8143312,1.533255,-1.0412,0.501241,1.548367E-05,0,0.8098084,1.560539,-1.046924,0.3339648,1.277862E-05,0,0.8136218,1.447744,-1.061093,7.703139,29.6784,-7.043752,0.7992797,1.485367,-1.034866,47.92777,-9.217066,-16.72952,0.7944778,1.519422,-1.043402,0.4029978,2.156885E-05,0,0.7915244,1.540801,-1.048908,0.2676108,2.030367E-05,0
2867,0.6978828,0.9266137,-1.338181,0.598071,0.2816557,1.958947,0.6950429,1.286956,-1.374537,-1.833337,0.1973805,-0.2112177,0.695115,1.595221,-1.356717,8.368513,-1.365083,3.730299,0.6178458,0.9262489,-1.33544,-2.637598,-0.4036745,0.7010924,0.6222788,0.4994271,-1.350731,5.885431,-0.001828411,0.04845664,0.6251219,0.07542717,-1.409824,7.549539,-2.070566,-7.061637,0.7779198,0.9269786,-1.340923,-2.782067,-0.7434298,3.364994,0.7737696,0.5001826,-1.356996,4.769372,0.001533733,0,0.7669417,0.0752424,-1.408524,6.749593,-2.053794,-5.65631,0.6249451,1.409039,-1.351946,-13.17721,-1.248649,1.216597,0.4955248,1.40668,-1.382844,-5.736409,14.95515,-48.78017,0.4520585,1.152621,-1.370384,15.16329,-5.141726E-05,-0.8833739,0.764154,1.409502,-1.351418,-16.14236,5.221252,3.354738,0.8915476,1.423208,-1.387375,41.78657,-6.029387,-28.72533,0.9335018,1.22646,-1.225756,109.0607,-0.0001128898,-81.38375,0.4490216,0.878179,-1.296794,4.29938,-8.208515,0.3083766,0.8252658,1.444948,-1.079843,4.110469,-32.87973,1.213214,0.468823,0.868102,-1.27017,45.51804,-12.27016,94.70061,0.4994012,0.84313,-1.271485,16.79118,35.11244,-9.846223,0.5068789,0.8148077,-1.265092,9.115162,-1.147658E-06,0,0.4627055,0.8588023,-1.277029,0,-14.88063,1.249762,0.4780401,0.8138701,-1.249375,38.65223,22.51211,-11.02155,0.4984768,0.7743099,-1.259524,26.80911,2.511696E-05,0,0.5170814,0.758555,-1.273491,17.89093,1.308137E-05,0,0.4567076,0.8540814,-1.284428,0,-1.365848E-06,0,0.4638673,0.8039722,-1.267052,34.54135,12.88992,-4.542562,0.483563,0.7628258,-1.277876,31.479,2.189011E-05,0,0.504932,0.7472126,-1.293872,21.0155,1.480491E-05,0,0.4503192,0.8506132,-1.292548,3.069245,14.87364,-2.900768,0.4513875,0.7995962,-1.287766,30.17751,-0.02386442,-2.143932,0.4702956,0.7611225,-1.29671,31.19574,3.646806E-05,0,0.4912803,0.7468067,-1.309052,20.82589,2.845834E-05,0,0.4445085,0.8498146,-1.300295,7.703139,29.67834,-7.043752,0.4406478,0.802498,-1.307731,20.77931,-10.58593,-2.724767,0.4519187,0.7694782,-1.31392,30.02304,0.000325733,0,0.4674353,0.7555456,-1.321744,20.04095,0.0002263705,0,0.8554574,1.46196,-1.078597,54.42792,-3.192058,85.48775,0.8558361,1.496214,-1.098267,-3.536901,8.068209,0.4969283,0.8585806,1.523815,-1.109649,-2.334478,1.413243E-06,0,0.8449265,1.467942,-1.07367,0,-14.88066,1.249918,0.8672777,1.514678,-1.055367,18.88478,20.52295,15.01545,0.8667966,1.559844,-1.048629,3.268963,-8.495348E-06,0,0.8656235,1.587776,-1.045818,2.179424,-6.287467E-06,0,0.8348624,1.469829,-1.070814,0,2.828423E-06,0,0.8435707,1.518,-1.049183,18.58684,13.72686,8.558114,0.8372996,1.563923,-1.042119,10.71638,-0.0002714667,0,0.83119,1.594227,-1.042887,7.145425,-0.0001809123,0,0.824235,1.470428,-1.068472,3.069309,14.87368,-2.900701,0.819046,1.517076,-1.047887,12.74961,1.094778,-7.297589,0.8126422,1.559575,-1.039485,9.474818,5.541756E-05,0,0.8086681,1.587525,-1.038697,6.317331,3.727296E-05,0,0.8147087,1.468842,-1.067401,7.703165,29.67842,-7.043752,0.7973635,1.51027,-1.050314,23.63675,-8.422353,-25.68868,0.7894983,1.544793,-1.051695,3.679935,-9.463868E-06,0,0.7852612,1.566558,-1.053804,2.453277,-5.811004E-06,0
2900,0.6985037,0.9266682,-1.338191,0.6103771,0.2911071,2.153769,0.6950505,1.287001,-1.374683,-1.795914,0.3704162,-0.5678623,0.6943344,1.595278,-1.357095,8.322112,-1.578942,4.025453,0.6184766,0.9262937,-1.335177,-2.767252,-0.368262,0.7340872,0.6226125,0.499501,-1.351339,5.685893,-0.003873228,0.03956468,0.6250886,0.07541353,-1.409817,7.462403,-2.042605,-7.216973,0.7785308,0.9270427,-1.341205,-2.85917,-0.7886509,3.266746,0.7740227,0.5002674,-1.357725,4.611846,0.003760378,0,0.7669038,0.07524517,-1.408532,6.661884,-2.077783,-5.573728,0.6244674,1.408899,-1.352613,-12.95412,-1.249251,1.219328,0.4951301,1.406138,-1.383823,-5.576224,14.86888,-48.40191,0.4522725,1.151984,-1.371186,14.93565,-5.098761E-05,-0.2624426,0.7636682,1.409755,-1.351205,-16.18703,5.667583,3.822235,0.8911183,1.424832,-1.386405,43.75949,-5.819384,-27.41316,0.9361987,1.236226,-1.216152,109.412,-0.0001067807,-79.57594,0.4486678,0.8774723,-1.297881,4.350011,-8.349469,0.3171355,0.8269014,1.461137,-1.081199,7.078895,-32.61908,2.073676,0.4685,0.8674034,-1.271278,45.51597,-12.28529,94.67414,0.4990763,0.84243,-1.27261,16.82929,35.04453,-9.85311,0.5065717,0.8141043,-1.266254,9.143401,-3.480523E-06,0,0.4623727,0.8581018,-1.278125,0,-14.88063,1.249762,0.4777337,0.8131788,-1.250471,38.66673,22.50998,-11.01567,0.4981575,0.773616,-1.260636,26.75935,-8.499609E-05,0,0.5167349,0.7578372,-1.274612,17.85768,-5.360583E-05,0,0.4563649,0.8533788,-1.285515,0,-1.729982E-06,0,0.4635376,0.8032758,-1.268126,34.58197,12.89005,-4.612356,0.4832321,0.7621363,-1.27898,31.31013,3.043562E-06,0,0.5045662,0.7464548,-1.294955,20.90246,2.752E-06,0,0.449966,0.8499082,-1.293626,3.069181,14.87364,-2.900701,0.4510317,0.798893,-1.288824,30.16351,-0.02642741,-2.149585,0.4699161,0.7604076,-1.297767,31.1918,4.653626E-05,0,0.4908813,0.7460758,-1.310124,20.82324,3.490186E-05,0,0.4441457,0.8491072,-1.301365,7.703165,29.67834,-7.043752,0.4402681,0.801788,-1.308776,20.74792,-10.60314,-2.782067,0.4515153,0.7687568,-1.314947,29.9602,0.0002141112,0,0.4670066,0.7547898,-1.32276,19.99889,0.0001519099,0,0.8565243,1.47912,-1.082452,53.09132,-10.85662,84.10365,0.8607368,1.510671,-1.105844,-0.3083766,7.82848,0.03956468,0.8646036,1.536733,-1.120154,-0.2027088,3.720975E-05,0,0.8458918,1.485268,-1.077967,0,-14.88066,1.249918,0.8669996,1.534386,-1.065291,6.071797,16.07442,18.48251,0.8714024,1.578745,-1.055365,8.266622,-2.407118E-05,0,0.8718535,1.606698,-1.052556,5.511605,-1.726028E-05,0,0.8358245,1.487137,-1.07511,0,6.25884E-06,0,0.8433127,1.537614,-1.058981,-2.92034,10.7175,12.01195,0.841772,1.58084,-1.040891,21.73654,-5.915805E-05,0,0.8363137,1.61125,-1.039573,14.50071,-4.868535E-05,0,0.8252282,1.487653,-1.072614,3.069245,14.87369,-2.900701,0.8188609,1.536069,-1.057054,-11.93784,2.141303,-6.754444,0.8133849,1.573682,-1.035306,23.96197,-9.639699E-06,0,0.8094016,1.601496,-1.032444,15.98762,-9.050855E-06,0,0.8157817,1.485895,-1.071169,7.703191,29.67843,-7.043752,0.7973773,1.528364,-1.05826,4.764482,-5.216362,-31.03041,0.7865511,1.561449,-1.051636,11.1747,-3.714436E-05,0,0.7817103,1.583185,-1.051223,7.451113,-2.653771E-05,0
2933,0.69862,0.9266887,-1.338122,0.6327289,0.3046775,2.274172,0.6945528,1.287003,-1.374753,-1.771004,0.5566211,-0.9099972,0.6929797,1.595291,-1.357373,8.226909,-1.790516,4.32042,0.6185995,0.9262983,-1.33494,-2.82847,-0.3559929,0.7595032,0.6226833,0.4995162,-1.351391,5.645246,-0.006797295,0.03956468,0.6250671,0.07542598,-1.409853,7.45801,-2.042957,-7.302696,0.7786406,0.9270791,-1.341304,-2.942843,-0.8087954,3.179585,0.7740143,0.5003222,-1.358261,4.485676,0.007005956,0,0.7668698,0.07524133,-1.408571,6.595317,-2.079195,-5.554638,0.6234642,1.408692,-1.353159,-12.79575,-1.336554,1.219007,0.4942466,1.405309,-1.384801,-5.626224,15.00339,-48.10624,0.4518933,1.151065,-1.372264,14.87638,-6.26758E-05,0.2229358,0.7626507,1.409975,-1.350908,-16.17916,6.126653,4.141322,0.8901542,1.426487,-1.38526,45.35934,-5.480369,-26.38532,0.9382902,1.244885,-1.208358,109.7821,-0.0001311758,-79.09624,0.4481613,0.8765593,-1.298945,4.349561,-8.374924,0.3189811,0.8269544,1.474246,-1.082895,8.604278,-32.30413,2.496224,0.4679852,0.8664991,-1.272331,45.52293,-12.30252,94.64763,0.4985659,0.8415297,-1.27364,16.88013,35.008,-9.875299,0.5060596,0.8131993,-1.267302,9.174918,-3.181318E-06,0,0.4618585,0.8571954,-1.279177,0,-14.88063,1.250075,0.4772063,0.8122821,-1.2515,38.66839,22.50286,-11.04614,0.4976327,0.7727142,-1.26164,26.75227,4.191666E-05,0,0.5162175,0.7569271,-1.275597,17.85292,3.651667E-05,0,0.455852,0.85247,-1.286566,0,-8.07166E-07,0,0.4630137,0.8023734,-1.269154,34.60563,12.8855,-4.64882,0.4827193,0.761236,-1.279995,31.21052,9.564556E-06,0,0.5040486,0.7455109,-1.295934,20.83578,1.694453E-05,0,0.4494548,0.8489968,-1.294677,3.069373,14.87364,-2.900701,0.4505127,0.7979835,-1.289853,30.13238,-0.03351992,-2.168982,0.4693809,0.7594813,-1.298758,31.25371,3.507908E-05,0,0.4903581,0.7451553,-1.311101,20.86468,2.612909E-05,0,0.4436364,0.8481933,-1.302418,7.703139,29.67834,-7.043752,0.4397547,0.8008716,-1.30981,20.64602,-10.61046,-2.854648,0.4509507,0.7678139,-1.315932,30.05502,0.0004045745,0,0.4664474,0.7538399,-1.323722,20.06236,0.0002888302,0,0.8561652,1.492752,-1.085489,52.17244,-14.45904,83.26387,0.8621561,1.522511,-1.110765,1.40653,7.841792,-0.1907741,0.8663914,1.547596,-1.126631,0.9287274,2.842642E-05,0,0.8454089,1.498955,-1.081392,0,-14.88066,1.250075,0.8654448,1.549279,-1.072181,2.151041,14.82673,20.16198,0.8706086,1.593663,-1.062743,9.693755,-2.586715E-05,0,0.8710839,1.621687,-1.060775,6.463323,-1.767639E-05,0,0.8353091,1.500792,-1.07863,0,1.504264E-06,0,0.8417069,1.552407,-1.066014,-8.751785,9.424064,12.93494,0.8412111,1.595171,-1.046801,22.88849,-2.549553E-05,0,0.836033,1.625614,-1.045176,15.2703,-1.799613E-05,0,0.8247099,1.501243,-1.076133,3.069245,14.87368,-2.900633,0.8173003,1.550456,-1.06389,-19.81588,1.088648,-6.886779,0.8130306,1.586683,-1.03966,24.94104,-0.0003860121,0,0.8094737,1.614376,-1.035408,16.64199,-0.000269556,0,0.8153085,1.499379,-1.074535,7.703165,29.67842,-7.043752,0.7959913,1.542214,-1.064483,-3.56123,-4.57471,-33.56359,0.7846389,1.574429,-1.055052,11.66802,-3.121628E-05,0,0.7794599,1.595993,-1.052989,7.780184,-2.39074E-05,0
2967,0.6987671,0.9266654,-1.337855,0.6617518,0.3353283,2.282162,0.6941813,1.286955,-1.374609,-1.762919,0.7108351,-1.176696,0.6918376,1.595253,-1.357395,8.083958,-1.895536,4.55178,0.6187472,0.9262339,-1.334661,-2.813482,-0.3158389,0.7636142,0.6227617,0.4994382,-1.350773,5.76932,-0.007836777,0.03956468,0.6250542,0.07542807,-1.409817,7.536427,-2.034369,-7.303771,0.7787869,0.9270969,-1.341049,-3.050564,-0.8538975,3.137687,0.7740176,0.5003647,-1.358576,4.358783,0.007554949,0,0.7668417,0.075241,-1.40852,6.53897,-2.095642,-5.59447,0.6226814,1.408464,-1.353364,-12.71031,-1.35944,1.218204,0.4935784,1.40469,-1.385426,-5.299532,14.74957,-47.51125,0.4521354,1.150302,-1.372786,14.68733,-5.608807E-05,0.8130105,0.761852,1.410102,-1.350453,-16.15075,6.520821,4.225309,0.8893827,1.427842,-1.384085,46.66401,-5.146851,-25.50685,0.9399852,1.251649,-1.202464,110.1496,-0.0001353929,-79.87935,0.4480047,0.8757881,-1.299516,4.340185,-8.409378,0.3189811,0.8271484,1.484222,-1.084478,9.082811,-32.09885,2.617933,0.4677082,0.8657399,-1.272809,45.53595,-12.32103,94.60677,0.4983035,0.840781,-1.273963,16.92999,34.99635,-9.902761,0.5057644,0.8124458,-1.267608,9.203125,-4.995667E-06,0,0.4616122,0.8564332,-1.279677,0,-14.88063,1.249918,0.4768342,0.8115326,-1.25191,38.65909,22.49838,-11.09844,0.497305,0.7719576,-1.261932,26.77938,-0.0001388416,0,0.5159655,0.756174,-1.275792,17.87107,-9.676073E-05,0,0.455639,0.8517044,-1.287091,0,-5.256363E-08,0,0.4627211,0.8016159,-1.269624,34.60814,12.87714,-4.681446,0.4824805,0.7604749,-1.280353,31.17343,1.240583E-05,0,0.5038833,0.7447277,-1.296171,20.81096,6.876053E-06,0,0.4492784,0.8482275,-1.29523,3.069309,14.87364,-2.900701,0.4503135,0.7972165,-1.290377,30.12607,-0.0345878,-2.142928,0.469218,0.7587075,-1.299175,31.24313,-9.600793E-06,0,0.4902439,0.7443678,-1.31142,20.85762,-1.260953E-05,0,0.443495,0.8474206,-1.302996,7.703139,29.67834,-7.043752,0.4396457,0.8000954,-1.310384,20.58921,-10.62191,-2.844412,0.4508435,0.7670223,-1.316419,30.03891,0.0002556974,0,0.4663594,0.7530228,-1.324124,20.05155,0.0001758789,0,0.8562734,1.502815,-1.087397,51.71357,-15.87115,83.10439,0.8633669,1.531647,-1.113449,1.545983,7.666576,-0.2046302,0.8682987,1.556103,-1.130077,1.021442,1.048444E-05,0,0.8454345,1.509086,-1.083637,0,-14.88066,1.250075,0.8650605,1.559829,-1.07597,0.4379019,14.60491,20.88245,0.8703239,1.604262,-1.066819,9.540153,5.001587E-06,0,0.8709329,1.632292,-1.06499,6.360912,3.399584E-06,0,0.8352938,1.510954,-1.081051,0,4.341013E-07,0,0.8412369,1.563016,-1.070175,-10.27669,9.336715,13.31027,0.8405604,1.605958,-1.051367,22.39573,-2.976496E-05,0,0.835425,1.636412,-1.049813,14.94109,-1.942617E-05,0,0.8246648,1.511423,-1.078687,3.069245,14.87368,-2.900701,0.8168204,1.560984,-1.068251,-22.83634,0.7094756,-7.168341,0.812813,1.596863,-1.043466,24.97222,-9.271551E-05,0,0.8094863,1.624519,-1.038804,16.66284,-6.49469E-05,0,0.8152577,1.509555,-1.077128,7.703165,29.67841,-7.043752,0.7955698,1.552588,-1.068789,-8.090778,-4.196662,-34.72008,0.7841069,1.584306,-1.057914,12.03346,-2.404441E-06,0,0.7789088,1.605768,-1.055008,8.023921,-4.339981E-06,0
3000,0.6990358,0.9266233,-1.337293,0.6731851,0.3655111,2.213109,0.6941078,1.286901,-1.374118,-1.751448,0.8170595,-1.328838,0.6911657,1.595205,-1.35704,8.001259,-1.890436,4.680567,0.6190124,0.9261492,-1.334195,-2.793162,-0.2619034,0.7517344,0.6228812,0.4993426,-1.350053,5.899502,-0.008774933,0.03956468,0.6250516,0.07543162,-1.409808,7.634477,-2.013281,-7.248357,0.7790592,0.9270974,-1.340391,-3.1691,-0.9123663,3.132691,0.7740719,0.5004008,-1.358707,4.237066,0.009837643,0,0.7668196,0.07526556,-1.408541,6.512467,-2.123583,-5.669876,0.6223356,1.408287,-1.353087,-12.71007,-1.430995,1.222213,0.4933329,1.404113,-1.385502,-5.36991,14.83525,-47.47305,0.4523465,1.149646,-1.372963,14.70145,-6.150165E-05,0.5319225,0.7614946,1.410172,-1.349799,-16.08881,6.739831,4.167626,0.8890567,1.428632,-1.382921,47.59055,-4.823246,-24.92494,0.9414326,1.256133,-1.198282,110.3347,-0.000104016,-79.68478,0.4485516,0.8751483,-1.299614,4.18156,-8.303108,0.3032579,0.827634,1.490563,-1.084989,8.538446,-32.04687,2.456307,0.4680164,0.8651173,-1.272726,45.54849,-12.33407,94.5659,0.4986335,0.8401734,-1.273592,16.95786,35.00601,-9.922083,0.5060362,0.8118373,-1.267173,9.217037,-1.091031E-05,0,0.4619842,0.8558059,-1.279644,0,-14.88065,1.250075,0.476965,0.810922,-1.251719,38.66198,22.49604,-11.11087,0.4975352,0.7713476,-1.261538,26.75313,-0.000131483,0,0.5163211,0.7555522,-1.275214,17.85351,-9.825108E-05,0,0.4560788,0.8510723,-1.287109,0,-9.211799E-06,0,0.4630135,0.8009937,-1.269554,34.5986,12.8696,-4.711977,0.4828764,0.759849,-1.280076,31.17089,-4.095231E-06,0,0.5044298,0.7440946,-1.295681,20.80924,-3.113255E-07,0,0.4497922,0.8475901,-1.295303,3.069245,14.87364,-2.900768,0.4507937,0.7965817,-1.290416,30.12864,-0.03814574,-2.160754,0.469787,0.7580734,-1.299023,31.19904,1.720571E-05,0,0.4909199,0.7437149,-1.31106,20.82808,8.956097E-06,0,0.444079,0.8467782,-1.30312,7.703165,29.67836,-7.043752,0.4403056,0.7994486,-1.310519,20.51141,-10.61621,-2.883033,0.4515229,0.7663578,-1.316419,30.06778,0.0002982154,0,0.4671012,0.7523432,-1.323969,20.0709,0.0002048608,0,0.8566109,1.509306,-1.088383,51.54676,-16.68357,83.04649,0.8638884,1.53772,-1.114842,2.332297,7.803023,-0.3165179,0.8685651,1.562018,-1.131772,1.540404,1.869326E-05,0,0.8457562,1.51556,-1.084638,0,-14.88067,1.249918,0.8650897,1.566539,-1.077847,-0.6705639,14.33578,21.32619,0.8705183,1.610936,-1.06862,9.200562,-1.88299E-05,0,0.8712892,1.638948,-1.066581,6.134466,-1.284922E-05,0,0.8356211,1.517396,-1.082008,0,2.463018E-06,0,0.8412858,1.56965,-1.071931,-10.6231,9.419573,13.49419,0.8404343,1.612743,-1.05348,20.88148,-1.197334E-05,0,0.8353761,1.643178,-1.051378,13.92958,-5.768743E-06,0,0.8250059,1.517828,-1.079577,3.069309,14.87368,-2.900768,0.8168977,1.567482,-1.069806,-23.67225,0.715291,-7.078673,0.8129525,1.60335,-1.044993,22.99992,4.546503E-05,0,0.8095647,1.630815,-1.039351,15.34476,2.926353E-05,0,0.8156228,1.51592,-1.077924,7.703165,29.67842,-7.04378,0.7957014,1.558938,-1.070071,-10.10638,-4.19576,-35.059,0.7843186,1.5904,-1.0584,10.85805,-2.999996E-05,0,0.7788993,1.611668,-1.054602,7.239854,-2.220665E-05,0
3033,0.6994246,0.9265772,-1.336392,0.6895542,0.3836335,2.103103,0.6943107,1.286841,-1.373313,-1.7381,0.8903166,-1.38395,0.6909045,1.595146,-1.356312,7.996669,-1.826308,4.723229,0.6193956,0.9260767,-1.333446,-2.850393,-0.2105982,0.7257769,0.6230414,0.4992789,-1.349593,5.92298,-0.009279317,0.02797646,0.6250525,0.07543254,-1.40981,7.700922,-1.982478,-7.17042,0.7794536,0.9270776,-1.339337,-3.33284,-0.9686671,3.158147,0.7741814,0.5004328,-1.358748,4.075061,0.009071927,0,0.7667941,0.07528806,-1.40848,6.486853,-2.159159,-5.750844,0.622366,1.408142,-1.35238,-12.74542,-1.419145,1.244898,0.4934199,1.40383,-1.385001,-5.338325,14.75749,-47.52427,0.4529356,1.149285,-1.372401,14.66889,-5.11133E-05,0.2349025,0.7615192,1.410202,-1.348954,-15.99476,6.780275,4.063415,0.8891339,1.428901,-1.381737,48.09112,-4.659132,-24.62324,0.9420909,1.258186,-1.195612,110.3138,-0.0001274547,-80.01283,0.4495408,0.8747753,-1.29908,4.04162,-8.238807,0.2914124,0.8280589,1.4934,-1.084195,8.594024,-32.08334,2.475279,0.4688303,0.8647666,-1.272058,45.55686,-12.33911,94.53592,0.4994699,0.8398438,-1.272708,16.95098,35.03041,-9.923806,0.5068396,0.8115134,-1.266227,9.210511,-2.558302E-06,0,0.4628495,0.855449,-1.279012,0,-14.88063,1.249762,0.4776668,0.8105855,-1.250967,38.67413,22.49653,-11.11615,0.4983271,0.7710214,-1.260638,26.69352,-0.0001360029,0,0.517204,0.7552105,-1.274169,17.81366,-9.004444E-05,0,0.4569968,0.8507088,-1.286515,0,-4.192137E-06,0,0.4638404,0.8006419,-1.268891,34.59421,12.86659,-4.725385,0.4837947,0.7595018,-1.279257,31.1525,2.114358E-05,0,0.5054598,0.7437423,-1.294701,20.79693,1.863634E-05,0,0.4507671,0.8472197,-1.294748,3.069309,14.87364,-2.900701,0.4517629,0.796214,-1.289832,30.09043,-0.04370296,-2.179064,0.4708154,0.7576988,-1.298276,31.27249,-1.379115E-05,0,0.4920471,0.7433617,-1.310163,20.87726,-6.866537E-06,0,0.4451068,0.8464012,-1.302604,7.703165,29.67835,-7.043752,0.4414081,0.7990664,-1.310006,20.41767,-10.60887,-2.897932,0.4526328,0.7659586,-1.315796,30.14423,0.0001072053,0,0.4682646,0.7519441,-1.323235,20.12205,7.910751E-05,0,0.8570645,1.512089,-1.087638,51.40725,-16.86513,83.00955,0.8645905,1.540322,-1.114221,2.217526,7.878276,-0.3039024,0.8695088,1.564517,-1.131232,1.4642,9.278636E-06,0,0.8462045,1.518381,-1.083973,0,-14.88067,1.249918,0.8655672,1.569391,-1.077502,-1.188115,14.23093,21.63868,0.8711806,1.613755,-1.068229,9.301512,-2.005322E-05,0,0.8720402,1.641765,-1.066202,6.201753,-1.241138E-05,0,0.8360632,1.520247,-1.081388,0,6.919594E-07,0,0.8417484,1.572569,-1.071682,-11.28085,9.4863,13.70943,0.8409265,1.61559,-1.053065,20.46657,-5.939832E-06,0,0.8359825,1.64602,-1.050641,13.65247,-3.986013E-06,0,0.8254411,1.520707,-1.078993,3.069309,14.87368,-2.900768,0.8173518,1.57044,-1.069616,-24.64716,0.8593527,-6.976708,0.8134183,1.606071,-1.044462,22.58243,-0.0001096435,0,0.810048,1.633439,-1.038357,15.06582,-7.443963E-05,0,0.8160511,1.518821,-1.077355,7.703165,29.67842,-7.04378,0.7961481,1.561915,-1.069883,-11.94829,-3.714848,-35.03144,0.7846969,1.593035,-1.057392,11.06457,-6.573671E-05,0,0.7792303,1.614202,-1.053128,7.377701,-4.604231E-05,0
3067,0.6998707,0.9265301,-1.335259,0.6935157,0.3897663,2.006133,0.694663,1.28679,-1.372204,-1.735058,0.9414039,-1.370736,0.6909036,1.595091,-1.355216,8.004275,-1.741357,4.692563,0.6198369,0.9260196,-1.332449,-2.967881,-0.1694046,0.7002546,0.6232266,0.499252,-1.349428,5.838316,-0.01086846,0.02797646,0.6250633,0.07543382,-1.409849,7.732206,-1.95087,-7.105504,0.7799045,0.9270405,-1.338069,-3.522534,-1.015563,3.186842,0.7743201,0.5004649,-1.358864,3.870548,0.009614238,0,0.7667973,0.07530728,-1.408465,6.461442,-2.186618,-5.812037,0.6226137,1.408028,-1.351264,-12.80894,-1.419274,1.289223,0.4937011,1.403602,-1.384002,-5.534455,14.86919,-47.91444,0.4534307,1.149022,-1.371426,14.71765,-6.062987E-05,-0.3815487,0.7617657,1.410212,-1.347866,-15.89806,6.72029,3.956512,0.8894311,1.428881,-1.380467,48.12417,-4.608107,-24.52213,0.9422646,1.258078,-1.194388,110.3193,-0.000111581,-80.36234,0.4507667,0.8744831,-1.298184,3.877069,-8.167537,0.2762456,0.8285466,1.49342,-1.082917,8.229605,-32.03454,2.366205,0.4699252,0.8645014,-1.271059,45.55975,-12.34315,94.52773,0.500592,0.8396082,-1.271541,16.95493,35.03823,-9.928086,0.5079508,0.811286,-1.265011,9.211727,-2.598104E-06,0,0.4639887,0.8551759,-1.278041,0,-14.88064,1.250075,0.4787008,0.8103358,-1.249903,38.68539,22.4992,-11.1276,0.4994482,0.7707897,-1.25946,26.62587,2.110553E-05,0,0.5183991,0.7549677,-1.272875,17.7684,1.377469E-05,0,0.4581791,0.8504279,-1.285571,0,-6.550741E-06,0,0.4649761,0.8003734,-1.267895,34.58844,12.86889,-4.71879,0.4850162,0.759245,-1.27814,31.14071,5.308466E-06,0,0.5067703,0.7434909,-1.293465,20.78903,-1.407887E-06,0,0.4519951,0.8469301,-1.293836,3.069373,14.87364,-2.900768,0.4530109,0.7959272,-1.288896,30.11639,-0.04959505,-2.169342,0.4721577,0.7574356,-1.297234,31.1486,-9.017877E-06,0,0.4934437,0.7430719,-1.308991,20.79432,-1.136833E-05,0,0.4463762,0.8461038,-1.30172,7.703165,29.67835,-7.04378,0.442758,0.798763,-1.309124,20.29583,-10.59723,-2.928907,0.4539771,0.7656368,-1.314819,30.30853,-4.059039E-05,0,0.4696695,0.7516469,-1.322176,20.23201,-2.207037E-05,0,0.8576291,1.512036,-1.086099,51.39439,-16.99229,82.82785,0.8654394,1.540437,-1.11242,1.892482,8.363749,-0.2755364,0.8707403,1.564848,-1.129,1.248352,2.241936E-05,0,0.8467767,1.518335,-1.082425,0,-14.88067,1.250075,0.8662891,1.569224,-1.075467,-1.427247,14.22977,21.6998,0.8720593,1.613448,-1.06564,9.214883,-6.832597E-06,0,0.873058,1.641424,-1.063238,6.143982,-4.308232E-06,0,0.8366321,1.520215,-1.079863,0,4.135254E-06,0,0.8424592,1.572437,-1.069713,-11.65949,9.56522,13.91503,0.8417039,1.615182,-1.050467,19.95466,-5.697061E-05,0,0.8369277,1.645575,-1.047348,13.31058,-3.889434E-05,0,0.8260024,1.520693,-1.077505,3.069245,14.87369,-2.900701,0.8180477,1.570376,-1.067757,-25.11353,0.9770758,-6.734437,0.8141269,1.6056,-1.042034,21.89227,0.0002637599,0,0.8107854,1.632788,-1.03516,14.60474,0.0001821608,0,0.8165998,1.518826,-1.075918,7.703165,29.67843,-7.043808,0.7968161,1.561926,-1.068174,-13.09923,-3.211686,-34.83268,0.785272,1.592642,-1.054797,11.12286,-6.315019E-05,0,0.7797304,1.613665,-1.049958,7.416562,-4.24662E-05,0
3100,0.7004508,0.9264948,-1.334197,0.6838553,0.3908762,1.947223,0.6952024,1.28676,-1.371093,-1.740801,0.9695549,-1.317895,0.6912101,1.59506,-1.354101,7.981607,-1.644206,4.606151,0.6204141,0.9259813,-1.331469,-3.097814,-0.1273853,0.6807005,0.6234885,0.4992535,-1.349477,5.693161,-0.0111716,0,0.6250674,0.07542697,-1.409846,7.728017,-1.911762,-7.071214,0.7804874,0.9270083,-1.336924,-3.724783,-1.064811,3.208759,0.7745193,0.5005174,-1.359291,3.599946,0.01008928,0,0.7668146,0.07531291,-1.408461,6.402972,-2.213821,-5.83976,0.6231091,1.407959,-1.350077,-12.89302,-1.408603,1.329574,0.4942159,1.4035,-1.382887,-5.770611,14.98932,-48.35322,0.4540744,1.148892,-1.370487,14.82223,-6.175727E-05,-0.8623004,0.7622629,1.410215,-1.346805,-15.80291,6.628324,3.83497,0.8899717,1.428736,-1.379321,47.91702,-4.738095,-24.47569,0.9418541,1.256617,-1.194189,110.2903,-0.0001145087,-80.30712,0.4522851,0.8743238,-1.297327,3.750245,-8.122376,0.2661444,0.8291419,1.491777,-1.081322,8.131201,-32.03466,2.337829,0.4714216,0.8643733,-1.270174,45.56004,-12.34451,94.51076,0.5021191,0.8395171,-1.27061,16.92802,35.03244,-9.910323,0.5095122,0.8112082,-1.264061,9.197913,-4.611367E-06,0,0.4655049,0.8550386,-1.277161,0,-14.88061,1.249918,0.4802352,0.8102247,-1.248991,38.67746,22.5029,-11.11583,0.5010366,0.7706971,-1.258507,26.61783,1.406591E-06,0,0.5200186,0.7548867,-1.271891,17.76306,1.322273E-05,0,0.4597104,0.8502813,-1.284697,0,7.052301E-06,0,0.4665448,0.8002404,-1.266997,34.5702,12.8731,-4.698029,0.4866357,0.7591256,-1.277197,31.16625,2.596899E-05,0,0.5084254,0.7433955,-1.292496,20.80613,2.436386E-05,0,0.4535409,0.8467737,-1.292969,3.069309,14.87364,-2.900701,0.4546113,0.7957735,-1.288011,30.05347,-0.04724352,-2.184536,0.473779,0.7572795,-1.29629,31.29893,5.755479E-05,0,0.4951161,0.7429748,-1.308026,20.89496,4.660442E-05,0,0.4479329,0.8459383,-1.30086,7.703139,29.67833,-7.043725,0.4443803,0.7985909,-1.308254,20.24221,-10.58622,-2.915912,0.4556157,0.7654647,-1.313916,30.32065,0.0003716376,0,0.4713217,0.7514789,-1.321252,20.24012,0.0002655808,0,0.8583044,1.510288,-1.084381,51.27979,-17.10231,82.82163,0.8663167,1.538871,-1.110442,2.005255,8.598903,-0.2993615,0.8717361,1.563473,-1.1267,1.32175,2.066574E-05,0,0.8474814,1.516608,-1.080655,0,-14.88066,1.249762,0.86722,1.567358,-1.073334,-1.682374,14.21928,21.71923,0.8732386,1.611434,-1.063001,9.016285,-2.535397E-05,0,0.874452,1.639364,-1.060201,6.011543,-1.617567E-05,0,0.8373462,1.518513,-1.078075,0,5.169668E-06,0,0.8434069,1.570633,-1.067545,-11.94443,9.653959,13.97409,0.8428163,1.613138,-1.047768,19.48144,-2.501795E-05,0,0.8382499,1.643494,-1.044034,12.99459,-2.141823E-05,0,0.8267198,1.51902,-1.075708,3.069245,14.87369,-2.900768,0.8189875,1.568665,-1.065593,-25.47997,1.130041,-6.5779,0.8151769,1.603534,-1.039374,21.71947,-0.0001554145,0,0.811896,1.630607,-1.032033,14.4893,-0.0001097126,0,0.8173097,1.517182,-1.074131,7.703139,29.67843,-7.04378,0.7977186,1.560312,-1.066061,-13.90956,-2.764171,-34.55135,0.7861582,1.590703,-1.051978,11.38588,-5.444575E-05,0,0.7806131,1.611635,-1.046761,7.591971,-3.590147E-05,0
3133,0.7008611,0.9264894,-1.33329,0.6623429,0.368607,1.93391,0.6956899,1.28677,-1.370049,-1.762586,0.9738292,-1.238279,0.691605,1.59507,-1.35301,7.91418,-1.55274,4.48943,0.6208236,0.9260057,-1.330581,-3.275066,-0.123452,0.6723125,0.6236634,0.4993413,-1.350069,5.408924,-0.009939015,0.01978234,0.6250519,0.07542446,-1.409806,7.643854,-1.880658,-7.066607,0.7808986,0.926973,-1.335998,-3.916917,-1.076898,3.222822,0.7746323,0.5005727,-1.359955,3.300492,0.01212586,0,0.7668442,0.07529759,-1.408497,6.323008,-2.221885,-5.833983,0.6236117,1.407953,-1.34889,-12.98103,-1.427272,1.361713,0.4947254,1.403454,-1.381722,-5.990212,15.11767,-48.60983,0.4545881,1.14883,-1.369633,14.92709,-5.731871E-05,-1.127438,0.7627698,1.410224,-1.345811,-15.67932,6.490373,3.707765,0.8905434,1.428447,-1.37824,47.62169,-4.817027,-24.52622,0.9414586,1.254701,-1.194363,110.196,-9.639429E-05,-80.30248,0.4533783,0.874228,-1.296589,3.690615,-8.134283,0.261696,0.8296819,1.489298,-1.079414,7.977572,-32.0171,2.292174,0.4725295,0.8643121,-1.269434,45.55817,-12.34188,94.49846,0.5032589,0.8394952,-1.269864,16.88452,35.02842,-9.882882,0.5107017,0.8112031,-1.263299,9.174961,-1.189167E-05,0,0.466625,0.8549671,-1.276417,0,-14.88063,1.249918,0.4814169,0.8101823,-1.248234,38.66981,22.51066,-11.08068,0.5022635,0.7706755,-1.257737,26.61532,6.73603E-06,0,0.5212577,0.7548801,-1.271122,17.76136,8.455099E-07,0,0.4608364,0.8501996,-1.283952,0,-4.465593E-06,0,0.4677389,0.8001738,-1.266235,34.55902,12.87585,-4.697195,0.4878775,0.7590781,-1.276419,31.18547,1.279756E-05,0,0.5096886,0.7433759,-1.291716,20.81898,2.921549E-06,0,0.4546712,0.846681,-1.292222,3.069245,14.87364,-2.900701,0.4558102,0.7956839,-1.287248,30.01225,-0.04031392,-2.173579,0.4750037,0.7571976,-1.295503,31.40171,3.721735E-05,0,0.4963686,0.7429432,-1.30725,20.96376,2.531065E-05,0,0.4490639,0.8458354,-1.300112,7.703139,29.67834,-7.043725,0.4455743,0.7984809,-1.30749,20.14749,-10.57321,-2.982357,0.4568022,0.7653475,-1.313125,30.4411,0.0005625002,0,0.4725353,0.7513883,-1.320454,20.32074,0.0003948979,0,0.8589218,1.507721,-1.08226,51.17165,-17.16398,82.76787,0.8671117,1.536598,-1.10794,2.184536,8.806841,-0.3345502,0.872591,1.561455,-1.123784,1.439399,2.111984E-05,0,0.848125,1.514043,-1.078463,0,-14.88067,1.249918,0.8680751,1.564624,-1.070562,-1.766025,14.24021,21.69506,0.8742745,1.608537,-1.059661,9.100987,-4.463761E-06,0,0.8755829,1.636429,-1.056537,6.068019,-3.458467E-06,0,0.8379977,1.515961,-1.075862,0,7.205177E-06,0,0.8442754,1.567932,-1.064737,-12.26276,9.74257,14.04673,0.8438337,1.610095,-1.044237,19.52039,-1.719138E-05,0,0.8393655,1.6404,-1.040004,13.02063,-1.709353E-05,0,0.8273733,1.516486,-1.073489,3.069309,14.87369,-2.900633,0.8198478,1.566044,-1.062808,-25.64824,1.237199,-6.34962,0.8161276,1.600536,-1.036083,21.64132,-0.0007008971,0,0.8128865,1.627493,-1.028309,14.4371,-0.0004834308,0,0.8179556,1.51467,-1.071933,7.703165,29.67844,-7.04378,0.7985443,1.557786,-1.063373,-14.44993,-2.444553,-34.18728,0.7869941,1.587867,-1.048629,11.56216,-5.835695E-05,0,0.7814512,1.608701,-1.043032,7.709583,-4.105069E-05,0
3167,0.7013125,0.926518,-1.332584,0.6370438,0.3441406,1.969011,0.6962386,1.286816,-1.369159,-1.797547,0.9615018,-1.145859,0.6921754,1.595115,-1.352016,7.829374,-1.48522,4.365607,0.6212765,0.9260679,-1.329828,-3.498775,-0.1227312,0.6858553,0.623856,0.4994904,-1.351167,5.015635,-0.01122429,0,0.6250476,0.0754236,-1.409834,7.49978,-1.847389,-7.086788,0.7813486,0.926968,-1.335341,-4.125545,-1.087359,3.225312,0.7747508,0.5006735,-1.361028,2.922283,0.01241276,0,0.7668713,0.07527933,-1.408501,6.190204,-2.228362,-5.791869,0.6242148,1.407998,-1.347813,-13.06385,-1.396736,1.381119,0.4953189,1.403618,-1.380623,-5.889359,14.94087,-48.47002,0.4554188,1.148944,-1.368785,14.93049,-6.066058E-05,-0.9333511,0.763378,1.410245,-1.344957,-15.5795,6.372842,3.598803,0.8911938,1.428189,-1.377376,47.38129,-4.89737,-24.61914,0.9412844,1.253005,-1.194641,110.0504,-0.0001317745,-80.34061,0.454327,0.8743008,-1.295895,3.718944,-8.214938,0.2661444,0.8302395,1.486892,-1.077554,7.764199,-32.09223,2.236159,0.4735226,0.8644198,-1.268759,45.55523,-12.33817,94.47689,0.5042835,0.8396426,-1.269216,16.80737,35.01795,-9.833454,0.5117941,0.8113714,-1.262639,9.134628,2.052935E-06,0,0.4676231,0.8550646,-1.275732,0,-14.88062,1.249918,0.4825083,0.8103091,-1.247551,38.65752,22.5178,-11.07318,0.5033899,0.7708225,-1.257062,26.63321,-3.337719E-05,0,0.5223897,0.7550507,-1.270466,17.77332,-1.206209E-05,0,0.4618325,0.8502867,-1.283259,0,2.644578E-06,0,0.4688237,0.800276,-1.265534,34.55199,12.87771,-4.688137,0.4890028,0.7592021,-1.275725,31.19818,2.879609E-05,0,0.5108174,0.7435274,-1.291045,20.82751,1.855185E-05,0,0.4556627,0.8467571,-1.291521,3.069245,14.87364,-2.900768,0.4568774,0.7957631,-1.286532,29.98365,-0.04368887,-2.147125,0.4761002,0.7572907,-1.294783,31.48059,3.866943E-05,0,0.4974787,0.7430829,-1.306561,21.01657,3.99066E-05,0,0.4500476,0.8459013,-1.299404,7.703139,29.67833,-7.043752,0.4466147,0.7985396,-1.306764,20.0717,-10.57381,-3.003222,0.4578437,0.7654035,-1.312381,30.53276,0.0004901492,0,0.4735926,0.7514688,-1.319722,20.38209,0.0003492328,0,0.8595726,1.505199,-1.08018,51.0821,-17.17239,82.68682,0.8679227,1.534385,-1.105455,2.183013,8.929444,-0.3386196,0.8735389,1.559463,-1.120898,1.437766,6.979703E-06,0,0.8488093,1.511528,-1.076301,0,-14.88067,1.249918,0.8690202,1.561903,-1.067776,-1.915506,14.28404,21.69146,0.8754374,1.605616,-1.056213,9.043983,-1.210759E-05,0,0.8769032,1.633447,-1.052648,6.030005,-6.971874E-06,0,0.8386925,1.513465,-1.073673,0,1.162993E-06,0,0.8452392,1.565261,-1.061902,-12.42248,9.877259,14.03711,0.8449317,1.6071,-1.040749,19.18806,-5.847256E-07,0,0.8406397,1.637336,-1.035883,12.79868,-1.617489E-06,0,0.8280716,1.514015,-1.071291,3.069309,14.87368,-2.900701,0.8208027,1.563474,-1.05999,-25.69423,1.344669,-6.227716,0.8171927,1.597611,-1.032799,21.33282,-0.0004506535,0,0.8140342,1.624426,-1.024515,14.23104,-0.0003087069,0,0.8186451,1.512227,-1.069755,7.703165,29.67841,-7.043752,0.7994571,1.555332,-1.060651,-14.8319,-2.212063,-33.92819,0.7879793,1.585141,-1.04531,11.61841,-6.940805E-05,0,0.7824708,1.605877,-1.039331,7.747092,-4.376967E-05,0
3200,0.7018117,0.9265658,-1.332215,0.6100564,0.3196776,2.032399,0.6968346,1.286882,-1.368559,-1.847056,0.9423314,-1.055176,0.6928527,1.595175,-1.351228,7.750865,-1.443029,4.259839,0.6217785,0.9261495,-1.32937,-3.702004,-0.1196532,0.7116191,0.6240701,0.4996595,-1.352422,4.614564,-0.01102258,0,0.6250196,0.07541883,-1.409823,7.329059,-1.807265,-7.122959,0.7818448,0.926982,-1.33506,-4.339056,-1.101074,3.223855,0.7748724,0.5008041,-1.362521,2.477176,0.01083913,0,0.766886,0.07524464,-1.40847,5.999923,-2.237623,-5.725122,0.6248793,1.408066,-1.346997,-13.1135,-1.427176,1.397038,0.4959614,1.403683,-1.37972,-5.925759,14.97118,-48.47028,0.4560331,1.149007,-1.368047,14.94035,-6.595179E-05,-0.8448781,0.7640475,1.410271,-1.34436,-15.50532,6.290421,3.517862,0.8918831,1.428012,-1.376813,47.20403,-4.940107,-24.71554,0.9414855,1.251711,-1.195021,109.8789,-0.0001117299,-80.31857,0.4549846,0.8743176,-1.295329,3.775172,-8.30895,0.2733977,0.8309211,1.484818,-1.075941,7.615148,-31.98532,2.185432,0.4742662,0.8644646,-1.268244,45.55431,-12.33321,94.46864,0.5050545,0.839723,-1.268783,16.74,35.0269,-9.794645,0.5126308,0.8114701,-1.262203,9.097338,-2.244754E-06,0,0.4683591,0.855101,-1.2752,0,-14.88063,1.249918,0.483376,0.8103684,-1.247052,38.66688,22.51479,-11.07848,0.504285,0.7709096,-1.256617,26.57215,-4.804479E-05,0,0.5232599,0.7551384,-1.270058,17.73246,-3.417936E-05,0,0.4625539,0.8503147,-1.28271,0,-6.041321E-07,0,0.4696549,0.8003156,-1.264996,34.54677,12.87571,-4.675166,0.4898551,0.7592631,-1.275231,31.20453,3.996757E-06,0,0.511646,0.743613,-1.29061,20.83175,2.806896E-06,0,0.4563661,0.8467762,-1.290954,3.069245,14.87364,-2.900701,0.4576569,0.7957846,-1.28596,29.99532,-0.04608579,-2.146395,0.4769117,0.7573388,-1.294261,31.43326,-1.352926E-06,0,0.4982689,0.7431402,-1.306089,20.98487,-6.096153E-06,0,0.4507306,0.8459122,-1.298822,7.703139,29.67834,-7.043725,0.4473358,0.7985452,-1.306165,20.02131,-10.57746,-3.029572,0.4585656,0.7654111,-1.311792,30.58401,-0.0001352352,0,0.4743145,0.7514951,-1.319168,20.41641,-9.883841E-05,0,0.8602554,1.503147,-1.078391,50.98321,-17.16591,82.65715,0.8686031,1.53264,-1.103308,2.065354,9.069671,-0.3250574,0.8742836,1.557929,-1.118379,1.359555,2.177032E-05,0,0.8494956,1.509436,-1.074437,0,-14.88066,1.249918,0.8697203,1.559714,-1.065389,-2.019648,14.3442,21.70354,0.8761226,1.603281,-1.053279,9.036963,-2.707392E-06,0,0.8775808,1.631065,-1.049361,6.025354,-2.225815E-06,0,0.839381,1.511347,-1.071782,0,4.316426E-06,0,0.8459438,1.563013,-1.059464,-12.58285,9.971493,14.03753,0.8456033,1.604559,-1.03774,19.05535,-3.708344E-05,0,0.8413172,1.634715,-1.032397,12.7101,-2.990265E-05,0,0.8287618,1.511872,-1.069387,3.069309,14.87368,-2.900701,0.8215083,1.561209,-1.057554,-25.75578,1.440863,-6.118114,0.8178601,1.595013,-1.029954,21.28257,-0.0002471872,0,0.8146552,1.621712,-1.021324,14.19747,-0.000170691,0,0.8193359,1.51007,-1.067863,7.703165,29.67842,-7.043752,0.800161,1.553078,-1.058287,-15.10569,-1.972846,-33.71832,0.7885963,1.5826,-1.042464,11.66316,-1.941327E-05,0,0.783015,1.603224,-1.036173,7.776929,-1.541204E-05,0
3233,0.7021817,0.926624,-1.332112,0.5851721,0.2999728,2.103196,0.6972693,1.286956,-1.368213,-1.903926,0.9270278,-0.9681343,0.69336,1.595238,-1.350633,7.693095,-1.416155,4.179217,0.622152,0.926235,-1.329169,-3.881864,-0.1213677,0.7367479,0.624226,0.4998291,-1.353745,4.22466,-0.009317515,0,0.6249898,0.07540467,-1.409775,7.144601,-1.77442,-7.166013,0.7822114,0.927013,-1.335056,-4.543295,-1.1107,3.220269,0.7749251,0.5009525,-1.364206,2.022166,0.01081996,0,0.7669167,0.07521537,-1.408475,5.788247,-2.236665,-5.653849,0.6253735,1.408135,-1.346423,-13.15124,-1.414932,1.410837,0.4964249,1.403843,-1.379038,-5.740917,14.8275,-48.24358,0.456552,1.14916,-1.367323,14.81343,-6.038754E-05,-0.6138933,0.764546,1.410307,-1.343998,-15.45775,6.242473,3.459495,0.8923769,1.427938,-1.376529,47.095,-4.947439,-24.78362,0.9418473,1.250872,-1.195447,109.7044,-0.0001109436,-80.33193,0.4549976,0.8743908,-1.294916,3.878534,-8.458648,0.2866737,0.8316054,1.483242,-1.074642,7.502657,-31.82495,2.141649,0.4743174,0.8645557,-1.267852,45.55551,-12.33375,94.47186,0.5051287,0.8398435,-1.268425,16.70333,35.02241,-9.77125,0.5127513,0.8116034,-1.261842,9.078115,-3.595548E-06,0,0.4684116,0.8551866,-1.274801,0,-14.88064,1.249762,0.4835005,0.8104678,-1.24667,38.65873,22.51752,-11.07368,0.5044316,0.7710255,-1.256255,26.5619,-6.529253E-05,0,0.5234032,0.7552647,-1.269712,17.72563,-4.72732E-05,0,0.4626029,0.850395,-1.282305,0,-6.40219E-06,0,0.4697694,0.8004023,-1.264599,34.54327,12.8757,-4.660351,0.4899953,0.7593675,-1.274855,31.20117,3.076415E-05,0,0.5117807,0.7437343,-1.290259,20.82952,3.136861E-05,0,0.4564094,0.8468507,-1.290543,3.069309,14.87364,-2.900633,0.4577532,0.7958603,-1.285551,29.99205,-0.0561544,-2.144662,0.4770374,0.757432,-1.293864,31.42121,-4.034524E-06,0,0.4983943,0.7432475,-1.30571,20.97683,-3.41237E-06,0,0.4507663,0.8459815,-1.298405,7.703165,29.67835,-7.043752,0.4474078,0.7986115,-1.305744,19.9897,-10.57983,-3.015971,0.4586473,0.7654811,-1.311374,30.59257,-0.0001540355,0,0.4743951,0.7515731,-1.318768,20.42211,-0.0001071006,0,0.8609077,1.501642,-1.076947,50.90487,-17.17492,82.57257,0.8692078,1.531398,-1.101564,1.981891,9.171958,-0.315279,0.8748891,1.556866,-1.11633,1.304313,2.146641E-06,0,0.8501402,1.507877,-1.07293,0,-14.88066,1.249918,0.8702875,1.558106,-1.063444,-2.015962,14.43076,21.57896,0.8765582,1.601578,-1.050934,9.146968,-1.717007E-05,0,0.8779089,1.629338,-1.046811,6.098729,-1.104293E-05,0,0.8400241,1.509747,-1.070251,0,2.289899E-06,0,0.8465095,1.561311,-1.057475,-12.72202,10.05024,14.00627,0.8460701,1.602603,-1.035273,19.03354,2.425044E-05,0,0.841723,1.632685,-1.029574,12.69552,1.993197E-05,0,0.8294055,1.510234,-1.067845,3.069309,14.87368,-2.900701,0.8220782,1.55945,-1.055566,-25.75179,1.491301,-6.05751,0.8183538,1.592993,-1.02766,21.14316,-0.0001040328,0,0.8150809,1.619583,-1.018722,14.10435,-7.194607E-05,0,0.8199837,1.508402,-1.066331,7.703191,29.67842,-7.043752,0.8007439,1.551291,-1.056358,-15.32213,-1.762004,-33.58617,0.7890483,1.580545,-1.04014,11.87801,-8.212606E-05,0,0.7833958,1.601088,-1.033649,7.920255,-5.494476E-05,-0.02797646
3267,0.7024686,0.9266769,-1.332124,0.5702693,0.2867267,2.167176,0.6976631,1.287017,-1.36799,-1.971892,0.8888009,-0.8820438,0.6939374,1.595285,-1.350088,7.650476,-1.377779,4.127159,0.6224422,0.9263065,-1.329092,-4.034879,-0.1210754,0.7602757,0.6243398,0.4999735,-1.354916,3.897672,-0.00885994,0,0.6249631,0.07539478,-1.409765,6.986569,-1.745915,-7.205574,0.7824951,0.9270472,-1.335156,-4.78299,-1.124152,3.211991,0.7749046,0.5011246,-1.366184,1.501417,0.01057801,0,0.7669389,0.07518575,-1.408475,5.532862,-2.233443,-5.593524,0.6258753,1.408215,-1.34595,-13.15816,-1.456773,1.425738,0.4968823,1.403944,-1.378391,-5.654612,14.80726,-47.98952,0.456847,1.149284,-1.366732,14.73886,-4.387538E-05,-0.4140146,0.7650527,1.410299,-1.343734,-15.44217,6.235707,3.431366,0.8928555,1.427873,-1.376406,47.04067,-4.923583,-24.85381,0.942502,1.25032,-1.195849,109.5924,-8.656165E-05,-80.14935,0.454717,0.8744599,-1.294548,3.98934,-8.582935,0.3000144,0.8323908,1.482111,-1.073818,7.391996,-31.66822,2.099004,0.4740657,0.8646327,-1.267502,45.55753,-12.33527,94.46893,0.5048921,0.83994,-1.268104,16.66643,35.01379,-9.746791,0.5125512,0.8117089,-1.261525,9.059222,-6.576148E-06,0,0.4681595,0.855261,-1.274447,0,-14.88064,1.249918,0.4832985,0.8105475,-1.246335,38.64341,22.5235,-11.08967,0.5042357,0.7711125,-1.255936,26.57263,-0.0001117032,0,0.5232067,0.7553633,-1.269408,17.73281,-8.228752E-05,0,0.4623471,0.850467,-1.281947,0,-7.465919E-06,0,0.469558,0.8004763,-1.264253,34.5359,12.87527,-4.655684,0.4897959,0.759452,-1.274527,31.20234,-3.054921E-06,0,0.511576,0.7438306,-1.28995,20.83031,1.339333E-05,0,0.4561487,0.8469201,-1.29018,3.069245,14.87364,-2.900768,0.4575266,0.7959298,-1.285195,29.98967,-0.06174199,-2.177447,0.4768272,0.7575135,-1.293526,31.4123,9.906799E-06,0,0.4981858,0.7433391,-1.305381,20.97085,5.946655E-06,0,0.4504993,0.8460485,-1.298037,7.703165,29.67835,-7.043752,0.4471624,0.7986774,-1.305379,19.92552,-10.57609,-3.033769,0.4583829,0.7655405,-1.311008,30.69848,-9.944155E-05,0,0.4741426,0.7516556,-1.31842,20.49304,-7.193586E-05,0,0.8616107,1.50064,-1.076131,50.84995,-17.20704,82.50411,0.8697301,1.530576,-1.100591,1.979618,9.364404,-0.3220336,0.8752798,1.556202,-1.115131,1.302061,2.257755E-05,0,0.8508332,1.506811,-1.072041,0,-14.88067,1.250075,0.8708144,1.557069,-1.062359,-1.968315,14.54595,21.5295,0.8768607,1.600515,-1.049651,9.262383,-2.409568E-05,0,0.8780264,1.62827,-1.04544,6.175619,-1.621332E-05,0,0.8407197,1.508626,-1.069315,0,7.943685E-06,0,0.847046,1.560147,-1.056286,-12.79888,10.14924,13.98067,0.8464544,1.60128,-1.033795,18.92822,-2.003646E-05,0,0.8419932,1.631292,-1.027823,12.62522,-1.432281E-05,0,0.8301082,1.509057,-1.066867,3.069309,14.87369,-2.900701,0.8226296,1.558177,-1.054297,-25.74409,1.540787,-5.973007,0.8188359,1.591551,-1.026199,21.0921,-0.0002452422,0,0.8154538,1.618067,-1.017082,14.07024,-0.0001694767,0,0.8206995,1.50718,-1.065329,7.703191,29.67845,-7.043752,0.8013252,1.549937,-1.055055,-15.46409,-1.611564,-33.42597,0.7895058,1.578983,-1.038556,12.02262,-5.330714E-05,0,0.7837591,1.599457,-1.03193,8.016725,-3.597355E-05,0
3300,0.7026765,0.9267238,-1.332087,0.5661368,0.2794343,2.219555,0.6979435,1.287065,-1.367771,-2.035094,0.8582523,-0.7962303,0.6943703,1.595317,-1.349545,7.635609,-1.351902,4.091272,0.6226528,0.9263642,-1.328982,-4.186802,-0.1197748,0.7883269,0.624415,0.5001024,-1.355965,3.599238,-0.008313471,0,0.6249432,0.07538828,-1.409757,6.845616,-1.720817,-7.230797,0.7827002,0.9270834,-1.335192,-5.167443,-1.145825,3.199778,0.7747502,0.501386,-1.369089,0.7249676,0.01184511,0,0.7669731,0.07516783,-1.408503,5.152634,-2.226147,-5.547083,0.6262475,1.408273,-1.345491,-13.1594,-1.467682,1.438855,0.4972052,1.404074,-1.377745,-5.642016,14.85852,-47.92904,0.4568569,1.149462,-1.366108,14.69196,-6.326551E-05,-0.4343124,0.7654291,1.410288,-1.343484,-15.44794,6.237427,3.41128,0.8931869,1.42784,-1.376343,47.00747,-4.89605,-24.90871,0.9431474,1.24993,-1.196224,109.5243,-0.0001139824,-80.11543,0.4542815,0.8745828,-1.294151,4.062691,-8.676565,0.3083766,0.8331527,1.481281,-1.073256,7.548343,-31.52234,2.133225,0.4736473,0.8647554,-1.267116,45.56394,-12.34014,94.45448,0.5044836,0.8400757,-1.26774,16.62753,35.02415,-9.725627,0.5121638,0.8118504,-1.261161,9.037094,-6.847993E-07,0,0.46774,0.8553835,-1.274061,0,-14.88063,1.249918,0.4829065,0.8106685,-1.245965,38.63926,22.5244,-11.10027,0.5038478,0.7712398,-1.255584,26.54308,4.921634E-06,0,0.5228122,0.7554859,-1.269059,17.71305,1.203018E-05,0,0.461925,0.8505894,-1.281558,0,-2.200253E-06,0.02797646,0.4691593,0.8005971,-1.263879,34.52444,12.87519,-4.65219,0.4893978,0.7595764,-1.274166,31.21953,5.568143E-06,0,0.5111752,0.7439671,-1.289605,20.8418,-1.409005E-06,0,0.4557232,0.8470424,-1.289788,3.069309,14.87364,-2.900701,0.457118,0.7960516,-1.284815,29.981,-0.0722066,-2.180052,0.4764246,0.7576401,-1.293153,31.42264,2.257512E-05,0,0.4977839,0.7434753,-1.305019,20.97778,1.230067E-05,0,0.4500699,0.846171,-1.297643,7.703165,29.67834,-7.043752,0.4467422,0.7988004,-1.304993,19.90035,-10.57801,-3.093514,0.4579569,0.7656624,-1.310627,30.71138,0.0001750094,0,0.4737188,0.7517797,-1.318038,20.50164,0.0001337798,0,0.862307,1.499912,-1.07558,50.78304,-17.23387,82.43906,0.8703266,1.529919,-1.099985,1.980606,9.46916,-0.3262592,0.875793,1.555617,-1.11443,1.302211,2.012004E-05,0,0.8515127,1.506041,-1.071474,0,-14.88067,1.249918,0.8713328,1.556357,-1.061762,-1.888444,14.67751,21.46615,0.8771296,1.599836,-1.049048,9.377187,-4.305901E-06,0,0.878105,1.627604,-1.044879,6.252224,-1.898948E-06,0,0.8413959,1.507819,-1.068735,0,2.269959E-06,0,0.8475603,1.559348,-1.055661,-12.90292,10.24115,13.96277,0.8467929,1.60041,-1.033045,18.92793,-2.156292E-05,0,0.8422045,1.630384,-1.026982,12.62501,-1.432206E-05,0,0.8307856,1.508211,-1.066276,3.069245,14.87368,-2.900701,0.8231528,1.557293,-1.053649,-25.78549,1.573094,-5.966013,0.8192574,1.590601,-1.025487,21.24047,0.000128223,0,0.815777,1.61711,-1.016388,14.16934,8.647973E-05,0,0.8213848,1.506301,-1.064731,7.703165,29.67842,-7.04378,0.8018758,1.548981,-1.054394,-15.5867,-1.494809,-33.27597,0.7899249,1.577911,-1.037784,12.1166,2.617028E-05,0,0.7840833,1.598345,-1.031118,8.079414,1.755195E-05,0
3333,0.7029239,0.9267573,-1.331986,0.5695826,0.2767956,2.260707,0.6982343,1.287094,-1.367538,-2.08994,0.8350927,-0.7149112,0.6947849,1.595329,-1.34901,7.64388,-1.339282,4.063944,0.6229024,0.9264022,-1.328824,-4.339598,-0.1110157,0.8221055,0.624512,0.5002112,-1.356914,3.321248,-0.007721352,0,0.6249329,0.07537687,-1.409749,6.718927,-1.692614,-7.241724,0.7829454,0.9271125,-1.335149,-5.517575,-1.172394,3.189298,0.7746469,0.5016331,-1.371602,0.03426402,0.01131833,0,0.7670019,0.07518631,-1.408489,4.817881,-2.227179,-5.509435,0.6266131,1.408307,-1.345042,-13.16047,-1.444709,1.452257,0.4975218,1.404236,-1.377116,-5.532225,14.80113,-47.73954,0.456956,1.149659,-1.365482,14.63865,-4.605378E-05,-0.3386196,0.7657982,1.410271,-1.343232,-15.47379,6.24133,3.397593,0.8934988,1.427819,-1.376314,46.97038,-4.866954,-24.91955,0.943853,1.249608,-1.196604,109.4777,-0.0001149936,-79.96896,0.4538748,0.8747507,-1.293655,4.143119,-8.748088,0.3171355,0.8341436,1.480649,-1.072801,7.703471,-31.38106,2.166905,0.473242,0.8649182,-1.266623,45.57109,-12.34814,94.4482,0.5040845,0.8402463,-1.267253,16.61698,35.03737,-9.722352,0.5117691,0.8120221,-1.260674,9.029917,-2.173316E-06,0,0.4673351,0.8555475,-1.273569,0,-14.88064,1.249918,0.4825053,0.8108268,-1.245485,38.62337,22.52751,-11.08861,0.5034418,0.7713961,-1.255106,26.55425,-5.90447E-05,0,0.5224056,0.7556449,-1.268586,17.72052,-4.730785E-05,0,0.4615202,0.8507548,-1.281068,0,-8.390048E-06,0,0.4687584,0.8007588,-1.263401,34.51859,12.87394,-4.658207,0.4889973,0.7597399,-1.273694,31.22042,9.1434E-06,0,0.5107763,0.7441339,-1.289134,20.84238,6.883021E-06,0,0.4553185,0.8472094,-1.289299,3.069309,14.87364,-2.900633,0.4567168,0.7962174,-1.284338,29.96329,-0.07507246,-2.176458,0.4760174,0.757803,-1.292677,31.46131,-3.010484E-05,0,0.4973817,0.7436516,-1.304549,21.00365,-3.243787E-05,0,0.449665,0.8463394,-1.297153,7.703191,29.67835,-7.043752,0.4463404,0.7989704,-1.304515,19.85671,-10.5755,-3.088764,0.4575345,0.765825,-1.310147,30.7858,-9.987714E-05,0,0.473303,0.7519548,-1.317567,20.55146,-7.231673E-05,0,0.8632191,1.499389,-1.07523,50.74347,-17.25106,82.30057,0.8710615,1.529426,-1.099656,1.891654,9.639615,-0.3171355,0.8764347,1.55518,-1.114038,1.243325,1.143425E-05,0,0.8524152,1.50548,-1.071091,0,-14.88066,1.249918,0.8720757,1.555875,-1.061469,-1.810565,14.79033,21.37033,0.8776485,1.599404,-1.048828,9.432402,-6.470087E-06,0,0.8784595,1.627188,-1.044724,6.289056,-4.826861E-06,0,0.8423008,1.507221,-1.06832,0,1.834021E-06,0,0.8483121,1.558779,-1.055291,-12.97579,10.31518,13.92466,0.847414,1.599814,-1.032632,18.93557,-7.256895E-05,0,0.8427075,1.629763,-1.026534,12.63009,-4.819561E-05,0,0.8316971,1.507574,-1.065827,3.069309,14.87368,-2.900701,0.8239193,1.556632,-1.053198,-25.76847,1.623567,-5.907537,0.8199494,1.589939,-1.025044,21.23057,-8.33335E-05,0,0.8163642,1.616435,-1.015947,14.16273,-5.647805E-05,0,0.8223088,1.505628,-1.064249,7.703139,29.67842,-7.04378,0.8026718,1.548239,-1.053869,-15.70098,-1.411061,-33.12625,0.7906339,1.577081,-1.037169,12.21902,-2.265338E-06,0,0.7847173,1.597488,-1.030488,8.147723,-3.64988E-08,0
3367,0.7024222,0.9267781,-1.332311,0.5784457,0.2765212,2.293199,0.6977912,1.287107,-1.367773,-2.136067,0.8050286,-0.6345818,0.694508,1.595326,-1.348966,7.679511,-1.332988,4.032112,0.6224025,0.9264243,-1.329102,-4.33011,-0.1467042,0.8511084,0.6242605,0.500226,-1.357065,3.32278,-0.008340625,0,0.6249328,0.0753777,-1.409785,6.704814,-1.716896,-7.243429,0.7824419,0.927132,-1.335519,-5.374287,-1.127639,3.183953,0.7744945,0.5015514,-1.370851,0.2914124,0.01077283,0,0.7670159,0.07516778,-1.408494,4.921513,-2.186063,-5.48305,0.6262594,1.408336,-1.34508,-13.15931,-1.457884,1.464868,0.4971213,1.404321,-1.376972,-5.494618,14.8313,-47.6024,0.4562562,1.149793,-1.365306,14.60394,-5.181301E-05,-0.2579304,0.7654477,1.410233,-1.343466,-15.50716,6.244772,3.384429,0.8930889,1.427758,-1.37679,46.89407,-4.825032,-24.88721,0.9438691,1.249174,-1.19757,109.5403,-0.0001158357,-79.81543,0.4526959,0.8748745,-1.293541,4.229618,-8.808874,0.3262592,0.8346658,1.480191,-1.073277,7.705152,-31.31923,2.162927,0.4720857,0.8650347,-1.266528,45.57825,-12.35965,94.44889,0.5029313,0.8403675,-1.267187,16.6291,35.04477,-9.731508,0.510619,0.8121414,-1.26062,9.035638,-2.58341E-06,0,0.4661721,0.855666,-1.273472,0,-14.88063,1.249918,0.4813631,0.8109382,-1.24541,38.60749,22.5289,-11.11946,0.5022822,0.7715026,-1.255049,26.5668,-0.0001294456,0,0.5212386,0.7557536,-1.268541,17.72891,-9.067336E-05,0,0.4603504,0.8508753,-1.280966,0,-5.816025E-07,0,0.4676,0.800875,-1.263316,34.51004,12.87241,-4.672315,0.4878237,0.7598538,-1.27363,31.22619,3.704784E-05,0,0.5095913,0.7442491,-1.289088,20.84628,4.077384E-05,0,0.4541413,0.8473321,-1.289192,3.069245,14.87364,-2.900701,0.4555401,0.796339,-1.284244,29.95937,-0.07707578,-2.182564,0.4748293,0.7579237,-1.292605,31.45979,-2.615529E-06,0,0.4961826,0.7437711,-1.304495,21.00264,1.799864E-07,0,0.448481,0.8464643,-1.297042,7.703139,29.67834,-7.043752,0.4451464,0.7990971,-1.304411,19.82963,-10.56771,-3.105893,0.4563173,0.7659462,-1.310057,30.82449,0.0002653685,0,0.4720811,0.7520799,-1.317495,20.57736,0.0001908793,0,0.863704,1.498972,-1.075835,50.68423,-17.29218,82.27499,0.8714318,1.529035,-1.100266,1.975957,9.788751,-0.3363003,0.876693,1.554849,-1.11458,1.297846,4.245091E-06,0,0.8529101,1.505048,-1.071647,0,-14.88066,1.249762,0.8725427,1.55547,-1.062112,-1.727824,14.89597,21.29318,0.8780151,1.599031,-1.049533,9.485766,-1.361086E-05,0,0.8787351,1.626825,-1.045482,6.324652,-9.52254E-06,0,0.8428056,1.506775,-1.068832,0,1.897239E-06,0,0.8488027,1.558341,-1.055829,-13.03991,10.3822,13.96157,0.8479037,1.599345,-1.033113,18.9618,-2.783918E-06,0,0.8431453,1.629276,-1.026968,12.64763,-5.688265E-06,0,0.8322127,1.507113,-1.066291,3.069245,14.87368,-2.900633,0.8244226,1.556161,-1.053627,-25.77939,1.684852,-5.803937,0.8204876,1.589447,-1.025444,21.40637,7.607994E-05,0,0.8168539,1.615955,-1.016403,14.28016,5.033998E-05,0,0.8228342,1.505154,-1.064672,7.703165,29.67842,-7.043752,0.803184,1.547738,-1.054204,-15.89364,-1.308831,-32.96614,0.7911494,1.576487,-1.037344,12.54064,3.034161E-06,0,0.7852434,1.596901,-1.030673,8.362292,2.994082E-06,0
3400,0.7008522,0.9267969,-1.3333,0.5921526,0.2772973,2.325068,0.6962973,1.287116,-1.368716,-2.172318,0.7668613,-0.5514293,0.6932299,1.595318,-1.349654,7.744507,-1.33253,3.990714,0.6208343,0.9264432,-1.330047,-4.190916,-0.2501184,0.8690815,0.6234927,0.5001782,-1.356907,3.493175,-0.008035285,0,0.6249246,0.07535207,-1.40979,6.726337,-1.813756,-7.248412,0.78087,0.9271506,-1.336553,-4.854379,-0.9961736,3.177059,0.7740437,0.501243,-1.367961,1.215148,0.01021489,0,0.7670218,0.07511851,-1.408514,5.307365,-2.080509,-5.467552,0.6248734,1.408375,-1.345843,-13.1656,-1.468372,1.471666,0.4956902,1.404434,-1.377561,-5.5656,14.94278,-47.63881,0.4544131,1.149971,-1.365942,14.67457,-5.212273E-05,-0.3981127,0.7640651,1.410186,-1.344434,-15.54184,6.249909,3.370168,0.8916453,1.427667,-1.378013,46.85881,-4.818694,-24.81104,0.9427071,1.248815,-1.199141,109.5857,-0.0001158964,-79.79176,0.4507376,0.8750893,-1.29404,4.263791,-8.787251,0.3274564,0.8342416,1.479972,-1.074463,7.681427,-31.27772,2.153224,0.4701277,0.8652425,-1.26703,45.58319,-12.37091,94.44875,0.5009741,0.8405762,-1.26769,16.63653,35.04591,-9.736296,0.50866,0.8123485,-1.261129,9.039486,2.579239E-06,0,0.4642121,0.8558758,-1.273974,0,-14.88064,1.250075,0.479398,0.8111415,-1.245921,38.59813,22.53007,-11.16736,0.5003061,0.7717007,-1.255562,26.56339,-1.109192E-05,0,0.5192646,0.7559478,-1.269047,17.72663,-2.142603E-06,0,0.4583891,0.8510872,-1.281469,0,-2.924971E-06,0,0.4656319,0.8010831,-1.263827,34.50011,12.86952,-4.693398,0.4858451,0.7600569,-1.274142,31.22708,2.450308E-05,0,0.5076127,0.7444479,-1.289595,20.84686,1.683396E-05,0,0.4521788,0.8475462,-1.289695,3.069245,14.87364,-2.900633,0.4535697,0.7965521,-1.284754,29.96413,-0.07559784,-2.186059,0.4728541,0.7581365,-1.293125,31.43685,-1.342188E-05,0,0.4942008,0.7439744,-1.305016,20.98729,-1.524779E-05,0,0.4465178,0.8466803,-1.297545,7.703165,29.67834,-7.04378,0.443175,0.7993147,-1.30492,19.81469,-10.56159,-3.088067,0.4543308,0.7661597,-1.310571,30.8418,-0.0001582768,0,0.47009,0.7522928,-1.318018,20.58894,-0.0001083852,0,0.863288,1.49873,-1.077096,50.6102,-17.32027,82.26672,0.8709974,1.528824,-1.101494,2.059756,9.849956,-0.3522151,0.8762195,1.554679,-1.115749,1.352773,-2.474831E-07,-0.01978234,0.8525119,1.504812,-1.072873,0,-14.88067,1.249762,0.8722163,1.555212,-1.063364,-1.660479,14.99568,21.27261,0.8776751,1.598778,-1.050802,9.530277,2.295065E-07,0,0.8783639,1.626576,-1.046772,6.354343,1.935181E-06,0,0.8424175,1.506545,-1.070026,0,7.377415E-07,0,0.8484979,1.558098,-1.057007,-13.06733,10.43467,13.97399,0.8476644,1.599073,-1.034237,18.91802,2.859751E-05,0,0.8429343,1.628994,-1.028019,12.6184,2.390346E-05,0,0.8318325,1.506891,-1.067453,3.069245,14.87368,-2.900768,0.8241225,1.555937,-1.054734,-25.77259,1.715093,-5.718477,0.8202774,1.589207,-1.026519,21.53751,-0.0001713418,0,0.8166589,1.615728,-1.017511,14.36775,-0.0001169444,0,0.8224573,1.504939,-1.065807,7.703165,29.67842,-7.043752,0.8028752,1.547533,-1.055252,-16.00508,-1.310014,-32.89492,0.7909325,1.576253,-1.038276,12.60409,2.892984E-06,0,0.7850752,1.596665,-1.031558,8.404618,2.986102E-06,0
3433,0.7005297,0.9268193,-1.333375,0.608772,0.2771056,2.364964,0.6960046,1.287126,-1.368798,-2.192585,0.7455781,-0.4673002,0.6930808,1.595316,-1.349559,7.81919,-1.352159,3.944467,0.6205141,0.9264674,-1.330066,-4.235541,-0.2772241,0.8842595,0.6233374,0.5002171,-1.357141,3.427198,-0.00662674,0,0.6249256,0.07535717,-1.409748,6.688766,-1.832651,-7.275429,0.7805453,0.9271711,-1.336684,-4.775078,-0.9634553,3.156411,0.7739608,0.5012079,-1.367382,1.38903,0.009741649,0,0.7670498,0.07513693,-1.408512,5.385688,-2.050419,-5.445249,0.6246527,1.4084,-1.34578,-13.17739,-1.461381,1.472065,0.4954274,1.404528,-1.377334,-5.58188,14.98786,-47.6451,0.4539087,1.150105,-1.365704,14.70264,-3.916974E-05,-0.3077414,0.7638469,1.410166,-1.344576,-15.59087,6.256066,3.342167,0.8913518,1.427637,-1.378445,46.77599,-4.842864,-24.71236,0.942642,1.248339,-1.200086,109.6511,-0.0001155635,-79.80778,0.4501384,0.875241,-1.293738,4.319785,-8.807389,0.3322025,0.8350869,1.479643,-1.074891,7.711186,-31.19344,2.155495,0.4696171,0.8653883,-1.266794,45.589,-12.38104,94.45594,0.5004609,0.8407219,-1.267557,16.65198,35.0479,-9.746145,0.5081637,0.8124923,-1.261023,9.047567,-2.932978E-06,0,0.4636765,0.8560233,-1.273719,0,-14.88063,1.249762,0.4789475,0.8112838,-1.24572,38.58437,22.53073,-11.18227,0.4998105,0.7718352,-1.255427,26.56899,-6.881115E-05,0,0.5187231,0.7560777,-1.268971,17.73039,-4.693209E-05,0,0.4578274,0.8512363,-1.281195,0,-2.662431E-06,0,0.4651195,0.8012295,-1.263581,34.49089,12.86752,-4.712641,0.4852868,0.760197,-1.27396,31.23054,1.764E-05,0,0.507003,0.7445833,-1.289481,20.84918,2.107218E-05,0,0.4515888,0.8476973,-1.289401,3.069309,14.87364,-2.900768,0.4529863,0.7967026,-1.284468,29.98352,-0.0696019,-2.153587,0.472243,0.7582903,-1.292918,31.37032,7.845307E-06,0,0.4935319,0.744104,-1.304884,20.94276,6.6953E-06,0,0.4459014,0.8468331,-1.297231,7.703165,29.67834,-7.043725,0.4425247,0.7994688,-1.304599,19.80068,-10.56473,-3.088447,0.4536488,0.766309,-1.310284,30.85341,0.0002653194,0,0.4693801,0.7524388,-1.317784,20.5967,0.0001878477,0,0.8641459,1.498373,-1.077575,50.57443,-17.33399,82.22279,0.8718452,1.528489,-1.101949,2.072732,10.03787,-0.3615361,0.8770688,1.554403,-1.116096,1.360562,1.346692E-05,0,0.8533854,1.504463,-1.073322,0,-14.88067,1.249918,0.8731609,1.554836,-1.06382,-1.51517,15.12082,21.2065,0.8785687,1.598426,-1.051317,9.709562,-1.174604E-05,0,0.8791693,1.626241,-1.047391,6.473872,-7.939892E-06,0,0.843299,1.506204,-1.070452,0,1.235363E-06,0,0.8494595,1.557742,-1.057409,-13.09001,10.47767,13.96785,0.8486863,1.598688,-1.034585,18.90749,-6.780247E-05,0,0.8439843,1.628603,-1.028316,12.61135,-5.354681E-05,0,0.8327202,1.506559,-1.067855,3.069309,14.87368,-2.900701,0.8250872,1.555603,-1.055083,-25.75835,1.723703,-5.75609,0.8213291,1.588861,-1.026842,21.71469,-0.0001688296,0,0.8177509,1.615409,-1.017896,14.4861,-0.0001182288,0,0.8233467,1.504615,-1.066189,7.703165,29.67842,-7.043752,0.8038304,1.54722,-1.05556,-16.07854,-1.260174,-32.78749,0.7919365,1.575907,-1.038495,12.7307,-6.85588E-05,0,0.7861108,1.596325,-1.031766,8.489059,-4.532207E-05,0
3467,0.7002264,0.9268349,-1.333405,0.628073,0.2766958,2.415812,0.6957633,1.287129,-1.36886,-2.207087,0.7095133,-0.3769049,0.6930427,1.59531,-1.34949,7.876914,-1.348533,3.889675,0.6202138,0.9264855,-1.330025,-4.312298,-0.3053197,0.9039564,0.623191,0.5002643,-1.357537,3.32437,-0.007781322,0,0.6249487,0.07536471,-1.409817,6.643046,-1.856873,-7.310376,0.780239,0.9271842,-1.336785,-4.844886,-0.938761,3.12944,0.7737821,0.5012463,-1.367858,1.278554,0.01032669,0,0.7670788,0.07512951,-1.408546,5.327228,-2.019266,-5.416346,0.6245173,1.408438,-1.345699,-13.19247,-1.466877,1.471533,0.4952482,1.404636,-1.377082,-5.544362,14.95832,-47.5857,0.4536516,1.150226,-1.365423,14.71462,-5.292215E-05,-0.1855749,0.7637143,1.410125,-1.344717,-15.57971,6.228701,3.304523,0.8911889,1.427467,-1.378766,46.66111,-4.81019,-24.62769,0.9426112,1.247681,-1.200936,109.7245,-0.0001141444,-79.74138,0.4498471,0.8753804,-1.293391,4.355501,-8.814207,0.3351346,0.8359576,1.479139,-1.075256,7.59657,-31.14581,2.119972,0.4693918,0.8655226,-1.266496,45.59387,-12.39172,94.46838,0.5002334,0.8408558,-1.267334,16.67881,35.04593,-9.76197,0.507946,0.8126234,-1.260825,9.062259,-5.896768E-06,0,0.4634319,0.8561591,-1.273407,0,-14.88064,1.249918,0.4787648,0.8114154,-1.245448,38.56583,22.53487,-11.15604,0.4995869,0.7719564,-1.255201,26.58358,1.996398E-05,0,0.5184587,0.7561939,-1.268796,17.74014,-4.85416E-06,0,0.457563,0.8513736,-1.280868,0,-7.680948E-06,0,0.4648899,0.8013645,-1.263274,34.48347,12.86307,-4.726836,0.4850219,0.7603265,-1.2737,31.23012,4.025894E-06,0,0.5066989,0.7447067,-1.28927,20.84889,1.663935E-06,0,0.4513031,0.8478361,-1.289058,3.069245,14.87364,-2.900701,0.4527031,0.7968409,-1.284131,29.95614,-0.0672659,-2.169793,0.4719152,0.7584153,-1.292622,31.44142,-4.727827E-06,0,0.4931814,0.7442442,-1.304646,20.99035,-1.967419E-05,0,0.4455958,0.8469735,-1.296874,7.703165,29.67835,-7.043725,0.4421912,0.7996101,-1.304236,19.74519,-10.56046,-3.125058,0.4532654,0.7664366,-1.309938,30.97341,2.40565E-05,0,0.4689915,0.7525836,-1.31748,20.67708,1.378583E-05,0,0.8650336,1.497835,-1.078002,50.54632,-17.34792,82.12813,0.8727009,1.528004,-1.102321,2.039608,10.27526,-0.3631561,0.8779377,1.554002,-1.116307,1.337791,2.309882E-05,0,0.8542973,1.50393,-1.073697,0,-14.88067,1.249918,0.8741797,1.554252,-1.06415,-1.398158,15.21674,21.0919,0.8796008,1.597836,-1.051629,9.790468,-2.044116E-05,0,0.8801795,1.625653,-1.047719,6.527835,-1.405151E-05,0,0.844224,1.505679,-1.070785,0,1.427274E-06,0,0.8505059,1.557177,-1.057646,-13.12607,10.50116,13.9248,0.8498613,1.598055,-1.034697,19.02225,-4.41042E-05,0,0.8452002,1.627966,-1.028381,12.68798,-3.1783E-05,0,0.8336552,1.506042,-1.068149,3.069245,14.87368,-2.900768,0.8261392,1.555068,-1.055236,-25.74717,1.74117,-5.688615,0.8225167,1.588268,-1.02691,21.9365,-0.0001805562,0,0.8189785,1.614832,-1.017996,14.6343,-0.000126785,0,0.824285,1.504108,-1.066454,7.703165,29.67842,-7.043752,0.8048688,1.546716,-1.055655,-16.14627,-1.193271,-32.69827,0.7930504,1.575346,-1.038442,12.91961,1.938001E-05,0,0.7872784,1.595769,-1.031682,8.615092,1.360947E-05,0
3500,0.6999255,0.9268517,-1.333413,0.6483091,0.2756348,2.477255,0.6955342,1.287133,-1.368918,-2.215407,0.6679628,-0.2811602,0.6930373,1.595308,-1.349464,7.920974,-1.333822,3.823874,0.6199166,0.926506,-1.329947,-4.398949,-0.3356775,0.9306217,0.6230494,0.5003188,-1.357964,3.193898,-0.006429552,0,0.6249645,0.07536298,-1.409779,6.577632,-1.881749,-7.350284,0.7799345,0.9271975,-1.336878,-4.925492,-0.9128212,3.098067,0.7735985,0.5012907,-1.3684,1.140209,0.008671843,0,0.7670993,0.07511607,-1.408511,5.251768,-1.989832,-5.3803,0.6244078,1.408486,-1.345621,-13.20985,-1.445718,1.473526,0.4950907,1.404824,-1.376822,-5.515799,14.91802,-47.64006,0.4533991,1.150433,-1.365078,14.71812,-6.733789E-05,-0.2832403,0.7636073,1.410081,-1.344875,-15.60404,6.199891,3.269262,0.8910282,1.427279,-1.379197,46.56886,-4.809579,-24.6047,0.942576,1.247036,-1.201868,109.7522,-0.0001208886,-79.75877,0.449639,0.8755898,-1.293035,4.350236,-8.805994,0.3351346,0.8367088,1.478512,-1.075559,7.474646,-31.23258,2.091906,0.4691989,0.8657279,-1.266153,45.59649,-12.40073,94.47835,0.5000393,0.8410602,-1.267008,16.69549,35.04963,-9.773021,0.5077493,0.812826,-1.260503,9.070841,-1.395707E-05,0,0.4632331,0.8563656,-1.273061,0,-14.88064,1.250075,0.4785762,0.8116183,-1.245113,38.54873,22.54004,-11.12889,0.4993768,0.7721498,-1.254872,26.58838,-4.169349E-05,0,0.5182319,0.7563791,-1.268481,17.74332,-2.59477E-05,0,0.4573587,0.8515813,-1.280518,0,-5.751126E-06,0,0.4646884,0.8015704,-1.262931,34.47054,12.86024,-4.737392,0.4848026,0.760525,-1.273362,31.24081,2.578081E-05,0,0.5064703,0.7449021,-1.288941,20.85604,1.345684E-05,0,0.4510931,0.8480452,-1.288704,3.069245,14.87364,-2.900701,0.4524878,0.7970496,-1.28378,29.93122,-0.07342079,-2.209214,0.4716773,0.7586126,-1.292271,31.50151,1.138598E-05,0,0.4929473,0.7444545,-1.304303,21.03056,7.515644E-06,0,0.4453807,0.8471838,-1.296517,7.703139,29.67835,-7.043725,0.4419637,0.7998213,-1.303878,19.74908,-10.56632,-3.143359,0.4530324,0.7666469,-1.309586,30.95198,0.0003898368,0,0.46875,0.7527862,-1.317132,20.66269,0.0002762901,0,0.8658475,1.497105,-1.078337,50.46762,-17.38011,82.11617,0.8735873,1.527346,-1.102543,2.156312,10.33498,-0.3871488,0.8788478,1.553407,-1.116402,1.414162,1.583404E-05,0,0.8551483,1.503227,-1.073978,0,-14.88066,1.249762,0.8752532,1.553442,-1.064332,-1.391283,15.28011,21.09922,0.8808306,1.596967,-1.051679,9.690571,-1.491933E-05,0,0.8815255,1.624763,-1.047637,6.461259,-9.939586E-06,0,0.8450909,1.505005,-1.071029,0,1.43861E-06,0,0.8516115,1.556436,-1.057743,-13.12,10.54039,13.90442,0.8511633,1.597241,-1.034659,18.91538,-4.20589E-05,0,0.8466425,1.627139,-1.028182,12.61665,-3.70885E-05,0,0.8345319,1.5054,-1.068358,3.069181,14.87368,-2.900701,0.8272446,1.554412,-1.055263,-25.68037,1.760236,-5.654924,0.8238127,1.587563,-1.026855,21.9502,-0.0001753178,0,0.8203828,1.61412,-1.01788,14.64342,-0.0001215719,0,0.8251598,1.503497,-1.06664,7.703139,29.67842,-7.043752,0.805941,1.546143,-1.055642,-16.18557,-1.150357,-32.64962,0.7942682,1.574741,-1.038277,13.04056,-9.807774E-05,0,0.7885959,1.595173,-1.031459,8.69581,-6.862775E-05,0
3533,0.699612,0.9268729,-1.333425,0.667053,0.2741263,2.546298,0.6953017,1.287142,-1.368991,-2.217615,0.6214252,-0.1758294,0.6930541,1.595315,-1.349493,7.958652,-1.315903,3.746693,0.6196073,0.9265316,-1.329862,-4.498408,-0.3680342,0.9589957,0.6228971,0.5003861,-1.35849,3.040343,-0.005803155,0,0.6249804,0.07536674,-1.409775,6.502221,-1.908002,-7.396214,0.7796168,0.9272143,-1.336987,-5.003902,-0.8846191,3.062732,0.7734097,0.5013385,-1.368951,1.01085,0.009020334,0,0.7671317,0.07511234,-1.408546,5.183987,-1.957273,-5.34027,0.6243083,1.408547,-1.345561,-13.21859,-1.467362,1.475915,0.4949378,1.404932,-1.376546,-5.612971,14.99533,-47.7489,0.4530575,1.150572,-1.364822,14.7546,-5.07457E-05,-0.3946573,0.7635101,1.410039,-1.345072,-15.60401,6.16332,3.242263,0.8908901,1.427059,-1.379634,46.44489,-4.841488,-24.5813,0.9423234,1.246244,-1.202854,109.7501,-0.0001325135,-79.74309,0.4494179,0.875719,-1.292809,4.343163,-8.808951,0.3351346,0.837357,1.477693,-1.075747,7.341496,-31.20219,2.052426,0.469027,0.8658538,-1.265965,45.60045,-12.40838,94.48491,0.499866,0.8411865,-1.266876,16.71019,35.05357,-9.782874,0.5075832,0.8129508,-1.260385,9.078267,-3.796568E-06,0,0.463047,0.8564925,-1.272861,0,-14.88064,1.249918,0.478437,0.8117425,-1.244943,38.52913,22.53464,-11.15115,0.4992112,0.7722666,-1.254729,26.60694,8.876847E-06,0,0.518046,0.7564964,-1.268366,17.75576,9.922261E-06,0,0.4571581,0.8517092,-1.280307,0,-8.343059E-06,0,0.4645145,0.8016969,-1.262735,34.45629,12.85793,-4.730316,0.4845986,0.7606444,-1.273196,31.25985,-1.042304E-05,0,0.5062366,0.7450218,-1.288817,20.86881,-1.590074E-05,0,0.4508767,0.848174,-1.288482,3.069245,14.87364,-2.900701,0.4522743,0.7971781,-1.283562,29.93231,-0.08442938,-2.253075,0.4714484,0.7587401,-1.292082,31.4793,-1.068284E-05,0,0.4926986,0.7445722,-1.304138,21.0157,-7.075429E-06,0,0.4451496,0.8473135,-1.296284,7.703165,29.67835,-7.04378,0.4417129,0.7999516,-1.30364,19.75637,-10.5688,-3.137,0.4527712,0.7667776,-1.30937,30.92625,-2.35616E-05,0,0.4684687,0.7529095,-1.316944,20.64548,-2.431114E-05,0,0.866533,1.496229,-1.078517,50.40657,-17.39235,82.08858,0.8743009,1.526579,-1.102577,2.156947,10.49704,-0.392669,0.8796061,1.552739,-1.116231,1.413608,9.854962E-06,0,0.8558598,1.502357,-1.074103,0,-14.88066,1.249918,0.8761103,1.55248,-1.064285,-1.297092,15.36242,21.0147,0.8817446,1.59596,-1.051501,9.781225,-2.156243E-05,0,0.8824449,1.623748,-1.047408,6.521704,-1.453686E-05,0,0.8458144,1.504146,-1.07112,0,2.288358E-06,0,0.8524929,1.555501,-1.057621,-13.15313,10.56339,13.88832,0.8521891,1.596189,-1.034329,18.98066,-3.460926E-05,0,0.8477381,1.626068,-1.027721,12.66021,-2.294364E-05,0,0.8352633,1.504555,-1.06842,3.069181,14.87368,-2.900701,0.8281277,1.553524,-1.055087,-25.68469,1.772732,-5.630855,0.8248403,1.586551,-1.026519,22.23104,-0.0001416971,0,0.8214749,1.613118,-1.017545,14.83106,-9.572461E-05,0,0.8258911,1.502665,-1.066686,7.703114,29.67842,-7.04378,0.8068034,1.545308,-1.055448,-16.26183,-1.098346,-32.60181,0.795226,1.573823,-1.037883,13.31401,-6.355166E-05,0,0.7896409,1.594263,-1.031021,8.878233,-4.044096E-05,0
3567,0.6993325,0.9268923,-1.333469,0.680988,0.2742568,2.619727,0.6950879,1.287153,-1.369081,-2.219379,0.5773523,-0.07401875,0.6930925,1.595326,-1.349564,7.970408,-1.315271,3.672585,0.6193323,0.926553,-1.329804,-4.577185,-0.3967823,0.9889315,0.6227672,0.500442,-1.358924,2.915039,-0.005200267,0,0.6250011,0.0753707,-1.40977,6.43855,-1.931174,-7.446161,0.7793326,0.9272317,-1.337133,-5.076399,-0.8600156,3.020835,0.7732375,0.501387,-1.369529,0.8742447,0.008386313,0,0.7671632,0.0751045,-1.408546,5.108065,-1.927985,-5.30005,0.6242211,1.408607,-1.345524,-13.23949,-1.440314,1.474854,0.4948027,1.405148,-1.376327,-5.547153,14.89719,-47.79757,0.4529625,1.150786,-1.364502,14.72047,-5.315143E-05,-0.4068635,0.7634245,1.410002,-1.34528,-15.59889,6.117364,3.219661,0.8907706,1.426826,-1.380062,46.34304,-4.844037,-24.63941,0.9421794,1.245557,-1.203741,109.6849,-0.0001025572,-79.80906,0.4493929,0.8759022,-1.292603,4.336348,-8.831945,0.3351346,0.837719,1.476727,-1.075711,7.161468,-31.33377,2.010908,0.4690507,0.8660343,-1.265795,45.60373,-12.41571,94.48925,0.499889,0.8413681,-1.266762,16.72292,35.05732,-9.791533,0.5076142,0.8131311,-1.260286,9.084694,-5.669184E-06,0,0.4630572,0.8566737,-1.272681,0,-14.88062,1.249918,0.4784949,0.8119212,-1.244793,38.51707,22.53087,-11.16624,0.4992457,0.7724408,-1.25461,26.5954,-7.79967E-05,0,0.5180551,0.756662,-1.268273,17.74801,-5.526813E-05,0,0.4571542,0.8518912,-1.280116,0,2.581509E-06,0,0.4645386,0.8018776,-1.26256,34.45049,12.85189,-4.730813,0.4846003,0.7608223,-1.273054,31.2548,-1.371311E-06,0,0.5062083,0.7451941,-1.28871,20.86542,-9.21304E-07,0,0.4508573,0.8483569,-1.28828,3.069245,14.87364,-2.900701,0.4522594,0.7973607,-1.283364,29.93367,-0.08831898,-2.264772,0.4714167,0.7589221,-1.29192,31.46426,9.198579E-07,0,0.4926431,0.7447473,-1.304009,21.00565,3.195059E-06,0,0.4451157,0.8474972,-1.296071,7.703165,29.67833,-7.043752,0.4416611,0.8001359,-1.303422,19.76533,-10.56997,-3.14983,0.4527107,0.7669631,-1.309176,30.89468,0.0003517364,0,0.4683892,0.753087,-1.316775,20.62434,0.0002495449,0,0.8669688,1.495153,-1.078431,50.33438,-17.4134,82.05507,0.8748435,1.525634,-1.10229,2.240618,10.58351,-0.4111691,0.8802115,1.551892,-1.11573,1.468471,1.295668E-05,0,0.8563312,1.501301,-1.073959,0,-14.88067,1.249762,0.8768174,1.551277,-1.063886,-1.242853,15.4415,21.00166,0.8825943,1.594672,-1.050878,9.799081,-1.822969E-05,0,0.8833738,1.622437,-1.046643,6.53363,-1.465787E-05,0,0.8462997,1.503115,-1.070945,0,2.70538E-06,0,0.853227,1.55436,-1.057156,-13.18347,10.5832,13.88793,0.8531349,1.594896,-1.033598,19.09067,1.742908E-05,0,0.8487963,1.624759,-1.026842,12.73366,1.109482E-05,0,0.835756,1.503553,-1.068221,3.069181,14.87368,-2.900701,0.8288586,1.552473,-1.054583,-25.63976,1.793183,-5.610456,0.825749,1.585362,-1.025837,22.3709,-7.165749E-05,0,0.8224928,1.611915,-1.016782,14.92449,-4.778042E-05,0,0.8263794,1.501694,-1.066478,7.703165,29.67842,-7.043752,0.8074985,1.544351,-1.054948,-16.35335,-1.018051,-32.57405,0.796048,1.572765,-1.03714,13.7367,-5.521195E-05,0,0.7905986,1.593233,-1.030249,9.160213,-4.059638E-05,0
3600,0.6990063,0.9269045,-1.333551,0.6912548,0.2765554,2.684309,0.6948249,1.287159,-1.369187,-2.224048,0.5335535,0,0.6930925,1.595333,-1.349661,7.954877,-1.329593,3.613192,0.6190104,0.9265636,-1.329796,-4.530861,-0.4229694,1.016256,0.6226351,0.5004265,-1.358507,3.03067,-0.005265915,0,0.6250197,0.07541001,-1.409803,6.494768,-1.95604,-7.489621,0.7790022,0.9272454,-1.337306,-4.971378,-0.8265279,2.981831,0.7731681,0.5013331,-1.36885,1.077382,0.006996001,0,0.7671923,0.07510921,-1.408517,5.19897,-1.896396,-5.265926,0.6240798,1.408661,-1.345515,-13.24623,-1.46196,1.466871,0.4946177,1.405246,-1.376138,-5.601227,14.93104,-47.9692,0.4527606,1.150889,-1.364267,14.72962,-5.173188E-05,-0.5311863,0.7632842,1.409957,-1.345481,-15.60131,6.074197,3.196411,0.890599,1.426596,-1.380467,46.1801,-4.892968,-24.69424,0.9417459,1.244594,-1.204826,109.6754,-0.0001244079,-79.74135,0.4494604,0.8759761,-1.292466,4.303796,-8.831194,0.3316129,0.8379132,1.475524,-1.075857,7.049293,-31.31038,1.977838,0.4691759,0.866105,-1.265702,45.60593,-12.42279,94.49245,0.500013,0.8414399,-1.266734,16.73449,35.0602,-9.799241,0.5077489,0.8132015,-1.260278,9.090596,-1.978516E-05,0,0.4631667,0.8567452,-1.272575,0,-14.88065,1.249918,0.4786619,0.8119898,-1.244725,38.50459,22.52835,-11.15655,0.499386,0.7725052,-1.254581,26.59573,-1.72212E-05,0,0.5181634,0.756722,-1.268282,17.74824,-2.078402E-05,0,0.4572471,0.8519638,-1.279998,0,-9.757607E-06,0,0.4646662,0.8019483,-1.262461,34.44232,12.84844,-4.728742,0.4847003,0.7608898,-1.272995,31.25604,8.579548E-06,0,0.506273,0.7452585,-1.288697,20.86623,3.102572E-07,0,0.4509323,0.8484305,-1.288148,3.069245,14.87364,-2.900701,0.4523415,0.7974338,-1.283239,29.94555,-0.09482402,-2.297036,0.4714865,0.7589992,-1.29184,31.41202,2.059168E-05,0,0.4926836,0.7448077,-1.303961,20.97066,2.81675E-06,0,0.4451736,0.8475717,-1.295927,7.703139,29.67835,-7.04378,0.4416997,0.8002112,-1.303274,19.72746,-10.56876,-3.176012,0.452715,0.7670299,-1.309045,30.97796,-9.362229E-05,0,0.468388,0.7531672,-1.316679,20.68007,-7.140365E-05,0,0.8671864,1.493918,-1.078545,50.28895,-17.42254,81.96257,0.875074,1.52452,-1.102244,2.229673,10.72838,-0.414487,0.8804694,1.550877,-1.115477,1.460319,6.311129E-06,0,0.8565675,1.50006,-1.07402,0,-14.88066,1.250075,0.8771527,1.549953,-1.06374,-1.147054,15.53046,20.93725,0.8829383,1.593299,-1.050575,9.887935,-2.360599E-05,0,0.8836938,1.621055,-1.046273,6.592879,-1.695514E-05,0,0.846545,1.501875,-1.070977,0,-1.86239E-07,0,0.8535808,1.553039,-1.056946,-13.20098,10.6032,13.87981,0.853587,1.593448,-1.033172,19.1994,-8.287705E-05,0,0.8492791,1.62329,-1.026301,12.80626,-5.499914E-05,0,0.8360076,1.502315,-1.068229,3.069245,14.87367,-2.900701,0.8292149,1.551178,-1.054334,-25.58884,1.817919,-5.59433,0.8261881,1.583948,-1.025443,22.55652,-0.0002113446,0,0.8229646,1.610494,-1.016358,15.0485,-0.0001454405,0,0.8266315,1.500462,-1.066477,7.703165,29.67841,-7.043752,0.8078412,1.543091,-1.054696,-16.42756,-0.9366626,-32.50948,0.7964365,1.571393,-1.03668,14.16951,2.115025E-05,0,0.7910636,1.591881,-1.029792,9.449038,1.379547E-05,0
3633,0.6993054,0.9269079,-1.33552,0.7013714,0.2809863,2.73409,0.6951401,1.287155,-1.371181,-2.228532,0.5085241,0.07132626,0.6935898,1.595332,-1.351661,7.924194,-1.368441,3.571113,0.6193128,0.9265624,-1.331696,-4.072753,-0.3923567,1.042677,0.6228768,0.500204,-1.356918,3.711723,-0.004585655,0,0.625033,0.07537857,-1.409782,6.705253,-1.932466,-7.525039,0.7792981,0.9272534,-1.339345,-4.289529,-0.8207847,2.955057,0.7737515,0.5009874,-1.365744,2.195974,0.00652463,0,0.7672301,0.07507464,-1.408543,5.629601,-1.918267,-5.233079,0.6244702,1.408684,-1.347418,-13.25286,-1.465385,1.454277,0.4949749,1.405314,-1.377905,-5.661263,14.96337,-48.07484,0.453072,1.15096,-1.366132,14.79883,-5.736579E-05,-0.5797972,0.7636752,1.409925,-1.347547,-15.60548,6.019333,3.152377,0.890967,1.42639,-1.382698,45.9509,-4.91769,-24.77271,0.9418793,1.243433,-1.207983,109.6744,-0.0001073388,-79.72741,0.4501005,0.8760531,-1.294294,4.279106,-8.800868,0.3292442,0.8385838,1.473929,-1.077812,7.014674,-31.22103,1.962141,0.4698728,0.8661792,-1.267573,45.60759,-12.42829,94.49206,0.5007088,0.8415156,-1.268671,16.73774,35.06229,-9.801708,0.5084577,0.8132768,-1.262232,9.092109,-2.774129E-06,0,0.4638486,0.8568202,-1.274433,0,-14.88062,1.249918,0.4794015,0.8120621,-1.24662,38.48952,22.52599,-11.16424,0.5000995,0.7725732,-1.256513,26.61642,8.583079E-06,0,0.5188516,0.7567942,-1.270254,17.76208,1.816265E-06,0,0.457913,0.8520395,-1.281844,0,-1.154006E-06,0,0.4653676,0.8020225,-1.264327,34.42955,12.84631,-4.721155,0.4853728,0.7609596,-1.274899,31.2716,2.171402E-05,0,0.5069119,0.7453301,-1.290648,20.87665,2.243559E-05,0,0.4515805,0.848507,-1.289981,3.069245,14.87364,-2.900633,0.4529983,0.79751,-1.285079,29.94527,-0.09709522,-2.27021,0.4721242,0.7590754,-1.293722,31.39332,2.904667E-05,0,0.4932879,0.7448754,-1.305891,20.95814,1.416906E-05,0,0.4458052,0.8476491,-1.297748,7.703139,29.67834,-7.043725,0.4423138,0.8002892,-1.305091,19.72242,-10.58451,-3.151197,0.4533176,0.7671069,-1.310878,30.97772,0.0003910784,0,0.4689727,0.7532428,-1.318546,20.67992,0.0002801511,0,0.8678645,1.492324,-1.08041,50.26204,-17.4556,81.81004,0.8757823,1.523058,-1.103928,2.247422,10.98219,-0.4279585,0.881191,1.549548,-1.116887,1.470868,1.313036E-05,0,0.8572506,1.498445,-1.075846,0,-14.88067,1.249762,0.877864,1.54827,-1.065293,-1.070092,15.60329,20.82565,0.8836058,1.59156,-1.051926,10.09224,-8.063716E-06,0,0.8842807,1.61931,-1.047578,6.729136,-7.02073E-06,0,0.8472303,1.500248,-1.072787,0,6.029775E-06,0,0.8542966,1.551329,-1.058472,-13.23017,10.61475,13.84033,0.8543277,1.591591,-1.03445,19.4165,-1.348538E-05,0,0.8499945,1.621411,-1.027502,12.95122,-1.442011E-05,0,0.8366943,1.500678,-1.070033,3.069245,14.87369,-2.900768,0.8299309,1.549464,-1.055859,-25.53313,1.827354,-5.569542,0.8269158,1.582099,-1.026814,22.73693,-0.0002254274,0,0.8236862,1.60863,-1.017687,15.16905,-0.0001570061,0,0.8273182,1.498819,-1.068287,7.703139,29.67843,-7.04378,0.8085533,1.54139,-1.056257,-16.46116,-0.8880735,-32.41252,0.7971475,1.569574,-1.038059,14.48055,-0.0001220049,0,0.7918069,1.590062,-1.031145,9.656569,-8.24497E-05,0
3667,0.6995291,0.9269136,-1.337002,0.7146374,0.2886374,2.761942,0.6953659,1.287151,-1.372694,-2.234846,0.4898624,0.1235407,0.6939577,1.595331,-1.353177,7.886701,-1.403525,3.537676,0.6195384,0.9265588,-1.333139,-3.743451,-0.3651641,1.068445,0.6230608,0.5000565,-1.355804,4.207427,-0.004359096,0,0.6250606,0.07537207,-1.409796,6.857868,-1.911892,-7.543427,0.7795198,0.9272684,-1.340866,-3.887812,-0.8263578,2.934716,0.7741182,0.5008205,-1.364175,2.826809,0.006046388,0,0.7672705,0.07507429,-1.408551,5.847776,-1.934087,-5.211918,0.6247532,1.408698,-1.348854,-13.26696,-1.441824,1.440214,0.4952345,1.405425,-1.379252,-5.68734,14.95511,-48.13503,0.4532726,1.151073,-1.367637,14.91739,-5.549662E-05,-0.5908293,0.7639584,1.409899,-1.349111,-15.6048,5.944852,3.086355,0.8912417,1.426159,-1.384388,45.61131,-4.908159,-24.85377,0.9418949,1.24189,-1.210982,109.7221,-0.0001221561,-79.63642,0.4506918,0.8762177,-1.295588,4.260575,-8.733151,0.3256589,0.8392434,1.471838,-1.07934,6.922006,-31.16927,1.932696,0.4705086,0.8663433,-1.2689,45.60904,-12.43496,94.48861,0.5013452,0.8416827,-1.270047,16.73782,35.0603,-9.801288,0.5091075,0.8134444,-1.263622,9.092368,-8.264728E-06,0,0.464473,0.8569844,-1.275751,0,-14.88063,1.250075,0.4800724,0.8122258,-1.247964,38.4757,22.52716,-11.16675,0.5007488,0.7727325,-1.257885,26.63,-2.504822E-05,0,0.5194798,0.7569546,-1.271656,17.77118,-2.046542E-05,0,0.4585251,0.8522038,-1.283152,0,-2.518641E-06,0,0.4660091,0.8021865,-1.265648,34.42474,12.84347,-4.716464,0.4859962,0.7611226,-1.27625,31.27182,1.80008E-05,0,0.5075088,0.7454916,-1.292034,20.87682,2.570074E-06,0,0.4521791,0.8486716,-1.291278,3.069309,14.87364,-2.900701,0.4536052,0.7976744,-1.286379,29.95223,-0.09900617,-2.260447,0.4727215,0.7592427,-1.295057,31.35011,-1.381568E-05,0,0.4938571,0.7450276,-1.307258,20.92924,-1.535777E-05,0,0.4463909,0.8478138,-1.299035,7.703139,29.67834,-7.043725,0.4428875,0.8004541,-1.306373,19.7281,-10.58153,-3.1826,0.4538837,0.7672731,-1.312183,30.95311,-9.988968E-05,0,0.4695242,0.7534034,-1.31987,20.66346,-8.444702E-05,0,0.8685389,1.49022,-1.081864,50.208,-17.47271,81.69471,0.876465,1.521126,-1.105151,2.177447,11.16809,-0.4215088,0.8819246,1.547744,-1.117824,1.424228,1.063461E-05,0,0.8579403,1.49632,-1.077236,0,-14.88066,1.249918,0.8786272,1.546047,-1.066371,-1.081913,15.65324,20.7594,0.8844048,1.589234,-1.05269,10.44421,7.715815E-06,0,0.8850002,1.616976,-1.048277,6.963903,7.807462E-06,0,0.8479277,1.498111,-1.074146,0,2.18173E-06,0,0.8550761,1.549082,-1.059484,-13.27447,10.62146,13.77152,0.8551977,1.589155,-1.035146,19.7752,1.219294E-05,0,0.8508459,1.618958,-1.028136,13.19076,5.945434E-06,0,0.8373975,1.498533,-1.071368,3.069309,14.87368,-2.900701,0.8307135,1.547225,-1.056837,-25.52423,1.846792,-5.597377,0.8277727,1.579658,-1.027559,23.18518,-0.0002422491,0,0.8245637,1.606197,-1.01845,15.46855,-0.0001661394,0,0.8280227,1.496672,-1.069618,7.703139,29.67842,-7.04378,0.8093265,1.539176,-1.057252,-16.56766,-0.8130561,-32.31688,0.797959,1.567194,-1.038774,15.02628,-3.809621E-05,0,0.7927005,1.5877,-1.031848,10.02071,-2.553966E-05,0
3700,0.6994818,0.9269069,-1.337669,0.7295417,0.2991826,2.761587,0.6952956,1.287134,-1.373403,-2.240007,0.4838992,0.1607126,0.6939665,1.595313,-1.353878,7.865518,-1.446514,3.497264,0.6194912,0.9265383,-1.333806,-3.575387,-0.3553366,1.085524,0.6230797,0.4999663,-1.355107,4.486113,-0.004228919,0.02797646,0.6250913,0.07537234,-1.409805,6.954545,-1.907526,-7.54387,0.7794725,0.9272754,-1.341533,-3.740207,-0.8265797,2.92034,0.774201,0.5007614,-1.363633,3.063244,0.005751173,0,0.7673128,0.07507277,-1.408551,5.92063,-1.929438,-5.210452,0.6247074,1.408684,-1.349509,-13.28337,-1.436462,1.422716,0.4951779,1.405438,-1.379864,-5.660397,14.92715,-48.14175,0.4532692,1.151076,-1.368287,14.97387,-7.121185E-05,-0.5485832,0.7639124,1.409874,-1.349852,-15.6052,5.836442,2.996828,0.8912021,1.425877,-1.385223,45.10097,-4.804322,-24.94927,0.9417728,1.239861,-1.213668,109.8063,-0.0001396083,-78.91486,0.4509382,0.8762596,-1.29608,4.253444,-8.690141,0.3232465,0.8398505,1.468976,-1.080023,5.893319,-31.29312,1.651972,0.4707865,0.8663868,-1.269414,45.60924,-12.43901,94.48257,0.5016241,0.8417291,-1.270595,16.73241,35.05896,-9.797695,0.5093979,0.8134922,-1.264177,9.089644,-7.187003E-06,0,0.4647434,0.8570275,-1.276258,0,-14.88064,1.249762,0.4803771,0.8122704,-1.248488,38.45815,22.53102,-11.13673,0.5010357,0.7727715,-1.258424,26.65708,4.663918E-06,0,0.5197495,0.7569973,-1.272223,17.78927,8.952508E-06,0,0.458787,0.8522465,-1.283652,0,-6.972661E-06,0,0.4662937,0.8022299,-1.266156,34.41832,12.84066,-4.712517,0.486269,0.7611647,-1.276774,31.27848,2.861043E-05,0,0.5077646,0.7455347,-1.292583,20.88129,2.64551E-05,0,0.4524319,0.8487136,-1.291771,3.069309,14.87364,-2.900633,0.4538661,0.7977166,-1.286872,29.91424,-0.09564415,-2.267795,0.4729522,0.7592717,-1.295557,31.44405,2.139197E-05,0.01978234,0.4940857,0.7450811,-1.30779,20.99212,2.317837E-05,0,0.4466347,0.8478554,-1.299521,7.703165,29.67834,-7.043752,0.4431249,0.8004953,-1.306854,19.70019,-10.57029,-3.192488,0.4540987,0.7673088,-1.312673,31.01653,-7.639476E-05,0,0.4697378,0.7534503,-1.320385,20.70591,-6.126496E-05,0,0.8691238,1.487378,-1.082654,50.24594,-17.49501,81.52657,0.8767329,1.518688,-1.105504,1.951138,11.96796,-0.4044518,0.8821654,1.545667,-1.117403,1.272417,-1.101088E-07,0,0.8586041,1.493399,-1.077752,0,-14.88066,1.249918,0.8795097,1.542899,-1.066284,-1.352484,15.64647,20.71305,0.8856025,1.585749,-1.051707,12.24022,9.255893E-06,0,0.8858202,1.613508,-1.047373,8.16188,7.932603E-06,0,0.8486422,1.495141,-1.074476,0,1.806578E-06,0,0.8560705,1.545825,-1.05898,-13.59062,10.56405,13.63195,0.8567082,1.585308,-1.033706,21.56024,-4.525371E-05,0,0.8521982,1.615112,-1.026801,14.38293,-2.72702E-05,0,0.8381563,1.49552,-1.071529,3.069309,14.87368,-2.900768,0.8317494,1.543939,-1.055994,-25.8723,1.881325,-5.590055,0.8293318,1.575644,-1.025883,25.47296,0.00100862,0,0.8261898,1.602312,-1.017135,16.99756,0.0006975493,0,0.8288075,1.493634,-1.069669,7.703139,29.67841,-7.043752,0.8103498,1.535916,-1.056229,-17.15628,-0.4915686,-31.96825,0.7992097,1.563338,-1.036748,17.35268,-0.01414101,0,0.7942871,1.58396,-1.029921,11.57337,-0.00958839,0
3733,0.6993814,0.9268974,-1.338368,0.7449358,0.3131842,2.721748,0.6951091,1.287113,-1.374158,-2.240618,0.5070003,0.1701742,0.6937338,1.595291,-1.354622,7.873524,-1.525425,3.434047,0.6193882,0.9265096,-1.33456,-3.396383,-0.3424661,1.085885,0.6230673,0.4998683,-1.35441,4.776514,-0.004328428,0,0.6251298,0.07536632,-1.409815,7.05149,-1.904202,-7.52337,0.7793745,0.9272852,-1.342177,-3.599238,-0.8295783,2.918328,0.7742543,0.5007109,-1.363118,3.288727,0.005675951,0,0.7673685,0.07507649,-1.408548,5.987495,-1.925787,-5.233528,0.6244752,1.408634,-1.35025,-13.30989,-1.396663,1.402908,0.4949527,1.40543,-1.38064,-5.530843,14.80359,-48.05109,0.4532436,1.151035,-1.369052,15.00275,-4.85476E-05,-0.3351346,0.7636797,1.409881,-1.350617,-15.57905,5.653773,2.875282,0.8910176,1.425513,-1.385981,44.2451,-4.58454,-24.91529,0.9414719,1.236854,-1.217302,110.0119,-0.0001198546,-76.59709,0.4510939,0.8762726,-1.296636,4.271822,-8.654326,0.3232465,0.841168,1.465032,-1.080858,2.194637,-30.99466,0.6081289,0.4709883,0.8664033,-1.270003,45.60949,-12.44337,94.47629,0.5018277,0.8417501,-1.271232,16.72743,35.05342,-9.79334,0.5096193,0.8135152,-1.264828,9.087569,-2.286489E-06,0,0.4649346,0.857043,-1.276836,0,-14.88063,1.250075,0.4806198,0.8122889,-1.249091,38.42553,22.53823,-11.123,0.5012505,0.7727797,-1.259044,26.72872,-1.983336E-05,0,0.5199481,0.7570227,-1.272884,17.83718,-1.035026E-05,0,0.4589662,0.8522609,-1.28422,0,-3.375989E-06,0,0.4665075,0.8022462,-1.266734,34.41115,12.83613,-4.713805,0.4864681,0.7611803,-1.277377,31.28663,3.357156E-05,0,0.5079408,0.7455527,-1.29322,20.88673,2.524794E-05,0,0.4525976,0.848727,-1.292328,3.069245,14.87364,-2.900701,0.4540452,0.7977304,-1.287429,29.90541,-0.1022081,-2.222023,0.4731185,0.7592843,-1.296137,31.46206,2.445131E-05,0,0.4942296,0.7450984,-1.308414,21.00415,1.27514E-05,0,0.4467873,0.8478678,-1.300068,7.703139,29.67834,-7.043725,0.4432699,0.8005069,-1.307392,19.7054,-10.56535,-3.182723,0.4542382,0.7673222,-1.313233,31.0016,0.0002960049,0,0.4698617,0.7534619,-1.320972,20.69592,0.0002104858,0,0.8701656,1.483814,-1.083834,50.43034,-17.49772,81.60576,0.8764769,1.51629,-1.105417,1.258033,14.61706,-0.3177519,0.8816716,1.544252,-1.114908,0.8115651,-4.070685E-07,0,0.8598405,1.489473,-1.078149,0,-14.88066,1.249918,0.8809138,1.538491,-1.065036,-2.18767,15.59242,20.97977,0.8876079,1.580315,-1.047961,18.33059,-3.791765E-05,0,0.8861035,1.608106,-1.044108,12.22621,-2.720935E-05,0,0.8500273,1.490949,-1.074337,0,1.863262E-06,0,0.8578137,1.540814,-1.056534,-14.66413,10.396,13.57275,0.8596844,1.578436,-1.028619,29.09529,-0.0002809265,0,0.8537835,1.608278,-1.023058,19.42014,-0.0001946818,0,0.8396846,1.491076,-1.070903,3.069181,14.87368,-2.900701,0.8336676,1.538551,-1.052554,-26.97678,2.036676,-5.076284,0.8325325,1.56799,-1.020154,34.10708,4.517446E-05,0,0.828935,1.595167,-1.013368,22.77564,3.134572E-05,0,0.8304435,1.48901,-1.068724,7.703165,29.67842,-7.043752,0.8123342,1.530356,-1.052244,-18.97082,0.4855743,-30.617,0.8017057,1.555754,-1.029937,25.18054,3.000512E-05,0,0.7974957,1.576758,-1.023838,16.80209,2.192976E-05,0
3767,0.6992749,0.9268763,-1.339021,0.7641266,0.3376692,2.633067,0.6948919,1.287077,-1.37487,-2.245418,0.5374228,0.1532334,0.6934463,1.59525,-1.355289,7.892971,-1.623781,3.340234,0.6192761,0.9264539,-1.335336,-3.197819,-0.3147564,1.067346,0.6230388,0.4997407,-1.353555,5.111938,-0.00471057,0.02797646,0.62516,0.07535267,-1.409825,7.170256,-1.898473,-7.475486,0.7792737,0.9272987,-1.342706,-3.473558,-0.8480974,2.933982,0.774282,0.5006716,-1.362576,3.510117,0.00656668,0,0.7674027,0.07509851,-1.408577,6.058384,-1.930066,-5.285241,0.6241869,1.40856,-1.350975,-13.36468,-1.355679,1.380268,0.4947022,1.405391,-1.381529,-5.40258,14.69305,-47.93603,0.4531404,1.15097,-1.369998,15.05978,-6.748411E-05,-0.09691329,0.763391,1.409879,-1.351296,-15.532,5.430497,2.712455,0.890815,1.425061,-1.386545,42.94592,-4.104558,-24.76441,0.9416838,1.232755,-1.222163,109.9998,-0.0001201308,-71.68404,0.4511134,0.8762867,-1.297276,4.301383,-8.605742,0.3232465,0.8438219,1.458621,-1.080209,-4.971023,-29.62599,-1.315369,0.4710313,0.8664233,-1.270659,45.61226,-12.44739,94.47947,0.5018752,0.8417768,-1.27191,16.7432,35.04769,-9.801548,0.509676,0.8135426,-1.265514,9.096711,-3.467506E-06,0,0.4649732,0.8570614,-1.277486,0,-14.88063,1.249918,0.4806878,0.8123128,-1.249748,38.38321,22.543,-11.11753,0.501299,0.7727909,-1.259692,26.85651,-0.0001011072,0,0.5200035,0.7570707,-1.273564,17.92265,-6.949997E-05,0,0.4589994,0.8522776,-1.284864,0,-2.587795E-06,0,0.4665622,0.8022659,-1.267378,34.40079,12.83368,-4.71235,0.4865163,0.7611981,-1.278027,31.30953,1.917747E-05,0,0.5079812,0.7455778,-1.293887,20.90207,1.213213E-05,0,0.4526245,0.8487419,-1.292966,3.069245,14.87364,-2.900768,0.4540833,0.7977461,-1.288063,29.86895,-0.1054896,-2.228268,0.4731368,0.7592887,-1.296765,31.57181,2.120103E-05,0,0.4942555,0.7451358,-1.309066,21.07763,2.372974E-05,0,0.4468079,0.8478809,-1.300702,7.703165,29.67834,-7.043752,0.443291,0.8005187,-1.308018,19.70174,-10.56978,-3.163474,0.4542586,0.767334,-1.31386,31.00625,0.0004620378,0,0.4698768,0.7534754,-1.321613,20.69902,0.0003233337,0,0.871967,1.478538,-1.083899,50.21161,-17.83828,83.13457,0.8757101,1.513229,-1.102418,3.460061,18.29182,-1.086965,0.8791039,1.542617,-1.107292,2.190084,6.090753E-06,0,0.8621097,1.483252,-1.076718,0,-14.88066,1.249762,0.8832281,1.531342,-1.060586,-2.614566,16.05284,21.23239,0.8903724,1.571233,-1.039532,33.8458,-0.0001096153,0,0.8832901,1.598376,-1.037939,22.60057,-7.595781E-05,0,0.8526766,1.484014,-1.071876,0,1.771301E-06,0,0.8610038,1.532038,-1.049774,-13.63714,10.91767,13.23772,0.8640165,1.567129,-1.018827,48.56082,1.695515E-05,0,0.852799,1.59594,-1.019399,32.48317,6.342524E-06,0,0.8427111,1.483456,-1.067499,3.069181,14.87368,-2.900701,0.8374087,1.5286,-1.043821,-25.11431,1.984444,-2.359911,0.8382567,1.555618,-1.009368,52.83049,9.074687E-06,0,0.8314912,1.583036,-1.009014,35.36145,7.87438E-06,0,0.8337709,1.48088,-1.064697,7.703114,29.67841,-7.043752,0.8163948,1.519728,-1.042382,-20.5195,1.191451,-26.07887,0.8073795,1.541568,-1.015973,41.75627,1.329689E-05,0,0.8035504,1.563301,-1.012958,27.90673,1.064308E-05,0
3800,0.6991762,0.9268384,-1.339461,0.7838463,0.3539249,2.490965,0.6946529,1.287024,-1.375396,-2.241317,0.6037776,0.1101434,0.6929823,1.595192,-1.355804,7.926201,-1.765687,3.220148,0.6191686,0.9263918,-1.335974,-2.997807,-0.2919871,1.028505,0.6230072,0.4996121,-1.352546,5.475432,-0.005688571,0.02797646,0.6252077,0.07536599,-1.409873,7.315554,-1.892376,-7.395844,0.7791837,0.927285,-1.342948,-3.375161,-0.8623486,2.972692,0.7743024,0.5006171,-1.361952,3.703907,0.006172549,0,0.7674403,0.07510591,-1.408525,6.124487,-1.942263,-5.36531,0.6237922,1.408428,-1.351564,-13.43894,-1.311327,1.348717,0.4943713,1.405221,-1.382383,-5.256728,14.58228,-47.74851,0.4530321,1.15076,-1.370937,15.13322,-5.751384E-05,0.2007689,0.7629949,1.409904,-1.351776,-15.48268,5.105382,2.517695,0.8905346,1.424475,-1.386865,41.06562,-3.304286,-24.6638,0.9424764,1.227334,-1.228661,109.8677,-0.0001258283,-65.46188,0.4511305,0.8761894,-1.297789,4.331241,-8.531972,0.3232465,0.8473408,1.449092,-1.078608,-11.50888,-27.13395,-2.786005,0.4710432,0.866335,-1.271165,45.61423,-12.45137,94.49052,0.5018934,0.8416958,-1.272402,16.76795,35.04941,-9.817003,0.5096926,0.8134623,-1.266001,9.109835,-4.56641E-06,0,0.4649885,0.8569705,-1.277992,0,-14.88064,1.249918,0.4807036,0.8122305,-1.25024,38.36932,22.54292,-11.11797,0.5013199,0.7727057,-1.260162,26.90274,-0.000137153,0,0.5200376,0.7569997,-1.274033,17.95356,-9.066112E-05,0,0.4590174,0.8521842,-1.28537,0,-7.523316E-06,0,0.4665844,0.8021774,-1.267872,34.38917,12.82948,-4.709814,0.4865454,0.7611071,-1.278498,31.35615,1.777911E-05,0,0.508025,0.7455041,-1.294355,20.93326,1.311903E-05,0,0.4526452,0.8486456,-1.293473,3.069309,14.87364,-2.900701,0.4541116,0.7976511,-1.288559,29.85347,-0.1110856,-2.253335,0.4731682,0.7591902,-1.297238,31.61936,-6.553787E-06,0,0.4943037,0.7450528,-1.309529,21.10949,-8.386347E-06,0,0.4468309,0.847782,-1.30121,7.703165,29.67835,-7.043725,0.4433241,0.8004177,-1.308517,19.70548,-10.57229,-3.159015,0.4543016,0.7672345,-1.314349,30.99305,0.0004288702,0,0.4699222,0.7533742,-1.322094,20.6902,0.0003054555,0,0.8740104,1.470781,-1.083169,49.34656,-18.12533,85.24674,0.8745676,1.507498,-1.097726,8.967011,20.77549,-3.203507,0.8748069,1.537475,-1.097244,5.586933,1.435442E-07,0,0.8648474,1.474189,-1.074487,0,-14.88066,1.249918,0.8856143,1.521438,-1.055643,4.102314,19.52343,17.48007,0.8884599,1.561289,-1.033519,46.46727,2.295528E-05,0,0.8741462,1.58541,-1.035178,31.07382,2.018624E-05,-0.01978234,0.8560057,1.473936,-1.06859,0,1.248061E-06,0,0.8647617,1.519812,-1.042458,0,14.09791,10.56582,0.8624282,1.557388,-1.014517,60.8929,-5.778236E-05,0,0.8443468,1.581108,-1.022685,40.81265,-4.682592E-05,0,0.8466383,1.472391,-1.063238,3.069309,14.87368,-2.900701,0.8421685,1.514505,-1.034373,-9.128216,2.524524,0.2306999,0.8398426,1.546114,-1.004153,62.6931,1.073333E-05,0,0.8274674,1.570356,-1.011688,42.03298,7.33891E-06,0,0.8381941,1.46906,-1.059772,7.703165,29.67842,-7.043752,0.8218516,1.504406,-1.031618,-12.14668,-1.37353,-21.39853,0.8138267,1.526984,-1.005514,50.81626,-2.701446E-06,0,0.8084711,1.54857,-1.006727,34.00292,-3.284617E-06,0
3833,0.6990502,0.9267886,-1.339724,0.8033255,0.3832362,2.295331,0.6943481,1.286958,-1.37575,-2.235809,0.6801233,0.04845664,0.6923974,1.595122,-1.356148,7.965776,-1.908237,3.084642,0.6190315,0.9262984,-1.33651,-2.807562,-0.2539985,0.9699516,0.6229391,0.499461,-1.351507,5.823963,-0.006013591,0.03426402,0.625245,0.07535416,-1.409851,7.45651,-1.88566,-7.284458,0.7790689,0.9272788,-1.342939,-3.30482,-0.892372,3.032994,0.7742881,0.5005814,-1.361293,3.877877,0.006703987,0,0.767475,0.07514021,-1.408508,6.197136,-1.954888,-5.474645,0.6233045,1.408273,-1.352007,-13.55188,-1.274518,1.30761,0.4939803,1.404993,-1.383222,-5.106991,14.48403,-47.58579,0.4528978,1.150486,-1.371859,15.21954,-5.526013E-05,0.4981082,0.7625052,1.409929,-1.352065,-15.43999,4.788673,2.305626,0.8901612,1.423927,-1.386963,38.35521,-2.102544,-24.84494,0.9442752,1.220347,-1.237907,109.6262,-9.124472E-05,-59.32123,0.4511566,0.8760489,-1.298209,4.357479,-8.44096,0.3220336,0.8509865,1.43475,-1.07644,-15.37888,-24.91139,-3.416442,0.4710491,0.8662064,-1.271566,45.61607,-12.45768,94.52232,0.5019083,0.8415766,-1.272767,16.82384,35.05686,-9.852792,0.5096948,0.8133423,-1.266354,9.139037,-4.166523E-06,0,0.4650022,0.8568387,-1.278395,0,-14.88063,1.250075,0.4807041,0.8121099,-1.250618,38.34856,22.54784,-11.13616,0.5013277,0.7725794,-1.260501,26.96958,-0.0001122101,0,0.5200714,0.7568933,-1.274359,17.99825,-6.890259E-05,0,0.4590384,0.8520489,-1.285777,0,-4.663298E-06,0,0.4666019,0.8020488,-1.268259,34.36119,12.82711,-4.704862,0.4865693,0.7609701,-1.27884,31.46075,4.634064E-05,0,0.5080807,0.7454035,-1.29469,21.00331,3.518571E-05,0,0.4526739,0.8485067,-1.293884,3.069309,14.87364,-2.900701,0.4541475,0.7975139,-1.288954,29.85583,-0.1136828,-2.229234,0.4732223,0.7590559,-1.297606,31.623,2.712856E-05,0,0.4943696,0.7449219,-1.30988,21.11192,1.8326E-05,0,0.4468662,0.8476396,-1.301626,7.703139,29.67834,-7.043725,0.4433761,0.8002725,-1.308922,19.66079,-10.57286,-3.168174,0.4543437,0.7670807,-1.314723,31.10336,-0.0001197928,0,0.4699892,0.7532418,-1.322457,20.76403,-7.610372E-05,0,0.8757831,1.458397,-1.081771,48.26588,-17.46756,86.33284,0.8727409,1.496367,-1.092233,13.12213,22.47251,-5.091891,0.8704045,1.525755,-1.086772,8.074991,-2.052798E-05,0,0.8674242,1.460497,-1.071939,0,-14.88067,1.249918,0.8874483,1.507289,-1.051242,19.0069,23.55476,10.3191,0.8807072,1.547958,-1.031588,50.56559,-4.084461E-05,0,0.8605589,1.566955,-1.036339,33.83395,-4.318867E-05,0,0.8592888,1.459201,-1.06522,0,3.29867E-07,0,0.8682414,1.503268,-1.0362,21.60979,15.7636,3.464302,0.8553915,1.54375,-1.016345,62.59436,-9.009807E-05,0,0.8335283,1.560304,-1.030636,41.96603,-8.544153E-05,0,0.8506447,1.456631,-1.0591,3.069245,14.87369,-2.900768,0.8469655,1.495889,-1.026358,15.42069,3.114501,-0.5764125,0.8354912,1.533035,-1.006202,63.46819,-2.540518E-05,0,0.8192996,1.550892,-1.02092,42.55882,-1.699794E-05,0,0.8428144,1.452497,-1.055099,7.703165,29.67843,-7.04378,0.827645,1.484322,-1.022448,3.347318,-4.246589,-18.0324,0.8175428,1.510186,-1.000434,54.19016,-1.689689E-05,0,0.8099315,1.530223,-1.00649,36.27922,-1.706022E-05,0
3867,0.6989812,0.9267253,-1.339786,0.8180492,0.3945441,2.051186,0.6941497,1.286883,-1.375869,-2.236859,0.7747271,-0.02797646,0.6917932,1.59504,-1.356245,7.981312,-2.022386,2.928974,0.6189497,0.9262152,-1.336912,-2.640936,-0.22849,0.8880135,0.6228855,0.4993324,-1.350547,6.142354,-0.007653825,0.02797646,0.625304,0.07536599,-1.409899,7.596906,-1.877396,-7.14806,0.7790127,0.9272354,-1.34266,-3.261348,-0.9116668,3.121109,0.7742878,0.50052,-1.360606,4.026669,0.008445825,0,0.7675224,0.07515633,-1.408522,6.277198,-1.972451,-5.604165,0.6228815,1.408083,-1.352213,-13.70208,-1.224486,1.270262,0.493681,1.404727,-1.383928,-4.890124,14.34338,-47.42476,0.4529454,1.150166,-1.372524,15.24184,-5.312392E-05,0.8197219,0.7620793,1.409962,-1.352092,-15.39606,4.411291,2.049564,0.889864,1.42329,-1.386781,34.75998,-0.4643598,-25.6272,0.9470028,1.211883,-1.250279,109.1293,-0.0001134893,-53.99873,0.4512192,0.8758423,-1.298452,4.392488,-8.378442,0.3220336,0.8535604,1.414154,-1.073932,-17.37941,-23.05803,-3.571277,0.4710784,0.8660133,-1.271778,45.61929,-12.47143,94.60169,0.5019506,0.8413973,-1.272924,16.96424,35.05725,-9.938361,0.5097073,0.8131562,-1.266505,9.214585,-1.08273E-05,0,0.4650432,0.856642,-1.278612,0,-14.88066,1.250075,0.4807194,0.811926,-1.2508,38.33715,22.54988,-11.14691,0.5013617,0.7723939,-1.260638,26.99722,1.952274E-05,0,0.5201331,0.7567158,-1.274467,18.01674,2.271669E-05,0,0.4590906,0.8518484,-1.286001,0,-1.318581E-05,0,0.4666436,0.8018557,-1.268457,34.32869,12.82379,-4.703238,0.4866229,0.7607676,-1.278979,31.58401,-1.600636E-05,0,0.5081785,0.7452447,-1.294812,21.08584,-1.790093E-05,0,0.4527379,0.8483019,-1.294116,3.069181,14.87365,-2.900633,0.4542184,0.797311,-1.289168,29.82505,-0.1141245,-2.246289,0.4732988,0.7588443,-1.297769,31.73117,-7.592871E-06,0,0.4944837,0.7447455,-1.310019,21.18434,-1.032766E-05,0,0.4469409,0.8474309,-1.301865,7.703165,29.67837,-7.04378,0.4434732,0.8000606,-1.309152,19.63622,-10.58227,-3.128189,0.4544479,0.7668647,-1.314916,31.16731,1.703076E-05,0,0.4701139,0.7530399,-1.322633,20.80684,1.324614E-05,0,0.8762274,1.43987,-1.079166,47.29705,-16.46656,86.55187,0.8696569,1.478354,-1.085177,15.75138,23.49916,-6.416799,0.8652753,1.506315,-1.075279,9.613128,-8.665443E-06,0,0.8686076,1.440576,-1.068564,0,-14.88067,1.250075,0.8872152,1.486893,-1.045601,35.35021,23.74152,1.992232,0.8703253,1.526184,-1.029581,48.13686,-2.869391E-05,0,0.8471818,1.540703,-1.036139,32.19768,-2.091485E-05,0,0.861169,1.43817,-1.061361,0,-4.481402E-06,0,0.8696465,1.480321,-1.029494,42.97673,14.94275,-4.81247,0.8453826,1.518863,-1.018359,60.93674,6.702168E-05,0,0.822823,1.528389,-1.037243,40.84235,5.841009E-05,0,0.8532569,1.434507,-1.054821,3.069309,14.87368,-2.900701,0.8498012,1.470675,-1.018672,37.90714,3.486927,-2.705663,0.8281866,1.507401,-1.008586,61.24136,4.741463E-06,0,0.8108243,1.518663,-1.027805,41.04877,-2.141536E-06,0,0.8460775,1.429516,-1.050583,7.703139,29.67842,-7.04378,0.8316731,1.457476,-1.014254,22.05426,-4.714414,-15.59604,0.8160378,1.485015,-0.9983544,54.36217,3.637798E-06,0,0.8063412,1.502187,-1.008708,36.39537,2.82772E-06,0
3900,0.6989709,0.9266604,-1.339668,0.828271,0.4181305,1.788269,0.6940061,1.286808,-1.375778,-2.242627,0.858395,-0.08392937,0.691228,1.594962,-1.356149,7.953248,-2.054963,2.740098,0.6189273,0.9261124,-1.337161,-2.502411,-0.1857675,0.7957386,0.6228436,0.499195,-1.349673,6.412061,-0.008721193,0.03956468,0.625349,0.0753538,-1.409908,7.720903,-1.866263,-7.005551,0.7790145,0.9272083,-1.342175,-3.23894,-0.9501158,3.221668,0.7742943,0.5004838,-1.359904,4.148126,0.009354491,0,0.7675459,0.07519799,-1.408508,6.357428,-1.99727,-5.739108,0.6225389,1.407904,-1.352191,-13.89889,-1.236319,1.235272,0.4934909,1.40436,-1.384501,-4.793545,14.31667,-47.29193,0.453031,1.14975,-1.373239,15.31519,-5.527832E-05,0.9360726,0.7617338,1.40998,-1.351909,-15.29038,4.016245,1.734494,0.8896827,1.422573,-1.386265,30.48007,1.699042,-26.93937,0.9509317,1.203179,-1.264998,108.0979,-0.000100483,-49.5989,0.4513794,0.8755407,-1.29874,4.374168,-8.275623,0.3165179,0.8551701,1.387464,-1.07106,-18.23416,-21.62406,-3.510898,0.4711053,0.8657261,-1.271963,45.61982,-12.49198,94.69643,0.5019965,0.8411263,-1.272933,17.1474,35.02876,-10.04301,0.5097005,0.8128753,-1.266494,9.316375,-5.102651E-06,0,0.4651079,0.8563507,-1.278825,0,-14.88064,1.249762,0.4806556,0.8116481,-1.250919,38.32352,22.55478,-11.1299,0.5013522,0.7721139,-1.260633,27.03838,-5.254119E-05,0,0.5202004,0.7564476,-1.274372,18.04425,-3.32916E-05,0,0.4591945,0.851553,-1.286242,0,-5.778993E-06,0,0.466673,0.801568,-1.268644,34.30347,12.82226,-4.696903,0.4867071,0.7604738,-1.279037,31.69193,3.983343E-05,0,0.5083631,0.7449914,-1.294772,21.15807,2.730901E-05,0,0.4528843,0.8480021,-1.294388,3.069245,14.87364,-2.900768,0.4543549,0.7970132,-1.289417,29.82639,-0.1176109,-2.253509,0.4734927,0.7585504,-1.297907,31.74091,-1.345379E-05,0,0.494748,0.7444592,-1.310043,21.19087,-1.565174E-05,0,0.4471271,0.847127,-1.302167,7.703165,29.67835,-7.04378,0.4437109,0.7997533,-1.309456,19.59349,-10.57136,-3.12969,0.4547003,0.7665498,-1.315148,31.28343,0.0003723672,0,0.4704239,0.7527499,-1.322792,20.88459,0.0002736765,0,0.8755193,1.415242,-1.075154,46.54932,-15.66935,86.79073,0.8656656,1.453471,-1.076501,17.80814,23.36325,-7.25942,0.8592375,1.479373,-1.062837,10.87424,-6.839668E-06,0,0.8685418,1.414418,-1.064127,-0.02797646,-14.88068,1.249762,0.8850901,1.459871,-1.03807,47.06276,21.60892,-3.318358,0.8605497,1.495772,-1.024122,44.44809,9.552402E-06,0,0.8358302,1.507123,-1.031159,29.71566,1.688227E-06,0,0.8617617,1.410813,-1.056776,0,-8.981337E-06,0,0.869086,1.450554,-1.021688,58.31245,12.21348,-9.556911,0.8369754,1.484323,-1.016519,59.79156,3.713658E-05,0,0.815325,1.488652,-1.038171,40.06668,3.712417E-05,0,0.8545614,1.405982,-1.050173,3.069245,14.87368,-2.900701,0.850713,1.438468,-1.010718,54.976,2.486294,-3.040858,0.821973,1.471398,-1.008019,58.88002,-1.410085E-05,0,0.8048633,1.477646,-1.029602,39.4496,-3.250386E-06,0,0.8480449,1.400091,-1.046021,7.703191,29.67842,-7.043752,0.8339123,1.423548,-1.006536,38.26637,-4.166723,-13.80738,0.8127348,1.449944,-0.9960285,48.71639,1.745796E-05,0,0.8011929,1.465038,-1.00765,32.58795,1.12131E-05,0
3933,0.6989141,0.9265785,-1.339454,0.8313365,0.4266264,1.51129,0.6938723,1.286722,-1.375569,-2.246986,0.9449831,-0.1370561,0.6905997,1.594877,-1.355988,7.878085,-2.023484,2.487899,0.6188594,0.9260131,-1.337334,-2.357172,-0.1624531,0.6818494,0.6227844,0.4990646,-1.348733,6.689762,-0.009648671,0.03426402,0.6254092,0.07536066,-1.409921,7.85318,-1.860899,-6.869155,0.7789687,0.9271439,-1.341575,-3.223369,-0.9707547,3.344802,0.7742766,0.5004147,-1.359199,4.249759,0.008969074,0,0.7675722,0.07520327,-1.408455,6.434224,-2.017725,-5.867018,0.622203,1.40771,-1.352043,-14.12041,-1.211903,1.205122,0.4933165,1.404058,-1.38498,-4.549111,14.11635,-46.97078,0.4533478,1.149364,-1.37385,15.31231,-6.326943E-05,1.370165,0.7613943,1.409991,-1.35162,-15.1443,3.629297,1.367163,0.8895198,1.42187,-1.38557,25.65582,4.139288,-28.61875,0.9550711,1.194934,-1.281676,106.1971,-9.78303E-05,-44.80728,0.451547,0.8752351,-1.29906,4.396544,-8.236318,0.3165179,0.8558995,1.354139,-1.068224,-18.81273,-19.62546,-3.28247,0.4711854,0.8654342,-1.272213,45.61633,-12.50227,94.76747,0.5020885,0.840845,-1.273065,17.26929,35.00444,-10.11134,0.5097601,0.812589,-1.266609,9.384833,-4.568376E-06,0,0.4652138,0.856055,-1.279092,0,-14.88062,1.250075,0.4806801,0.8113652,-1.251121,38.32002,22.5567,-11.12709,0.5014184,0.7718326,-1.260752,27.04507,-0.000101785,0,0.5203173,0.7561687,-1.274424,18.04874,-6.743185E-05,0,0.4593268,0.8512534,-1.286528,0,4.829481E-07,0,0.4667603,0.8012758,-1.26889,34.28526,12.8184,-4.691311,0.4868348,0.7601781,-1.279191,31.77215,1.931527E-05,0,0.5085604,0.7447265,-1.29486,21.21178,1.992863E-05,0,0.4530452,0.8476982,-1.294694,3.069245,14.87364,-2.900701,0.4545136,0.7967112,-1.289703,29.82004,-0.1257803,-2.27133,0.473691,0.7582496,-1.298109,31.77215,-3.687268E-06,0,0.4950002,0.7441723,-1.310166,21.2118,1.661635E-06,0,0.4473145,0.846819,-1.302492,7.703139,29.67834,-7.043752,0.4439364,0.7994422,-1.309778,19.61243,-10.57143,-3.087623,0.454964,0.7662442,-1.315428,31.24842,5.662958E-05,0,0.4707102,0.7524416,-1.32302,20.86114,2.950833E-05,0,0.8732543,1.384113,-1.06992,46.0834,-15.15907,87.23976,0.8597027,1.420993,-1.065848,20.07249,22.95595,-8.110918,0.8509926,1.443619,-1.04821,12.28784,-8.153077E-06,0,0.8670156,1.381348,-1.058767,0,-14.88067,1.249762,0.8806018,1.425006,-1.028299,53.25102,19.74513,-6.0959,0.8507476,1.456016,-1.013043,43.33509,0.0007368044,0,0.8248141,1.464464,-1.019789,28.96749,0.0005546118,0,0.8610315,1.376272,-1.051596,0,-5.486305E-06,0,0.8664989,1.412332,-1.012431,66.36703,9.923035,-11.83906,0.8294749,1.440776,-1.008153,61.9732,3.836913E-05,0,0.8093466,1.442052,-1.031595,41.54483,2.950848E-05,0,0.8547044,1.370024,-1.045293,3.069245,14.87368,-2.900633,0.8500019,1.397292,-1.002153,65.03979,1.089914,-2.668952,0.8166924,1.425719,-1.001801,59.76669,2.945287E-07,0,0.8005259,1.428966,-1.02473,40.04982,-3.78344E-07,0,0.8490204,1.363074,-1.041578,7.703139,29.67841,-7.043752,0.8349564,1.380377,-0.9990118,49.22731,-3.762066,-12.46949,0.8095425,1.403668,-0.990809,44.95351,5.648025E-06,0,0.7963206,1.417315,-1.00243,30.05552,-1.701073E-06,0
3967,0.6988549,0.9264951,-1.339151,0.8268523,0.4321696,1.234163,0.6938207,1.28664,-1.375261,-2.244284,1.003788,-0.2036718,0.6901324,1.594806,-1.355809,7.758965,-1.915776,2.162203,0.618791,0.9259161,-1.337417,-2.228532,-0.1437235,0.5524929,0.6227238,0.4989439,-1.347885,6.93053,-0.01054906,0.03426402,0.6254679,0.07536578,-1.409934,7.972304,-1.860297,-6.749216,0.7789188,0.927074,-1.340885,-3.209491,-0.9874788,3.486386,0.7742609,0.5003431,-1.358474,4.355051,0.01085992,0,0.767615,0.07521832,-1.408481,6.527324,-2.027919,-5.977305,0.6220047,1.407559,-1.351825,-14.34014,-1.224048,1.176197,0.4932898,1.403773,-1.385411,-4.542045,14.14785,-46.958,0.4534283,1.149052,-1.374507,15.3501,-4.688013E-05,1.468471,0.761193,1.409977,-1.351235,-15.0296,3.342541,0.9323022,0.8894666,1.421308,-1.384811,20.71416,6.67876,-30.56196,0.9593689,1.188258,-1.298834,102.829,-0.0001027092,-40.27752,0.4515189,0.8749577,-1.299594,4.388206,-8.214654,0.3146578,0.8567194,1.313477,-1.065325,-18.52071,-18.42227,-3.029054,0.4710638,0.8651677,-1.272676,45.61539,-12.50805,94.8307,0.5019767,0.8405871,-1.273408,17.36984,34.99702,-10.17084,0.509612,0.8123266,-1.266929,9.439775,-1.000007E-05,0,0.4651188,0.8557855,-1.279574,0,-14.88064,1.250075,0.4804956,0.8111061,-1.251536,38.31002,22.56026,-11.10929,0.5012715,0.771572,-1.261081,27.07557,-5.980231E-05,0,0.5202232,0.7559167,-1.274688,18.06913,-3.671538E-05,0,0.4592594,0.8509808,-1.28703,0,-4.952525E-06,0,0.4666415,0.8010092,-1.269353,34.27984,12.81409,-4.693732,0.4867617,0.7599121,-1.279567,31.80347,1.852773E-05,0,0.508553,0.7444744,-1.295158,21.23276,1.273451E-05,0,0.4530077,0.8474222,-1.295217,3.069245,14.87364,-2.900701,0.45447,0.7964368,-1.290208,29.83508,-0.1356199,-2.264513,0.4736982,0.7579837,-1.298536,31.73761,2.942566E-06,0,0.4950509,0.7439004,-1.31051,21.18864,7.979466E-06,0,0.4473051,0.8465399,-1.303035,7.703139,29.67835,-7.04378,0.4439638,0.7991605,-1.310322,19.60118,-10.56913,-3.114265,0.4550126,0.7659612,-1.315923,31.28658,0.0003031397,0,0.4707966,0.7521686,-1.323454,20.88669,0.0002151587,0,0.8707222,1.345163,-1.063776,45.83544,-14.58199,87.51204,0.8533987,1.37939,-1.054354,21.51526,22.88004,-8.71411,0.8428215,1.397889,-1.033264,13.173,-2.073154E-05,0,0.8652967,1.340398,-1.052875,0,-14.88067,1.249762,0.8754961,1.381274,-1.017606,56.51483,18.66108,-7.43775,0.8417876,1.406471,-0.9998715,42.77068,-8.475706E-06,0,0.8149847,1.412289,-1.00597,28.58821,2.666579E-06,0,0.8601969,1.333862,-1.04622,0,-7.703032E-06,0,0.8635076,1.365298,-1.003035,69.47691,8.876093,-12.67174,0.8232459,1.388468,-0.9966881,65.12264,1.497532E-05,0,0.8043721,1.388704,-1.021183,43.68192,2.668969E-06,0,0.8548425,1.32624,-1.040563,3.069245,14.87368,-2.900633,0.8491496,1.347399,-0.9942317,69.28483,0.2171506,-1.892275,0.8126783,1.371586,-0.9926243,62.13881,2.27352E-05,0,0.7972356,1.373761,-1.01617,41.6571,1.784004E-05,0,0.8500897,1.318307,-1.037579,7.703165,29.67841,-7.04378,0.8361242,1.328675,-0.9927843,55.51919,-3.498051,-11.3842,0.8076426,1.348141,-0.9846896,42.55708,2.231866E-05,0,0.7928252,1.360808,-0.9954641,28.44469,1.995745E-05,0
4000,0.6988188,0.9264197,-1.338874,0.8168523,0.4308812,0.970355,0.6937692,1.286571,-1.374979,-2.233882,1.077382,-0.2818553,0.6895717,1.594748,-1.355707,7.630466,-1.792283,1.761253,0.6187478,0.9258369,-1.337509,-2.118217,-0.1329706,0.4210443,0.6226814,0.4988469,-1.347223,7.122821,-0.01161873,0.02797646,0.6255388,0.07536909,-1.409948,8.066063,-1.865907,-6.64346,0.7788898,0.9270024,-1.340239,-3.190341,-0.9970865,3.63545,0.7742625,0.5002698,-1.357795,4.461376,0.02291257,0.01978234,0.7677385,0.07523361,-1.408565,6.623978,-2.022883,-6.068568,0.6217715,1.407405,-1.351664,-14.53067,-1.155414,1.161969,0.4932151,1.403633,-1.385853,-4.344064,13.9558,-46.72797,0.4536642,1.148858,-1.375076,15.28669,-4.615711E-05,1.747421,0.7609558,1.409994,-1.350877,-14.96117,3.139032,0.4953507,0.8893377,1.421002,-1.384145,15.87363,9.159441,-32.54378,0.963393,1.183541,-1.315453,98.01765,-0.0001169058,-35.60821,0.4513497,0.8747599,-1.30019,4.403132,-8.241226,0.3171355,0.8588598,1.266574,-1.064611,-16.84394,-16.90793,-2.521269,0.4707813,0.864978,-1.273187,45.61721,-12.50941,94.86251,0.5017025,0.8404041,-1.273783,17.43079,35.01116,-10.21159,0.5092964,0.8121403,-1.267269,9.470896,-4.578748E-06,0,0.4648676,0.8555936,-1.280109,0,-14.88062,1.250231,0.4801327,0.8109217,-1.251998,38.30036,22.56167,-11.11785,0.5009524,0.7713865,-1.261442,27.09997,1.271045E-05,0,0.5199691,0.755739,-1.274968,18.08545,1.02871E-05,0,0.4590409,0.8507865,-1.287589,0,-5.061852E-07,0,0.4663566,0.8008193,-1.269872,34.28053,12.81292,-4.6944,0.4865288,0.7597246,-1.279993,31.81398,3.370382E-05,0,0.5083917,0.7442935,-1.29549,21.23979,3.230352E-05,0,0.4528249,0.8472254,-1.295802,3.069245,14.87364,-2.900768,0.4542751,0.7962411,-1.290778,29.85022,-0.1368894,-2.26814,0.4735545,0.7577957,-1.299023,31.70162,4.962998E-05,0,0.4949573,0.7437055,-1.310898,21.16457,3.485904E-05,0,0.4471558,0.8463407,-1.303644,7.703139,29.67834,-7.043752,0.4438543,0.7989595,-1.310937,19.58061,-10.57601,-3.08553,0.4549246,0.765757,-1.316476,31.3477,-6.49521E-05,0,0.4707507,0.7519786,-1.323945,20.92762,-3.970649E-05,0,0.8686297,1.299317,-1.058706,45.5471,-13.92987,87.31835,0.84705,1.32907,-1.044233,21.18295,22.63062,-8.481305,0.8344874,1.342775,-1.020711,12.99555,-1.647519E-05,0,0.864084,1.29243,-1.048564,0,-14.88066,1.250075,0.8695316,1.329074,-1.007989,57.93004,18.17443,-7.668565,0.8325793,1.346841,-0.9878766,42.24364,7.077802E-05,0,0.8051933,1.349685,-0.9934754,28.23412,4.573645E-05,0,0.8600108,1.284428,-1.042873,0,3.017506E-06,0,0.860016,1.309809,-0.9957565,70.78207,8.282579,-12.76336,0.8169926,1.326445,-0.9873665,66.74022,-1.786093E-05,0,0.7989773,1.326943,-1.012496,44.78107,-1.237748E-05,0,0.8558082,1.275463,-1.03832,3.069309,14.87368,-2.900701,0.8482916,1.289135,-0.9895006,70.91064,-0.259228,-1.103226,0.8089484,1.308009,-0.985809,63.89884,7.92757E-06,0,0.7940207,1.310388,-1.009665,42.85104,8.656807E-06,0,0.8521909,1.266639,-1.036457,7.703165,29.67841,-7.043752,0.8378548,1.268835,-0.990645,58.35021,-3.489918,-10.4503,0.8068367,1.283373,-0.9815818,41.17164,1.194082E-05,0,0.7903759,1.295018,-0.9910446,27.51409,2.217084E-06,0
4033,0.6987641,0.9263536,-1.338635,0.8013745,0.4207633,0.733287,0.6936724,1.286515,-1.374768,-2.203004,1.166799,-0.3620769,0.6888826,1.5947,-1.355713,7.578,-1.670434,1.300256,0.618688,0.9257799,-1.337602,-2.013826,-0.1351314,0.3090104,0.622638,0.4987754,-1.346652,7.291053,-0.01291751,0.02797646,0.6256266,0.07538575,-1.409963,8.147676,-1.880237,-6.542178,0.7788401,0.9269273,-1.339669,-3.162607,-0.9940473,3.771384,0.7742608,0.5001917,-1.357166,4.542346,0.01296217,0.01978234,0.7677226,0.07522032,-1.408474,6.692664,-2.034986,-6.144588,0.621459,1.407252,-1.351619,-14.67077,-1.059603,1.148418,0.4930335,1.403506,-1.386299,-4.220625,13.83853,-46.54084,0.4535979,1.148708,-1.375646,15.22206,-5.833061E-05,1.964035,0.760638,1.410051,-1.350631,-14.95089,3.007726,0.1480375,0.8890793,1.420931,-1.383712,11.34121,11.47696,-34.61755,0.9669542,1.180774,-1.330319,91.75534,-0.0001066503,-31.64752,0.4507745,0.8745859,-1.300864,4.43681,-8.297077,0.3226406,0.8629706,1.214714,-1.068062,-15.06201,-14.53509,-1.931683,0.470114,0.8648105,-1.273792,45.61889,-12.5021,94.89737,0.5010395,0.8402397,-1.274282,17.47487,35.04762,-10.24759,0.5085909,0.8119734,-1.267731,9.490261,-5.560316E-06,0,0.4642258,0.8554243,-1.280733,0,-14.88064,1.249918,0.4794006,0.8107584,-1.252564,38.298,22.56899,-11.06352,0.5002539,0.771223,-1.261933,27.11025,-0.0001535475,0,0.5193112,0.7555769,-1.275403,18.09231,-0.0001007468,0,0.4584258,0.8506153,-1.288232,0,-7.728762E-06,0,0.4656881,0.8006515,-1.270484,34.27848,12.81526,-4.679396,0.4858994,0.7595577,-1.280531,31.83509,1.930694E-05,0,0.5078185,0.7441363,-1.295958,21.25393,6.105793E-06,0,0.4522389,0.8470522,-1.296467,3.069309,14.87364,-2.900633,0.4536798,0.7960688,-1.291432,29.87701,-0.1357754,-2.284476,0.4730079,0.7576349,-1.299616,31.62838,1.347987E-05,0,0.4944468,0.7435272,-1.311405,21.11551,5.108264E-06,0,0.4465971,0.8461656,-1.304328,7.703165,29.67835,-7.043725,0.4433285,0.7987829,-1.311627,19.57914,-10.56625,-3.08261,0.4544197,0.7655811,-1.317128,31.36919,0.0003395843,0,0.4702765,0.7518104,-1.324546,20.94199,0.0002353421,0,0.8682854,1.246938,-1.056406,45.39165,-13.64104,87.29063,0.8429468,1.270441,-1.037277,21.92447,22.37206,-8.709804,0.8286058,1.277581,-1.011933,13.47372,-1.609072E-05,0,0.8647434,1.237853,-1.047695,0,-14.88068,1.249918,0.8653865,1.267289,-1.001307,58.52441,18.11602,-7.88227,0.82623,1.276123,-0.979526,41.44436,-2.849246E-05,0,0.7986674,1.276271,-0.9849768,27.69724,-2.816044E-05,0,0.8618017,1.228516,-1.043551,0,-1.543671E-05,0,0.8585868,1.245103,-0.9927702,71.42897,8.149441,-12.85873,0.8136362,1.254163,-0.9829975,66.91399,-2.22699E-05,0,0.7959741,1.256541,-1.008269,44.89924,-1.208575E-05,0,0.8588567,1.218419,-1.040696,3.069245,14.87367,-2.900701,0.8497642,1.222288,-0.9904054,71.7442,-0.320763,-0.9587917,0.8081888,1.234899,-0.9849123,64.06963,-2.961517E-05,0,0.793364,1.239211,-1.008561,42.96695,-2.853343E-05,0,0.8564622,1.209005,-1.040454,7.703165,29.6784,-7.043752,0.8421387,1.201291,-0.9952391,59.50082,-3.490927,-10.26723,0.8093314,1.210003,-0.9850689,39.7668,-1.044153E-05,0,0.7913395,1.220728,-0.9926424,26.57091,-1.036573E-06,0
4067,0.6986836,0.9262967,-1.338508,0.7893192,0.4183203,0.5377761,0.6935238,1.286465,-1.374662,-2.178525,1.245046,-0.4347627,0.6881831,1.594646,-1.355701,7.621897,-1.5279,0.8139727,0.6186045,0.9257224,-1.337748,-1.910698,-0.1331669,0.2238118,0.6225803,0.4987042,-1.346116,7.451719,-0.01294252,0.03426402,0.6256928,0.0753926,-1.40994,8.217834,-1.896947,-6.45154,0.7787627,0.9268709,-1.339267,-3.124369,-0.9938216,3.880603,0.7742499,0.5001278,-1.356596,4.64123,0.01405931,0.02797646,0.7677809,0.07522428,-1.408472,6.765208,-2.033049,-6.206683,0.6211211,1.407117,-1.351658,-14.77523,-1.000907,1.141067,0.4928048,1.403333,-1.386736,-4.14959,13.80549,-46.37053,0.453357,1.148535,-1.376143,15.14134,-5.98474E-05,2.072543,0.7602949,1.410099,-1.350487,-14.94443,2.908199,-0.01978234,0.8887858,1.420904,-1.383399,7.606639,13.3284,-36.71922,0.9692439,1.17934,-1.3414,84.41076,-0.0001032259,-27.4381,0.4499161,0.8743792,-1.30151,4.47317,-8.361594,0.3262592,0.8687842,1.162434,-1.076136,-14.23828,-13.44226,-1.68644,0.4691428,0.8646076,-1.274356,45.61401,-12.4968,94.92352,0.5000693,0.8400356,-1.274716,17.4982,35.05719,-10.26424,0.5075842,0.8117685,-1.268126,9.501668,-6.482225E-06,0,0.4632846,0.8552203,-1.281321,0,-14.88064,1.249918,0.4783451,0.8105578,-1.253086,38.30562,22.57912,-11.03594,0.4992374,0.7710239,-1.262373,27.08633,6.165105E-05,0,0.5183416,0.7553689,-1.275767,18.07633,4.219299E-05,-0.01978234,0.4575166,0.8504102,-1.288845,0,-3.560835E-06,0,0.4647087,0.8004484,-1.271062,34.28598,12.8193,-4.673238,0.484967,0.7593579,-1.281027,31.82471,2.004454E-05,0,0.5069486,0.7439352,-1.296364,21.247,1.231502E-05,0,0.4513645,0.846846,-1.297105,3.069181,14.87364,-2.900768,0.4527888,0.795863,-1.29206,29.88022,-0.1269254,-2.249598,0.4721524,0.7574307,-1.300167,31.62848,3.104467E-06,0,0.4936358,0.7433242,-1.311877,21.11557,-7.347023E-07,0,0.4457558,0.8459582,-1.30499,7.703165,29.67835,-7.043725,0.442522,0.7985747,-1.312298,19.59374,-10.56112,-3.072241,0.453645,0.7653766,-1.317757,31.34969,-6.476776E-06,0,0.4695314,0.7516051,-1.32511,20.92893,1.345927E-06,0,0.8699306,1.19283,-1.059487,45.36301,-13.24742,86.98822,0.8418604,1.209211,-1.037034,21.93778,22.89155,-8.904173,0.8271912,1.210035,-1.010899,13.42868,5.487231E-06,0,0.8677228,1.182097,-1.052354,0,-14.88067,1.250075,0.8650151,1.203666,-1.001894,58.72371,18.48686,-7.675139,0.8252631,1.203365,-0.9794138,40.85726,3.152268E-05,0,0.7978324,1.200517,-0.9847869,27.30298,1.140434E-06,0,0.8660897,1.171917,-1.049764,0,-1.526587E-06,0,0.8613076,1.17971,-0.9970332,71.72004,8.366872,-12.43567,0.8156177,1.180884,-0.9865838,66.31803,-8.008285E-06,0,0.7973272,1.18457,-1.011244,44.49411,-9.936812E-06,0,0.8645386,1.161196,-1.048568,3.069245,14.87368,-2.900768,0.8556059,1.155842,-0.9983851,72.02719,-0.09981587,-0.5767518,0.81274,1.161681,-0.991592,62.94585,2.869619E-05,0,0.7968252,1.167478,-1.014192,42.20441,1.52093E-05,0,0.8634123,1.151628,-1.049839,7.703139,29.67841,-7.043752,0.8507659,1.135049,-1.006546,59.81844,-3.178602,-10.16539,0.8171301,1.137532,-0.9956782,37.7994,4.180918E-05,0,0.7974786,1.146471,-1.001157,25.25084,2.192097E-05,0
4100,0.6986145,0.9262451,-1.3385,0.7888232,0.4161068,0.3732531,0.6934446,1.286412,-1.374651,-2.179962,1.293566,-0.5218958,0.6876678,1.594584,-1.355655,7.652477,-1.33925,0.3238513,0.6185336,0.9256707,-1.33797,-1.811321,-0.1332035,0.1398823,0.622539,0.498639,-1.345597,7.626736,-0.01510008,0.03956468,0.6257683,0.07541296,-1.40998,8.292637,-1.916866,-6.388656,0.7786954,0.9268194,-1.33903,-3.078035,-0.9911557,3.977197,0.7742549,0.5000626,-1.356038,4.755057,0.01307687,0.01978234,0.767828,0.07522276,-1.408437,6.833744,-2.030685,-6.249714,0.6209111,1.407006,-1.351751,-14.848,-0.9673089,1.148588,0.492694,1.403208,-1.387189,-4.125497,13.83845,-46.24398,0.4530284,1.148441,-1.376672,15.07642,-5.032506E-05,2.26555,0.7600805,1.410098,-1.350364,-14.9505,2.771688,-0.1266688,0.8886327,1.42069,-1.383106,4.112422,14.47245,-39.00206,0.9685521,1.177338,-1.351753,76.30243,-9.218283E-05,-22.81048,0.4488648,0.8742535,-1.302192,4.558188,-8.45491,0.3368816,0.8738354,1.108229,-1.092917,-12.6418,-11.4774,-1.275489,0.4680555,0.8644801,-1.275013,45.60718,-12.49089,94.95365,0.4989768,0.8399011,-1.275334,17.52589,35.06149,-10.28224,0.5064698,0.8116311,-1.268731,9.516055,-1.359147E-05,0,0.4622056,0.8550934,-1.281986,0,-14.88062,1.249918,0.4772263,0.8104295,-1.253732,38.31345,22.58058,-11.05635,0.4981295,0.7708963,-1.262998,27.0502,2.695307E-05,0,0.517247,0.7552289,-1.276357,18.05216,1.586199E-05,0,0.4564471,0.8502839,-1.289517,0,2.158325E-06,0,0.4636125,0.8003213,-1.271726,34.29742,12.82518,-4.679479,0.4838829,0.7592328,-1.281674,31.79811,-5.957849E-06,0,0.5058792,0.7438011,-1.296981,21.22918,-4.964374E-06,0,0.4503055,0.8467202,-1.297785,3.069245,14.87364,-2.900633,0.4517195,0.795737,-1.292739,29.86375,-0.1236566,-2.285419,0.4710805,0.7572973,-1.300817,31.68674,9.514952E-08,0,0.4925903,0.7432077,-1.312499,21.1546,9.965164E-07,0,0.444707,0.8458329,-1.305677,7.703139,29.67834,-7.043752,0.4414792,0.7984498,-1.312991,19.60972,-10.55361,-3.102677,0.4526129,0.7652543,-1.318444,31.32578,0.0003855235,0,0.4685074,0.751479,-1.325772,20.91293,0.0002731524,0,0.8704861,1.134952,-1.071074,45.2508,-12.88421,86.53072,0.8400618,1.142807,-1.047136,21.31526,23.50976,-8.847067,0.8252703,1.136905,-1.021733,12.98748,-4.168706E-06,0,0.8696788,1.1229,-1.066069,0,-14.88068,1.250075,0.8632075,1.134339,-1.01272,58.69964,18.78865,-7.691998,0.8236072,1.124399,-0.9922587,38.71765,1.812543E-05,0,0.7967201,1.118729,-0.9981205,25.86686,2.386875E-05,0,0.8694351,1.112292,-1.065407,0,-1.330849E-05,0,0.8627878,1.10962,-1.012371,71.4452,8.793417,-12.02498,0.8173106,1.10239,-1.003557,64.72613,2.946429E-05,0,0.7982669,1.107528,-1.027374,43.41267,1.884915E-05,0,0.8693697,1.101424,-1.066209,3.069309,14.87367,-2.900701,0.8604788,1.085856,-1.018195,71.57002,0.1910646,-0.7074825,0.8171631,1.084252,-1.011958,60.99273,2.962376E-05,0,0.7999954,1.091671,-1.03312,40.8803,1.40224E-05,0,0.8696033,1.092186,-1.069213,7.703165,29.67841,-7.043752,0.858703,1.066445,-1.030128,59.81851,-3.189687,-10.63158,0.8248821,1.062387,-1.020365,34.11242,4.828939E-05,0,0.8038006,1.068673,-1.02385,22.77921,3.60366E-05,0
4133,0.6985217,0.9262077,-1.338867,0.8079404,0.4155546,0.2373883,0.6934156,1.286361,-1.375012,-2.20886,1.30485,-0.6180231,0.6873617,1.594527,-1.35594,7.571471,-1.103544,-0.2601963,0.6184398,0.9256316,-1.338526,-1.697774,-0.1371181,0.04423466,0.6225059,0.4985839,-1.345162,7.818336,-0.01536897,0.03956468,0.6258311,0.07542485,-1.40998,8.348002,-1.943825,-6.361004,0.7786037,0.9267837,-1.339207,-3.006024,-0.983269,4.078279,0.7742743,0.4999999,-1.355554,4.909716,0.01311907,0.02797646,0.7678942,0.07521969,-1.408441,6.900408,-2.017752,-6.261343,0.6208277,1.406932,-1.352169,-14.91871,-0.9732468,1.17952,0.4927155,1.40313,-1.387984,-4.042056,13.82954,-46.13622,0.4529037,1.14839,-1.377354,14.93925,-6.125507E-05,2.383431,0.759994,1.410041,-1.350546,-14.91048,2.629755,-0.2036718,0.8886454,1.420337,-1.382991,1.831307,14.74188,-40.97381,0.9656255,1.175218,-1.358885,67.66541,-0.0001118631,-17.83147,0.4479129,0.8741492,-1.303122,4.62474,-8.550673,0.3460502,0.8798036,1.058633,-1.114374,-11.11687,-10.9327,-1.067162,0.4670264,0.8643665,-1.275893,45.60061,-12.48824,94.97765,0.4979378,0.839774,-1.276131,17.56199,35.04696,-10.30068,0.5053975,0.8114974,-1.269518,9.537185,-1.82472E-05,0,0.4611925,0.8549824,-1.282883,0,-14.88064,1.250075,0.476122,0.8103102,-1.254593,38.32149,22.57961,-11.09065,0.497041,0.7707742,-1.263811,27.00709,-2.046164E-05,0,0.5161884,0.7550893,-1.277107,18.02334,-1.071476E-05,0,0.4554529,0.8501756,-1.29043,0,-6.500678E-06,0,0.462554,0.8002086,-1.272625,34.30371,12.83144,-4.688847,0.4828378,0.7591163,-1.282531,31.7797,1.549517E-06,0,0.5048679,0.7436733,-1.297777,21.21683,8.195058E-06,0,0.4493327,0.8466148,-1.298715,3.069245,14.87364,-2.900768,0.4507167,0.7956306,-1.293671,29.8522,-0.1194564,-2.26261,0.4700792,0.7571812,-1.3017,31.73594,2.841202E-05,0,0.4916196,0.7431015,-1.313336,21.18752,2.490791E-05,0,0.4437554,0.8457304,-1.306622,7.703165,29.67835,-7.043752,0.4405324,0.7983491,-1.31395,19.59623,-10.54756,-3.12725,0.4516616,0.7651478,-1.319377,31.37113,-0.0001339827,0,0.4675799,0.751378,-1.326664,20.94331,-9.448538E-05,0,0.8723432,1.081051,-1.088992,44.97669,-12.80297,86.57285,0.8405798,1.081182,-1.065509,22.12023,23.38576,-9.164888,0.8261309,1.069255,-1.042102,13.4875,2.998161E-06,0,0.8729836,1.068368,-1.085877,0,-14.88067,1.249918,0.8635324,1.070577,-1.031798,57.85431,19.33389,-7.536687,0.8254191,1.052383,-1.01442,37.61005,2.893012E-05,0,0.799553,1.043971,-1.021464,25.12382,2.551276E-05,0,0.8741176,1.05784,-1.086811,0,-8.6984E-06,0,0.8663561,1.046244,-1.035144,70.45734,9.351942,-11.52802,0.822262,1.031526,-1.029042,63.30046,2.937149E-05,0,0.8024566,1.037022,-1.052146,42.445,1.421235E-05,0,0.8755047,1.047302,-1.08922,3.069245,14.87368,-2.900701,0.8673599,1.023555,-1.044538,70.49495,0.5948297,-0.9705567,0.8246473,1.014962,-1.04012,59.45844,2.570463E-05,0,0.8062819,1.022852,-1.060072,39.84113,1.288742E-05,0,0.8770371,1.038738,-1.093548,7.703165,29.67841,-7.043752,0.8684954,1.006139,-1.059293,59.06763,-3.184328,-11.14348,0.8353941,0.9961349,-1.051556,31.33442,4.208383E-05,0,0.8134888,0.9992288,-1.054141,20.91874,2.741586E-05,0
4167,0.6984898,0.9261671,-1.339358,0.8175707,0.4189616,0.1083524,0.6934992,1.286313,-1.375426,-2.251598,1.289746,-0.7268545,0.6872904,1.594477,-1.356261,7.431046,-0.8403046,-1.088405,0.6184073,0.9255838,-1.339198,-1.5418,-0.1338796,-0.05934703,0.6225057,0.4985189,-1.344599,8.059343,-0.01509185,0.03956468,0.6258802,0.07544586,-1.409973,8.418019,-1.968338,-6.341865,0.7785723,0.9267505,-1.339518,-2.927704,-0.9823034,4.19582,0.7743274,0.4999419,-1.355227,5.043487,0.01423034,0.02797646,0.7679734,0.07520565,-1.408469,6.95243,-2.0004,-6.25213,0.6209088,1.40689,-1.352625,-14.95879,-1.00608,1.220932,0.4928913,1.403088,-1.388777,-4.012345,13.82853,-45.81147,0.4528408,1.148374,-1.378419,14.95194,-5.803238E-05,2.752215,0.7600729,1.409952,-1.350737,-14.84387,2.395524,-0.3045456,0.8888619,1.419682,-1.382808,0.4396856,14.6698,-42.36336,0.9621971,1.173024,-1.363518,59.36983,-9.720882E-05,-12.95116,0.4471043,0.8741677,-1.304115,4.720035,-8.582172,0.3538778,0.8879193,1.017125,-1.13786,-10.6961,-11.03775,-1.036465,0.4661708,0.8643693,-1.276858,45.59623,-12.48692,95.00191,0.4970664,0.8397567,-1.277052,17.61183,35.03639,-10.32851,0.5044894,0.8114697,-1.270443,9.565238,-1.550264E-05,0,0.4603421,0.8549898,-1.283858,0,-14.88064,1.249918,0.4752026,0.8103043,-1.255554,38.31631,22.57755,-11.11563,0.4961123,0.7707565,-1.264742,27.0005,-1.100655E-05,0,0.5152739,0.7550597,-1.278004,18.01892,-1.1744E-05,0,0.4546112,0.8501876,-1.291415,0,-8.656925E-06,0,0.4616562,0.8002135,-1.273608,34.31454,12.83667,-4.702072,0.4819337,0.7591144,-1.283498,31.75253,8.216211E-06,0,0.5039752,0.7436534,-1.29871,21.19865,-1.155516E-05,0,0.4485015,0.8466318,-1.29971,3.069309,14.87364,-2.900633,0.4498483,0.795646,-1.294673,29.86475,-0.1161261,-2.268657,0.4692063,0.7571909,-1.302685,31.71166,5.14333E-06,0,0.4907539,0.7430957,-1.31429,21.17128,9.376767E-07,0,0.4429357,0.8457519,-1.307626,7.703139,29.67835,-7.043725,0.4396965,0.7983738,-1.314967,19.57017,-10.54908,-3.140057,0.450802,0.7651614,-1.320375,31.44911,0.000161554,0,0.4667359,0.7513996,-1.327642,20.99549,0.0001112407,0,0.8772036,1.035136,-1.110232,44.71336,-12.51208,86.72061,0.8452657,1.028327,-1.088007,22.54984,23.24902,-9.30827,0.8320637,1.011664,-1.066865,13.76223,4.949175E-06,0,0.8793243,1.02233,-1.108664,0,-14.88066,1.249918,0.868471,1.016599,-1.055109,57.28821,19.93129,-6.887264,0.8328903,0.9915778,-1.041193,36.86324,4.225338E-05,0,0.8084748,0.9805548,-1.049667,24.62301,2.582037E-05,0,0.8817607,1.012211,-1.11083,0,3.813125E-06,0,0.8743299,0.9933863,-1.061287,69.58556,9.920238,-10.72473,0.832573,0.9722975,-1.058162,62.02604,3.335001E-05,0,0.8121046,0.9772211,-1.080813,41.58067,1.374851E-05,0,0.8844823,1.002299,-1.114452,3.069309,14.87368,-2.900701,0.878316,0.9723369,-1.07333,69.6735,0.9564537,-0.8672784,0.8370956,0.9577035,-1.071217,57.35577,1.291831E-05,0,0.8173877,0.9648971,-1.090124,38.41836,1.420223E-05,0,0.8871489,0.994589,-1.119731,7.703165,29.67841,-7.043752,0.8819062,0.9571682,-1.090045,58.95745,-3.031008,-11.37752,0.8501613,0.9423052,-1.08485,28.08553,4.525348E-05,0,0.828014,0.9419422,-1.087187,18.74461,4.158441E-05,0
4200,0.6985005,0.9261418,-1.340073,0.8313365,0.4208749,-0.02797646,0.6937281,1.286278,-1.376053,-2.303843,1.240031,-0.8455727,0.687501,1.594436,-1.35671,7.324479,-0.5179228,-2.176997,0.6184179,0.925553,-1.340105,-1.371593,-0.1277876,-0.1570175,0.6225123,0.498473,-1.344132,8.306005,-0.01447831,0.03956468,0.6259142,0.07547155,-1.409966,8.474728,-1.988941,-6.304904,0.778583,0.9267306,-1.34004,-2.846407,-0.9838843,4.31534,0.774393,0.4998966,-1.35506,5.159739,0.01338901,0.01978234,0.7680354,0.07518226,-1.408476,6.981064,-1.987022,-6.250593,0.6212059,1.406903,-1.353284,-15.02034,-1.043154,1.265323,0.4933009,1.403177,-1.389839,-4.010783,13.88074,-45.76995,0.4528452,1.148525,-1.379537,14.94084,-4.628801E-05,2.848744,0.7603687,1.40983,-1.35111,-14.75362,2.243974,-0.4515415,0.8893037,1.419111,-1.382725,-0.07401875,14.21862,-43.27513,0.9588388,1.171156,-1.366183,51.47285,-0.0001059156,-8.506646,0.446401,0.8743442,-1.305196,4.791951,-8.604218,0.360452,0.8978718,0.9834986,-1.161706,-8.230678,-9.961194,-0.7179157,0.4654093,0.8645255,-1.277906,45.58778,-12.48307,95.02093,0.496282,0.8398839,-1.278046,17.64949,35.02038,-10.3475,0.5036628,0.8115855,-1.271439,9.587387,-3.751177E-06,0,0.4595862,0.855152,-1.284919,0,-14.88064,1.250075,0.4743591,0.8104492,-1.256595,38.3247,22.57023,-11.16103,0.4952617,0.7708908,-1.265755,26.9525,-4.455429E-05,0,0.5144367,0.755168,-1.278966,17.98682,-3.074751E-05,0,0.4538655,0.8503557,-1.292487,0,-4.137913E-06,0,0.4608381,0.8003726,-1.274677,34.31848,12.83833,-4.72074,0.4811023,0.7592607,-1.284541,31.7306,-7.420508E-07,0,0.5031589,0.7437772,-1.299708,21.18396,1.592086E-06,0,0.4477683,0.8468063,-1.300794,3.069245,14.87364,-2.900768,0.4490655,0.7958185,-1.295764,29.87061,-0.115852,-2.281991,0.468411,0.7573518,-1.303751,31.70664,6.342733E-06,0,0.4899707,0.7432424,-1.315316,21.16793,9.30713E-06,0,0.4422165,0.8459324,-1.308721,7.703165,29.67834,-7.043752,0.4389533,0.7985583,-1.316077,19.57736,-10.55099,-3.134128,0.4500467,0.7653397,-1.321471,31.44908,9.698694E-05,0,0.4659846,0.751569,-1.328713,20.99549,6.705035E-05,0,0.8839617,0.9962021,-1.132592,44.54783,-11.99758,86.12425,0.8519138,0.9829102,-1.113708,21.3042,23.97079,-9.002677,0.8395995,0.9623618,-1.095679,12.93305,-1.542927E-05,0,0.8872976,0.9835603,-1.132697,0,-14.88068,1.250075,0.8743446,0.9690889,-1.0813,57.37271,20.32845,-6.961762,0.8410169,0.9388471,-1.073531,33.14115,-4.855102E-06,0,0.8181975,0.9258885,-1.08357,22.12857,-7.457984E-06,0,0.8908647,0.9741398,-1.136093,0,-1.129003E-05,0,0.8828577,0.947679,-1.090269,69.45499,10.32541,-10.24358,0.8435606,0.9222454,-1.092917,56.99451,6.55661E-06,0,0.8223841,0.9262227,-1.115098,38.17405,1.596331E-05,0,0.894769,0.9651608,-1.14088,3.069309,14.87368,-2.900701,0.8895911,0.9290786,-1.104853,69.83097,1.364021,-1.416927,0.8501167,0.9103502,-1.10781,51.23562,2.741027E-05,0,0.8289877,0.9163406,-1.125567,34.28569,2.542904E-05,-0.01978234,0.8984785,0.9585878,-1.147,7.703165,29.67841,-7.043725,0.8955702,0.9169136,-1.123254,58.96132,-3.186941,-12.10503,0.8652587,0.8985898,-1.12221,23.33366,3.181694E-05,0,0.8434984,0.8948674,-1.125164,15.56777,2.874905E-05,0
4233,0.6984791,0.9261422,-1.34097,0.847191,0.4191886,-0.2046302,0.6939619,1.286269,-1.376898,-2.345602,1.190892,-0.9839723,0.6876458,1.594414,-1.357352,7.303368,-0.1212516,-3.458985,0.618397,0.9255521,-1.341248,-1.211115,-0.125163,-0.2624426,0.6224867,0.4984616,-1.343957,8.505238,-0.01371155,0.04423466,0.625952,0.07548669,-1.409958,8.49424,-2.007395,-6.234355,0.7785611,0.9267322,-1.340691,-2.747018,-0.9815004,4.433498,0.7744391,0.499869,-1.354873,5.297276,0.01239668,0.02797646,0.7681063,0.07517752,-1.408474,7.006839,-1.97438,-6.287372,0.6215008,1.406945,-1.354207,-15.04652,-1.055911,1.309255,0.4936975,1.403343,-1.391129,-3.999048,13.89847,-45.70366,0.4528468,1.148751,-1.380913,14.96826,-4.17761E-05,2.92737,0.7606609,1.409737,-1.3517,-14.64758,2.021074,-0.652221,0.8897672,1.418395,-1.382788,-0.09691329,13.62475,-43.52033,0.9554712,1.169288,-1.367984,44.2191,-7.644404E-05,-2.999766,0.4457942,0.8746302,-1.306404,4.848403,-8.58512,0.3636945,0.9089716,0.9569397,-1.184984,-5.456789,-9.435014,-0.4502396,0.4647284,0.8647898,-1.27907,45.57977,-12.47451,95.02666,0.4955735,0.8401133,-1.279142,17.66229,34.99962,-10.35007,0.5029114,0.8118047,-1.27253,9.596733,-4.476156E-06,0,0.4589132,0.8554228,-1.286098,0,-14.88064,1.250075,0.4735771,0.8107022,-1.257746,38.3125,22.57279,-11.17665,0.4944589,0.7711214,-1.266856,26.97452,-6.301018E-06,0,0.5136552,0.7553875,-1.280023,18.00155,-1.672531E-05,0,0.4532061,0.850633,-1.293681,0,-4.880621E-06,0,0.4600898,0.8006408,-1.275862,34.32818,12.84152,-4.747512,0.4803421,0.7595146,-1.28569,31.69304,4.52837E-06,0,0.5024185,0.7440003,-1.300797,21.15881,-2.997113E-06,0,0.4471254,0.8470905,-1.302003,3.069309,14.87364,-2.900701,0.4483632,0.7961007,-1.296977,29.8702,-0.1124828,-2.290295,0.4676903,0.7576168,-1.304926,31.71697,1.001615E-05,0,0.4892666,0.7434932,-1.316442,21.17482,-1.193312E-05,0,0.4415917,0.8462228,-1.309943,7.703165,29.67835,-7.043725,0.438302,0.7988528,-1.317313,19.58859,-10.55661,-3.100025,0.4493846,0.7656271,-1.322686,31.44013,-7.200542E-05,0,0.4653255,0.7518433,-1.329897,20.98948,-7.677802E-05,0,0.8919067,0.9645725,-1.155778,44.24569,-11.63442,85.4471,0.8602334,0.9459846,-1.141229,19.94711,24.3328,-8.504892,0.8487295,0.922531,-1.126515,12.07914,-9.505617E-06,0,0.8964458,0.9523858,-1.157132,0,-14.88069,1.249762,0.8814003,0.9304147,-1.109073,56.38481,21.03509,-6.580642,0.8512611,0.8961545,-1.107192,30.23565,1.215615E-05,0,0.8305822,0.8813335,-1.119115,20.18322,8.427931E-06,0,0.9011329,0.9438211,-1.161338,0,-1.549941E-05,0,0.8925431,0.9111444,-1.119834,68.71528,10.94029,-9.624941,0.8565688,0.8823297,-1.128418,48.69029,1.586003E-05,0,0.8346759,0.8829516,-1.150249,32.57038,5.754554E-06,0,0.9062091,0.9358993,-1.166838,3.069245,14.87367,-2.900633,0.9020389,0.8952101,-1.135956,68.67427,2.111444,-2.065544,0.865343,0.8727427,-1.144101,43.04541,7.834164E-06,0,0.8429591,0.8752497,-1.161139,28.77283,5.392031E-06,0,0.9109526,0.9305072,-1.173383,7.703191,29.67841,-7.043725,0.9104309,0.8860546,-1.155142,56.17344,-3.399361,-12.87676,0.8827961,0.8640273,-1.15774,20.90735,1.082155E-05,0,0.8620648,0.8570619,-1.161958,13.94685,1.017545E-05,0
4267,0.698462,0.9261479,-1.3418,0.8652454,0.413493,-0.3846134,0.6942356,1.286264,-1.377707,-2.378663,1.134492,-1.107475,0.6878625,1.594394,-1.357961,7.326542,0.2806192,-4.615073,0.6183811,0.925562,-1.342329,-1.080827,-0.123831,-0.3538778,0.6224403,0.4984656,-1.343928,8.657257,-0.01312098,0.03956468,0.6259673,0.07549497,-1.409954,8.495696,-2.018603,-6.14746,0.7785429,0.9267339,-1.341271,-2.678615,-0.9788333,4.528959,0.7744592,0.4998501,-1.354833,5.38496,0.0116395,0.01978234,0.7681706,0.07516226,-1.408467,7.008603,-1.966005,-6.35104,0.6218561,1.407003,-1.355094,-15.05164,-1.049939,1.349007,0.4941302,1.403576,-1.3923,-4.015663,13.91924,-45.71704,0.4528563,1.149048,-1.382183,15.01906,-4.821699E-05,2.849706,0.7610134,1.409645,-1.352291,-14.60273,1.977847,-0.8273254,0.8902242,1.418079,-1.383004,0.5524929,12.73947,-43.67157,0.9525098,1.16811,-1.367959,38.08869,-6.624879E-05,2.180232,0.4453541,0.8749866,-1.307501,4.859058,-8.543295,0.3626169,0.9185812,0.9386599,-1.203811,-3.551044,-8.609578,-0.2676108,0.4641912,0.8651268,-1.280107,45.57616,-12.4693,95.01734,0.4950081,0.840415,-1.280082,17.66737,34.99078,-10.351,0.502294,0.8120965,-1.273455,9.600563,-1.931619E-05,0,0.4583887,0.8557658,-1.287154,0,-14.88066,1.250075,0.472916,0.8110302,-1.258755,38.2925,22.57835,-11.14308,0.4937751,0.7714202,-1.267789,27.00836,-0.000112979,0,0.5129949,0.7556709,-1.280904,18.02419,-8.356538E-05,0,0.4527006,0.8509818,-1.294754,0,-1.26188E-05,0,0.4594758,0.8009827,-1.276913,34.32742,12.84639,-4.769948,0.4797133,0.7598344,-1.28668,31.68714,-1.841179E-06,0,0.5018226,0.7442942,-1.301711,21.15488,-5.221368E-06,0,0.4466427,0.8474455,-1.303095,3.069309,14.87364,-2.900633,0.4478115,0.7964545,-1.298066,29.86759,-0.1043952,-2.336154,0.4671189,0.757949,-1.305957,31.73193,-1.306552E-05,0,0.4887235,0.7438086,-1.317399,21.18485,-1.435319E-05,0,0.4411332,0.8465836,-1.311053,7.703165,29.67836,-7.043725,0.4378176,0.799217,-1.318434,19.60199,-10.54844,-3.107027,0.4488873,0.7659825,-1.323779,31.42577,6.269318E-05,0,0.4648358,0.7521816,-1.33094,20.97988,3.674916E-05,0,0.8991466,0.9417031,-1.175254,43.83158,-11.44668,85.23695,0.8685613,0.9190019,-1.164787,19.32925,24.1313,-8.160797,0.8582128,0.8933379,-1.153246,11.72645,-1.199806E-05,0,0.9048042,0.9301366,-1.177526,0,-14.8807,1.249918,0.8887907,0.90197,-1.133152,53.63726,22.10668,-5.121319,0.8628137,0.8644683,-1.135269,29.44802,-9.34287E-06,0,0.844575,0.8480814,-1.148989,19.65616,-9.62456E-06,0,0.9104696,0.9224791,-1.182246,0,-1.803943E-05,0,0.9022114,0.8849288,-1.145018,64.31367,12.18929,-7.789916,0.8708522,0.8520501,-1.156582,43.66192,1.314288E-05,0,0.8492723,0.8484172,-1.178431,29.18715,1.043916E-05,0,0.9165459,0.9156296,-1.188157,3.069245,14.87367,-2.900768,0.914035,0.8716405,-1.161977,62.87759,3.096882,-2.153224,0.8817655,0.843979,-1.172524,38.40607,2.414806E-05,0,0.8591444,0.8417209,-1.189282,25.65781,2.462391E-05,0,0.9221357,0.911373,-1.194869,7.703165,29.67842,-7.04378,0.9243603,0.865312,-1.18136,50.4172,-3.907368,-13.48286,0.9007691,0.8392933,-1.186062,20.84935,2.425451E-05,0,0.8815568,0.8293098,-1.191289,13.90813,2.240226E-05,0
4300,0.7322075,0.9138221,-1.627728,-3.013179,1.202734,-5.022115,0.7103346,1.265785,-1.592821,-24.34242,7.764041,-2.538599,0.6746456,1.552592,-1.488617,-24.80569,-6.010263,-9.621428,0.6524478,0.9125184,-1.634817,13.90098,-0.9365687,-0.1219466,0.6591229,0.4931817,-1.553931,21.9039,1.024893,0.3064671,0.6711156,0.07311499,-1.635638,11.10163,-0.7650626,-15.27462,0.8119672,0.9151257,-1.620639,13.07411,-1.06233,0.4801054,0.8043571,0.4944522,-1.547112,20.29669,-0.9912419,-0.2776587,0.8025641,0.07336533,-1.624303,10.32891,-1.221608,5.274144,0.62399,1.361622,-1.53209,28.82907,-28.20382,14.64912,0.5283036,1.270491,-1.516305,54.7171,48.34747,-3.233283,0.489092,1.053867,-1.381668,-17.63973,-1.318928,53.92429,0.7617891,1.376198,-1.518729,10.85895,-29.41846,10.91286,0.88235,1.319997,-1.514675,14.27464,48.27052,-38.36785,0.9403255,1.094914,-1.402573,17.77021,-4.727365E-05,-3.865182,0.4806588,0.7802442,-1.305493,5.149134,-8.360038,0.3769049,0.9485214,0.8782939,-1.218856,7.538093,-6.608612,0.4356619,0.4994552,0.7703755,-1.278075,45.57256,-12.46543,95.01591,0.5302559,0.7456434,-1.278009,17.66847,34.98816,-10.35098,0.5375154,0.7173203,-1.271373,9.601464,-8.216947E-06,0,0.4936564,0.7610173,-1.285128,0,-14.88064,1.250075,0.5081221,0.7162753,-1.256708,38.28599,22.58275,-11.1267,0.5289654,0.6766499,-1.265711,27.01898,2.974481E-05,0,0.5481907,0.6608897,-1.278805,18.03128,1.923855E-05,0,0.4879754,0.7562361,-1.292735,0,-6.346501E-06,0,0.4946994,0.7062343,-1.274883,34.32831,12.8493,-4.776022,0.5149249,0.6650739,-1.284623,31.68322,2.893822E-05,0,0.5370442,0.6495187,-1.299624,21.15224,2.248607E-05,0,0.4819261,0.7527027,-1.301084,3.069245,14.87364,-2.900701,0.4830596,0.7017114,-1.29605,29.86593,-0.1008323,-2.319084,0.5023528,0.6631935,-1.303915,31.74709,1.203032E-05,0,0.5239638,0.6490454,-1.315336,21.195,3.787884E-06,0,0.4764264,0.7518433,-1.309048,7.703139,29.67834,-7.043752,0.4730934,0.7044781,-1.31643,19.6177,-10.54363,-3.099015,0.4841577,0.6712404,-1.321766,31.39622,0.0002498515,0,0.5001031,0.6574257,-1.328907,20.96011,0.0001772611,0,0.9284093,0.8790741,-1.190619,43.64008,-11.36346,85.06176,0.8984905,0.8547457,-1.182053,19.0737,24.10561,-8.038026,0.8887945,0.8281661,-1.172132,11.57474,-3.575126E-06,0,0.9345022,0.8678466,-1.193407,0,-14.88067,1.249918,0.9185423,0.8366988,-1.151053,51.71729,22.67972,-4.270263,0.8946205,0.7979661,-1.154685,29.02758,5.193764E-05,0,0.8774146,0.7809666,-1.168982,19.37483,2.643902E-05,0,0.9405207,0.8606588,-1.198419,0,-6.64804E-06,0,0.9327763,0.8208069,-1.163548,61.01125,12.87623,-6.457981,0.9038399,0.7859976,-1.175761,42.39631,2.333158E-05,0,0.8826243,0.7805316,-1.197585,28.33668,1.906799E-05,0,0.9469469,0.8543584,-1.204566,3.069309,14.87368,-2.900701,0.9453921,0.8088963,-1.180954,58.71852,3.416129,-2.005548,0.9156379,0.7786678,-1.191847,37.2081,1.219945E-05,0,0.8931789,0.774139,-1.208361,24.85426,2.935047E-06,0,0.9528155,0.8506748,-1.211379,7.703165,29.67841,-7.043752,0.9563243,0.8040193,-1.200424,46.78909,-4.3602,-13.9566,0.9349639,0.7762498,-1.205736,21.61095,-4.994944E-06,0,0.9164981,0.7650861,-1.211258,14.41683,-6.897783E-06,0
