phase,video_time_s,valid,suit_time_s,non_suit_time_s,reference_left_wrist_x,reference_left_wrist_y,suit_left_wrist_x,suit_left_wrist_y,non_suit_left_wrist_x,non_suit_left_wrist_y,frontal_assumption_suit_left_wrist_x,frontal_assumption_suit_left_wrist_y,frontal_assumption_non_suit_left_wrist_x,frontal_assumption_non_suit_left_wrist_y,suit_left_wrist_error,non_suit_left_wrist_error,reference_right_wrist_x,reference_right_wrist_y,suit_right_wrist_x,suit_right_wrist_y,non_suit_right_wrist_x,non_suit_right_wrist_y,frontal_assumption_suit_right_wrist_x,frontal_assumption_suit_right_wrist_y,frontal_assumption_non_suit_right_wrist_x,frontal_assumption_non_suit_right_wrist_y,suit_right_wrist_error,non_suit_right_wrist_error,reference_left_elbow_x,reference_left_elbow_y,suit_left_elbow_x,suit_left_elbow_y,non_suit_left_elbow_x,non_suit_left_elbow_y,frontal_assumption_suit_left_elbow_x,frontal_assumption_suit_left_elbow_y,frontal_assumption_non_suit_left_elbow_x,frontal_assumption_non_suit_left_elbow_y,suit_left_elbow_error,non_suit_left_elbow_error,reference_right_elbow_x,reference_right_elbow_y,suit_right_elbow_x,suit_right_elbow_y,non_suit_right_elbow_x,non_suit_right_elbow_y,frontal_assumption_suit_right_elbow_x,frontal_assumption_suit_right_elbow_y,frontal_assumption_non_suit_right_elbow_x,frontal_assumption_non_suit_right_elbow_y,suit_right_elbow_error,non_suit_right_elbow_error,reference_left_elbow_angle,suit_left_elbow_angle,non_suit_left_elbow_angle,reference_right_elbow_angle,suit_right_elbow_angle,non_suit_right_elbow_angle
0.0,0.5,1,1.05,0.46562128135109604,0.5895383699499512,1.5679485326461398,0.6605334755022401,1.7657854783226539,0.569350326725529,1.832054061501827,0.7107879520173432,1.2874253170571717,0.4852555659446239,1.3928179578140674,0.21018982393777447,0.2648759850597509,-0.6720511838747023,1.6474585188055937,-0.8293193555452322,1.796534164329107,-0.558828942673124,1.8495246753955445,-0.6408208328494159,1.3535986464027037,-0.4875127888040672,1.436992567914415,0.2166952373930804,0.23162471271810123,0.627406822841518,0.8277592003973068,0.7401755411736711,0.8342799805650467,0.637156436364825,0.8778245543779135,0.6684731778519482,0.605418834323766,0.6018120837819811,0.661837537550701,0.11295709100482566,0.051005829402699696,-0.6648964430445738,0.9042956614669957,-0.6915822674608945,0.8560871843171446,-0.7335654946275918,0.8818645062869475,-0.596744642520039,0.6574376430686693,-0.5873940910043182,0.7017102068325907,0.05510163785121463,0.07223984612402344,170.12101778355986,162.92496947051865,170.7368636193517,171.77872531462708,179.45067809619613,158.36039966335304
0.01,0.539,1,1.089,0.5046212813510961,0.5994506024643299,1.5679399986534457,0.6634494676534286,1.7669871610368029,0.5706114957174321,1.8320241725189719,0.7118404031858578,1.2885155664528887,0.48681192820769903,1.3927980266917868,0.20908282473306838,0.26565418303538235,-0.6717114242905623,1.6563257165034901,-0.8331150599254438,1.7948581007785573,-0.5575419696933028,1.850224208376104,-0.6442523125879706,1.3524481182338266,-0.48574812384887645,1.4375476784441836,0.2127025037207895,0.22501397626260863,0.6273042015793697,0.8257696422338523,0.7411576299372564,0.8352761831800767,0.6370707112632946,0.8772532296708996,0.6683838913824437,0.6063059593768713,0.6018284004689469,0.6614077451514929,0.11424962787513437,0.05240176034060585,-0.6544976662717139,0.904289782494251,-0.6929663834951731,0.8546991862099858,-0.7329805374013375,0.8824522514496169,-0.5981811391162524,0.6564666048481258,-0.5868483510084896,0.7021495233153408,0.06276200637844083,0.08146434080549883,170.87716742729677,162.96296044316182,170.8014902024891,173.17343239143136,179.48535310957843,158.33577309946685
0.02,0.5780000000000001,1,1.1280000000000001,0.5436212813510961,0.5950513397155817,1.5743315944809015,0.66636620514857,1.7675145269208876,0.5704686751336855,1.8320827032561977,0.7138724900518671,1.2889321309843143,0.4880096634740633,1.3929523221947997,0.20592584931920876,0.2589207243015525,-0.6727028718328338,1.6564231904227045,-0.8338870714800088,1.7940251733541037,-0.5575561531700984,1.8510374068495699,-0.6444545115108348,1.3517599441160553,-0.4841294896360367,1.4383035152557382,0.21193077153295475,0.2261270882805462,0.6263730914624747,0.8253936764968288,0.7420432258697073,0.8357853624683148,0.6360323976834646,0.8767395227924204,0.6688206582362756,0.6067253089372996,0.6017008945933368,0.6611022772753004,0.11613598551317864,0.05224651307485861,-0.6564297731587099,0.9059356582127023,-0.6952604223444429,0.8536822900004334,-0.7325106561019211,0.8828832544693267,-0.5996327014047645,0.6556618616827862,-0.5858379027810992,0.7025164436293732,0.06510171891519008,0.07949662928556285,170.81715425299495,163.02321455570993,170.90382270935834,173.1027839640689,179.2343007738595,158.3783843698071
0.03,0.617,1,1.167,0.582621281351096,0.5999550667398424,1.5771642665480368,0.6690775899439861,1.7678257529836963,0.5688561713384825,1.8324536609242432,0.7161489687336208,1.2891187094483372,0.48832191355068705,1.3934173684142044,0.2028046489209815,0.2571766244746108,-0.6723539017364929,1.6576472932055486,-0.8309950585751636,1.7941512629118501,-0.5587924404504463,1.8515410882353076,-0.6421938470386471,1.3518330457429737,-0.48316840018205337,1.4388862585706796,0.20928533247385162,0.22470204547458944,0.6259932303184336,0.8272786944654462,0.7419261827860408,0.836274135080266,0.6341189695626701,0.8766450261198678,0.6684804002658737,0.6071356610044656,0.6011809351928556,0.6611719053922805,0.11628141476483349,0.05003061402061417,-0.6579510234584341,0.9081895553815812,-0.6954433480491722,0.8533775242147873,-0.7324609728836045,0.8828216490561889,-0.5994466621891168,0.6553781544077703,-0.5850930985140359,0.702523728808097,0.06640808056138081,0.07870999450308275,171.29104744970078,163.21850100682175,171.02029815751553,172.9070756847432,179.0498027867439,158.4347333228538
0.04,0.656,1,1.206,0.6216212813510961,0.6053455372402552,1.5827996679573246,0.6721993963627256,1.7683246641917916,0.5659081177605506,1.8330664579115805,0.7182852684798817,1.2895219772761175,0.4877269970687328,1.3941242727491003,0.1972028466005653,0.2533550398338778,-0.6720565878249907,1.6586188846267849,-0.8288028527177297,1.7942995098825874,-0.5609628475532106,1.8517275798674302,-0.6406868555966924,1.351963341029882,-0.4827612652989224,1.4392706137255522,0.20731286411515862,0.22278417202556866,0.6255301859952832,0.8309054128148324,0.7418625019163507,0.8368065554850834,0.631301767677673,0.8769628737904389,0.6680354957789634,0.6076034158197664,0.6002446366998195,0.6616121966884042,0.11648189220807549,0.0464176783848138,-0.6589139628151752,0.9089990447056905,-0.6943972926293134,0.8533027961563912,-0.7327086793912858,0.8822862127198197,-0.5982741748416274,0.6552535738170611,-0.5846589731479299,0.7021704291260292,0.06603891880674784,0.07848079757019455,171.82195405608593,163.44010841554967,171.15396099885143,172.7742363389708,179.07235468606717,158.49443128840463
0.05,0.6950000000000001,1,1.245,0.6606212813510961,0.6047179723995068,1.5902070901400367,0.6767677291811374,1.7697118250204016,0.5621669536824412,1.8337318814781143,0.7211324724918695,1.2906530971236725,0.48642267848041654,1.3948912171623475,0.1934247070484074,0.2472143062003376,-0.6772931683727438,1.6623487800014227,-0.8287262556655919,1.7938716269111372,-0.563218824509802,1.8516912298939066,-0.6401636714621699,1.3515623061048225,-0.48242657319328164,1.4394860501948046,0.20057477205840107,0.22105094267848857,0.6248973913487554,0.8337803009958751,0.7404752042021903,0.8378441091007283,0.6277177267872266,0.8775683560897934,0.6669485896908457,0.608393088946389,0.5989471515112659,0.6623185022841311,0.11564923415352422,0.04387878827968619,-0.6612958685574938,0.9151857250236689,-0.6953577463940094,0.8526977586294531,-0.7328430316940966,0.8814722994568467,-0.5982083773504825,0.654666852595131,-0.5842950647622571,0.701586500509831,0.0711685145681316,0.07909229808486613,172.0954998885963,163.93622801951776,171.31647433222201,173.0688997866181,178.9806666221967,158.55459414272912
0.06,0.734,1,1.284,0.699621281351096,0.6129035862681772,1.58733216548894,0.6849097002284622,1.7714592245642191,0.558953676458975,1.8341509661123943,0.7261065866625779,1.2921420291114356,0.48486669918510444,1.3953979527123141,0.1977059795033343,0.25264622124548286,-0.6799724331582571,1.659778018844545,-0.830967476245584,1.7929153148620331,-0.5639865634745567,1.851598506015366,-0.6401634366052575,1.3505613975820976,-0.48127967684700496,1.4395800020901721,0.20130832726887374,0.22416025799578165,0.6255744446854928,0.8326155236450543,0.7394533541225288,0.8391114964748816,0.6237967059430755,0.8782896104541704,0.6659033905710511,0.609394305625637,0.5974048373144638,0.6631266633117412,0.11406403323385723,0.04570867052193671,-0.6629473137597574,0.9158629220625504,-0.6976631166135214,0.8517644269900129,-0.7320141432626281,0.8807340789771543,-0.5984680502659766,0.65371955178912,-0.5833955363315769,0.7010109976369844,0.07289584376592077,0.07748717670748499,172.68868042443984,164.61523176004647,171.53475286145004,173.1217737244022,178.86951084546666,158.629430977975
0.07,0.7730000000000001,1,1.3230000000000002,0.7386212813510962,0.6198257183570512,1.5841509944983028,0.7000058277707479,1.773230250962805,0.5591828458185679,1.8344131521415727,0.7365290550197207,1.2935947529765022,0.48534718386840536,1.3956158918907127,0.20537725085987835,0.25750476799077654,-0.6809341908852401,1.6603493344010394,-0.8348662997061553,1.7907944455753615,-0.5639874662755281,1.851438846846197,-0.6382377549094344,1.3481476389320772,-0.4803086499245767,1.4395347969466123,0.2017697230888107,0.22403512707490292,0.6283208011504293,0.8316235478948316,0.7380826224481988,0.8410143701029776,0.6207107058226476,0.8789100954354266,0.6640220459255441,0.6109715626868258,0.5964327149623788,0.6638226309010178,0.11016281113129096,0.04789500108786801,-0.6636487436807547,0.9145801292370714,-0.7006967056789379,0.8502988328842163,-0.7305741216962639,0.8801071720453206,-0.5993288915502065,0.6523835600223975,-0.5822654207587153,0.7004807916690821,0.07419323789283241,0.07528207622045963,172.78448816164496,165.76988609944263,171.84677558844913,173.06199183386988,178.77314356785098,158.72584192433754
0.08,0.812,1,1.362,0.7776212813510961,0.6288690276675378,1.5846856592711691,0.7213769741689273,1.7742120559883972,0.5667078220475348,1.834683504641938,0.7536441761995739,1.29410248475164,0.4909071219992748,1.3955446620509764,0.21089802089758938,0.2576100506078115,-0.6817443886401536,1.6643711912001906,-0.8412058817846031,1.7866274254780228,-0.5639367324981743,1.8507839434214926,-0.6338455122486607,1.3434677783851945,-0.4814343955080175,1.4389365013471513,0.20093420469311213,0.22051838480359715,0.6307757696318038,0.8304740158371321,0.7356956928247771,0.8436560741045261,0.6195634177098504,0.8793584724686431,0.6616849860424819,0.6130531271582816,0.5970387433706621,0.6643259678870368,0.10574477265087094,0.050153832712762955,-0.663826341448055,0.9184479397688577,-0.7028702632570623,0.8482652492749391,-0.7292348626806662,0.8793969191852276,-0.6000669710826435,0.6507087470609452,-0.5819037327193318,0.699834859298817,0.08031212782135122,0.07617911038112785,173.0872103368575,167.42255242944825,172.3513575203665,173.10781375931697,178.9251988398287,158.80082473985087
0.09,0.851,1,1.401,0.816621281351096,0.6567117664562978,1.5830201213308033,0.7471376011222824,1.7719869214654702,0.5862295357458265,1.8347108651830355,0.7788979723900044,1.2913648276009806,0.5046715720859918,1.3947889705584555,0.20948814555524412,0.2613732491798158,-0.6833090957447698,1.6675719903740238,-0.8507245656614777,1.779349538797793,-0.5627391824169853,1.8488837666977311,-0.6253140815280968,1.3353432145632842,-0.4860685475406299,1.4369905427488663,0.20130116715771956,0.21774081894198788,0.6327590444607867,0.8281583351545722,0.7342857316712982,0.8463087720154269,0.621551337074241,0.8796103037592966,0.6611984394424082,0.6149497726588017,0.600264134438499,0.6645860417565603,0.1031363494321033,0.05265850148042555,-0.664735853542948,0.9226141482845096,-0.7045272772176107,0.8458339713242475,-0.7282014321650182,0.8784827300561541,-0.6001446218357219,0.6486876299111195,-0.5832576049489867,0.6989245934025625,0.08647862725613575,0.07730111088904358,174.8993696562899,169.21390390545037,173.18416773391488,173.136797325371,179.3500572003564,158.76423047795512
0.1,0.8900000000000001,1,1.4400000000000002,0.8556212813510962,0.7205947453166708,1.529158067143363,0.7764497680887675,1.7631957015481317,0.6265101224986913,1.8326634776419388,0.8148641452231336,1.2823140151819967,0.530898210552141,1.391438404780006,0.24061046919585927,0.31775375757449414,-0.6881239128796527,1.6715034768100838,-0.8665393384176885,1.766731133583432,-0.554246318653962,1.8435186787171693,-0.6126723166509107,1.3217115314911245,-0.49444542260055674,1.4313808510148611,0.20223840061783763,0.21797348444889825,0.6370888518147206,0.8052179270428713,0.735610025319475,0.8479167653852235,0.6290940622835929,0.8796500937892953,0.6650465409883591,0.6156659325043407,0.6077831453681541,0.6644921314852884,0.10737603282176256,0.0748602972623973,-0.6704092108572784,0.9237593809280354,-0.7085364871149256,0.8430541775587173,-0.7266714990385382,0.8773097412281492,-0.6002545307921163,0.6461134355287445,-0.5874229721783653,0.697543296592312,0.08925815954695654,0.07295898916268216,179.1046068978204,170.89741708301827,174.56416895532143,172.6484701675094,179.91679389166592,158.3323540234064
0.11,0.929,1,1.479,0.8946212813510961,0.8158728112766472,1.44430187900036,0.810216476514812,1.7427437695011487,0.6910106360363989,1.824693489243456,0.8633291976816274,1.2629338540610602,0.5688943736292235,1.3821464077454135,0.29849548761852795,0.40036026269981156,-0.6960283749972366,1.674075912347676,-0.8923809893769217,1.7464449686657157,-0.5299285776741581,1.8314403401301373,-0.597381240823556,1.3006045185567152,-0.5027654002763375,1.419093500999771,0.20926449647778508,0.22880713669391786,0.6474899708768149,0.7670843196349448,0.7435664815523941,0.8464016661656516,0.6438817342346259,0.8792981470831419,0.6754902641395831,0.613746704074207,0.620005054262623,0.6637763799283801,0.12458706740375146,0.11227182390181334,-0.680141875309676,0.9253250743956607,-0.717982014418396,0.8405795879869317,-0.7228904260373847,0.8759774254223501,-0.6011745794647549,0.6432206118078628,-0.5937725660193374,0.6956489811371447,0.0928098787544697,0.06528881258311083,174.75786685953838,172.07293322277707,176.4889829388014,171.77083470728948,179.47549905387427,157.15540191127664
0.12,0.968,1,1.518,0.933621281351096,0.8907412675107184,1.441348419734442,0.8463328279677237,1.7062681399253226,0.778585737025623,1.8060745057201526,0.9220407283555515,1.2300684832741386,0.615784060536727,1.3631590784281045,0.26861602269533047,0.38158089681855034,-0.7026616934325026,1.658906570140048,-0.9284522616745485,1.7146134818801242,-0.4860297662240923,1.8078314435976108,-0.5804563599045854,1.2692593137819044,-0.5078362812945885,1.3963180939470248,0.23256104730303098,0.2628840235167993,0.6644196827898964,0.7577105731446713,0.7584974115415852,0.8408010127804477,0.6667627504057358,0.8781500712197101,0.6921240838459968,0.6085821261582871,0.636506337244526,0.6620125430041083,0.12551748964165493,0.12046228730361914,-0.6846696671912356,0.920968279860069,-0.7344397662175158,0.8382328531984151,-0.7165070867089054,0.8741525660431645,-0.6041684892397077,0.6398932126277026,-0.6013149774161948,0.6930307970570152,0.09655161097553813,0.056615654564178705,171.7249531179492,172.61422623590224,178.85403016139196,171.64464395153718,178.92681151815577,154.94774098857252
0.13,1.0070000000000001,1,1.5570000000000002,0.9726212813510962,0.9186665676641634,1.3801237666818515,0.8782972338946285,1.6500837785278715,0.8891450050177743,1.7694677799613534,0.9857893715033449,1.1810216828060445,0.6695353073491492,1.3286797351663646,0.27296170263408626,0.39046162850870964,-0.7024012247609319,1.5866605208132054,-0.9708494732314196,1.665963707627541,-0.4225547048247366,1.7630603599302315,-0.5610018848591207,1.2240570154972799,-0.5096949835444996,1.3556457718258936,0.27991687613608096,0.3308035337793598,0.6782733425653715,0.719443050939324,0.7771662152158701,0.8314318150899619,0.6993541860555446,0.8755040547648737,0.7130984154153099,0.6003179260609203,0.6573573547292468,0.658511250102591,0.14940309085509218,0.15747837590379002,-0.6836612829557707,0.8972025544207131,-0.7562472595834115,0.8352606435989984,-0.7092747226231433,0.8707494053288388,-0.6087241434294244,0.635687990295347,-0.6104666036572017,0.6889890062733759,0.09542287104899787,0.03682142567135423,171.66478118182582,172.5749283797126,178.34005924138535,171.56254694988453,178.32078737416205,151.25831934525945
0.14,1.0460000000000003,1,1.596,1.011621281351096,0.949831168123795,1.3575340351611127,0.9024216049975503,1.5715959888670374,1.012892698773742,1.710979554576995,1.0508041795046352,1.114024938237722,0.7242889413709364,1.2761875665034812,0.21924914298628134,0.3590271463873965,-0.7028720166912323,1.4558153851672877,-1.0139443543632753,1.5976000827095884,-0.35007238217256237,1.6899439649991068,-0.5381453454110615,1.1633851945726605,-0.5119860059821242,1.2922773013586712,0.3418609362327191,0.42341914695791877,0.6982258411900779,0.7027507508736415,0.7978259309233349,0.8184699169658322,0.7400288350352499,0.8710165457557383,0.7381206465908136,0.5889156129923538,0.6809542548705082,0.6530366376467304,0.15267974088249184,0.17338070256439544,-0.683381320584329,0.8431678623426981,-0.7809266213583393,0.8307078476850954,-0.704968739671426,0.8645777987628541,-0.6135029898970777,0.6299718027379668,-0.6224451264427739,0.6828738901080716,0.09833787504496841,0.03040398066630558,172.50643955654937,171.95364911048077,175.13932843547119,171.17533164880734,177.50678752328997,145.88580363592038
0.15,1.085,1,1.6350000000000002,1.0506212813510962,1.0092063616626166,1.3191585672683104,0.9179416937078547,1.4661525904760058,1.1377045563505588,1.629200884965444,1.11473844971896,1.0258906666995666,0.7737281355925463,1.2052596253420984,0.17302162430077178,0.33561588877922727,-0.7104384962280692,1.3659258846032658,-1.0552636147930847,1.5068160430069577,-0.2784363259675873,1.5859213033345758,-0.5123273676472003,1.0855995925726183,-0.5163103480033336,1.2050620665719296,0.3724975156002982,0.4847925941807804,0.7374787461196322,0.6983719089745886,0.8215691795483147,0.8002278712164287,0.7857756132735907,0.8645149408319269,0.7686750970534278,0.5729924510109746,0.7052435918052453,0.6455813402791508,0.13208269393995128,0.173020502864937,-0.6886183693164032,0.7929268785089089,-0.8090503350530858,0.8232517557708773,-0.7057904802353863,0.8549265021600798,-0.6183607844282968,0.6216547213650402,-0.6383754258676069,0.6742602058436425,0.12419120964124206,0.0643337759369112,173.23470466269157,170.45854421332066,171.50326436996895,170.3648962936571,176.4705964235392,138.64228673397974
0.16,1.124,1,1.6740000000000002,1.0896212813510961,1.0471748952211781,1.2240124189650592,0.9183850134068899,1.3326186592458291,1.254006628115083,1.5263491553437851,1.1696792915650032,0.9163031479620952,0.8170099468455618,1.1184533004318635,0.16847002429412378,0.3663152575255839,-0.6986552924903835,1.331137442673694,-1.0899575976393703,1.3935993676253788,-0.21150935409220772,1.4582192298077516,-0.4817294108051417,0.9909922460588829,-0.5191471864006164,1.1002092086300639,0.39625621267505784,0.5034490499733069,0.7503264054335634,0.6577371131166048,0.8435454255259008,0.7763120388240194,0.8327027913905657,0.8548840445345393,0.8014858617412853,0.552200873378838,0.7293474143192089,0.6355915529138295,0.15083036403023933,0.21366511538116081,-0.708674105547175,0.7760277713536012,-0.8383647033323909,0.8122911156941863,-0.708281449261164,0.842785713231815,-0.6203394744827332,0.6100639523232715,-0.6561572174012759,0.6637447837311126,0.13466507081144122,0.06675909662940253,171.50383846831275,168.00056492787286,167.2527986000792,164.90838532977725,174.89867507859492,129.76442460537316
0.17,1.1630000000000003,1,1.713,1.128621281351096,1.0962223565645692,1.1422874208190121,0.8991615056800804,1.175305891188421,1.3557852610878143,1.4059613402020603,1.2075087470173473,0.789308266484463,0.8519019092114358,1.0188878648333441,0.1998079035895585,0.36999572587715307,-0.6847237080617461,1.2034401614081869,-1.112940339563914,1.2630445284510106,-0.14522305691688153,1.3160215918381875,-0.4461921984776723,0.8840025144000906,-0.5144861051359719,0.9848695951712374,0.4323449595700625,0.5511220654840431,0.7771186088099095,0.6447619990168773,0.8597720216886408,0.7486607977317818,0.8790385527630119,0.84173772740912,0.8318894169539507,0.5282909082563998,0.7529807191871956,0.6229177947028152,0.1327650068161874,0.22178167767211548,-0.7342517918385599,0.76772239484141,-0.8647947665739065,0.7982141827187272,-0.7089187509966948,0.8293919390511222,-0.617551574130613,0.595682581632072,-0.6733879648818247,0.6521317887563174,0.13405676924612442,0.06667005055742234,169.07538005218942,163.9468707694432,162.2864764685858,157.4001539217544,172.13577041667338,119.33093347551542
0.18,1.202,1,1.7520000000000002,1.1676212813510962,1.125042387044044,1.0696353673975756,0.8596371807765701,1.0000950104328412,1.4377184007694053,1.2708563294672075,1.2233799008748618,0.6500697679896882,0.8761169962988182,0.909059630215139,0.2743643285134987,0.37182813924636005,-0.6330095253521255,1.072248983299534,-1.1219976452138218,1.1214878529892256,-0.07707067439754316,1.1665375706958852,-0.4075280322162633,0.7699767078484481,-0.4986782280461298,0.8646372081948323,0.491460931971398,0.5638779510797534,0.7972354474254448,0.6032111248333455,0.8694107467870282,0.7183463236500259,0.9232724475106444,0.8249974279984986,0.8582166728826874,0.5022471160139527,0.776047384660882,0.6076370609379282,0.13588740870474614,0.25509702009655427,-0.7463187148191509,0.734124939264534,-0.8869421792218256,0.7809363862552402,-0.7049594288992915,0.8158186722381792,-0.6104479865714042,0.5787007797180554,-0.6878218290043098,0.6401624422489706,0.14821022336523892,0.09156667810382722,169.81887639433435,155.3085974739842,156.4458254434597,143.6047918132757,167.38802901470856,107.86273736044627
0.19,1.241,1,1.7910000000000001,1.2066212813510961,1.1129231628145309,0.9240252103430102,0.8011987857260763,0.828368738542623,1.4916148159123213,1.1213651263568865,1.2124875991992006,0.5156370057151242,0.8833809883063731,0.7895092458116435,0.32607092459844267,0.42702507019881275,-0.5875662367225412,0.9062462890632079,-1.1153299208780132,0.9776106107660077,-0.0074394055463705465,1.011732034663558,-0.36641271261065417,0.6557747992771716,-0.47089958120072306,0.7411258968846192,0.5325667777147365,0.5896391971158015,0.8165971302595674,0.5812127203930902,0.8722932469772581,0.6900106264456849,0.9635600660374116,0.8060266345946325,0.8773671397196069,0.47806339321123603,0.7975780228347833,0.5908976276092057,0.1222253728931102,0.26858778920692056,-0.7464842897771923,0.7362193172265739,-0.9030200954099843,0.7614671335883244,-0.6952875056763487,0.8021231852028182,-0.5990897743976017,0.560112355274241,-0.6978020420342192,0.6279057940161497,0.15855885555888677,0.08345316360988744,166.4585858958661,129.1792901076462,149.2685922702227,119.01876362139642,159.00217501891754,96.12221908495978
0.2,1.2800000000000002,1,1.83,1.245621281351096,1.0944557380192363,0.8575737007228403,0.7286523981178935,0.6770013076038671,1.5188496723190796,0.9621750329273323,1.1775747914709274,0.3988153790427774,0.8751772169815019,0.6638273537379392,0.4079442028509418,0.4370945551816611,-0.5711803840375717,0.7567867769451966,-1.085396769141001,0.8526001489247167,0.05431994880106328,0.8512051654250941,-0.3194960572800588,0.5576814622749448,-0.43945982065325817,0.6142632978997865,0.5230666238242736,0.6325863565272206,0.8260429677645612,0.5506273792756027,0.8679262356219815,0.6689780072226944,0.999557698345087,0.7871389868792418,0.8873911066147837,0.4600079943708431,0.8163326539768775,0.5744126722689193,0.1255431370561025,0.2933344546071774,-0.7365657183115095,0.7522109035519499,-0.9068297589742691,0.7448719667050548,-0.6828183994672972,0.7871045477887609,-0.5818572064984465,0.5442256401073073,-0.7047851749665106,0.6146021698665687,0.170422133353777,0.06408073572507235,168.37970152768176,69.4552546742248,139.74569253606313,74.5573234165697,145.2486631761898,84.82176734223675
0.21,1.319,1,1.8690000000000002,1.2846212813510962,1.0852076434277578,0.6127655642335103,0.6483664598819129,0.5271575584272474,1.5173814011378508,0.7994821897492709,1.127213602721628,0.2848028034284616,0.8515767824464745,0.5369803247147831,0.4451504805117699,0.47078366060989735,-0.5549353878196254,0.654441347542399,-1.0461059200759935,0.7399483636110364,0.10231075894750273,0.6906488263111143,-0.2733716477969645,0.4701828998017674,-0.40883310996930083,0.4886356064057178,0.4985578617913533,0.6582427203995683,0.848708032437191,0.5536341383101361,0.8592055521775406,0.6491950768768843,1.0297012469114435,0.7701560133880638,0.8937669457468589,0.4429650980671864,0.8310390838885441,0.5596316023068193,0.0961357940647335,0.28220607022703204,-0.7274808504624557,0.7649803946231477,-0.9048245018837437,0.7288299358710849,-0.6684827351785483,0.7715299060559969,-0.5623094480296473,0.5290923001200355,-0.7087378355935802,0.6009335267075278,0.18099068033304896,0.05936053998290659,135.41344003549102,36.23698685279142,126.91754655682315,41.09720888640642,118.91352028354511,74.68682346075201
0.22,1.358,1,1.9080000000000001,1.3236212813510961,1.0800567428902037,0.39215438807210323,0.5694123783091379,0.3759058361224391,1.4875314983893833,0.6400391238548249,1.0702840039830155,0.1710248386589026,0.8147376944552349,0.41430192139014343,0.5109028112262266,0.4769512748732158,-0.5455561446336895,0.5791679927629053,-1.0068552379871814,0.6462277526054737,0.13307487845844884,0.5383056952345129,-0.236117189857946,0.3984083672433856,-0.38217331371824376,0.3706616394712466,0.46614790026224134,0.6798601274250324,0.8777371767372212,0.528732198056002,0.8443502198850632,0.6271745734717652,1.0526582108025266,0.7565570998244057,0.8981269053709378,0.4238127294978635,0.8409101631503932,0.5477571879332048,0.10394994067023758,0.2872308375231645,-0.7201629731532876,0.7750061235672409,-0.9003200576636942,0.7154498393668299,-0.6530474496960731,0.7567312007838778,-0.5461460313506619,0.51685169571089,-0.7096198546898677,0.58800094701894,0.18974595143783674,0.06955908489675372,91.01808586317061,24.362995643625414,110.37681644284152,25.856172740646613,81.39810937321337,66.08443364409075
0.23,1.3970000000000002,1,1.947,1.362621281351096,1.0174619401392337,0.28069657765936606,0.5006466458345075,0.21957940676460627,1.4303325878581683,0.4886284703629842,1.0181913218095313,0.053896138235442106,0.7657511619775645,0.29945770580187414,0.5204165226099764,0.46227464104270477,-0.5435738690841933,0.49874449171749263,-0.975241210363639,0.5835663645332799,0.15323576161896216,0.4056838659336828,-0.214620027755138,0.3516815945849191,-0.3557561350500871,0.2688517046049379,0.43992208814202893,0.7029964022041237,0.8978810196044265,0.5051949696632022,0.8194384144354515,0.5958216753666691,1.0679560948048352,0.7462781847947558,0.9012413318102992,0.3965977957820559,0.8456802222102512,0.5387643522241268,0.1198600938275892,0.2950366889432426,-0.7194337790358662,0.7803822472041884,-0.8943156964843016,0.7106592447931249,-0.6348342586867354,0.7452052583156333,-0.5382461863553937,0.5126621504658719,-0.7059515351583142,0.5776812721366755,0.18826837789616854,0.0916215007002643,66.1637254944387,17.96309652524597,91.34765436672467,16.038334287440737,56.52686849387961,59.468497290978654
0.24,1.436,1,1.9860000000000002,1.4016212813510962,0.9411302943876795,0.2525585976232011,0.4396497310490005,0.07507749702211859,1.3504523670025843,0.35260165433442725,0.9674932692545092,-0.053613423119371,0.7080386597791714,0.19792534133161918,0.5319608035156823,0.4213705878747199,-0.5293701870513124,0.45564404788254176,-0.9464141434099715,0.5405573683028164,0.1702331785147307,0.2973904242804474,-0.20070286426627995,0.320652875877566,-0.3250034841483849,0.18639920358348935,0.4256006737777554,0.7172789405067794,0.9044111952557685,0.5147191429705676,0.7890934722251729,0.5576099588436725,1.0795408169316993,0.7359798437897214,0.9010692912361444,0.36411001948004645,0.8486279550418866,0.5299678138626285,0.12303576443953906,0.28218200175655733,-0.7213916893979946,0.785709156529041,-0.8864792663348532,0.7137183936730433,-0.6133059252431668,0.7375444229668814,-0.534297090458109,0.5152725825400776,-0.6981378107185661,0.570346082317929,0.1801015768822464,0.11833162709963416,46.304674790110106,14.873322830346842,73.13949098819427,14.168773342589345,42.424644018556954,54.88728291391304
0.25,1.475,1,2.0250000000000004,1.4406212813510961,0.8736946038835467,0.26481500041607237,0.37977258935892166,-0.03577994152542938,1.2536211166450637,0.2367116087233411,0.9088509926939153,-0.13436530559433427,0.6428940769597659,0.11291252095217967,0.5782008954964344,0.3809645071706316,-0.4870481150745174,0.43828213898059765,-0.911468349889887,0.49717445790774106,0.18552908121018394,0.2154744174633226,-0.18058649585247427,0.2890556117907793,-0.2905961257168015,0.12468504225578105,0.42848668701530257,0.7085219585375666,0.9080576007482715,0.5367000652877065,0.7638162953095418,0.5267302183413601,1.0919585952705035,0.7221292198630357,0.89724181011699,0.33839150979120125,0.8514281417499414,0.5183479115673513,0.14458544893177352,0.2611580884307192,-0.7122463692428929,0.7939453209827239,-0.8775939395078212,0.716165604372668,-0.5913619444512215,0.7328465704302106,-0.526315909504669,0.5168663939161924,-0.6885821738390147,0.5653883880468815,0.18272794889796143,0.1354477813634889,30.102826189124492,14.701067565248092,57.53890155431131,16.96589899900698,31.389762949840076,52.07314865091236
0.26,1.5140000000000002,1,2.064,1.4796212813510963,0.7652512522455465,0.2535261935473813,0.3158907645909575,-0.10707316853630144,1.1493060521820302,0.14380036607058236,0.8404367594053552,-0.18424978104494133,0.5746170614261558,0.04603843420793594,0.5761568777688322,0.3994218904488345,-0.40750660673281275,0.35711003658231166,-0.8662935312360343,0.44464107200045244,0.20126428764361334,0.1530559864952805,-0.15053902730027696,0.2501816834861669,-0.2530174322088284,0.07817466633908822,0.46706222739212866,0.642059231844535,0.9148179316179679,0.541811287469948,0.7459558083724851,0.5092716649064659,1.1069418829853277,0.703540130288198,0.891503714053831,0.3240116607129647,0.8546133370437841,0.5028686083013134,0.1719687288536683,0.2511330947691639,-0.6850903018559267,0.7677598974034162,-0.8679002568133038,0.7139179612273208,-0.568131281594956,0.7287827951901715,-0.5125465652804506,0.5140477367668197,-0.6778811149561832,0.5608860884890411,0.19057395866883023,0.12328271134813625,9.96121717438331,16.708953117970676,44.919743813093895,19.835771049626885,21.597478008058363,50.6090254887039
0.27,1.5530000000000002,1,2.103,1.5186212813510962,0.6646583373543932,0.20730478510823905,0.25193643873528254,-0.15002654008298497,1.0517333360292072,0.07925661120747048,0.769403891271448,-0.2124202604188914,0.5115371375250948,0.0007450184472310558,0.5459166983731856,0.40770502748731063,-0.29863935681614245,0.2145393416651481,-0.8180755090944531,0.39300417538017507,0.21872387109558572,0.10684709035055936,-0.11776228083834259,0.21189814602481644,-0.2129854455231534,0.044158967901987395,0.5492391220284918,0.5284527704425886,0.916443425185503,0.5231186154645027,0.7331080632861852,0.4992488853507849,1.124623308319909,0.679944857262146,0.886147974823571,0.3157814304657494,0.8595130938923977,0.48341738786452676,0.18488271671104248,0.2606402383712612,-0.6436336838691138,0.707752865189363,-0.8566517861807461,0.7085683714353174,-0.5413575247201177,0.7247995033064928,-0.4958508342725508,0.5085961487514601,-0.6649380170485831,0.5562842669839281,0.21301966332450684,0.10368703198263111,0.23081083050337886,19.577650336682733,35.41174441652768,22.563546536594195,14.290500505548517,50.31354757606783
0.28,1.5920000000000003,1,2.1420000000000003,1.5576212813510963,0.6168188781766469,0.13204427265051438,0.19494611481983498,-0.17743401255982452,0.9701950502535466,0.03789387554769592,0.7039943077168223,-0.2290027656852315,0.45885089963661774,-0.027433773946054556,0.5232145233831383,0.3657034539983742,-0.21925725315517683,0.12254232095242636,-0.7750938009278397,0.35367764372456867,0.2362324671295117,0.07223841906495522,-0.08956649419715769,0.182978687675924,-0.173951524807017,0.018979078416667988,0.6019782431889164,0.4582590619181776,0.9211660834050508,0.5187003778024036,0.722925865082298,0.4908892656996945,1.143466763342088,0.6517312327720157,0.8821407183599158,0.30890563802392484,0.8659105672720016,0.4604227169220136,0.20018152291618266,0.25906524404947695,-0.6059004810854806,0.7091168816883285,-0.8441690284581196,0.7041733060814267,-0.5083405411554893,0.7222649744863037,-0.4802205564183315,0.5041991998480401,-0.6472829453028074,0.5525728197012938,0.2383198262982933,0.09844193325695948,1.3561160583969931,22.31437077824859,28.506288731338575,23.760660200579295,9.333565187831486,50.808664121198326
0.29,1.631,1,2.181,1.596621281351096,0.5346554222984394,0.0949194131655387,0.1456935728529446,-0.19462178864841717,0.9057700908849775,0.013488344256925744,0.6461318057473834,-0.23822713520976754,0.41698815287011093,-0.043353162938880606,0.4848973374560121,0.3799435697885875,-0.21608041283152316,0.16492107104053005,-0.7368500601469198,0.3283434153355842,0.2503391055117958,0.046465551238111615,-0.06577992012762422,0.1647195099699732,-0.14070384556951354,0.0004586584117323718,0.5458093881382894,0.48122643034571033,0.9382028253539639,0.5091608692424503,0.713571601512533,0.48308685656920297,1.1601401572176773,0.6231993740907208,0.8787270050305204,0.3024511585364415,0.8720803940045511,0.43737360140600934,0.2261394279230929,0.2495214617278703,-0.606709983629985,0.6966780038155826,-0.832041215371091,0.7023039802945362,-0.47292695560500625,0.7218979144456185,-0.4675996529418496,0.5021682830381438,-0.6264802094331358,0.5505490471669877,0.22540145431941155,0.1361394229447122,2.6625106793552695,24.825900138400865,23.48559637490377,26.236475700669526,5.396594035888684,51.559520916397794
0.3,1.6700000000000002,1,2.22,1.6356212813510962,0.5340839543275088,0.05169036538351192,0.10429934325910925,-0.20173702183090106,0.8594158379819885,0.003497971890422,0.5970369706169958,-0.24039739198106622,0.38588912286288535,-0.0490646138874994,0.49893912705012367,0.3288819565022757,-0.17748878566086504,0.11139054747601751,-0.7040903328966462,0.3140317869968311,0.2601041562796023,0.029788999989469565,-0.04638443110485461,0.15479391478783475,-0.11578039019449898,-0.01131422813024744,0.5642452139855955,0.445136378414877,0.9363440939367378,0.4899014647506615,0.7054172495241167,0.47689423608925097,1.172674914781312,0.5985260013650029,0.8757084445941433,0.2972890755994864,0.8769050620783629,0.41758169782728327,0.2312928781173799,0.26009910964044197,-0.5943722454234335,0.6777169600271586,-0.8195818401119365,0.7031665374991013,-0.44125764361721515,0.7240485992993048,-0.45705657460968785,0.502585491328177,-0.6060478495943575,0.5507914072080224,0.22664298474309813,0.15997094137349155,0.21433213604846454,27.15755483207744,19.9198974203749,26.92044584558739,2.244590507416367,52.22484964446671
0.31,1.709,1,2.2590000000000003,1.6746212813510961,0.5086524514104461,-0.0017912153681984393,0.07032718620810842,-0.2021490099953894,0.8307544878539211,0.004642676597815324,0.5568677648664534,-0.23812502257880463,0.36509061763540673,-0.047091063072707134,0.48194634969317,0.32216628757035404,-0.1977804279816705,0.16451036636116514,-0.6764815762591517,0.3083376668265163,0.2654551227060411,0.022839280910987414,-0.030858976952483845,0.15134928006460321,-0.10022861044041541,-0.015931352675045588,0.49984105645828003,0.4844149789938158,0.9336842521903663,0.48646272440711374,0.6984939575962777,0.4719801289038572,1.1807169142045404,0.5806391315174888,0.8731533973729597,0.29316293468171806,0.8801638035067438,0.4033149427553476,0.23563577878532183,0.2643753614806574,-0.5844312266393604,0.6810504121345353,-0.808299470583204,0.7060050105004857,-0.4197373766274307,0.7291013683047526,-0.4491705738246423,0.5047919293244627,-0.590138384598003,0.5538792713119993,0.22525479490147624,0.17156036436375433,1.7736391554940063,29.24603877478662,17.51103250671494,28.25114833195944,0.4312363305007548,52.56099372536359
0.32,1.7480000000000002,1,2.298,1.7136212813510963,0.5121454146202051,0.022149668447703646,0.04187357046892597,-0.19908507468967945,0.8171792087450369,0.010996033052614053,0.5267106630499354,-0.23425898277435978,0.3534131443131126,-0.041833450462233225,0.5197118614891417,0.3052376437150517,-0.17473640753409586,0.16711380306576004,-0.6509162770989829,0.3110967249756768,0.2691748827684392,0.021691939772488775,-0.01905806099950461,0.1546296683584334,-0.09089405250586381,-0.01642606878030591,0.49747195898919777,0.4671239150180051,0.937056459403502,0.47835050059623635,0.6916409559716298,0.4663850304280371,1.186962166664946,0.5669987011507929,0.8708949624027056,0.28848370231417036,0.8836219301284318,0.39250203006071516,0.2457070243217832,0.2651629046141322,-0.5698386325067256,0.6847370969784539,-0.7993695145318952,0.712723762875397,-0.4059845094784095,0.7355150188238753,-0.44597843562028905,0.51041721815227,-0.5784196921404571,0.5584252583027537,0.23123079222127713,0.17154174704811148,0.8026556490992001,31.172607605130423,16.025747496762435,29.8597469768592,3.14237230677687,52.70885916534427
0.33,1.7870000000000001,1,2.337,1.7526212813510962,0.47120407975049766,0.029505444981370924,0.020256297154238923,-0.1912629598520445,0.8129784654384252,0.018685137864690973,0.5032810888509446,-0.22710849734885266,0.34794755515066256,-0.03595344342246751,0.502088230494575,0.3419456239791051,-0.12274762491863413,0.12664230795401824,-0.6293779685032154,0.3162695907000941,0.2731215427839264,0.02300624804656613,-0.008562954284986147,0.15943709753457672,-0.08409482929952748,-0.015251958347143092,0.5409554615698885,0.40921000824840414,0.9399512854592863,0.4738870327728579,0.6894143397616944,0.4630111941215859,1.193437388917685,0.5541729536044506,0.8709520712367544,0.28566002926890843,0.8885046775033233,0.38240716436508065,0.25077289531735003,0.26589665987051964,-0.5537588397081425,0.6860139476164265,-0.7927255343601783,0.7173356313880703,-0.3958873600147305,0.7415824479621985,-0.44393798449876853,0.5143692170648201,-0.5694571117949598,0.562836222614074,0.24101064090037636,0.1673656545748424,2.1455739624926884,32.58575593439735,15.114828788929842,31.138469440213797,5.549167370290485,52.83009310744451
0.34,1.8260000000000003,1,2.3760000000000003,1.7916212813510963,0.4965008399492569,0.022846240810738973,0.004633317885334798,-0.18181938569758746,0.8151710656170993,0.026368804227088417,0.48680541131013344,-0.21917338477504328,0.34676425706038866,-0.030349994386358433,0.5327491698119752,0.31868969418576404,-0.12100265043874657,0.13259862557955618,-0.6142802756348061,0.3224478898690329,0.277148383325345,0.02532724328176183,-0.000864174366295529,0.16466450015546155,-0.07911765081920813,-0.013456827949568836,0.528550431529783,0.4123486330127631,0.9433487408909779,0.45108355188505644,0.6909605067704866,0.45966152807104693,1.2000959815783696,0.5418279442805193,0.8732112806504028,0.2829541563730287,0.8941843013918679,0.3727279410746536,0.2525339628602603,0.27231175213679487,-0.5422763343029936,0.7112379087242311,-0.7866958002286272,0.7207150269586758,-0.38869263489800654,0.7464416891754085,-0.44185324974415396,0.5173108546480027,-0.5630765682744064,0.5663908804521666,0.24460312977024967,0.15756668074493455,0.42973817005993836,33.50628941490794,14.650263759402563,30.575418719930727,7.252003167147322,52.92538882920934
0.35000000000000003,1.8650000000000002,1,2.415,1.8306212813510963,0.5069450050722561,0.024423723831234315,-0.006913991666453956,-0.17736629264318984,0.8211878854003699,0.033921860800354045,0.4774418943317651,-0.215686641805265,0.34823989283312895,-0.025002126994655427,0.5520600323135719,0.31438639035873256,-0.1308075857741465,0.12492115642270597,-0.6070642184555919,0.33110186215510357,0.2804170337468648,0.027911705805075265,0.0017647518754793712,0.1716225520135119,-0.07588539356442368,-0.011525508868052599,0.5189709660370017,0.42251215510247164,0.9437502000570208,0.4464439750323845,0.6924460701119572,0.45241634184490714,1.2066601912340533,0.5305332627534183,0.8760906776123623,0.2772101160009391,0.9000615672684092,0.3638812175447334,0.2513750880512799,0.27603020082979707,-0.542671526090214,0.6990081939066134,-0.7811162869241141,0.7258848664954808,-0.3844812984905146,0.7498913670307383,-0.44085718289782466,0.5217259785442966,-0.5591907494260427,0.5689491246770134,0.2399547030141001,0.16617233649204177,0.18034373388833255,34.10681082762881,14.486975109531262,29.997751004888638,8.082132021955566,52.94986043125175
0.36,1.9040000000000001,1,2.454,1.8696212813510962,0.5077734437806786,0.02609737838478424,-0.01398938018446011,-0.1786390149069057,0.8276034994330993,0.04076221499613837,0.47359954352478056,-0.21687814863931665,0.3509454990085374,-0.020142463548142798,0.5604939207611138,0.3201660849176069,-0.11010211865952929,0.12090974221575528,-0.60776255588381,0.33995192195179474,0.28261405550214025,0.030981350578793542,-0.0007905220289334492,0.17861534775694005,-0.073605794610623,-0.009194188765350234,0.5437328271143629,0.4028810110573462,0.9428244054505331,0.4426019909721261,0.6932127163352522,0.443275884266831,1.2130689480112162,0.5209399796222135,0.8787076428216274,0.26999738532484613,0.906167812789681,0.3563760097196231,0.24961259879091904,0.28136978027068593,-0.5300708848359704,0.6918625481001804,-0.7784389239594759,0.7316295322895731,-0.38247547483446714,0.7529421887627994,-0.44219402483301845,0.5266052682286401,-0.556722015434438,0.5712994262540116,0.25153150078981074,0.15973455342219012,0.1730679921060488,34.358946969467176,14.359012088669768,31.58913993424558,8.07017841175374,52.938635932539455
0.37,1.943,1,2.4930000000000003,1.908621281351096,0.4835550078080438,0.019898678347371235,-0.01585936090806088,-0.1823264714130165,0.8313041379174556,0.0449519724498814,0.473753664887142,-0.21990883111759843,0.3530206813323405,-0.01711054771110584,0.5388039744431332,0.34865043386928335,-0.10379988039136796,0.12159718977121682,-0.6106509427560415,0.3447901922788805,0.28502970019845497,0.03402603600399934,-0.004683304684580738,0.1825486987273498,-0.07065475681325777,-0.006849484318594962,0.5538168612353583,0.39856887700092597,0.9451053917146095,0.43478700944961607,0.6948269878109795,0.43579236997382265,1.218860727299006,0.5123444094462628,0.8813181815159706,0.2641366621003568,0.9118190276173546,0.34966095886571014,0.2502804231463823,0.28452967166038307,-0.5254269645517956,0.6924843981847336,-0.7795640967871533,0.73548819623721,-0.3799712246772357,0.755876861274105,-0.4453135116394615,0.5298935462456809,-0.5541021536182767,0.5735245991167922,0.2577498954951289,0.1586693941470533,0.8785140341936765,34.203206133914016,14.107469464081687,32.00489098080707,7.826036713082953,53.02698993096519
0.38,1.9820000000000002,1,2.532,1.9476212813510962,0.47365808633419065,0.016894075908712287,-0.014094293273097719,-0.18764013848966205,0.831934961015637,0.04610883632523728,0.4765563368561998,-0.2241544344593797,0.35371268085007385,-0.016226334454222464,0.5289013411517619,0.3594660222575978,-0.10698039370535976,0.12752651712527388,-0.6096213367063664,0.3454904504580068,0.2876796619940037,0.03675432637919673,-0.005534582644617128,0.18334998258501128,-0.06727551449922498,-0.004736414640183684,0.5478651237438074,0.4049643813688642,0.9457912667015937,0.43205319149063587,0.6969616615312163,0.42979811214683805,1.223514013301604,0.5049341418635144,0.8838876534714943,0.2594666746858749,0.9161667897584544,0.3438627079143663,0.24883982356546702,0.2871263779354093,-0.5285033093615877,0.6952337977717807,-0.7810313082830815,0.737057363669408,-0.37718575907034646,0.7581651319598173,-0.4473664755458223,0.5312374572971569,-0.5517698146735628,0.57520276001195,0.2559679685110759,0.1638821340135302,1.3812215047084162,33.76788179621773,13.793499712791792,31.92642755006642,7.961920677616603,53.205380688421016
0.39,2.021,1,2.571,1.9866212813510962,0.4770822524336144,0.01672230924721043,-0.011462914422585383,-0.1947215654025247,0.8307789689442462,0.04516792644482206,0.4795111066052274,-0.2296437738017446,0.35347183404173294,-0.016858046928621855,0.5323390763277152,0.35483872450474635,-0.11023877058517349,0.13859981028672202,-0.6054015765262422,0.3429074908891885,0.29036769032040344,0.039258446917092606,-0.004154374996248926,0.18170756761123785,-0.06397174087981125,-0.0028054015046346265,0.5356564502930884,0.4127399217369557,0.9475440339203229,0.43249775415792036,0.6987566067871057,0.423605927187313,1.2268496744638415,0.49900264794549953,0.8862037668836352,0.25464854443497187,0.919106292746283,0.33921576806186376,0.24894627630563404,0.2871141615057021,-0.5338982451642681,0.7172943074726388,-0.7795573299185892,0.7382368049724183,-0.3746740751570889,0.7597325732413909,-0.4467192011506897,0.5321982613130093,-0.5501117877991084,0.5762991205624456,0.24655014525215552,0.16478271364416336,1.2703376517121905,33.266535811454695,13.507555299967532,31.283106833098525,8.208649103005177,53.433670783837414
0.4,2.0600000000000005,1,2.6100000000000003,2.0256212813510963,0.5419017230232628,0.016390327206055932,-0.0104970602231117,-0.20266660115054588,0.8307291367565965,0.043858012896249146,0.48014028641480005,-0.23559393912180426,0.35391212889162466,-0.017825404832665384,0.5942477207302561,0.2901305717794345,-0.11427398469365235,0.14954120666041917,-0.6012668968498514,0.3394283768939057,0.29331059686326283,0.04168051986081151,-0.002763314585212563,0.17937979538943397,-0.060958407401128914,-0.0009851354297311433,0.522703772618542,0.42161489404408936,0.9513105950211821,0.4301935672155687,0.6987853428486834,0.41733057117352595,1.2289435144709147,0.49433577248675814,0.8873373928559368,0.24974725022802965,0.9212374657640826,0.33559605048995034,0.25285264414666825,0.2849460658777957,-0.5293773639021128,0.7430366993164944,-0.7766380380849194,0.7399062762863847,-0.3719929696766347,0.7612493308325934,-0.4449137131116202,0.5335113056034253,-0.5485503189510642,0.5773325299811535,0.24728048961793062,0.15843467894517882,2.9168930008123497,32.96616271195239,13.374159869917381,30.573808383756052,8.32633402610279,53.66881096402506
0.41000000000000003,2.099,1,2.649,2.064621281351096,0.5689139151344643,0.01614805825657195,-0.01099397067320183,-0.2098261547486836,0.8320168604180699,0.04227276616732619,0.47897404490459233,-0.2408320091960162,0.35501548484238593,-0.01908004679041013,0.6223805113957713,0.264396785495456,-0.1077979187500477,0.1555733836196863,-0.5984415063717605,0.3363470346655328,0.2969029334416926,0.0434899735861584,-0.0016570703054061343,0.17723405911323223,-0.05777419467635132,0.0003153068102071596,0.5228864532446321,0.4199350789937235,0.9537485406488599,0.4259024933386255,0.6978059457767782,0.4116317786988166,1.230165810885995,0.4897383351565186,0.8875613560615857,0.24530710796373,0.9228619226327226,0.3320730065669788,0.256340135691205,0.28369265409232647,-0.5198298355772291,0.745650082620551,-0.7740344833387801,0.7414670329908924,-0.3676753251338673,0.76322072915022,-0.44293959245044634,0.5346740320956533,-0.5458067878069386,0.5786526743411831,0.2542390623955698,0.1531656706567423,4.774573050210936,32.87312795300168,13.393393084647688,31.297384709880866,8.341772637653452,53.89434134528895
0.42,2.138,1,2.688,2.103621281351096,0.462167836513022,0.00918220252357529,-0.011032682423528574,-0.2145735845934653,0.8338437777871104,0.04059315522837908,0.4782163085434462,-0.24427127747798497,0.35636776772770745,-0.020439177594563228,0.5234361311470456,0.3730008756984399,-0.09534264530853838,0.1474222511235989,-0.5959136966182303,0.333125886235689,0.3006827756450553,0.04432285507769854,-0.0001343007965992808,0.174874556671597,-0.0544487372939054,0.0008580608764551744,0.533907499013766,0.40922563398020473,0.9548096893029359,0.4207761239271859,0.6980768605437335,0.4071678803332545,1.2309374765671754,0.4850150990735234,0.8882040087299858,0.24188025910650346,0.9242414676882632,0.3284769681787499,0.2570932314480754,0.28350167693912665,-0.5190539000706555,0.7326993694184532,-0.7723798218894058,0.7419916616895839,-0.36179614401169063,0.765579351526437,-0.44108819753730677,0.534960114159076,-0.5417561831013512,0.5802248914225745,0.25349629062566514,0.1606583177557958,1.748457960912012,32.76109819108706,13.485628045014382,32.25833643790758,8.407031368291285,54.08170432683521
0.43,2.177,1,2.7270000000000003,2.1426212813510963,0.43073265104464675,-0.0027198037328010688,-0.010329132903603442,-0.2182351470532684,0.8357478065706477,0.03955867174933503,0.47848035703841335,-0.2469764226250671,0.3578527716468789,-0.021299044983076942,0.4908995421327584,0.4072158465664669,-0.09469528543409471,0.1230901287223981,-0.5927625103094928,0.33103720570813394,0.303724803070306,0.04463805970505073,0.0020465176134336137,0.1733313657618788,-0.05153466937752883,0.001040780255651103,0.5397341450399371,0.4060705530532313,0.9550202464258886,0.4143017483705962,0.6991871914690104,0.403310991103315,1.2317993888196275,0.48061733077670393,0.8892355515928783,0.23894856126624975,0.9258105732440194,0.32513766018514095,0.2560690312276698,0.28461280739642564,-0.5132688577739442,0.7195054949662095,-0.7711405600704595,0.7421285232515218,-0.35599374042646,0.7681514911895867,-0.43947205573951953,0.534942886956646,-0.5373937706264063,0.5819935497346254,0.2588621568597864,0.16462653335726213,2.620452443227646,32.57915441657496,13.548275097257994,31.776604004436614,8.638332631084944,54.201695518072945
0.44,2.216,1,2.766,2.181621281351096,0.4392466408258989,0.0013224187550891049,-0.009469006066691505,-0.2211720350736066,0.83494231514996,0.03798830347648155,0.4792315229455544,-0.24920109024260567,0.35728918648401015,-0.022474205172025728,0.5008487933006982,0.397390807368736,-0.08593153960383226,0.11982661645372354,-0.5900786932133091,0.3300236541194715,0.3050281269253058,0.04535254114199125,0.004083080570793412,0.17256096374011176,-0.049831487441990924,0.001600909277354508,0.54621163218664,0.397989759599556,0.955853462255541,0.41166771734271507,0.7006513471733932,0.3997247002238326,1.2329560310271777,0.4765255512815849,0.8904335316838035,0.23623620852516342,0.926676671967855,0.3219492438638664,0.2554814185029975,0.2845915884967116,-0.5104770796799435,0.7174918973638862,-0.7705747892235588,0.7421129200370111,-0.3527158865435495,0.7706000527453688,-0.4383770905219896,0.5348153174440456,-0.5344159358575843,0.58379918099438,0.2612604318822608,0.16646041639934192,2.421811472837183,32.38049769359482,13.442379554249662,32.32100763381189,8.90125412445615,54.23335520479471
0.45,2.255,1,2.805,2.220621281351096,0.44829810803164466,0.012384975132566015,-0.008851635175530607,-0.22282357721515592,0.8324440899411818,0.03683470384261612,0.4800252612994825,-0.25049875348913725,0.35545617073435465,-0.023267591844590298,0.5141098625896,0.38492327112196983,-0.09390465477503715,0.14496196991772464,-0.5883076462814247,0.32965029448490246,0.3043513591451717,0.046618449934591286,0.005876571653757624,0.17219750637213463,-0.04965475141804256,0.002653451915592552,0.5277727685679665,0.41021860092673335,0.9562898583659274,0.41305936841745305,0.7025028499425037,0.39654635285492645,1.2343736665262237,0.4733957515414952,0.8917606380720333,0.23385692219631424,0.9271451038978363,0.31944375665601143,0.2543236625394483,0.28455418374963964,-0.5128283040773738,0.7175772299968181,-0.7700911347610878,0.7419288639083288,-0.35283527914154844,0.7724239888719953,-0.43724590986653267,0.534544725967678,-0.5337511601778472,0.58526623335123,0.25841278243453353,0.1691328915002267,2.7071013776206514,32.20946123485862,13.20262957239448,32.90309334064446,9.099049557617999,54.173615613734995
0.46,2.2940000000000005,1,2.8440000000000003,2.2596212813510963,0.46546235476072045,0.023375100361414096,-0.008325808379665406,-0.22317605570587648,0.8292950883927775,0.03588914662281251,0.4809621199521571,-0.2508572218451839,0.3531094487231202,-0.023879485224701694,0.5340998933627101,0.36404788066407945,-0.06323828312339211,0.13811991786221875,-0.5876583217317891,0.3302001307493985,0.3023849791767913,0.04760003817782062,0.0070262689384105615,0.17249560985367918,-0.050549798835413454,0.0035257073669187748,0.5584900939827107,0.37666194200251585,0.9598616301717889,0.4107774119992804,0.7045073854150616,0.3941571021906721,1.2356109177575778,0.47082479746609535,0.8929572394424847,0.2321116669411941,0.9272617999690638,0.3173572614345986,0.25589455838960845,0.2822115484977012,-0.4707393764957546,0.7085429240790158,-0.7695479598384127,0.7421764711016577,-0.3544464692153403,0.7737780335121341,-0.4362204299243896,0.5346237855050244,-0.5343034575274852,0.5864181277353286,0.30069550206907075,0.13334039067920106,2.7648266953424687,32.09147571457054,12.937095858846183,35.77913143712972,9.197883987653176,54.029551091657154
0.47000000000000003,2.333,1,2.883,2.298621281351096,0.47369077717906816,0.018531111286012963,-0.007473107544343795,-0.22265749379518515,0.8261887677701034,0.03507064726469427,0.48239625729605495,-0.2506055715708458,0.3507456345044023,-0.02439913894304516,0.5382291586147475,0.35288580252130813,-0.06808639103554485,0.14296637231328685,-0.5867199937797992,0.33085426945282126,0.29946216697446065,0.04790499325551435,0.008465076837860425,0.17285905145903385,-0.05237310694923368,0.0038954520378423757,0.5516182337332599,0.3796427376937427,0.9688642990773224,0.41265176126136227,0.7064190416863857,0.3928641972484078,1.2365950351015782,0.4684701490859845,0.8939325262660366,0.23121558677166495,0.9271892870643753,0.31544631315565297,0.2631901609417833,0.27348754895137306,-0.47698343226286993,0.7108013030123387,-0.7685977984066557,0.7423140772759487,-0.3565025628283342,0.7749782860594726,-0.4348882160448164,0.5346191822683288,-0.5353118951749535,0.5874580973334244,0.29331210933616625,0.13650760071414983,1.8670392025928013,31.989201411398913,12.694117467143125,35.4636597375341,9.318174957476256,53.801110052224715
0.48,2.372,1,2.922,2.337621281351096,0.47892403986363563,0.019320020963733447,-0.006143281974549758,-0.22186435913042404,0.8237763426262418,0.03452494582823521,0.48406162011910225,-0.25012710767881774,0.34872455065620506,-0.02474832112911598,0.5417196802006299,0.3451873411074156,-0.06024011734539082,0.14617354483171185,-0.5854917153784386,0.33166618292832556,0.29578506070227445,0.04758184831001033,0.010123547092336723,0.17333997184753303,-0.05522751977969013,0.003772385018025233,0.5570428709034088,0.36942421418593974,0.9687180847034551,0.41182825690062774,0.7081930744401947,0.39247361040339435,1.2375084091557667,0.46615124640066197,0.894641398162605,0.2310250866626228,0.9271159914015128,0.31356958433295123,0.26124295840023093,0.27422477223511327,-0.4797542788251104,0.709625152677712,-0.7673028046008483,0.7424933161746885,-0.35880542327724624,0.77627682129617,-0.4333315487159011,0.5346509770153585,-0.5364878215791702,0.5885839799997271,0.28942092330628794,0.13809804700995182,1.625360796821463,31.894311107887678,12.491804638812331,36.17431915749626,9.47378847623755,53.49764934365144
0.49,2.411,1,2.9610000000000003,2.3766212813510963,0.4904947553889966,0.02865428335238524,-0.004369863337799978,-0.22131553648141147,0.8223224557813409,0.03466600333902931,0.48597911164854984,-0.24981917519869928,0.34698797242049056,-0.02463877503200526,0.554414918355701,0.33188215306772556,-0.08028657285910737,0.1629426362436219,-0.5838455802816283,0.3323680239614937,0.29159285474580243,0.04742168398659975,0.011952462352837088,0.1737618590076459,-0.059212840724020256,0.0037338810658994015,0.5312971258718662,0.3894090382696895,0.9694069912636987,0.41193248831567114,0.709638671003268,0.3926969082987687,1.238715728661619,0.4641679521093019,0.895090700984242,0.2312983738980293,0.9270563224494706,0.31192378063028303,0.26047953422392384,0.2743277961064058,-0.47971283972597,0.7095086819124625,-0.7657694178861246,0.7425864236089875,-0.36246605269603765,0.7774853013119779,-0.4316970382953281,0.5346348933505863,-0.5384051895117673,0.589711863518891,0.28796267623502647,0.1355272291970469,1.6710203162752348,31.78838458735379,12.313962321698046,35.73070408219253,9.672279636148966,53.162537562357805
0.5,2.45,1,3.0,2.415621281351096,0.4924412952999614,0.0278840512051148,-0.0028237585100022843,-0.22054300901310592,0.8218104671683978,0.03546333023565893,0.4879798019320927,-0.24938623129330934,0.34566138179124295,-0.024082335303272934,0.554078945434722,0.3294563656205817,-0.08419154191872251,0.16609903272118448,-0.5821338578519092,0.3334591103373816,0.2875623797424805,0.047763272203362815,0.014068089294796964,0.17443520098183618,-0.06357954023765425,0.004035241746350211,0.5253150917084003,0.3901337341064153,0.978119709105807,0.41172719838030364,0.7109554765496948,0.39289985807726574,1.2399659209396425,0.46280241823344853,0.8954860140243078,0.2315493603651104,0.9269685585661351,0.31074665278862523,0.26782680205719295,0.26678102768895867,-0.4822377946973235,0.7227387152078252,-0.7641561842992223,0.7424753012426488,-0.3670298072242641,0.7785395182060717,-0.4298968819497039,0.5344472389278234,-0.5407932202234872,0.5907703126199971,0.2826084061453905,0.12801019487853976,1.5271183003423523,31.70628387677628,12.17751029112251,34.96964254975818,9.898139674991855,52.84570182215826
0.51,2.4890000000000003,1,3.0390000000000006,2.4546212813510966,0.49715140007096026,0.027382031993475383,-0.0013380476793962474,-0.21997684554845426,0.8227482802762316,0.036839683590537915,0.4898006981592675,-0.2490850813004736,0.3452223919245524,-0.023149072416813275,0.556487325837039,0.3257342100135281,-0.09012711618784926,0.1648777608249948,-0.5806783287262196,0.33407935699435515,0.2844499636574666,0.04869219568112789,0.01569428362412424,0.17480644367298762,-0.06768663862908834,0.004720778272511542,0.5189120082144224,0.39218245026166565,0.9791431545619255,0.4118832010634673,0.7123338680296445,0.3928448404843381,1.2409658793515703,0.46219441283508433,0.8959660237915691,0.23159997442931754,0.926902854822315,0.31017783174420177,0.2674876717783565,0.26661274771886395,-0.49627033097137624,0.7259226400927807,-0.7629591237694479,0.7425541808955249,-0.37165393598594293,0.7794232278553981,-0.4285294454810039,0.5344236943650887,-0.5432282197662709,0.5916996988966086,0.26720688680040816,0.13561548138067073,1.2583680823782688,31.614880175706254,12.129849706419574,34.236222819727914,10.079294508173975,52.597189019554776
0.52,2.5280000000000005,1,3.0780000000000003,2.4936212813510963,0.4922296686926681,0.028012463076570904,6.180426546556657e-05,-0.21931901507975224,0.8256652401178052,0.03861201432577223,0.4915567046258457,-0.24871485585754255,0.34612596485255653,-0.021994284758394888,0.5508194503299833,0.33360400294105,-0.09406108714635435,0.16472734373325046,-0.5794961864981243,0.33472053913319555,0.2830942953113148,0.050212354001326134,0.016965383793356315,0.17521962403391317,-0.07084881024918806,0.00576761831740806,0.5143393064553269,0.39415715823779407,0.9774583502010403,0.41234956552918184,0.7138235272224446,0.39264036561840404,1.2415061585318208,0.46231635474030647,0.8965088059998746,0.23154169874096167,0.9269245702992105,0.31022144055621664,0.2643705211404602,0.26873392995369516,-0.5047452285014786,0.7249125703329754,-0.762249815769478,0.7428145456639472,-0.375432366912771,0.7800045929893266,-0.42759918768538363,0.5345495918121821,-0.5453472412000167,0.5923405779656098,0.25812611875750474,0.14055940784105547,1.3961340908402853,31.525886455301684,12.219295839620926,33.7229532393993,10.24213489964083,52.47787727845652
0.53,2.567,1,3.117,2.532621281351096,0.48893211157770006,0.03385147193605743,0.0013257972241232582,-0.21866763786730967,0.8312285838601675,0.04022150066660838,0.49299631910737657,-0.248312511128812,0.3489016228012669,-0.021069521334047877,0.5491136663873557,0.3423557392582313,-0.09926671100030915,0.14996268783559175,-0.5786319559516501,0.33441625297530425,0.2845530548911121,0.052072265613187924,0.01801532172796235,0.17492071590870412,-0.07219729097608962,0.006950113897355532,0.5136284218771477,0.3961062325334277,0.9765534675236589,0.410552712701042,0.7155777687389367,0.39211091606361104,1.2414614849298096,0.46282784164249224,0.8972484301725914,0.23123919335896997,0.9271244970007709,0.3106349989175294,0.2616264803482063,0.2700165676248453,-0.5053758691354269,0.7216510347412411,-0.7612973565692405,0.7430090633175204,-0.37700377723160905,0.7801132819917695,-0.4263928722372311,0.5346095368188813,-0.5465081183328054,0.5924824581683129,0.25681116236449064,0.14105753554257272,1.889621324271051,31.42478781045515,12.523984126364098,32.66335149562696,10.310771317980436,52.56012189747148
0.54,2.6060000000000003,1,3.1560000000000006,2.5716212813510966,0.4986267614690506,0.036852234483226366,0.0029635459442627896,-0.21834310734860965,0.8386011172312714,0.04122697940282884,0.4946843239109206,-0.248150835462261,0.3531379357880455,-0.020666438604593055,0.5575003907774773,0.34000250141586996,-0.10630065617262989,0.14634750374869665,-0.5778867840715868,0.3344044502559753,0.2880236916598807,0.05397555614431029,0.019041352110737333,0.17483043891888747,-0.07205292393623103,0.008091846610228343,0.5076996072052575,0.40499909629252545,0.9755695360036921,0.4101238345884212,0.7169422059857806,0.3920741593736657,1.2410527665008406,0.4631320700256904,0.8976734998313971,0.2313111514932292,0.9276141767809756,0.31094726881145235,0.25925641092854745,0.27072350969092995,-0.5068109361382046,0.7164735270197337,-0.7604281379854739,0.7431980292923784,-0.3760622584142357,0.7805798171347014,-0.4252555052382787,0.5346665981425127,-0.5460017467430983,0.5927911801370866,0.2550213404689089,0.1456187939754711,1.497007763532585,31.32466778883657,13.000746922372285,32.1957649117789,10.384096770547194,52.760007608789564
0.55,2.6450000000000005,1,3.1950000000000003,2.6106212813510963,0.4823172401517474,0.030992211578482674,0.004596383971298799,-0.21841721378513188,0.8463918252152446,0.041429548035394746,0.49641827845542663,-0.248296903191215,0.35787421221445914,-0.020881036548637516,0.5389084132670312,0.36422416378031874,-0.10987449263943785,0.12949629636264012,-0.5766452675572565,0.33410500232813406,0.2926070667545184,0.056229143620829786,0.020157358995576045,0.17457149368829492,-0.07101347367507342,0.009467489108935008,0.5096466215666057,0.40909593168727854,0.9748155905722031,0.40899296142092223,0.7182664235073,0.39169302392141,1.2403458992462293,0.46310835247484544,0.8981619646842427,0.2311086573477109,0.9281286600066687,0.31103797589009025,0.2571318007543653,0.2709885982351336,-0.5091945897078733,0.7109489556739711,-0.7592398901039342,0.7435756298759764,-0.3735944999590804,0.7817518042062914,-0.4240214063441262,0.5348890024243316,-0.5442221073262573,0.5935973733521754,0.2521649303920752,0.15297198338313914,1.9053994541347088,31.206864552494004,13.570004775239173,31.275756775793884,10.478300243285304,53.009070500141995
0.56,2.6840000000000006,1,3.234000000000001,2.649621281351097,0.4733994311360684,0.024417044138187464,0.006163477798072358,-0.21867877938264385,0.8540743349018014,0.04122078638688464,0.4978641819918651,-0.2485427318088229,0.3628321336430241,-0.021383854863406833,0.5266925246336207,0.3810455984663918,-0.11076113892206763,0.12042172264227394,-0.5750569144140693,0.3332742750786111,0.2978235199252082,0.05919069586344202,0.021396489674196214,0.17393643511931034,-0.06946885443104178,0.011367033460126416,0.5107609775799076,0.4131472644054839,0.9742414899192331,0.4071818690627128,0.7192875121127127,0.391530436844493,1.2393766830830166,0.46312587004696376,0.8984339454661585,0.2310689898734005,0.9286708518712644,0.3111878003582449,0.2554339408337295,0.2709730648978283,-0.5098437420854826,0.7064935266609949,-0.7579964842890422,0.7439462250560499,-0.37075161191431,0.7833679399585083,-0.4227087817702638,0.5350996801147907,-0.5420297225752455,0.5947420041772845,0.250963120956481,0.15892229577812964,1.877391612534209,31.1097936669408,14.183928223510707,30.911873423843478,10.581171387436294,53.28375824959057
0.5700000000000001,2.7230000000000003,1,3.2730000000000006,2.6886212813510966,0.49279714410440884,0.019017231985336638,0.008071304354225858,-0.21904312738815282,0.8597777693701177,0.04015729687360567,0.49947945663225035,-0.24885167386838092,0.36699278419573744,-0.022417457396109515,0.5400295125514485,0.36758901189220944,-0.1412117418800088,0.15318716742087213,-0.5734341154279081,0.3318849236561247,0.3028042950135569,0.06280095436221214,0.022486003065670026,0.17291194615870842,-0.06808977440733524,0.013774837242579418,0.46770617729392194,0.45312239905984975,0.9748286691895328,0.4078523726309709,0.7208745584747831,0.39105461189143675,1.238353552162063,0.46375168675614353,0.899104609993808,0.23079742846439938,0.9291182016159383,0.31180299567379904,0.2545090472159723,0.2693883762625078,-0.5182796982592855,0.7077219961250014,-0.7571583416049484,0.7442014935120076,-0.36958864232567507,0.7840928927085334,-0.42168745777586203,0.5352224406906636,-0.5414082810335606,0.5952373516891197,0.24164800842604311,0.1671572432161545,0.4404719669782184,30.941274187848702,14.752335849096365,30.286935562132943,10.678310409708388,53.569139197286354
0.58,2.762,1,3.3120000000000003,2.7276212813510963,0.4815650311507172,0.0105348298298216,0.010573340609865175,-0.2215747092314709,0.8593153340353223,0.035115928893803765,0.5011633606621692,-0.25072432005521333,0.3675025250770794,-0.026208998073620208,0.5250790518405541,0.3785492329415082,-0.1900404417058681,0.15822247840086315,-0.5721882170942177,0.3289490930898008,0.30610646951420295,0.06564219356009562,0.02339222746506692,0.17071025365064924,-0.06770599277342963,0.015673102523509317,0.41855047389461825,0.5047106761843013,0.9774887639469059,0.40861194903883546,0.7218327102711528,0.3901398732099722,1.2379870503380463,0.46418601295758366,0.8995702445180147,0.2301520386678576,0.9287566245963617,0.31214332769354786,0.2563225221600451,0.26636034575958517,-0.529039241367533,0.7115940874307112,-0.7591921158507857,0.743076378537357,-0.37127651075457324,0.7825222142676767,-0.422168543633921,0.5342033231304332,-0.5437091851275012,0.594008079367799,0.23229610475904988,0.17297363483218467,0.5266254315459874,30.689754673459753,15.107949426363124,26.780383962070214,10.810177479178284,53.83727552864594
0.59,2.801,1,3.351,2.766621281351096,0.47725002380067316,0.008484545784259872,0.013420491749292848,-0.22756351708560899,0.8518126969785771,0.024527009149623163,0.5036478848096072,-0.255285738577991,0.3636717172931314,-0.03393654876979448,0.520438779096658,0.3749060639266939,-0.17769331793085513,0.11210049867584211,-0.5729027327695678,0.32347704165349456,0.3068147854445968,0.06666230887169348,0.02303697915062351,0.16657283880620605,-0.06881168283865935,0.01630127658479662,0.44818581470004276,0.4866340836081618,0.9776755416827365,0.40983104813023735,0.7213970425845369,0.3876701447673512,1.2390031960006718,0.4632482521576393,0.8996325580979214,0.22823230766829294,0.9275887925002497,0.3112314407459743,0.2572348629907795,0.26673121414153866,-0.5174836381209016,0.7024246332172106,-0.7664598845962283,0.7398555092490192,-0.3754708761966311,0.7787834834839957,-0.425576686671486,0.531450751751221,-0.5485548906254483,0.5911493424636275,0.25177418809213,0.16123987894880362,0.5935900321798232,30.35796262946426,15.204473730691044,26.0891095184416,10.833364042046252,54.04714435168248
0.6,2.8400000000000003,1,3.3900000000000006,2.8056212813510966,0.47847812187796046,0.00914424611200358,0.01818184784418299,-0.23936447870001426,0.8420037002389347,0.010787190729103717,0.5092224203370274,-0.26449730206582406,0.3590785181075385,-0.0439263379911865,0.52309582888518,0.3635292909652476,-0.18595511728697595,0.12788706332336167,-0.580747546251538,0.31597280778367937,0.3043887922687222,0.06563060748477807,0.01838869799746642,0.1607439286687831,-0.0721447776794648,0.015474993038772838,0.4373068822199471,0.4942803009750117,0.9761058760183695,0.414208888318467,0.719954923973995,0.3818723551002592,1.2417291369641148,0.4614020170374324,0.8998169868341738,0.22366619119385311,0.9271253800068113,0.3095129542129367,0.2581839685453218,0.2697830761069648,-0.5232577822536516,0.6920889169164578,-0.781039149300102,0.7341670467120613,-0.38181477561846044,0.7737750657830191,-0.43344584274259346,0.5266856696659464,-0.5552427419696072,0.5873737322847131,0.26119303628433976,0.16333631268843052,0.5444342703652745,29.73774620602975,15.22504550906013,26.560177756672076,10.254763899648403,54.12344259300962
0.61,2.879,1,3.4290000000000003,2.8446212813510963,0.4987619495778917,0.02769109220031173,0.03229817860826678,-0.25625221222629363,0.836930703922724,-0.0024301208373064685,0.525999924887799,-0.27826271804550895,0.3581960469259971,-0.05367313575231661,0.5460881336889702,0.3395075756002995,-0.23232196126171648,0.25948970630940027,-0.6046894226794934,0.30563989832498,0.2980775303869182,0.06851180088651339,0.0017586740127285277,0.15280863080054954,-0.08036660222098586,0.017640675361735095,0.37521642627394997,0.5637341404428537,0.9786599126668568,0.4160773124124019,0.7218001475278782,0.3739369015681066,1.244344718683503,0.4610945871352827,0.9023537496078182,0.21750796434718736,0.9275936229693974,0.3090626919196335,0.260293590342477,0.2694716518886138,-0.5566357498497769,0.6972155270302557,-0.802735275183857,0.7286414510088539,-0.3948814363879134,0.7708867779312651,-0.447786507793958,0.5222512592758325,-0.5656226772439128,0.5855795353442856,0.24809789412159097,0.17774113517370785,0.8807820208601121,28.156192542247574,15.559140972822116,29.69952870256706,7.955150404672349,53.86663804509877
0.62,2.918,1,3.468,2.883621281351096,0.5074918461831784,0.01925564969709267,0.06441799842859933,-0.2754771176766357,0.8469867112012797,-0.00978163989242888,0.5604481628134528,-0.2945322081475986,0.36822325025714314,-0.05949195821874147,0.5321483239923097,0.34073439444876197,-0.24031240381157004,0.20991428718807825,-0.6532468924917575,0.2911548330383119,0.28566668489540464,0.07886719747650955,-0.03376883076808386,0.1418808129356754,-0.09839817088558205,0.025356864025948018,0.42085023254313614,0.5420584299491075,0.9767590455724542,0.4221162995464659,0.7315595298825701,0.3676180458869244,1.2441941655289048,0.46869170541598004,0.90908885585719,0.21284440133559412,0.9296342554679604,0.3150818884491027,0.2511829256667209,0.2714605161308567,-0.5744118820315279,0.6898239417659896,-0.8318203986806819,0.7248060339394826,-0.419790323954295,0.7713510325160047,-0.4703117966635531,0.5195527565684988,-0.5824858529215582,0.5869834355744448,0.2597746931792097,0.17479843462798034,0.10609104963456972,24.952902058652818,16.777041103246052,26.893433186583174,2.9513860643589553,53.031365980697196
0.63,2.9570000000000003,1,3.5070000000000006,2.9226212813510966,0.5444376340547878,0.07178616761588191,0.11496205453862342,-0.29555997879004553,0.8708241415945878,-0.01298211988282077,0.6164572686938213,-0.3128075471241101,0.3882593096022794,-0.06264383445399561,0.5651481794007925,0.3372147904073761,-0.3809513233140099,0.26368583728889433,-0.725606739292716,0.2768117678167866,0.2635511376617723,0.0942821837152297,-0.09149783847580563,0.1318519634614738,-0.1292712064094038,0.036871165874847525,0.3449052707855854,0.6663940426263921,0.9829141878031874,0.44236196452575455,0.7474600917499591,0.35924478431562673,1.2410133633012357,0.48470028065204723,0.9195202801854407,0.20678164444431346,0.9321559071701088,0.3278986233074115,0.24969400672488262,0.2615486903144082,-0.66038460453237,0.7571256631728438,-0.8663152750535587,0.7271029586385073,-0.4574346330261188,0.772562636214296,-0.5030359449021451,0.5225193642475037,-0.6068918474004865,0.5895833770625551,0.2081076736904779,0.20353621562530513,1.9199070185718765,20.303576112663205,18.913000428281155,15.653255931159782,4.532062097605453,51.54144032678396
0.64,2.9960000000000004,1,3.5460000000000003,2.9616212813510963,0.6067584733023638,0.15748745768574834,0.17856090447773862,-0.31037070180994675,0.9041716325747382,-0.016039533562721444,0.6886735120377478,-0.3282489332378535,0.4151753527882689,-0.06605015354355585,0.634227416116663,0.34433443626817417,-0.5396316650109428,0.35670927850241124,-0.8144738891555794,0.2627671110078646,0.22684114736549685,0.11249753526883077,-0.16520579681425418,0.12269617682961885,-0.17598494137150753,0.050676654631277865,0.2904537467590048,0.8044376592660447,1.003637784637647,0.48373851509176063,0.7670456555770485,0.3473643406805001,1.2356090694215107,0.5060321931050229,0.9323732394938394,0.19813702150000978,0.9337673137010529,0.3449497443507656,0.27308194920166323,0.233040093210665,-0.7261975996338791,0.7985586807290663,-0.90015585378118,0.7330225258002961,-0.5081698168172791,0.7726295279273865,-0.5400088770444473,0.5290148715671265,-0.6391141186375997,0.5919367539518479,0.1858936841014904,0.21956419344905795,4.331018359262263,14.83081404277164,21.858562604938268,5.633466890386418,13.737285457005664,49.26291269682679
0.65,3.035,1,3.585,3.000621281351096,0.6718835583878603,0.15605467325248973,0.24932216654578754,-0.31468859791210474,0.9422231296084641,-0.023042097594358414,0.7692822736037613,-0.336344381408179,0.44506306225422176,-0.07270484663355135,0.6325799216085289,0.3242824958204009,-0.5830492076098663,0.1921255668099224,-0.9164453563878097,0.24859537507385654,0.1707082465310263,0.1309826916361074,-0.2508669457503557,0.1138350824904287,-0.24073431979214807,0.06511604693346615,0.33814468983754575,0.7562332648445721,1.012840025885793,0.5036801146407538,0.7879965421430601,0.3328153048994804,1.2293498483470937,0.528502930317163,0.9462645369049214,0.18748380716427,0.9331618166298612,0.3627818033375806,0.28239931903156235,0.21792814274510056,-0.7730356403565212,0.7790270143151777,-0.9314433405169112,0.7384382582844239,-0.5708688079202464,0.7701531473724008,-0.577612977199,0.5355624155150637,-0.6780260815518164,0.5929497636681026,0.16352506409180248,0.2023614925123723,1.1384141432912616,9.081804682302222,25.34230371868002,2.6602255958407817,24.20633592822962,46.06015277971763
0.66,3.0740000000000003,1,3.6240000000000006,3.0396212813510965,0.7796725757094176,0.09396690287668637,0.3175650094445846,-0.26892625689843747,0.9894989992586051,-0.028278837800112304,0.8355852092820486,-0.30471473753818956,0.47907802583688375,-0.07855834689926182,0.5875668882865852,0.2428397601980823,-0.6868101940560053,0.07576918218636677,-1.022628037965635,0.2021304110187597,0.09323395220686592,0.1465807667595954,-0.3271197698267908,0.07859000832985552,-0.3239699779609683,0.07791012091602986,0.3588046605607914,0.7832516521710906,1.0143499622629377,0.49664330925377614,0.8272951181064823,0.34752723779099964,1.2230262175549818,0.5506408086822215,0.9644761244923349,0.20037474429343716,0.9305267471477636,0.38020214846130984,0.23921771985136825,0.21554932026623347,-0.8205636393445975,0.7430576736499159,-0.9634854206935287,0.7192937891692407,-0.6420274646175816,0.7620174019801556,-0.5986098848714849,0.5207364012540686,-0.721661273209229,0.590046585231007,0.14488394593453952,0.1795400706931799,16.003010835168634,5.250202716913961,29.470788277239688,13.0775237369125,35.14102297883464,41.95892527425323
0.67,3.1130000000000004,1,3.6630000000000003,3.0786212813510963,0.8841826392906791,0.06511256587827803,0.38826669816717874,-0.172612209261741,1.0527617547151418,-0.018593865083306235,0.8842263736956933,-0.23180369623203434,0.5234097554087888,-0.07364990332060033,0.5499506244889442,0.18821712127652146,-0.8516844438278347,0.011675099304185834,-1.132198593814888,0.13032258523463458,0.004915350002407235,0.1542596172103208,-0.3879226013241891,0.021249302259373024,-0.41394436380418903,0.08511847574704644,0.3045741523185693,0.8683856007192531,1.0100962200452754,0.5125164059937892,0.8911068537282342,0.39877227109560925,1.2161014925135663,0.5735001860059998,0.9854146190628846,0.24332006111806043,0.930239045325975,0.39842233567197266,0.16460922671668923,0.21484225308191224,-0.8823063311308083,0.6878906382559908,-1.0092335437357196,0.6657877000597142,-0.7093475065919428,0.7484602509248974,-0.6107398825659144,0.4768675380529882,-0.7630315414404661,0.582786572499883,0.12883732835075706,0.1832578319328465,29.480507806304935,4.139450123984549,34.63205648508963,26.94394359256485,46.37237842401915,37.400568881736746
0.68,3.1520000000000006,1,3.702000000000001,3.117621281351097,0.9936798419249006,0.04660976102748107,0.48096321548126286,-0.10508765197161261,1.1362528295647547,0.00940286163089294,0.959284941598847,-0.1822471130094846,0.5836658170095179,-0.05533263914909923,0.5346872395544542,0.14734792216811826,-0.9953913049836904,-0.019500509641320742,-1.2581233885023086,0.11372221149819436,-0.08904998189820225,0.1493021865453802,-0.4765938568281961,0.008055800041040347,-0.5059558328489118,0.08298980139261891,0.2945784125455414,0.9219267564032693,1.0125971599417816,0.5177608873229187,0.9340603096799568,0.426347216253835,1.2090943534696381,0.5951855110179167,0.9979420608410705,0.2673011340608145,0.9353665201691225,0.4161797230908814,0.12051761741494443,0.21120066150141661,-0.9179812392721168,0.6312534609365741,-1.0541566658223442,0.6387800541419447,-0.7671826114959253,0.7307251494221503,-0.6443047398746078,0.45666191934610045,-0.7997134900633708,0.5717769465193535,0.136383270240215,0.1806511637088283,43.0046189640881,1.3354884168525778,41.71345766042111,40.435441505334026,58.46146388196711,32.335634648087826
0.6900000000000001,3.1910000000000003,1,3.7410000000000005,3.1566212813510965,1.1371010604983645,0.07185664640094086,0.5864833889733821,-0.04683458854965729,1.2407616252615468,0.05636404411905914,1.0511512276819455,-0.14090665640330663,0.6640972246064897,-0.022841273492183217,0.5632649726813228,0.10481189537684395,-1.1520729922018238,-0.016252211868833123,-1.3888243549633077,0.14022010820704056,-0.18565537261635318,0.13142598681779075,-0.58278339080539,0.029610320442462756,-0.5978349440222672,0.0711911937986125,0.28378653019364114,0.9776358554250009,1.015768279025675,0.5237368193540766,0.9588913254432642,0.43910334580394295,1.2010235530357865,0.6139170070952074,1.0048754769201897,0.2788263458122428,0.946396389708821,0.4322388499073463,0.1019696655578358,0.20603878957513574,-0.9596671982833229,0.6073913224513611,-1.091059220133797,0.6340685073695749,-0.8130603088454386,0.7112278248423606,-0.687655704831666,0.4558807840392735,-0.8304814305890026,0.5587356384190735,0.1340728742181506,0.1796541100544268,60.45688030148931,2.8656689456894524,51.78792517829705,54.156824026676695,70.57051622818496,26.643890443374843
0.7000000000000001,3.2300000000000004,1,3.7800000000000002,3.1956212813510962,1.2436092837053747,0.1982430658663287,0.6954771031644797,0.027588516643368702,1.3611449888106906,0.12305298086745357,1.141742792041985,-0.08677049596137948,0.7626138482804417,0.024738357298447904,0.5740834978598566,0.13952845894921165,-1.265633671413064,0.08929164777516635,-1.5162124082481878,0.18474315712849437,-0.28576498883169543,0.11448559613795872,-0.6908297485843795,0.06543249462644304,-0.6915868836601458,0.0602993271737257,0.2681430476289003,0.9801925168750545,1.0098659681812774,0.5257021557283906,0.9801297704872878,0.4539952271419507,1.1888214269841055,0.6306232561180052,1.0091393827416557,0.29195794812915554,0.9589162172870712,0.44725632805299886,0.07762812029539833,0.20744515791480478,-0.9716720724812415,0.5914567882579603,-1.1203861398438828,0.6318864464128322,-0.8488170193795302,0.6942459114183589,-0.7281894539922352,0.4574731248401925,-0.8544064415623761,0.547202500044362,0.1541117487087211,0.16018416873308014,80.67196692773652,7.3455178822596165,65.32727214858559,68.43193805180492,82.61664027597443,20.63900011314001
0.71,3.269,1,3.819,3.234621281351096,1.3096453355850532,0.3641008734920236,0.8069021101717364,0.11781421964947367,1.4778322039667036,0.20637633415553275,1.2290019215445123,-0.0198941083048093,0.8624586241384523,0.08557023855032608,0.5598284260020611,0.2305728800291457,-1.3362004340323004,0.27184860697406965,-1.6342262655935456,0.24762220795497866,-0.39075779897935253,0.11588641157886569,-0.7973767906352828,0.1159618819517172,-0.7863332882347969,0.06390085766670874,0.29900888730471525,0.9582202161133699,0.9895857168260411,0.522184789189665,0.9980648878341709,0.4705480220645231,1.1711957635470678,0.6481094395086455,1.0109793496569568,0.3063339846506175,0.9654086948097175,0.4629135335637276,0.05232831031211735,0.22099598780966814,-0.9553965011374397,0.573828175470185,-1.1388626345752042,0.6339038587279126,-0.8822642953713725,0.681573388787232,-0.7625475159820334,0.46253163206345493,-0.8733779336133934,0.5391565623857032,0.19305157299925432,0.1302203920779934,107.92561663917459,12.978270884339203,79.8998937102267,89.28453631684646,93.96334820173236,14.888800106696538
0.72,3.3080000000000003,1,3.8580000000000005,3.2736212813510965,1.3753777017788769,0.5041141188221102,0.9174258303170355,0.2229761554569369,1.5791477959724718,0.3029515039606006,1.3090484250784369,0.05931504975836042,0.9522642081210069,0.15726765677873708,0.5373625135981486,0.2863366007090023,-1.3747637923521596,0.4467238818882996,-1.7377175197733026,0.3296444497754788,-0.49373350841175645,0.14132434808830044,-0.8982853436323046,0.18173144662893534,-0.8749649122615604,0.0862802392029133,0.3813699013723578,0.9324608498298276,0.9676586660975773,0.5189095011456966,1.0127593176021201,0.4894277397400521,1.1510945692868273,0.665811627030079,1.0102203389498274,0.3224922875974985,0.9648389378661871,0.47841109814154814,0.05388175035866564,0.23500843637666888,-0.9471566850182691,0.5628786381699344,-1.1466400126547422,0.6396425499123838,-0.9158674823559246,0.6725146180837747,-0.789701101061941,0.47050225001230506,-0.8887560813723129,0.5341911650313993,0.21374352891005388,0.11401343032692789,131.01714839435326,21.743325994405833,93.20177727100608,112.45363194747615,104.32562510528182,10.023194937973908
0.73,3.347,1,3.8970000000000002,3.3126212813510962,1.4295107234547537,0.6255106957398058,1.0247321676536347,0.3405997357191622,1.663110674533481,0.4057364167269965,1.3800422490195656,0.14902158123853343,1.0287139913277794,0.23434115246419926,0.49499488318196216,0.32073302115557717,-1.4073920634490695,0.5886722615251069,-1.823263117381823,0.4317239019049606,-0.5894457110780381,0.18751653232074994,-0.9902099689303812,0.26328730644290665,-0.9534734829269974,0.1247289813825591,0.44450142979139434,0.9110225872230363,0.9563313175235979,0.5137625415520735,1.0237791649656403,0.5100816670414504,1.1328308531351798,0.6812819523789181,1.0068594443535606,0.33996364414267066,0.9600940109472343,0.4916828091978964,0.06754821212828638,0.24334099341228396,-0.9475560617442146,0.5528788937342709,-1.1453625552525875,0.648257566509408,-0.949166030318177,0.6658673433070101,-0.8100596367329926,0.48061309944753183,-0.9013525163374965,0.5312728197202241,0.21960077434841763,0.11299991918430996,145.99558969424376,41.41901370691984,104.48647612234018,132.52093830787038,113.80804243526235,6.332793090622369
0.74,3.386,1,3.936,3.351621281351096,1.4758126270273966,0.7187293895193138,1.12653791345081,0.4700674816908875,1.7323263869681174,0.5161696885341875,1.438970652481749,0.24898898412491663,1.096088810472806,0.3179882883377209,0.4287488425044193,0.3268481933591028,-1.4754839502368673,0.7132041584707923,-1.8843234307900882,0.5529215191006014,-0.676150834524768,0.2543397544569032,-1.0681959964210823,0.3599026640481992,-1.0205844045663546,0.1790865759989074,0.43913579373868195,0.9216778022416695,0.9481740882981493,0.514620701379247,1.0314975212643023,0.5332699811786833,1.1160951453837067,0.6938506951479847,1.0005207864832442,0.3594301254605593,0.9539493370548509,0.502464856759941,0.0853849525285495,0.24560307831758293,-0.9532751825943679,0.547319233333647,-1.1347870577694787,0.6604045238959678,-0.9798981995330743,0.6629080142831996,-0.8228182820814824,0.4932494070161087,-0.9099424938600613,0.531263559259239,0.21385706387947429,0.11861513947351873,153.1377881716343,96.81320669333324,114.42171187217794,146.25622137148636,122.28913095772279,4.192833665101694
0.75,3.4250000000000003,1,3.9750000000000005,3.3906212813510965,1.514030425656863,0.7965191950613445,1.2215209805534337,0.6031619699349409,1.7861069037245219,0.6328856465287286,1.4834158703889668,0.35329491014846015,1.156427326068898,0.40738766426565376,0.35064054526437594,0.317492595383069,-1.4253249366869563,0.8284800512806787,-1.916341779660539,0.6842454763752394,-0.7551863833539387,0.33869355551416086,-1.1286532809327958,0.46478839737717736,-1.0771744827797647,0.2470273847061069,0.5117627894658783,0.8300460782983766,0.945938761174366,0.525924319142191,1.03648878176273,0.5603616172647676,1.0999180270905915,0.703373275076774,0.9906625276244357,0.3820846081154673,0.9479902028685636,0.510865668121158,0.09687741599844803,0.23494200623637587,-0.9509424982048905,0.5453029661233525,-1.1163166698205071,0.6747494401370883,-1.0048604362069267,0.664897899581106,-0.8291367283741714,0.5074309377755196,-0.9129004507279377,0.5349552652390202,0.2100119193573074,0.13118724079404942,156.56727039938593,142.4985302441449,123.2923867051646,159.32137295648678,129.5620380644849,3.704746552669496
0.76,3.4640000000000004,1,4.014,3.4296212813510962,1.4919455484892576,0.8864620748176572,1.3026555812489164,0.7330452469389469,1.8222779214278326,0.754216101828565,1.5105666448898394,0.45639983351723806,1.2087646998319828,0.5013883546167773,0.24365429356819315,0.35582084534644887,-1.4213071921903389,0.8658762820079848,-1.9226763412616144,0.8163645643024187,-0.8271447211980621,0.43439414210304983,-1.1734816208502281,0.5708403753179242,-1.1240181639924567,0.32379139427971926,0.5038079334732737,0.7343063931306808,0.9429060354612067,0.5431168578704196,1.0388747816332444,0.5899231209758229,1.0826391520066476,0.7116144513555975,0.9774656603910583,0.40683539556264675,0.9419254874233361,0.5183785235090455,0.10677465292720574,0.21889902436922384,-0.9492322650986803,0.5464765732795288,-1.0925712518511455,0.6893615409673124,-1.0239174571838041,0.6700951631137274,-0.8305208601330568,0.521635040567786,-0.9110805040963034,0.5409273830560299,0.20239115374532143,0.14442795321331556,161.99219145705712,156.7988050422103,131.0924176504634,162.40546186339563,135.71024915452804,5.3093273874871665
0.77,3.5030000000000006,1,4.053000000000001,3.468621281351097,1.4714796472346183,0.9928126553034243,1.3630113720115158,0.8589921935220721,1.8387642038250853,0.8779013414818698,1.518948826093073,0.5571365980068602,1.2510703259098621,0.598290018039247,0.17225934726814993,0.384840948385241,-1.4621318018021996,0.8953108762097448,-1.8995094976532143,0.9553662311637333,-0.891968134189395,0.5390865080682758,-1.2004999843739974,0.6827374777959634,-1.1613232838840315,0.40754556301064104,0.4414814769461934,0.6722963694111946,0.9400677854005791,0.5913667615238245,1.0374173947745235,0.6200439856456273,1.063626567459698,0.7197566349792154,0.9612309472855193,0.43204048290306046,0.9350963470589588,0.5259207816953471,0.10148561291430269,0.1781873514866421,-0.9481170773975963,0.5530458147412314,-1.060518384459842,0.7063384159953625,-1.0372606795461898,0.6770537197903844,-0.824847857084012,0.5374561616183013,-0.9052579372057363,0.5480244492404004,0.19008596852098078,0.15272374510437622,164.44538516777737,163.25911735075408,137.904489050251,161.53148276489145,141.0945172401365,11.505703130269701
0.78,3.5420000000000003,1,4.0920000000000005,3.5076212813510965,1.436325985064285,1.0764665084232954,1.3980333317398084,0.9974891701686021,1.8354801735569761,1.0010597516724857,1.5042396011919703,0.668046138134828,1.282223385521528,0.6957955845539179,0.08777099325189847,0.40621453095000737,-1.4346294363202112,0.9708765238860216,-1.8458159712824536,1.0970819410316743,-0.9509792864924064,0.6527703241042905,-1.2073297791953053,0.7970729111327025,-1.1904127292023046,0.49831112125092,0.4301187903953553,0.5788860179413844,0.9323362451334658,0.644992246626036,1.0297632467564326,0.6534836422855016,1.0428312346555983,0.7286537370300998,0.9391453708162727,0.45995545842364394,0.926692967352431,0.5340891627766267,0.0977963416774225,0.1385943277559563,-0.9395981404534853,0.579932159534931,-1.0214770487417901,0.7250110873132307,-1.0439473161987414,0.6856826379140358,-0.8122377121865078,0.5542460930889085,-0.8955472928078422,0.5560768479988122,0.1665894681778705,0.1485661945266279,164.89304684230376,168.2544445995627,143.82434521437122,164.23353095043484,145.91954220427232,35.524588264952904
0.79,3.5810000000000004,1,4.131,3.5466212813510962,1.4227144800667635,1.163107395141028,1.4127883200179918,1.1310526013370938,1.8135737489705281,1.121061563923814,1.4733593015296509,0.7754592302704971,1.3010497290214043,0.7916789137499892,0.03355649652640405,0.39311425821347645,-1.4132197954828594,1.0160494125923865,-1.7759929105178247,1.2237215160459654,-0.9985654026786298,0.773687013250152,-1.200548248260507,0.899798632771385,-1.209411810000821,0.5943462753280426,0.41800961178543034,0.4802892858338285,0.9085603281374497,0.6567606225514152,1.0184157077209213,0.6836205314234788,1.0204499128283595,0.7387868734795309,0.9157630142279338,0.48514650682112076,0.9157864566292089,0.5431606109817568,0.11309137512668323,0.13873566593931957,-0.9116780099302303,0.6106243797934007,-0.985339528709748,0.7403333946271329,-1.040756063594321,0.6973340043920698,-0.7977133022517184,0.5678268305960362,-0.8820491326725771,0.5658068609668596,0.14916584018481777,0.15549824094102155,166.82394177710304,172.0160881516218,148.94834104609137,161.89979298920815,150.3901673474026,116.70175943604636
0.8,3.6200000000000006,1,4.170000000000001,3.585621281351097,1.4162087594102983,1.2617236699165115,1.408195066095318,1.2538278272645274,1.7704255980666597,1.2366220053149326,1.4292005636530813,0.8746019026801023,1.3041557290124126,0.8849328590276729,0.011250049410178316,0.3551051426739366,-1.4043438649165043,1.0876508853177584,-1.6943703614661183,1.334915232851395,-1.037569847111285,0.9008735710852648,-1.1831311505926423,0.9905994031351061,-1.2180349773690675,0.6952063941380237,0.38112337406944513,0.4115931793031645,0.8927037694526765,0.6837856054197826,1.0042686335386202,0.7086618683597611,0.9954094892456277,0.7506716264185279,0.8932696413489879,0.5060067449651625,0.9019510679948604,0.5536006896252778,0.11430462526238398,0.122565103856003,-0.8988343718956562,0.6289304133030565,-0.9535014285009465,0.753321616470665,-1.0314701988664208,0.7109052077097072,-0.7818000846232116,0.578874996899732,-0.8656704414966769,0.5766576263729452,0.13587368583861725,0.15592347326246697,167.94748137834083,175.15246200146768,153.45145242300117,163.53985507287072,154.7294502485955,148.44346587133646
0.81,3.6590000000000007,1,4.2090000000000005,3.6246212813510965,1.3648048575399667,1.3210034819548302,1.388488514342384,1.364720443077873,1.7046268041655903,1.3463224307390187,1.374579566855138,0.9647055347610994,1.2890875043390089,0.974406057041145,0.049720099450507135,0.3407638545620186,-1.3986395917092491,1.1861787194012439,-1.603203477880897,1.4300976635908302,-1.0723219995124618,1.0318065360659523,-1.157190647689366,1.0691273026803578,-1.2170630088903032,0.7993045560058216,0.3183438940206164,0.3609902241956334,0.8740564606735559,0.7018091986204223,0.9873770362260764,0.7309581113332789,0.9662804642377182,0.7645106514838933,0.8713125451229735,0.5243679777609206,0.8847296911549319,0.5656660606386172,0.11700945242114519,0.11152012833830799,-0.896048157308431,0.6649201618002306,-0.9258467727730666,0.763968284601079,-1.019529971295491,0.7248402087099189,-0.7657075221166529,0.5876064933048728,-0.8472464652747037,0.5876963899295221,0.10343349609280914,0.13725221458029063,169.69336480621294,177.60713799240324,157.4531883800233,165.81745634217765,159.05580240612485,157.48177000844458
0.8200000000000001,3.6980000000000004,1,4.248,3.663621281351096,1.2233438811327242,1.300797334305433,1.3600423127834744,1.4610613470916056,1.6179083429208976,1.448049425263505,1.3137662228494966,1.043840710085485,1.2561801498532443,1.0583338488215646,0.21064428549120745,0.4211464030449687,-1.3815141781799687,1.301015052424844,-1.506744383907802,1.5072499798185008,-1.107832835353362,1.1621757145447928,-1.1248290836758683,1.1336895265272386,-1.2085273268303167,0.9036455812081163,0.24127878005266512,0.30688408097251585,0.831002717350905,0.6965281337746521,0.96809461050965,0.7519779839184079,0.9318883802210726,0.7797681380035352,0.8492417592660726,0.5414886263764686,0.863894906939614,0.5790393632186002,0.14788128025823183,0.13079302457232794,-0.8778186622353056,0.7020434627982223,-0.9019011114249932,0.7722989488283364,-1.0079603933440258,0.7377175218163963,-0.7503706425465174,0.5942603253766393,-0.8277916658902351,0.5980396814397886,0.07426841641169848,0.13494261247955217,172.2952368875445,179.17410550696692,160.96073923330684,167.30398503475803,163.26595197635936,162.0092486289183
0.8300000000000001,3.7370000000000005,1,4.287000000000001,3.702621281351097,1.1323088502383587,1.3615856774587929,1.3267751742899478,1.5410729390906879,1.5117695574652525,1.5392730942764385,1.2499644924272664,1.1106196712413465,1.2039383886443042,1.1345075162211071,0.26463716344885124,0.41900268068887364,-1.358786448038843,1.4002693051533157,-1.4112713835352435,1.5642976597059912,-1.14389355078467,1.2840999576669883,-1.0876826872134775,1.1822159365793143,-1.1936740592455721,1.0020496642629555,0.17222070012434496,0.24428318522913456,0.8049185208139643,0.7148283580098891,0.9478230013553827,0.7723308999047174,0.8902717835699231,0.79689516824988,0.8267283782236287,0.5580593983408504,0.8379541558058103,0.5941367629515318,0.1540397120329011,0.11840667551305722,-0.8693569800852357,0.7657903459012781,-0.8794123042798769,0.778972369190355,-0.9975121650122813,0.7484594489192977,-0.7349712835586327,0.5994754238251004,-0.8089272845464761,0.6068015310714304,0.01657936315583628,0.12932173604574485,175.8853183433865,179.99089898136148,163.78138566641135,167.2823407749101,166.8741019008398,164.94340791884758
0.84,3.7760000000000002,1,4.3260000000000005,3.7416212813510965,1.0639388033266275,1.3899950862789285,1.2870844134392123,1.6052103497140857,1.396695762430362,1.6174808260052846,1.1857916871530376,1.164734094729461,1.1408881625321763,1.2006681588436565,0.3100186654509399,0.4030843033545363,-1.2746885503923848,1.4180382790232102,-1.32224688798285,1.6046931561566822,-1.1674660196468398,1.3905158023037425,-1.047375650527706,1.2168865429729265,-1.168473252650537,1.0881545270027564,0.1926183756345177,0.11069849964770517,0.7800489370958781,0.7320837119491111,0.9269870187791206,0.7916431008971782,0.8442320543489394,0.8144353003312824,0.8039155014542813,0.5738288614745889,0.8082033922129311,0.6096726480372728,0.15855005727094007,0.10440908317472569,-0.8437480325751001,0.7888027945268064,-0.8548292546693389,0.7848849618749665,-0.9841771828601512,0.7585766774292824,-0.7186798924467128,0.6042311732375283,-0.7898872745842325,0.6148197563317477,0.01175342059953903,0.14364527282362863,177.11229483493986,179.46185261623717,165.92816493798193,168.34036941808554,169.41554562336543,166.84270754060773
0.85,3.8150000000000004,1,4.365,3.780621281351096,0.9976774845834903,1.3643219478263091,1.2419117315290629,1.65375301091391,1.2808839069130227,1.6817461672661995,1.1251616878938067,1.2058432125860532,1.072861477614925,1.2557814135664243,0.37870926534888183,0.4253986515443099,-1.1924616076716774,1.4303140895580622,-1.2431909876815443,1.6344946229228015,-1.1696761286171402,1.4816166139206306,-1.0073508492514605,1.242393783307817,-1.1299973375999117,1.1614901149203327,0.21038811801357724,0.056134900567442726,0.7453850344751825,0.7322209738870649,0.9062369839429436,0.8088158334852358,0.7967641183392946,0.8307792388758143,0.7805727544537385,0.5880936653163437,0.7762821354454834,0.6242526919110023,0.1781575767809012,0.11114648827699425,-0.8161415258274837,0.7988029174405882,-0.830457499932019,0.7895665720780987,-0.965411312978636,0.7699732809574558,-0.7043296920290998,0.6083681467753805,-0.768821881837883,0.6234617574459814,0.01703693605719373,0.1520283437254379,176.1653505512844,179.00902572967107,167.51861328421148,169.97120155371042,171.264954994998,168.0070416325188
0.86,3.854,1,4.404,3.819621281351096,0.949228587549585,1.365916745207671,1.191748569711823,1.6904738732080242,1.1702120199935635,1.7321992230738963,1.0684748569833895,1.2367730141445878,1.0033828731728096,1.2996639828217984,0.4051583284147198,0.4277809381056433,-1.1178650580299418,1.4932394555131165,-1.169968830364384,1.6611813666312905,-1.1462061607537424,1.5594761409478866,-0.9632271508192852,1.2641251764812869,-1.076991416890825,1.2233364877270685,0.1758388142632451,0.07204523996063646,0.7114611224755935,0.7459793480478871,0.8862785681041437,0.8227371115531718,0.7507810329298968,0.8448428743612804,0.7575035763919441,0.5999706898120472,0.7437377344022967,0.636886925815842,0.19092640874018538,0.10639573390532833,-0.7946380656616077,0.8308691518555607,-0.8074558635228063,0.7947425122369792,-0.940246091508567,0.7834211913761248,-0.6897496061259604,0.612663930321807,-0.744491278282973,0.6333270314586866,0.03833314534631101,0.1531437434069929,174.04909677983386,178.3562087228646,168.72030206871955,172.61508589835958,172.91139230068237,168.56963126332911
0.87,3.8930000000000002,1,4.4430000000000005,3.8586212813510965,0.9155528041228358,1.4037443753440138,1.1323045307201296,1.7207474398436893,1.068688488682257,1.770631195964733,1.0124211470488462,1.2615827400736361,0.9342706101996533,1.3334533212878619,0.3840211633296965,0.39756317363491095,-1.0378872274297108,1.545020149116547,-1.0958241057939364,1.6885010827079967,-1.0975470050015794,1.6275288267456645,-0.9112247380086013,1.285100650958338,-1.0096590588898005,1.2763655142755341,0.15473674475981805,0.10181832322342806,0.6849847794009627,0.7824714302096111,0.864110054357981,0.8340557163004526,0.7097908869497616,0.8560772854327723,0.7349162475432519,0.6095324055585896,0.7124210654645147,0.6469639887881362,0.18640494279908248,0.0776734503859301,-0.77135329225379,0.8595645782918127,-0.7833408960700222,0.801902126329371,-0.9102402751429403,0.7983631582349867,-0.6719719140834282,0.6180425313887415,-0.7171902084348493,0.6441132703529225,0.05889533947245605,0.15177354128115733,172.05660916870482,177.4851271612621,169.8307201549898,175.30538415218726,174.4529529814364,168.45537677218664
0.88,3.9320000000000004,1,4.482,3.897621281351096,0.8773463362833487,1.4456082363435574,1.061380770238147,1.7470565003650445,0.9730100590997284,1.800477758713312,0.9546602431989468,1.2822589567119165,0.8647578354413868,1.3600474200609345,0.3531851196789457,0.3675376521800548,-0.9726474873317895,1.551695011097137,-1.0203053307255021,1.7149396768640108,-1.0356460337292706,1.6879345827871006,-0.8541926119054655,1.30472783895155,-0.9332231202737239,1.3229688692773174,0.17005908072866316,0.15010009241323036,0.667950425328852,0.8098626688656709,0.8363810686401928,0.8441441299594682,0.6736842703088993,0.8646219764627304,0.711454699658251,0.6176181280766591,0.6828539523389769,0.6546433007097975,0.1718839730195857,0.05505868457168762,-0.7469888320074456,0.866880839926925,-0.7575330449828518,0.8103736148353141,-0.8797309414628766,0.812889381865345,-0.6516636070781413,0.6241868663037312,-0.6890976178446386,0.6545946128887181,0.057482579229056016,0.14330228597720612,172.613704856973,176.65825061250314,171.08491565827447,176.65633445724407,175.8347662062512,167.8873596153618
0.89,3.9710000000000005,1,4.521000000000001,3.936621281351097,0.8182822391454045,1.4837123945879007,0.987781877223121,1.767014524668146,0.8804172660615257,1.822881174232176,0.8975054940214213,1.29772592829629,0.7943928290515759,1.3805536360536454,0.3301366750551672,0.3448133156582762,-0.9029066158737151,1.5701630794369303,-0.944008911546526,1.7391201097624684,-0.9677925048034398,1.7402158715241838,-0.7954184317377005,1.322459997629568,-0.8508697938882285,1.3632252305621044,0.17388466524107285,0.1820113476651146,0.6598032486179815,0.8159481407308801,0.8140883919003871,0.8499382324387836,0.6420388550457308,0.87037700515915,0.6920663384378289,0.6224696707912306,0.6555506529083391,0.6599296071200527,0.15798490995023584,0.05725447547520459,-0.720309755092374,0.8737292377718704,-0.7320301340711386,0.8194601875366583,-0.8506500426781676,0.8263209417063171,-0.6306849912099233,0.6306398091369824,-0.6609152758759431,0.6643785585078564,0.055520240424892266,0.1386944018473223,176.80637920156818,174.97971008062464,172.5885300312391,178.40170886217845,177.26322522149084,167.0952349016359
0.9,4.01,1,4.5600000000000005,3.9756212813510965,0.7265469818418326,1.5124261897748081,0.9161323304064564,1.7799683248147462,0.7894903804162806,1.8383859091712886,0.8413951834419718,1.3080021563507302,0.7234063855292813,1.3955454224638315,0.3279045568638812,0.33198133997731577,-0.8069266258235079,1.608399536450066,-0.8645874239214242,1.7609985215055937,-0.8968557045178854,1.7833313774256274,-0.7342201958206064,1.3384439060337456,-0.7647171283147488,1.396440450255102,0.1631294512872087,0.1966936404206263,0.6470750775104135,0.8268790402125182,0.8015102394015219,0.8512466814949655,0.6148181668960255,0.8734654016318927,0.678124394528912,0.6242486235893431,0.6310563979490099,0.662964522132865,0.15634577439126038,0.05666389814230217,-0.6901881361851709,0.8890573949090654,-0.703600230156649,0.8293582924097447,-0.8231630991180848,0.8385933442134874,-0.6074080970908474,0.6376784108279554,-0.6326503408740438,0.6734308407502806,0.06118714819244449,0.1422285526173127,177.68902884622096,172.2048703135074,174.4154881973567,178.38513013682072,178.459576547034,166.22268318346224
0.91,4.049,1,4.599,4.014621281351096,0.6122452762599455,1.5738097274552945,0.8409936621579919,1.7874619264895562,0.7018351724421649,1.8471929338607067,0.7834182143719746,1.314058093904354,0.6533500267879911,1.4051468860991432,0.3130065274129875,0.2876885938692132,-0.7239431366726299,1.6220334999096069,-0.7913006158596602,1.7784455877207888,-0.8233046221245043,1.815945417120703,-0.6758405672566014,1.3508087308200512,-0.6781801946532856,1.4213599858949624,0.17029906404876125,0.2178865219046053,0.6235818540370283,0.8508291517625921,0.7920805450596885,0.8510185969995097,0.5929874617642454,0.8743739719593681,0.6657554036792297,0.6250025172878778,0.6101395972226837,0.6640909840084138,0.16849879752048,0.038605380410500066,-0.6752244464860339,0.9011795336024438,-0.6759346369139779,0.8379195592042231,-0.7971348020756259,0.8497113669746932,-0.585804993124015,0.6439032162186857,-0.6052226908850814,0.6816687382454522,0.06326396076209176,0.13232953931757901,172.44864407834595,168.85052179790483,176.6149661627478,174.54865303592567,179.36280790635263,165.25650357858726
0.92,4.088000000000001,1,4.638000000000001,4.053621281351097,0.5102268422262166,1.6249539651226674,0.7770624371424757,1.7853580867669028,0.6247759840035187,1.8495008327308273,0.736785677152371,1.312383607786439,0.5889881763053127,1.4091874048411188,0.31133698295379647,0.252076975613706,-0.6489440784390393,1.6532815789051343,-0.7397758022049715,1.792408819006258,-0.7505727039588578,1.8366866446915049,-0.632376645122678,1.3603619724143843,-0.599798611996082,1.4365777040607317,0.16615291445065392,0.20968022243681073,0.6060799005319911,0.8600573187112055,0.7844780799034432,0.8470515326937622,0.5777833422238667,0.8741907166540822,0.6561911985517506,0.6227004409178556,0.5934426319635681,0.6640781093942365,0.1788716323875318,0.031629861673690494,-0.668014828709401,0.904221144231263,-0.6582520867784183,0.8462658979523472,-0.7735625873850617,0.8593373910906528,-0.5736860689067649,0.6503285159158658,-0.5817067227044933,0.6886831235512528,0.058771776400418176,0.11469472811530068,167.53391253399803,165.94327940810297,179.00928172166746,169.779997369223,179.7670754334726,164.13247678613544
0.93,4.127000000000001,1,4.6770000000000005,4.0926212813510965,0.48904619309852004,1.5805410394067416,0.7484929038174748,1.776376967658872,0.5642105868174211,1.8476666599991158,0.7181019221126026,1.3052301668503787,0.5350517780916417,1.4092904900269814,0.32506046590943444,0.2774991590257366,-0.6268232363274375,1.6173614784862287,-0.7160455454361925,1.804334576262788,-0.6868727441601808,1.8477415192459987,-0.610844590915522,1.368627892038989,-0.5379651908806057,1.4438940568689287,0.20717036403612618,0.23807752218852582,0.5921182378819874,0.8499853157518359,0.7800013151831754,0.8390861110117238,0.5681901582532254,0.8742943650747683,0.6515380299024829,0.6169513500159897,0.5806025092998153,0.6640546787923765,0.18819894633108625,0.03410986475647676,-0.6604453809660242,0.896223606584313,-0.652944471141156,0.8557248967716425,-0.7540653220993895,0.8668949370464867,-0.5704527496353929,0.6575466061733783,-0.5645617962011011,0.6939899564662939,0.04118748772007945,0.09810639242513097,167.69646649006006,164.75876054144067,178.76934319374985,169.08884199051843,178.98469585326558,162.98559624261983
0.9400000000000001,4.166,1,4.716,4.131621281351096,0.4864977295301977,1.6176402969136354,0.7534026570821121,1.7770110448212217,0.5240883633853652,1.8443572516461908,0.72421690603578,1.3052801154318183,0.4948110403520645,1.4073884480577885,0.31086536577772067,0.22981216964477064,-0.6401563198133084,1.6460742865503357,-0.713886974335172,1.803059760134504,-0.6378436177478042,1.8520713777582423,-0.6092055633862211,1.3676630375941743,-0.4968705858230062,1.445793428165783,0.17343773618410727,0.20601007299877924,0.5940708154104328,0.8572520105309953,0.7809894541822985,0.8399205974424571,0.5639175426082049,0.8755164590180627,0.6544304217845032,0.6172078497352601,0.5718962931910168,0.6647101146018405,0.18772041817546847,0.03525350960148956,-0.6549370620440621,0.8959822842353483,-0.6561188821918638,0.8539767166983984,-0.7400314591741944,0.8719386719451423,-0.5731453847394372,0.6562940032451005,-0.5549330937844311,0.6972887739369543,0.04202218941182163,0.08842596742418157,167.67111180641893,164.93675047626186,176.9618803683663,171.0568692782879,178.45678239246703,161.9161620588255
0.9500000000000001,4.205,1,4.755000000000001,4.170621281351097,0.5224076083046485,1.626172066555474,0.7670522311264704,1.7804653237014,0.5073006396532362,1.84201580210877,0.736589781933659,1.3074802681024067,0.4721149061272723,1.4053894159444213,0.2892358910583719,0.21637176035572653,-0.665483827458929,1.6575424401786922,-0.7263570453769984,1.797008800879846,-0.6101626823287035,1.8517588255014485,-0.6200476506557681,1.3634005912215446,-0.47959851342407106,1.4442725581086788,0.15217231820184995,0.2019416584718389,0.593635192465197,0.8606126409332434,0.784803540738656,0.8431155842801895,0.5642988939674817,0.8781057345713073,0.6606163744933082,0.6190298580179033,0.5678647719176694,0.6663428623829937,0.19196740445482582,0.03415591800226025,-0.6595639945769679,0.90439581634042,-0.6632006597970163,0.8485313471202243,-0.7330942264943211,0.8736298100833181,-0.5786729065055639,0.652257437001687,-0.5531723249835991,0.6980633849608934,0.055982713896138556,0.07970722769505774,170.59794789374547,165.27142550431273,175.83979213005298,172.49083298754218,178.30521340388077,161.10532925174303
0.96,4.244,1,4.7940000000000005,4.2096212813510965,0.5459493916552665,1.6236943121413867,0.769596301428988,1.7810198000123802,0.5069623124399094,1.8414967784585043,0.7398971472194741,1.3076520134528025,0.46525033490341106,1.4044750626045188,0.27343966315291807,0.22126433666446044,-0.6686047564541648,1.664800326224081,-0.7401754034705523,1.7942931722493531,-0.6024589016993894,1.8492929157669442,-0.6298466028527598,1.3612934051094392,-0.479338362924118,1.4416571862940253,0.14795524555104222,0.19599181028163212,0.5978554729522104,0.860853831179567,0.7879243078458599,0.8434763392610484,0.5672644550114598,0.8808343289737313,0.6647515702442877,0.6189873873175206,0.5680611587922892,0.6681718863711471,0.19086157083920158,0.03653807152483455,-0.662405313136785,0.9072381481092576,-0.6701151252264859,0.8464171497315436,-0.7327955148073757,0.8725096956492447,-0.5832775400338845,0.6505849158446059,-0.5564452317792504,0.6969122145379096,0.06130770788506444,0.07849105618791105,171.77575441317637,164.9829744104304,175.34768966907143,172.38077793928102,178.22226828914424,160.60610188122672
0.97,4.283,1,4.833,4.248621281351096,0.543482879034096,1.612546831595584,0.7593872285115383,1.779695376318231,0.5096524662808462,1.8412443859161303,0.7335451289683097,1.3064553287094767,0.4635397297893437,1.4038861046598134,0.27304454604730033,0.23118621970016826,-0.655196249704977,1.660161670848113,-0.7427195417075594,1.7955631098399716,-0.6010422388072806,1.8467653967294666,-0.6292639016944215,1.3618259163771302,-0.482424035684834,1.4393313351294803,0.16122616513468055,0.1943028754525037,0.5973149183668894,0.858495721235895,0.7877536151351424,0.8422965289359879,0.5708696055011933,0.8826657864777598,0.6649997626505635,0.6180376814866443,0.5700215164258396,0.6693903639940915,0.1911264268958115,0.035826618963566155,-0.6585161141845031,0.9060727256436999,-0.6735917303299951,0.8473647498718403,-0.7350778545680289,0.870868925963936,-0.585060764855275,0.6511623889734112,-0.5606133245101589,0.6955371555586021,0.06061271006476672,0.08426747654016557,171.57503304241715,164.3357982650518,174.9937564242226,171.86869638753657,177.88810583293682,160.18559363014577
0.98,4.322,1,4.872,4.287621281351096,0.542971141718015,1.6088316790377655,0.7418705080343623,1.7765306784111974,0.5122861007814672,1.8407666904566957,0.7215012273369156,1.3039280870841827,0.4636638900025974,1.403275725272897,0.26016131978427315,0.23395602419937153,-0.6525373598270214,1.6609407506305445,-0.7377368558568924,1.8002431833952937,-0.601467536999428,1.844808895476581,-0.6228268935343508,1.3648673984688735,-0.4853364688571454,1.437635316211708,0.1632915242684735,0.19082877532690087,0.5962268994885938,0.8575110670516733,0.7845376454618838,0.8395790760029471,0.5745020073244327,0.8834960326332567,0.662247487550203,0.6160623815095712,0.5726425379606707,0.6698890445431926,0.18916261087220315,0.03387018417163537,-0.656110583141042,0.9068624255059283,-0.6713155578548166,0.8515832584673758,-0.7381919166243129,0.8695543711512825,-0.582400738185981,0.6541616911544184,-0.5643906922431629,0.6945240062346097,0.057332168671023725,0.0901622771791016,171.70055875443,163.65381649937916,174.67677893216754,172.03185270106178,177.850884713242,159.80948269534582
0.99,4.361000000000001,1,4.9110000000000005,4.3266212813510965,0.5387248671998355,1.6077422366623384,0.728868097529581,1.7734985987409093,0.513807464340919,1.8399242538639633,0.7118743395356234,1.3016569162246225,0.4637846019991217,1.4024914295846949,0.25224912211889455,0.2335152373551867,-0.6515234398931973,1.6589950951183952,-0.7347707609323817,1.80438112302257,-0.6010183594302204,1.8437742690040062,-0.6192667440629747,1.3677393597000052,-0.48643137358555144,1.436709218343763,0.16753272387791743,0.19155705743830126,0.5964413684807399,0.8571803703773204,0.781483960907341,0.8368484060322284,0.5775593842903891,0.883514371776043,0.6593969796185422,0.6141144489702207,0.5749024017388347,0.6697898104556764,0.1861562509992272,0.03240384169558572,-0.6562603433159341,0.9071758353745686,-0.669286762203413,0.8555261706658124,-0.7405772206565382,0.869075609559907,-0.5805115539216652,0.6570547121965513,-0.5668690881163984,0.6941872035503525,0.053267020318007306,0.09252547223115741,171.40330421623477,163.24014334598502,174.40077429196876,171.9955459416824,177.91568778030273,159.50604942251357
1.0,4.4,1,4.95,4.365621281351096,0.5232184766526848,1.6049810766984645,0.7271221920263164,1.7744337407233786,0.5145571568446824,1.8390809746611372,0.7098488359370754,1.302484971492849,0.4631169452440315,1.4017176979630184,0.26512436796400174,0.2342600706201342,-0.6493213935174184,1.647779252671572,-0.7363559119662864,1.8038540119112432,-0.5991597350116157,1.8434619153050675,-0.6207520245801226,1.3673975693654326,-0.48624374829299977,1.4363054831305806,0.17870181273100635,0.20200964442171368,0.5961691614663337,0.8569540056132707,0.7804237624896166,0.8374304234537019,0.579279842474575,0.8833904390650222,0.6587053637375703,0.614535827460243,0.5758256442799721,0.6696029312491137,0.18528607141010525,0.03137091183970061,-0.6525049899186214,0.9021569359189893,-0.6700936525044384,0.8550999745780755,-0.741303111400748,0.869292231184532,-0.5811054375272349,0.6567344692363033,-0.567898510726798,0.6943413584547565,0.05023662670002805,0.09468471469058548,170.2934705526989,163.2716105551166,174.25438686198035,172.3442722166626,177.9081645514921,159.3335062152449
