phase,video_time_s,valid,suit_time_s,non_suit_time_s,reference_left_wrist_x,reference_left_wrist_y,suit_left_wrist_x,suit_left_wrist_y,non_suit_left_wrist_x,non_suit_left_wrist_y,frontal_assumption_suit_left_wrist_x,frontal_assumption_suit_left_wrist_y,frontal_assumption_non_suit_left_wrist_x,frontal_assumption_non_suit_left_wrist_y,suit_left_wrist_error,non_suit_left_wrist_error,reference_right_wrist_x,reference_right_wrist_y,suit_right_wrist_x,suit_right_wrist_y,non_suit_right_wrist_x,non_suit_right_wrist_y,frontal_assumption_suit_right_wrist_x,frontal_assumption_suit_right_wrist_y,frontal_assumption_non_suit_right_wrist_x,frontal_assumption_non_suit_right_wrist_y,suit_right_wrist_error,non_suit_right_wrist_error,reference_left_elbow_x,reference_left_elbow_y,suit_left_elbow_x,suit_left_elbow_y,non_suit_left_elbow_x,non_suit_left_elbow_y,frontal_assumption_suit_left_elbow_x,frontal_assumption_suit_left_elbow_y,frontal_assumption_non_suit_left_elbow_x,frontal_assumption_non_suit_left_elbow_y,suit_left_elbow_error,non_suit_left_elbow_error,reference_right_elbow_x,reference_right_elbow_y,suit_right_elbow_x,suit_right_elbow_y,non_suit_right_elbow_x,non_suit_right_elbow_y,frontal_assumption_suit_right_elbow_x,frontal_assumption_suit_right_elbow_y,frontal_assumption_non_suit_right_elbow_x,frontal_assumption_non_suit_right_elbow_y,suit_right_elbow_error,non_suit_right_elbow_error,reference_left_elbow_angle,suit_left_elbow_angle,non_suit_left_elbow_angle,reference_right_elbow_angle,suit_right_elbow_angle,non_suit_right_elbow_angle
0.0,0.5,0,1.0105291471724187,0.46562128135109604,,,,,,,,,,,,,,,,,,,,,,,,,,,,,,,,,,,,,,,,,,,,,,,,,,,,,,
0.01,0.539,0,1.0495291471724189,0.5046212813510961,,,,,,,,,,,,,,,,,,,,,,,,,,,,,,,,,,,,,,,,,,,,,,,,,,,,,,
0.02,0.5780000000000001,1,1.0885291471724188,0.5436212813510961,0.5958603598162393,1.5764720247598154,0.6636051027731704,1.7701583159408154,0.5704121813882085,1.8354580262957416,0.7133773357413754,1.2877062961448793,0.48916224925102525,1.3924012509076924,0.20519193353967838,0.2602332776123601,-0.6736174654296536,1.658675230821249,-0.8382450456452505,1.799842714236703,-0.5621395295999148,1.8555685879235084,-0.6426258927835214,1.353203899168513,-0.4828650350874631,1.4388570952304378,0.21686516212037216,0.2262616278732593,0.6272246960009107,0.8265158655092271,0.742564061157126,0.8367934029860549,0.6381047496680858,0.8773874104252284,0.6690910691405397,0.6055419013334958,0.602469838931375,0.6604175176308574,0.11579635974946009,0.052022011206232226,-0.6573222421705592,0.9071673505197004,-0.6965219191743393,0.857631185833869,-0.7360047923526635,0.8849869077489462,-0.597401936898372,0.6571657665425031,-0.5849810589230258,0.7031814634371998,0.06316997933340246,0.08174910240893203,170.81715425299495,162.96066185423933,170.81024060126472,173.1027839640689,179.48049064143547,158.40939289428852
0.03,0.617,1,1.1275291471724187,0.582621281351096,0.6007707538513377,1.579308548072193,0.6665208945033346,1.7706967052029396,0.5688127850201121,1.8358126447304153,0.7153969307459819,1.2881270663995672,0.48948256140364127,1.3928658596097536,0.2023672594212334,0.258487259597583,-0.6732680208804317,1.6599009978701664,-0.8390583102900858,1.7989929242878226,-0.5633575572242212,1.8560522693370187,-0.6428657045960132,1.3525089778635233,-0.48189436477417924,1.4394386481017978,0.21640929752926874,0.224845794533022,0.6268443184051276,0.8284034463112084,0.7434596096941627,0.8373133275542242,0.6361970747967576,0.8772821837577216,0.6695297002716866,0.6059667753685322,0.6019550754843312,0.6604876810847985,0.11695517152392688,0.04976550036407094,-0.6588455607322778,0.9094243120428505,-0.698837538198012,0.8565987774422508,-0.7359465808237444,0.884917399247984,-0.5988612017849647,0.6563546607450255,-0.5842331350084732,0.7031878678135173,0.06625628549397364,0.08090213887086005,171.29104744970078,163.01940913348102,170.92665418982983,172.90707568474306,179.22971119595027,158.46538198479033
0.04,0.656,1,1.1665291471724188,0.6216212813510961,0.606168553129447,1.584951611262425,0.6692499067840437,1.7710072503146888,0.5658750712457595,1.8364082556302757,0.7176809672862807,1.2883108372240155,0.4888970847348456,1.3935733457043504,0.19645854016062167,0.2546645021966171,-0.6729703027467817,1.6608739102479941,-0.8361858213371045,1.7991092343037425,-0.5655100852956232,1.8562162474324273,-0.6406154714528266,1.3525702026623814,-0.481476645891447,1.4398224293925617,0.21388854650379427,0.22294915795159903,0.6263806445360206,0.8320350954755483,0.7433518272408619,0.8378045634664569,0.633385764723883,0.8775870844278577,0.669200603710525,0.6063761804989528,0.6010259614158157,0.6609289637676584,0.11711338243030761,0.0460874755910726,-0.6598098092824335,0.9102349019327275,-0.699034301073356,0.8562839809357125,-0.7361869930381142,0.8843739436905859,-0.5986905227284999,0.656066865076218,-0.5837964243378102,0.7028340421658424,0.06670279328995378,0.08063661302194437,171.82195405608584,163.21399855957168,171.06017487888138,172.7742363389708,179.04486851051513,158.5246177339229
0.05,0.6950000000000001,1,1.2055291471724188,0.6606212813510961,0.6055401350638813,1.5923691044306802,0.6723657294114729,1.771508100364801,0.5621407105589962,1.8370576743118154,0.7198113008567989,1.2887093035128816,0.48760219401698507,1.3943416793155532,0.1911973847211143,0.24850755778814937,-0.6782140028464777,1.6646088767150402,-0.8339594050479519,1.7992734428514883,-0.567748230826255,1.8561569799011515,-0.6390934419724372,1.352709910396109,-0.481131504672387,1.440037373851792,0.20589117436067225,0.2211184357357408,0.6257469895543344,0.8349138922980315,0.7432559166969823,0.8383413486359594,0.62980771782774,0.8781776933948795,0.6687341635979533,0.6068438833203555,0.599737270679789,0.6616366569888318,0.1175589018967281,0.043453952633311324,-0.6621949534169626,0.9164299935396141,-0.6979772928753705,0.8562152523405369,-0.7363152242517672,0.8835531535729931,-0.5975107772027346,0.6559476066425952,-0.5834308829593274,0.7022496750993326,0.07004420657548048,0.08108453092184476,172.0954998885963,163.43876689748646,171.22239079806442,173.06889978661818,179.06636470370157,158.58425694305575
0.06,0.734,1,1.2445291471724187,0.699621281351096,0.6137368779322093,1.589490271088559,0.6769213505088324,1.772898479529814,0.5589283450530758,1.8374674812418426,0.7226473185341179,1.2898309384643727,0.4860522464234142,1.3948501241963,0.1939867224797018,0.2539619499684329,-0.6808969103077095,1.662034620401844,-0.833856784055674,1.798843590517746,-0.5684976565846305,1.8560449214520494,-0.6385596115242018,1.3523119412326314,-0.47997644840557646,1.4401299337924807,0.2052155385958067,0.22421772711161006,0.6264249633994751,0.8337475313388282,0.7418836280284324,0.839376925352751,0.6258917368275788,0.8788841526196813,0.6676646420750108,0.6076309244674233,0.5982040631403049,0.6624464818081971,0.11559581876030829,0.0451397708371248,-0.6638486438916499,0.9171081112822735,-0.6989119856595334,0.855604144808599,-0.7354799264295301,0.8828105047803966,-0.5974298075444043,0.6553636452918659,-0.5825310837532832,0.7016731397271451,0.07079672187274128,0.07941893004680442,172.68868042443984,163.93099685898358,171.4400474983721,173.1217737244022,178.97638797868026,158.6586605599738
0.07,0.7730000000000001,1,1.2835291471724188,0.7386212813510962,0.6206684212157577,1.586304775040396,0.6849915745062862,1.7746548827576873,0.5591614283006603,1.837726885480446,0.7275571293523921,1.2913075822542626,0.48653416128848165,1.3950675040157448,0.19903072910068956,0.25883621809087415,-0.6818599756215866,1.6626067127077349,-0.836075101809087,1.7978763031736473,-0.5684869382687613,1.8558742321404074,-0.6385757847672654,1.3513223136802777,-0.47900114611746686,1.4400835774023404,0.2051345101386949,0.22406646260934182,0.6291750537566582,0.8327542069178813,0.7408785198667076,0.8406390758297073,0.6228124792248779,0.8794904462005331,0.6666418224741149,0.6086242575882536,0.597240233168938,0.6631434724356441,0.11198140693327462,0.04716734481564278,-0.6645510274629751,0.9158235743968934,-0.7012029026669635,0.8546577709248409,-0.7340346759901276,0.882182059527615,-0.5976922508901426,0.6544217079203826,-0.5814020120801515,0.7011416539532386,0.07130648967906426,0.07719928066597995,172.784488161645,164.60202243087662,171.75102080276343,173.06199183386983,178.86577499248284,158.75493074580274
0.08,0.812,1,1.3225291471724188,0.7776212813510961,0.6297240256317593,1.5868401667329741,0.7000672311814071,1.7764484287376723,0.5667052304314523,1.838000549688273,0.7379241992180332,1.2927539878609395,0.49208944607973193,1.394990002360696,0.20223614807309365,0.25894575979295475,-0.6826712749054363,1.6666340375443063,-0.839938235799006,1.795722658979579,-0.5684489317981548,1.8552307503503085,-0.6366692651825079,1.348927073883907,-0.4801326046794688,1.439486617084498,0.20346196001404954,0.22048914654954613,0.6316333599649065,0.8316031119789999,0.7394937475556805,0.8425495492575859,0.6216787992167716,0.8799233675039614,0.6647592789982986,0.6101997109188132,0.5978538511447369,0.6636460434783945,0.1084144257021454,0.049334981237311476,-0.6647288666887077,0.9196966435278239,-0.7042557947625303,0.8531786987683629,-0.7326984992448701,0.88147768901981,-0.598560529710568,0.6530891558016714,-0.581044487584313,0.7004953481643772,0.0773758038276556,0.07797794196761904,173.08721033685757,165.75510798961508,172.25381987814325,173.10781375931697,178.7653516977499,158.8304942811959
0.09,0.851,1,1.3615291471724187,0.816621281351096,0.6576046188606895,1.585172364359975,0.7214364338344331,1.7774476753605974,0.5862688733996482,1.838042321912767,0.7549547585261114,1.2932616853953733,0.5058384024736842,1.3942188205988146,0.20259391852478761,0.26273942226706914,-0.6842381093550642,1.6698391884617572,-0.846237623060984,1.791481940801891,-0.5673108394847448,1.8533876809641432,-0.6323134265112633,1.3442688371756386,-0.48479367346693025,1.4375461983576656,0.20258529472258746,0.21762820483389778,0.6336193312153487,0.8292842829425185,0.7370998145888035,0.8451965001980802,0.6236921176749914,0.8801571327742125,0.6624236390180436,0.6122799377562014,0.6010860528011304,0.6639023787834923,0.10469674826465258,0.05183238773849739,-0.6656396153383607,0.9238685163386511,-0.7064361582339956,0.8511360372700545,-0.7316861872616717,0.8805852245584369,-0.5993040687550483,0.6514192056294539,-0.582409178690482,0.6995867289673071,0.08339287393836013,0.07896577112997914,174.89936965628968,167.4053488235312,173.08352693527655,173.13679732537105,178.91454670989572,158.79587379513717
0.1,0.8900000000000001,1,1.4005291471724188,0.8556212813510962,0.7215744517629551,1.5312370803827806,0.747247134301661,1.7752403081438806,0.6266130417182053,1.8360441162247216,0.7800648185397531,1.2905657997132634,0.5320218673637901,1.3908388662934232,0.24535008006228243,0.31925694745210703,-0.6890594726206474,1.6737760200694687,-0.8556450361425768,1.784106701152948,-0.5589618930406889,1.8481754533265067,-0.6238486049896149,1.3362070927920802,-0.493245634032613,1.4319467844444378,0.19980893163786045,0.2175788191275513,0.6379550252902217,0.8063126855030388,0.7356636554616508,0.8478555393709213,0.6312768800427352,0.8801783419724789,0.661892447873155,0.6141859705963346,0.608609019214168,0.6637998750155132,0.10617337292120532,0.07416692544259783,-0.6713206860377374,0.9250153060179598,-0.7080800104336524,0.8486954230693751,-0.7302131508155157,0.8794685562575164,-0.599388392514151,0.649406800739829,-0.586600185945147,0.6982104317231911,0.0847111118055346,0.07445017677173311,179.10460689781996,169.19931334384432,174.45750662243094,172.6484701675094,179.3343199122748,158.36890819212445
0.11,0.929,1,1.4395291471724188,0.8946212813510961,0.8169820559079062,1.4462655234349517,0.7766673749848708,1.7664120879950016,0.6911742079979579,1.8281869017501124,0.8158969563287038,1.2815710755553946,0.5699277407760324,1.3815045427325656,0.32267490806929555,0.40210888302782466,-0.6969746814894966,1.6763519530398348,-0.8713108669387852,1.7712890951396547,-0.5348761655966728,1.8363694472902432,-0.6112466220313099,1.3226283190552708,-0.5017077892024382,1.4196703009704001,0.19850986501201942,0.2277751683587031,0.64837028550927,0.7681272323923225,0.73693889921606,0.8494700797197704,0.6461178865813808,0.879816767456493,0.6656787897773868,0.6149219594870531,0.6208270383032161,0.6630702609636391,0.12025413982594983,0.11171224437715374,-0.6810665828293457,0.9265831281716365,-0.7120425755712275,0.8458754053903301,-0.7265282755973925,0.8782353684003824,-0.5995003026086524,0.6468348259082538,-0.5929943188164948,0.6963237994793628,0.08644795337594353,0.06636468476708957,174.75786685953824,170.89162424821788,176.37187268865114,171.77083470728957,179.89840860764775,157.2011764991075
0.12,0.968,1,1.4785291471724187,0.933621281351096,0.8919523018228936,1.4433080487038914,0.8105916767648296,1.7458345540643578,0.7787861641970695,1.809756137661164,0.8642301630307592,1.2622499330814672,0.6166684610614148,1.362465300934767,0.3132759769842801,0.38352415387506444,-0.7036170184540727,1.6611619868928242,-0.8969819831723037,1.7507110964677943,-0.4912769721982271,1.8131388814284866,-0.595971650453105,1.301586546000677,-0.5069916782842491,1.3969027155793206,0.21309399946069044,0.26112309686551755,0.6653230147257703,0.7587407415406417,0.7448617792618292,0.8479480197106246,0.6690538523908174,0.8786790201276785,0.6760548558994743,0.6130199724553838,0.6373110364051772,0.6612878296325455,0.11951716840027345,0.11999629085977856,-0.685600530607715,0.9222204102238644,-0.7214269220672354,0.8433335541637266,-0.7202705187333707,0.876543810087224,-0.6004021912569982,0.6439473479901893,-0.6005973152918135,0.693714821404272,0.08664102021596752,0.0573442226965859,171.72495311794935,172.07822839780454,178.72111274107664,171.64464395153723,179.49458314689076,155.00850251039506
0.13,1.0070000000000001,1,1.5175291471724188,0.9726212813510962,0.919915568665317,1.3820001558169046,0.8469874819037825,1.709256243089811,0.8893443342288619,1.7734190428457626,0.922799610819478,1.2295480049720244,0.6701983787584352,1.327926850759883,0.33528354044878206,0.3926109340019437,-0.7033561956544178,1.5888177132579302,-0.9328295418471021,1.7185979956746553,-0.4281574922243549,1.768831990800982,-0.5790919517119724,1.2704110272717195,-0.5091407756275252,1.3562351966328487,0.2636303061429632,0.3288456575491526,0.6791955096646641,0.7204211915645794,0.7597779495668481,0.842349938534588,0.7016936291782476,0.8760747531381268,0.6926037307104901,0.607887238195905,0.6581247985913616,0.6577631940384563,0.14615111685603177,0.1572710927417292,-0.6845907753928719,0.8984223733715194,-0.7377988261663243,0.8408915715288573,-0.7131858948227988,0.87329550466074,-0.6033637155750728,0.6406320761584702,-0.609821205907683,0.6896841770046038,0.07836382984368452,0.03806626310029035,171.66478118182593,172.63747094119577,178.49583532480358,171.56254694988445,178.94593026645336,151.34297498316593
0.14,1.0460000000000003,1,1.556529147172419,1.0116212813510963,0.9511225399029268,1.3593797117413842,0.8793503526780128,1.6527885063856351,1.0130491064663467,1.715254844076141,0.9864843216016905,1.1806157733700333,0.7246682373024795,1.2753749049116916,0.30205954319246453,0.3612229359559196,-0.7038276276641693,1.4577946831384678,-0.9750827145303402,1.669529726396848,-0.35605568657685005,1.6962007029944866,-0.5596970674133395,1.225346976662417,-0.5117787951530846,1.2928723715318595,0.34410906802117563,0.42164292157135785,0.6991751353141638,0.7037061969759573,0.7785201577991648,0.8329310176129556,0.7424015753801876,0.8716635093742325,0.7135325918422797,0.5996293952067894,0.6816634790247467,0.6522623222811645,0.15163999097141137,0.17343063140297155,-0.6843104323900951,0.8443142167886689,-0.7595926663985839,0.83780825533031,-0.7090394569580207,0.8672791092225892,-0.6079095079771865,0.6364442029911611,-0.62187495256507,0.6835834293605939,0.07556283671095544,0.03374775460060413,172.5064395565494,172.61510997230258,175.3251027731998,171.17533164880743,178.3412763796404,146.00507862414008
0.15,1.085,1,1.5955291471724187,1.050621281351096,1.010578458787357,1.3209520693170327,0.9039191177753423,1.5739163836009966,1.1377781571340295,1.633818130515224,1.0514484004996314,1.1137509163324901,0.7737799684287092,1.2043934890130124,0.2745307985022324,0.33773500782293037,-0.7114043944378006,1.3677829705770255,-1.0180218169627122,1.6006811887859587,-0.2847802040760104,1.5926125470424795,-0.5369100818035818,1.1648239674370355,-0.5164765050105762,1.205665101335753,0.3850400288810451,0.4822411619257406,0.7384814077214088,0.6993214016895619,0.7992642022500903,0.819895661627184,0.7881611687299003,0.8652693382380025,0.7384940117345647,0.5882368047488479,0.7058762234856795,0.6447801554459162,0.13502851650751838,0.17322469886983807,-0.6895546013106465,0.7940049263011751,-0.7842557407058867,0.8331331915883677,-0.710031366990532,0.8577755467951815,-0.612680357597068,0.6307550203006015,-0.6378802331336222,0.6749885748283713,0.10246622344529747,0.06697753332946449,173.23470466269148,172.01678472039177,171.72569548118452,170.36489629365713,177.52654904096556,138.80544002988367
0.16,1.124,1,1.6345291471724188,1.0896212813510961,1.0485986136175487,1.2256765621814592,0.9199798585249561,1.468131046085932,1.25400363512373,1.5312589761515687,1.115374726594343,1.0258742054950372,0.816726346746297,1.1175405906666822,0.27445757582357355,0.3682008074240933,-0.6996051704880126,1.3329472309658703,-1.059199441928719,1.5094518757273494,-0.21813779130012925,1.4652382226210408,-0.5112003430317441,1.0872676495483455,-0.5196770496813058,1.1008182038913172,0.40057699593879365,0.49931126934524267,0.7513465344603129,0.6586313595621539,0.8231281531432263,0.8015901818771929,0.8350956471601563,0.8557512800750696,0.7689621042449741,0.5723617800447651,0.7298958443784039,0.6347637627569184,0.1599682020229085,0.2141732404877633,-0.7096376049260308,0.7770828434520756,-0.8123562681792494,0.8255452540239431,-0.7127009105110882,0.8457833867744009,-0.6175551705557958,0.6224864109624426,-0.6557403773170468,0.6644941020464247,0.11357697398224866,0.06876880465654572,171.5038384683127,170.5546206660633,167.51626194915463,164.90838532977725,176.48627290119438,129.97217406098127
0.17,1.1630000000000003,1,1.673529147172419,1.1286212813510963,1.0977127589249354,1.143840452334936,0.9209698551739276,1.333988344142845,1.3557181403542795,1.4110953752716313,1.1703516386245907,0.9164221358479945,0.8512910902329788,1.0179378814044255,0.2596040731293142,0.37147270516203523,-0.6856546449511305,1.205076334987736,-1.0937374475692168,1.3955964473081366,-0.15202584163836175,1.3232495516812701,-0.4807260510999548,0.9927782353461018,-0.5153529691974446,0.9854756110328846,0.4503659478593047,0.5465570499670777,0.7781751639895396,0.6456386047524331,0.8453083463112634,0.7775049903225699,0.8814412048283264,0.8427104724382731,0.8017659300182705,0.5515678730889884,0.7534428370014984,0.6220639256770625,0.1479716452972454,0.2224886429094826,-0.7352500661367495,0.7687661751132915,-0.8416850524493739,0.814404705795132,-0.7135201224297995,0.8325452539027894,-0.6195773109668452,0.6109362588879458,-0.6730551924403935,0.6529014792976945,0.115807088704301,0.06737923526387195,169.07538005218944,168.13232442746948,162.5939552837658,157.4001539217544,174.90919367334806,119.56995729281377
0.18,1.202,1,1.7125291471724187,1.167621281351096,1.1265719725511458,1.0710896226102646,0.902342841485766,1.1759671416154083,1.4376018815922027,1.2761321825563352,1.2082936218294178,0.7895394752628194,0.8751998844473324,0.9080841639541518,0.24754392986096332,0.3725346369229659,-0.6338701526555821,1.0737067919330106,-1.116570879894918,1.264336828856394,-0.08391910384305261,1.1738522053747436,-0.4453376357271565,0.8858534625892929,-0.4998440994910151,0.8652270985552757,0.5189795786490972,0.5589948657397641,0.7983193530632883,0.604031238817399,0.8617665065909482,0.7496416373077723,0.925695633842987,0.8260564171470947,0.8321956517002636,0.5276466638459799,0.7764265958352781,0.6067576895172831,0.15883302376800545,0.2559685463442761,-0.7473333950685463,0.7351230410964583,-0.8681452632514094,0.8001032172799655,-0.7097378265688112,0.8191355120093614,-0.6168494174114695,0.5965783107892143,-0.6875788985050058,0.6409493837170631,0.13717846329024505,0.09204087157187106,169.81887639433435,164.14345284733557,156.79865114800873,143.6047918132757,172.13385291003385,108.10243968616014
0.19,1.241,1,1.7515291471724188,1.2066212813510961,1.1144362712626774,0.92528149684938,0.8634013359590024,1.0000270721650673,1.4914397427921384,1.1267005696491819,1.2243920194211992,0.6504019483804038,0.8821829900552683,0.7885271789209081,0.2619264014416901,0.4274356798780338,-0.5883650802243532,0.9074784036978023,-1.125519573438561,1.1220761785762166,-0.014195169866884433,1.0190028812055751,-0.4068160963410864,0.7718471902614313,-0.47231990557751646,0.7416855261685933,0.578435091054285,0.5849006710914986,0.8177073596606728,0.5820029257790333,0.8716313237859491,0.7191051569922157,0.9660127469895476,0.8071505062774388,0.8585683738840691,0.5015993101741024,0.7978815985472352,0.5899944038081076,0.147325543306709,0.2696032657722335,-0.747499195139045,0.7372202665335924,-0.8903264354919431,0.782594137773145,-0.7002254912642171,0.8056028057237989,-0.6098101756274661,0.5796206110525801,-0.6976516542992354,0.6287049486213988,0.14986129846657556,0.0831322725789753,166.45858589586615,155.63352022707045,149.66860020500008,119.01876362139642,167.34803011501188,96.32406173697915
0.2,1.2800000000000002,1,1.790529147172419,1.2456212813510963,1.0959437385197663,0.8587396410634028,0.8053462108501478,0.8271406304977901,1.518610023331354,0.9674931749687796,1.2136950244957418,0.5156819601112163,0.8737280813702868,0.6628558766897283,0.29231048656594655,0.4364334078107885,-0.5719569496562771,0.7578156893660194,-1.118723704574415,0.9773270732632052,0.04775537846500608,0.8583129190969402,-0.365858411161859,0.6574748601356412,-0.4410906187858933,0.6147879841747628,0.589185142331482,0.6278081417193396,0.8271660395405998,0.5513760014331788,0.87471716515784,0.6904137578550054,1.002033473216841,0.7883220267571767,0.8778373346572298,0.4772919504143654,0.8165651800913309,0.573488705417199,0.14694423179656202,0.2944860578658271,-0.7375671385786318,0.7532335947052851,-0.9064534911179907,0.7628398778776311,-0.687896256990896,0.7907349148145761,-0.5985154626704415,0.5610075476875039,-0.704725812489122,0.6154101010140074,0.16915933539251068,0.0622378139690204,168.3797015276817,129.46691891353348,140.17734874983523,74.5573234165697,158.85593872574648,84.9595011919373
0.21,1.319,1,1.8295291471724187,1.284621281351096,1.0866830704007313,0.613598668245498,0.7329457701099784,0.675138313129916,1.5170767759271022,0.8047012080737665,1.1788161227335006,0.3988763569948671,0.8499188144974302,0.5360364685548756,0.3590504219597723,0.47091286081985,-0.5556898670609072,0.6553311131298799,-1.0886206384082378,0.8515792618127801,0.09601239632915103,0.6974854444234518,-0.31908095003697795,0.5591837297791814,-0.41062335688993146,0.48912573199577714,0.5679159646552705,0.6530641834877587,0.8498619191894828,0.554386848398172,0.8704637594581942,0.6691890596295534,1.032186083549777,0.7713970975890858,0.8878866115398106,0.459217683732324,0.831206837546807,0.558691446831227,0.11663611587356733,0.28343526450246453,-0.728469919121891,0.7660204469254499,-0.9102869652647425,0.745988558087134,-0.6736756016814057,0.7752923478420366,-0.5813405431714408,0.5450790517175763,-0.7087636219247643,0.6017467202998467,0.18291723494122267,0.05557324329545349,135.41344003549105,68.61466000829064,127.32795571133978,41.09720888640641,144.85364487388588,74.75265982657103
0.22,1.358,1,1.8685291471724188,1.3236212813510961,1.0815251668000914,0.3926875534669801,0.6527363917869692,0.524731042944141,1.487176448493356,0.6450705578772338,1.128532596906131,0.2848741249364467,0.8129261447393108,0.4134001849564677,0.4486594440001893,0.4777553173482578,-0.546297872040365,0.5799554181773691,-1.049074636683546,0.7382739645554716,0.1270915824784474,0.5447860094266457,-0.272998774035338,0.4714667245875157,-0.3840669780104226,0.37112119355007933,0.5271140646884126,0.674307233217188,0.8789305309432874,0.529451051955729,0.8618535596235654,0.6492189354897498,1.0551351539875233,0.7578555972815203,0.8942976098615716,0.44215959476043604,0.8410221517310672,0.546806277619224,0.120979208443738,0.2884730585473152,-0.7211420925706288,0.776059806653474,-0.9082510646213331,0.7297256583114252,-0.6583269469256485,0.7606029257615176,-0.5618051631914086,0.5299089836135233,-0.7097207984788627,0.588815811341117,0.1927605268836289,0.06468893019140298,91.01808586317061,35.499021368911016,110.66042089936641,25.85617274064657,117.97091810252702,66.08569783238025
0.23,1.3970000000000002,1,1.907529147172419,1.3626212813510963,1.018845261386137,0.28107820720686155,0.5736988542235985,0.37308734084745576,1.4299421722878105,0.4933908037502733,1.0714677853362928,0.1712106761893952,0.7638452802411745,0.29861134667948563,0.45455583208557476,0.46268489148004827,-0.5443129014280101,0.4994225749213463,-1.009461840890388,0.6438990593703953,0.1476051172499708,0.4117624778604498,-0.2356508081469328,0.3993823103210473,-0.3576990547171769,0.2692805622132476,0.48706980037950526,0.6974488061413459,0.8991017609831555,0.5058818228100317,0.8471433877443674,0.6270566431794702,1.0704080470892117,0.7476322383154702,0.8986588213041781,0.42306265913688407,0.8457460901475926,0.5378084156832823,0.13184464206476842,0.29629226627858873,-0.720411907055224,0.7814432395624047,-0.9036777641721451,0.7161214740239241,-0.6401680391536515,0.7491667629583838,-0.5455579572685242,0.5175812047292042,-0.7061159809456737,0.578492536946238,0.1945592645901602,0.08649190296076806,66.16372549443868,23.850149691032335,91.40228323584692,16.038334287440712,80.17676225779977,59.41922851698296
0.24,1.436,1,1.9465291471724187,1.401621281351096,0.9424098366299697,0.2529019713263319,0.5048344858103453,0.2162754924296348,1.350044016998184,0.35703101615128174,1.019179825996106,0.05411375496115258,0.7060994664077377,0.19714377191928845,0.43910555291556896,0.4207237608937987,-0.5300899083483323,0.45626353257046504,-0.9775913721936611,0.5807996097469427,0.1649951530205746,0.3030445561658044,-0.21405744861531883,0.352396140771042,-0.32694735298240274,0.18679213582665957,0.46450704479288335,0.7117719418948101,0.9056408149329068,0.5154189449961466,0.822372060978637,0.5955209889310594,1.0819691763026191,0.7373779273843135,0.9017729360476324,0.3959373077767992,0.8486542277038317,0.5290088542310549,0.11554229886776284,0.28347395098336364,-0.7223724793537811,0.7867773912484295,-0.8976595167521347,0.7111780908905819,-0.6186704413760541,0.7415864816871862,-0.5375830539517806,0.5132846064548111,-0.6983576693368639,0.5711489810634454,0.19089473459078923,0.11312086893100852,46.304674790110084,17.553804480786038,72.97061147421756,14.168773342589319,55.64318178331739,54.800763216740904
0.25,1.475,1,1.9855291471724188,1.4406212813510961,0.8748824618870524,0.26517503768343603,0.44377033633291263,0.07105544483811035,1.253186348406973,0.2407886725436491,0.9684144536707558,-0.05361191822061212,0.6409688190733847,0.11220387044657434,0.4728002549980736,0.37908907312241,-0.4877102961146795,0.43887801875857446,-0.9486719354842327,0.5375917174165072,0.18070409980581537,0.2207055574170424,-0.2001878398733714,0.32123063058661855,-0.2925001525192298,0.12503769249964455,0.47141279922483564,0.7031194973555934,0.9092921780066161,0.5374297521430451,0.792064926201813,0.5569883529086017,1.0943609549152038,0.7235724701384063,0.9016371515592039,0.3634415088060173,0.8514084798998766,0.5173861325681539,0.1188476648050484,0.2624872637846285,-0.713214725401226,0.7950247534293513,-0.8898420973598076,0.714207652932931,-0.5967429749759778,0.7369598562430416,-0.5336487480234803,0.5158458325068452,-0.6888492715664233,0.5661808789288321,0.19423859621003142,0.13014300185710337,30.102826189124517,14.49552759374608,57.223309060278744,16.965898999007027,41.84894861401153,51.96085259937301
0.26,1.5140000000000002,1,2.024529147172419,1.4796212813510963,0.766291672800546,0.25387088277490427,0.38385797220674434,-0.04039918800874692,1.1488252500940817,0.14754494974417873,0.9097840125107605,-0.1346074079541052,0.5727366442368182,0.04540614035080377,0.4825457593937435,0.3970354414807874,-0.40806064470230163,0.3575955563659992,-0.913691829601768,0.4942584364452786,0.19686255279708137,0.1578744767470304,-0.18022549927566187,0.2896938101873099,-0.25485608989509156,0.07848332899985237,0.523774415120099,0.6370404889149857,0.9160617000892308,0.5425479234424607,0.7667362759074263,0.5257513942189359,1.1093129437125315,0.7050360124813043,0.8978190206140034,0.3376208658853024,0.8545361291957673,0.5019036534692605,0.15026711450291633,0.2524844990122116,-0.686021737159025,0.7688037286630436,-0.8809297466172518,0.7166977466950327,-0.5735240532412085,0.732966983209648,-0.5257243378910651,0.5174742978183056,-0.6781949782797333,0.5616668693321271,0.2017527335820233,0.11806778227596396,9.961217174383346,14.334584902985734,44.531649519586175,19.835771049626903,31.066160673977713,50.477372611407716
0.27,1.5530000000000002,1,2.063529147172419,1.5186212813510962,0.6655619937603202,0.20758663261772495,0.319860364935075,-0.11214618598529745,1.0511907263022577,0.08272917692415215,0.8413825626230261,-0.18473901451674535,0.5097170782237239,0.00018325651345786888,0.47089137968777983,0.4053380115461338,-0.2990453810133608,0.21483102513547173,-0.8684209573656169,0.44170690037487076,0.21474336567283955,0.11127508702009142,-0.15031182944879504,0.25084729411037504,-0.21474373870009641,0.04442083686231292,0.6129120733939797,0.5241208911504416,0.9176894036458575,0.523829837247721,0.7488009802392825,0.5080293120218963,1.126972922367537,0.6814867661479042,0.8920799933318894,0.3231330108642074,0.859372017893606,0.4824473299846127,0.16962593008785673,0.26202156101886925,-0.6445087555695814,0.7087151120679431,-0.8712041489027631,0.7144282909926097,-0.546757533296749,0.729060187818447,-0.5120107623028414,0.5146773912566802,-0.6653025625916328,0.5570508301098219,0.2267673736936405,0.09984599923445317,0.23081083050337886,16.353157154807036,34.99529996288979,22.563546536594227,21.44489490736491,50.16553007529565
0.28,1.5920000000000003,1,2.102529147172419,1.5576212813510963,0.6176574929945693,0.13222379744715135,0.2556207848253252,-0.15533661655639122,0.9695853881860538,0.04116558616293292,0.7702785767828633,-0.21306500744386006,0.4570897710314355,-0.02793660495473856,0.4623435624769866,0.3635173190594774,-0.21955535100519144,0.12270892708237667,-0.8199489634381141,0.3898389889526787,0.2326466488710348,0.07631200960842109,-0.11755905669980467,0.21242902657616702,-0.17562642903377895,0.019195359387465687,0.6571384631910431,0.4545759811551239,0.9224184826986562,0.5194055926365748,0.7358705771137495,0.4978695069860738,1.1458111799012012,0.6533027293533231,0.8866936847353682,0.3148547743270277,0.8657046852051911,0.4594458216351338,0.1877869113204139,0.26044719308215153,-0.6067242514654122,0.7100809830569194,-0.8598999507190374,0.7090201516955881,-0.5137325339927148,0.7266064194130354,-0.49533028060461437,0.5092289595576005,-0.6477007723031617,0.5533198463415708,0.2531779217383286,0.09444866100311862,1.3561160583972618,19.24477865102705,28.080163531211603,23.76066020057928,14.214724568702094,50.64619749594356
0.29,1.631,1,2.1415291471724185,1.596621281351096,0.5353823292973746,0.0950484637332263,0.19835557063673065,-0.18273797788122406,0.9050943442973668,0.016621548913848542,0.7047678435065643,-0.22965026256466775,0.4152780370295885,-0.04380913899255922,0.43675203857351186,0.3779388244192972,-0.21637419151190168,0.16514529448578363,-0.7767373317009253,0.35028743913081384,0.24708978524257852,0.05023830940884302,-0.08934157699227671,0.18335103599156977,-0.14230205145004982,0.0006360817352782973,0.5901563035385327,0.4774960449768664,0.9394783874669205,0.509853114348364,0.7256786645338941,0.48946649984046153,1.1624904215957172,0.6247838569334941,0.8826714218054806,0.30799700339311253,0.8718170906279423,0.43639004634751744,0.21476949405661103,0.25088531833774785,-0.6075348545936584,0.6976251935304101,-0.8473518640901826,0.7045228556179611,-0.4782913523666668,0.7263104569098808,-0.47966559530413466,0.5047811599580372,-0.6269452069559067,0.5512729115519261,0.23991618491908795,0.1323885463438888,2.6625106793556803,22.003681628043758,23.056784388597627,26.23647570066951,9.296953858180768,51.38644536001169
0.3,1.6700000000000002,1,2.180529147172419,1.6356212813510962,0.5348100843698279,0.05176064258787144,0.14882286055445823,-0.19990517749910502,0.8586715730245851,0.006558396800380068,0.6468084483721047,-0.23888787767942138,0.3842163365822329,-0.049485704216985005,0.46078392110483485,0.3270007750111736,-0.17773009592379058,0.11154199187403271,-0.7383050054017792,0.324819172995289,0.2571087502726962,0.033334995879130566,-0.06553795525770717,0.16497461492466794,-0.11731612416353966,-0.011165963137258974,0.599776112498059,0.44181574936169776,0.9376171289550087,0.4905675251489363,0.7163137674381506,0.4815808037242205,1.1750357972867884,0.6001113359313885,0.8792531936789518,0.3015264751022341,0.876597285270581,0.4165929095096798,0.22148575344844793,0.26147173949239205,-0.5951803422408449,0.6786383706796927,-0.8351645327157707,0.7026007164835012,-0.44657895846601237,0.7285098760222122,-0.4670174604531214,0.5027181181083031,-0.6065451340052708,0.5514923947355564,0.2411775397799861,0.15674673299601502,0.2143321360467641,24.534459582741093,19.48804044621975,26.92044584558739,5.383676309451624,52.046628140198784
0.31,1.709,1,2.219529147172419,1.6746212813510961,0.5093440052814727,-0.0017936506693913955,0.10713590764997037,-0.20700500401950325,0.8299402469304268,0.007690953689385894,0.597561755124174,-0.2410814676500088,0.363438707909055,-0.04748870969884312,0.4515341109419493,0.32073650849143615,-0.19804932636248979,0.16473403142041257,-0.7053635663080802,0.31037184007872737,0.2626183894170806,0.0262448344322449,-0.0460966213630342,0.15491177814747423,-0.10172011389118675,-0.015801307125607376,0.5278049917937191,0.48103430443575906,0.9349536709401007,0.48712410956163527,0.7081536311951707,0.47532033716840294,1.1830891020484662,0.582218837061047,0.8762341428787563,0.2963525017571483,0.879826861297655,0.4023225996258771,0.22710699476461105,0.265733323784432,-0.5852258078431087,0.681976354883007,-0.8226647689580581,0.7034173631184166,-0.4250100998311701,0.7335811272077323,-0.45644156758015286,0.5030872496716678,-0.5906460889288117,0.5545623194920152,0.23840506934521616,0.16832149482598324,1.7736391554940063,26.88227057133278,17.072810536897663,28.25114833195944,2.242750069521946,52.38318346648622
0.32,1.7480000000000002,1,2.258529147172419,1.7136212813510963,0.5128417174553276,0.02217978270138411,0.07293801959393893,-0.2073714555676291,0.8163030845831358,0.014071018264330847,0.5573106079168837,-0.23881792174273006,0.3517667550401984,-0.042217818013655005,0.49619455295575465,0.30356968458621497,-0.17497397571784176,0.16734100770635824,-0.6776372458957471,0.30464016248367276,0.26642648789209494,0.025023946898139582,-0.030552507346690697,0.1513922726603012,-0.09235901392292081,-0.01630693215081909,0.521077173831776,0.4637763632098527,0.9383304629398539,0.47900085653077973,0.7011933139264447,0.47033852647535745,1.189353724803746,0.568564364465164,0.8736634379183541,0.29220677898748104,0.8832666866876497,0.3915058275034326,0.23729530843275626,0.2665226068278274,-0.5706133739064334,0.6856680520711461,-0.8113358185744668,0.7062642258168533,-0.4112119219552968,0.7399962988712646,-0.4485287065598856,0.5052766356481263,-0.5789249412049629,0.5590950087983362,0.24160194067912152,0.16840540752750516,0.8026556490987461,28.985444889878497,15.577711815688259,29.859746976859185,0.42263511189583186,52.53382483273829
0.33,1.7870000000000001,1,2.297529147172419,1.7526212813510962,0.47184471955178314,0.02954556000418591,0.04430974264390375,-0.20425054940918094,0.8120542602993169,0.02180094504448653,0.5270364678882477,-0.23492266651276716,0.34629833197047,-0.03633149645711131,0.4872851087981737,0.3402976795050502,-0.12291451017581989,0.12681448834567563,-0.6520105471255465,0.3073953562809155,0.2704272078857186,0.02629976746967915,-0.018712874211209634,0.1545890285187955,-0.08554394316984486,-0.015140711628937922,0.5590635618426147,0.40598142356563843,0.941229224744221,0.4745313202643162,0.6943377045393213,0.4647191052039149,1.1958626351146893,0.5557125888841999,0.8713962932317252,0.28754588391809005,0.8881371842581501,0.38140542498805663,0.2470864268094829,0.2672612430780584,-0.5545117193377471,0.6869466386901388,-0.8023691149660046,0.7129890388018196,-0.4010789858467224,0.7460637883415537,-0.44527495123634064,0.5108568933676989,-0.5699580360564998,0.5634957871878418,0.24922177908681942,0.16442761656557453,2.1455739624925183,30.920795147259764,14.654637868889633,31.138469440213797,3.118502935937229,52.65787958523743
0.34,1.8260000000000003,1,2.3365291471724188,1.7916212813510963,0.4971758727282846,0.02287730211050714,0.022489090797156094,-0.19639523944867873,0.8142098775778197,0.02953260394408795,0.5035200650002584,-0.22777898594996546,0.34510609927798686,-0.030726538638023684,0.5228842973564569,0.31710385250487116,-0.12116716326294186,0.1327789040635349,-0.6303589159033486,0.3126212978564854,0.2744849362170598,0.028605143659896876,-0.008201069984178534,0.15937618037460427,-0.08055878082867247,-0.013351306358354792,0.5400180807734013,0.4091365984357397,0.9446312992895115,0.45169683621229706,0.6920408133554564,0.46129743813566415,1.2025625572565057,0.5433353652442454,0.8714111672580557,0.2847034414692354,0.893807742440483,0.3717197289666504,0.25277287263805237,0.2737264215226133,-0.5430136025440361,0.712204893799473,-0.7957035114807972,0.7176864843610243,-0.3938594986868803,0.7509242763909721,-0.4432362202172726,0.5148421758950558,-0.5635740801964889,0.5670431948093518,0.2527493578894972,0.15409781726454821,0.4297381700590902,32.34726564966151,14.176087342293444,30.57541871993069,5.519025194476298,52.75557385101085
0.35000000000000003,1.8650000000000002,1,2.375529147172419,1.8306212813510963,0.5076342375328158,0.024456929845898236,0.006735770786205497,-0.1868769450181961,0.8201976578414742,0.03713659896991348,0.4869776274723592,-0.21981239929816107,0.34656950591698615,-0.025380152779534707,0.5436554797426195,0.3128205008054005,-0.130985429195624,0.12509099677058533,-0.615156084282393,0.31885426359054087,0.27776828582680124,0.031187305809378774,-0.0004454212702359254,0.16459537577196987,-0.07732321890784116,-0.01142367575126309,0.521503045835681,0.4194013623258415,0.9450333042715424,0.4470509514821667,0.69357737247033,0.4579441434470587,1.209169685896699,0.53200772917735,0.8736522341481672,0.2820063414503518,0.8996779076657334,0.3628662963343213,0.25169177036446777,0.2774629383798476,-0.5434093316262395,0.6999585517020688,-0.7896628570589982,0.7210894897508462,-0.3896326494037821,0.7543743108416916,-0.4411398282494154,0.5177729847862905,-0.5596851800954012,0.5695970172577366,0.24715848221512365,0.16312063890902367,0.18034373389035355,33.27287854174802,13.99778261553957,29.997751004888652,7.223187713625807,52.7821810221571
0.36,1.9040000000000001,1,2.414529147172419,1.8696212813510962,0.5084638025702162,0.02613285986726918,-0.004891678808506304,-0.1823335466007208,0.826597135354011,0.04401622987429575,0.47754495781772316,-0.21625121373179265,0.34926636957281226,-0.020523413139745816,0.5540686716348949,0.318635579229522,-0.11025181133506068,0.12107412872375749,-0.6078443006559884,0.32752268330884593,0.27997477957941025,0.03425706304325067,0.0022495446751249182,0.1715240058356771,-0.07504002943991213,-0.00909495934994491,0.5387200489297478,0.3997674263244859,0.9441062509729122,0.44320374393592704,0.6950987991275025,0.45071386022497806,1.2156228802916282,0.5223812737164597,0.8765263192461702,0.27629892365251596,0.905779834788079,0.35535410447367854,0.24912067943311955,0.2828256728423786,-0.5307915587879201,0.6928031908161062,-0.7840757160203102,0.7262824302364065,-0.3876139327295976,0.7574215005374628,-0.4401253351728854,0.5221687983929955,-0.5572112556315731,0.5719444828524063,0.25548722820736836,0.15708392201285906,0.1730679921060488,33.87264220680629,13.856955915200599,31.58913993424556,8.061066141372216,52.77309911459896
0.37,1.943,1,2.4535291471724188,1.908621281351096,0.4842124396882533,0.019925732199173738,-0.012069799545298321,-0.1835644123756132,0.8302942099229113,0.04822350176765293,0.4736290619058234,-0.21739117651894288,0.35133899139025687,-0.017493793238324604,0.5363807415611935,0.3472367426573768,-0.10394100466767431,0.12176251091939778,-0.6084758375156457,0.33646070431888636,0.2824064789820118,0.03729627762593985,-0.000241217820695287,0.17855437733284077,-0.07208325916912457,-0.006753645251662427,0.5483162516339769,0.3954730366146716,0.9463903384210609,0.4353781373182093,0.6958762415253716,0.4415216388034602,1.2214562879441846,0.5137544213449572,0.879133056322733,0.26907657879833713,0.9114277951559348,0.3486325846452363,0.2505894158857514,0.28601419280325774,-0.5261413247210427,0.6934258863558065,-0.7813488093896511,0.7320926072166234,-0.38509792777488927,0.7603548638890971,-0.4414218597217256,0.5270643183067784,-0.5545875797846269,0.5741666614428004,0.25812007967805667,0.1561176731051354,0.8785140341932616,34.12642121477163,13.597262354530619,32.00489098080707,8.060795382212486,52.86292506837698
0.38,1.9820000000000002,1,2.492529147172419,1.9476212813510962,0.47430206255457286,0.016917044762120328,-0.013980962289694697,-0.18725769214406987,0.8309278486237546,0.049380572128410155,0.4737440313138461,-0.22040704369636724,0.3520323740795825,-0.0166103714896718,0.52925195846759,0.35810030982746105,-0.10712584214502764,0.12769989967033382,-0.6114125432281703,0.3413737045028063,0.28507648672186864,0.04001570272547728,-0.0041505424760495905,0.18252687428778439,-0.06869749537239908,-0.00464446412841509,0.5476874763593781,0.4018845420795399,0.9470771459101908,0.4326406025140886,0.6975098216986578,0.4339813108005078,1.2261413859420025,0.5063200660087503,0.8817430572999614,0.2631942432519834,0.915771738648225,0.3428293637010947,0.24957092541562945,0.28862694504393355,-0.5292218520687464,0.6961790239724692,-0.7824651331944233,0.7360084119800108,-0.3823050058268924,0.7626460008215749,-0.44453444111411233,0.5303778122350843,-0.5522542707140359,0.5758421795773527,0.2563562747122721,0.16125265492732857,1.3812215047086802,33.968066006194285,13.27986172512487,31.926427550066435,7.81434400723917,53.0418911357357
0.39,2.021,1,2.5315291471724186,1.986621281351096,0.47773088408289416,0.016745044570043034,-0.012222349326740435,-0.19259345243642934,0.8297772992687954,0.04843049229983751,0.47652404582515395,-0.22465135358817132,0.3517944086891841,-0.01724184897889605,0.5328008795577244,0.3534694414558089,-0.11038864904997592,0.13878824786342406,-0.6104317764325049,0.3421248485036694,0.28778372037666733,0.042511634368375344,-0.005037502933111076,0.18335478755688941,-0.06538784096149307,-0.002717248889916064,0.5398045038737921,0.40964670397905345,0.948832296156765,0.4330857696000338,0.6996597421551131,0.42794771905258394,1.2294985433718477,0.500371935236727,0.8843098477934567,0.25850987007787135,0.9187072933393338,0.33817907002097464,0.24922552283250266,0.2886190749272931,-0.5346241227200605,0.7182695267085286,-0.7839585319708232,0.7376057240295153,-0.3797912106960835,0.7642198674308646,-0.4466096852869387,0.5317375296728425,-0.5505977057194099,0.5769366837622423,0.25008305852908735,0.16150747493018203,1.2703376517116165,33.52867593829954,12.993577742824542,31.28310683309855,7.944191045606255,53.27002130274112
0.4,2.0600000000000005,1,2.570529147172419,2.0256212813510963,0.5426384819501755,0.01641261117263333,-0.009559868029230166,-0.19967138497476195,0.829734587587639,0.04711252355921468,0.4794930370118931,-0.23012260616808086,0.35223601503175955,-0.01820973318679726,0.5929715938483104,0.28873284969456,-0.11442934935621005,0.14974451994448423,-0.6062308580304708,0.33958926648704163,0.29074095540244527,0.04493070348791231,-0.00368031760694079,0.1817382437087869,-0.06237100355855636,-0.0009004258489306002,0.5271714633059028,0.41850795927725626,0.9526039782000328,0.4307784499304238,0.7014818946447954,0.42175160037680515,1.2316104194118336,0.4956894616783504,0.8866231971907544,0.2537061769158543,0.920836649566329,0.33455690653053216,0.25128427101986966,0.28645773455051526,-0.5300970949566378,0.7440469174021485,-0.7825307354002485,0.7387905427173711,-0.37711010600558303,0.7657454434958373,-0.44599996169060935,0.5326962988829681,-0.5490388410331042,0.5779683583247766,0.25248836072666975,0.15451810516230338,2.916893000812475,33.02148281101848,12.859472587261402,30.573808383756045,8.190928259680488,53.504849914585165
0.41000000000000003,2.099,1,2.609529147172419,2.064621281351096,0.5696873993066159,0.016170012839049494,-0.008558402739751444,-0.2076338477640649,0.8310293591193773,0.04552269973435948,0.4801424845933992,-0.23607266607188718,0.3533381738930175,-0.019465631370833066,0.6200454625308573,0.26298517103964064,-0.10794447868069089,0.1557848981329312,-0.6020672715635406,0.33611896534189273,0.2943464082247067,0.04673948457998663,-0.0022822797838101894,0.17941037597170573,-0.059185504688026476,0.00039639714707337414,0.5260016257032613,0.4168079412679947,0.9550452384106475,0.42648154199381527,0.7015541849698548,0.4154364226804798,1.2328500588647704,0.4910747473421413,0.887774410851268,0.24879452004555452,0.9224605143880459,0.33103198060930417,0.2537315684639352,0.28521535800990533,-0.5205365859999818,0.7466638538107568,-0.7796041816490974,0.7404634006240415,-0.3727891818488051,0.7677275214164262,-0.44419250955707157,0.5340031587665031,-0.5462987849246138,0.5792854366759976,0.25914178500414464,0.14924132646962524,4.77457305021086,32.71350581515873,12.87647575963595,31.297384709880866,8.312538612520955,53.73038766182894
0.42,2.138,1,2.6485291471724186,2.1036212813510957,0.4627961908156864,0.009194686465571677,-0.009044568826673233,-0.2148245998227613,0.8328630583698045,0.043840151221478926,0.47898166057318614,-0.24132453003519194,0.3546881766941676,-0.020826290849180622,0.5223201538223593,0.37168507461219097,-0.09547227129432534,0.14762268351738228,-0.5992196177927189,0.3330227010225933,0.29814109730607213,0.04756965324064031,-0.0011845009320031745,0.177253474991736,-0.055859519244171145,0.0009353707334399021,0.5367816647344664,0.4061306351514387,0.9561078297815675,0.42134820287132646,0.7005753465579322,0.40970599099418453,1.2336391123630537,0.4863328340321773,0.8879924779243807,0.24434844964420493,0.9238400700797263,0.3274343312585508,0.25579755878395266,0.28503791870282197,-0.5197595955467512,0.7336955330736464,-0.7769929903619958,0.7420369414262858,-0.3669014262008001,0.7700965287982953,-0.4422233308398116,0.5351707660338528,-0.5422517093296209,0.5808531051377992,0.2573686043430336,0.15713259504489,1.748457960912012,32.617299685471686,12.965617700685373,32.25833643790758,8.33051812142832,53.91820912542605
0.43,2.177,1,2.6875291471724188,2.1426212813510963,0.43131826668727563,-0.002723501524475198,-0.009090791894153053,-0.21961226008360205,0.8347741491136719,0.04280329805204038,0.4782025208382064,-0.2447867221199603,0.3561716218003698,-0.02168783981635334,0.4909183969560517,0.40601642644619973,-0.09482403128212577,0.12325747964102063,-0.5966898654416074,0.32980248900413783,0.30119831252373,0.047879303374671216,0.0003276235522632538,0.17489672254357697,-0.052944190792611645,0.0011147651655322626,0.5427063261004081,0.40313219451034205,0.9563186731738443,0.4148650248810392,0.7008357371087411,0.4052078893438627,1.23451967987422,0.48191576222798954,0.8886232769107182,0.24090659268124098,0.9254098989077308,0.32409319201313086,0.2556653885202864,0.2861670866956439,-0.5139666880202877,0.7204837204891359,-0.7753174425700738,0.7425704065190155,-0.36108657794964577,0.7726754256154664,-0.4403646760079128,0.5354647457548934,-0.5378909729714411,0.582616842394428,0.26228236426325935,0.1615434992167912,2.620452443227646,32.5036105883055,13.02513753463151,31.776604004436614,8.395113369323948,54.03904929867899
0.44,2.216,1,2.726529147172419,2.181621281351096,0.43984383192161913,0.0013242166896250817,-0.008386358589859245,-0.22328581901462913,0.8339689413572174,0.041228947101497625,0.4784550916788348,-0.24749477462511016,0.3556076513410105,-0.022862368813290335,0.5013581273152182,0.3961401133397962,-0.08604837043535882,0.1199895303652378,-0.5935283527247659,0.32769790409438365,0.30251276423419493,0.048587636259485464,0.0025024602095353966,0.17334201871223287,-0.05123803322414253,0.001672931764622128,0.5483417738433425,0.39506706501248645,0.9571530218273547,0.412227412676367,0.7019503162095905,0.4013366680234165,1.2356845201768027,0.4778155674653994,0.8896485895611618,0.23797202684582433,0.9262725837747313,0.32090379067786046,0.25543498052092045,0.2861496140507945,-0.5111711142796866,0.7184673852391069,-0.7740697282543659,0.742703931492971,-0.35779690254785534,0.7751242746884868,-0.438746701879781,0.5354474003473043,-0.5349111076414992,0.5844190868841822,0.2640134303480092,0.16350428724177193,2.421811472837183,32.319228715019854,12.91861380848284,32.3210076338119,8.625117193491917,54.071698167578965
0.45,2.255,1,2.7655291471724186,2.2206212813510957,0.4489076053241939,0.01240181350122372,-0.007516258228869553,-0.22624364040209308,0.8314659474757122,0.04007184241688975,0.4791985548423465,-0.2497280922751383,0.353775530410717,-0.023653690406501487,0.515047954941504,0.38355770836982533,-0.09403232569717077,0.14515905736155835,-0.5908230885978721,0.32666782652796134,0.3018406462657201,0.0498485479850456,0.004543761158071674,0.17255908367530212,-0.05105696879985879,0.0027252386065873165,0.5289106686272866,0.4071848513001707,0.9575900112533118,0.4136209558125414,0.7034208180501865,0.39773916213786864,1.2371028730794482,0.47468599131696027,0.8908423512474487,0.2352575329288587,0.9267354119605754,0.3183978025295311,0.2546648977457484,0.2861055373238917,-0.5135255353555742,0.7185528338886086,-0.7734910738234702,0.742680500968625,-0.35791002771700436,0.7769437657170892,-0.4376446680750407,0.535317178019395,-0.5342416466058175,0.5858853495150176,0.2610827943577041,0.16620976847769228,2.7071013776203823,32.11678106730835,12.679989072139335,32.90309334064446,8.887259660210583,54.0127728338234
0.46,2.2940000000000005,1,2.804529147172419,2.2596212813510963,0.4660951882256125,0.023406880688228104,-0.00689261306568026,-0.227919700452931,0.8283098732806158,0.03912334795084486,0.4799942962989637,-0.2510398667062454,0.35143011144296116,-0.024262936934178324,0.535614143351793,0.3625554928734525,-0.06332426064963775,0.13830770298661682,-0.5890292479581993,0.3262793271276648,0.2998745891472136,0.05082537349657771,0.006345890705968171,0.17218621422576522,-0.05194758493804835,0.0035984736552336625,0.5583001568720165,0.37358608441262847,0.9611666391698869,0.4113358968912939,0.7052790252739752,0.39454038324379154,1.2383371151322204,0.4721187880684353,0.8921665693867034,0.23286686828190759,0.9268460070763265,0.31631121664775097,0.25643821911724973,0.28375699569356655,-0.47137938449563266,0.7095062451061269,-0.7730020463919385,0.7424878745124996,-0.35951951197555715,0.7782930860035,-0.4365102699573961,0.535044054364295,-0.5347891308665061,0.5870378329064863,0.303420530036635,0.13131740387644,2.7648266953423373,31.941957145474234,12.416062326320938,35.77913143712971,9.085475374575928,53.86940238094996
0.47000000000000003,2.333,1,2.843529147172419,2.298621281351096,0.47433479784528026,0.018556305820530063,-0.00636640892524843,-0.2282895072196913,0.8251958581138777,0.03830273228072625,0.4809224905161359,-0.2514070417762134,0.3490674381570956,-0.02477992151293267,0.5403762629928618,0.3514162844416182,-0.06817895995397688,0.14316074658185812,-0.588374079089415,0.3268229049772522,0.2969479051539464,0.051126215606430374,0.007494505706993645,0.1724821706350847,-0.05376729677159483,0.003970256572332063,0.5516654333912788,0.37654745054960415,0.9701815479270398,0.41321279448177617,0.7072897202171244,0.39213938471536613,1.2393172825209833,0.4697682828307837,0.8933616753070679,0.2311134937277799,0.9267676899215979,0.3144003916693625,0.26373509754267227,0.27501375765189695,-0.4776319295581887,0.7117676944870399,-0.7724603526014544,0.742730873219177,-0.3615763384608696,0.7794895268341892,-0.4354896433319224,0.5351223933870493,-0.5357931464822049,0.5880789131012835,0.2964498565885589,0.13436944147165125,1.8670392025926061,31.820881268053654,12.17444765655036,35.46365973753409,9.184695050251632,53.641681344271596
0.48,2.372,1,2.8825291471724186,2.3376212813510957,0.4795751755708892,0.01934628808433561,-0.005511987349488756,-0.22778181262859423,0.8227751662252797,0.037757617344402646,0.48235526920148647,-0.25116097032625373,0.34704646477523127,-0.02512681100356639,0.5444096378574881,0.34369348354354395,-0.06032201862439927,0.14637227950897477,-0.5874370844722612,0.3274703455039595,0.2932602215859199,0.050802558775537285,0.008929521781786886,0.17284250369625467,-0.056620182924015536,0.0038504169656097915,0.5573569790994992,0.3662703538552023,0.970035134762985,0.4123881705007058,0.70921047413831,0.39083688924123033,1.2402270870595182,0.4674530072210895,0.8943391983791297,0.23020801375038363,0.9266888913694601,0.31252378415193005,0.26171350999499804,0.2757459470760262,-0.4804065433089305,0.7105899450815455,-0.7715088154240268,0.7428640188097316,-0.3638805086939558,0.7807842065748869,-0.4341598673748772,0.5351167388728028,-0.5369643600562386,0.5892060946395237,0.29288589700698114,0.13603510976834576,1.6253607968216874,31.716146970318444,11.972701370148156,36.174319157496235,9.304416228474372,53.339072004960634
0.49,2.411,1,2.9215291471724187,2.3766212813510963,0.49116162241355715,0.028693241152586313,-0.004184435782097182,-0.2269974094528692,0.8213096133610207,0.037905733226492204,0.48401656631213297,-0.2506883825467359,0.3453079279080202,-0.025015267732703846,0.557445446817008,0.33027649921975716,-0.08039572890484786,0.16316416984782864,-0.5862059661886192,0.3282776460552491,0.2890471015459458,0.05065029671936847,0.010588053917290724,0.17332105375414103,-0.060606920819802984,0.0038164593951870596,0.5320774907533333,0.38619603392300794,0.9707249779470415,0.41249254362673154,0.7109913668873468,0.3904357067685402,1.2414287727780213,0.46547640066739004,0.8950514105236259,0.2300046227821006,0.9266228362756327,0.3108780986115223,0.2606684729043726,0.2758402320960417,-0.4803650478700058,0.7104733159649338,-0.7702135833786059,0.7430398856596903,-0.367542715673868,0.7819852659080992,-0.43260513382950444,0.535147318432703,-0.5388750227880417,0.5903360983501796,0.2916723418464008,0.13357708496164106,1.6710203162752348,31.61979149594267,11.794562058828891,35.73070408219253,9.459881183501054,53.00490047089254
0.5,2.45,1,2.960529147172419,2.415621281351096,0.49311080880190894,0.02792196181283394,-0.0024051249828321427,-0.2264454846391614,0.820784174983008,0.03871500368269634,0.4859349537013078,-0.25037794249712597,0.34397792113569875,-0.024457275838152936,0.5569908782458404,0.32785107084964243,-0.08430600708361091,0.16632485769997615,-0.584560268107534,0.3289712146940728,0.28498960827958164,0.05100642432261692,0.012413408074364774,0.17373685321611582,-0.06497706555653603,0.0041228262141557856,0.5260305724157509,0.3868818845630892,0.979449541429005,0.4122869745832046,0.7124411172249205,0.3906685685336021,1.2426719651540237,0.46411954260021887,0.8955018320002978,0.23027947176168703,0.9265288002978415,0.3097011251428505,0.26788216453521835,0.268277206372274,-0.4828934357204887,0.7237213365534155,-0.7686748790265199,0.743127544124797,-0.3721078432264491,0.7830292422320496,-0.43097091829284573,0.5351280690046255,-0.5412549843688574,0.5913971870983126,0.2864395821641657,0.12566174907361893,1.52711830034283,31.512932785142258,11.657068380293065,34.96964254975817,9.65742885601697,52.68908595820246
0.51,2.4890000000000003,1,2.999529147172419,2.4546212813510966,0.49782731733873714,0.027419260065745858,-0.0008477926477955128,-0.22568666386305136,0.8217093478479041,0.040107080163645455,0.4879349053404326,-0.2499528648360408,0.3435341414127465,-0.02352345058598371,0.5592311454559112,0.32413045285128267,-0.09024965124279952,0.16510192538653098,-0.5828424604139684,0.3300652352979137,0.2818468547421678,0.051956077660928725,0.014526657857766653,0.1744135858482002,-0.06908969586609019,0.004813100989387576,0.5194810576566411,0.38891874810012184,0.980474378341441,0.4124431893645488,0.7137608722314546,0.3908760662472232,1.2436657720043802,0.46351945769568914,0.8958977098629738,0.23052866234905822,0.9264584223252929,0.3091324231092867,0.26758407116463356,0.2681016502837587,-0.49694505035493025,0.7269095902400373,-0.7670561193346069,0.7430170758243506,-0.37673331327858967,0.7839023524005757,-0.42917513835710247,0.5349433387174085,-0.5436820001056921,0.5923292658396645,0.2705909101895193,0.13303772648989057,1.2583680823785584,31.42926162734715,11.607250571778517,34.2362228197279,9.883332709421962,52.441567516942115
0.52,2.5280000000000005,1,3.038529147172419,2.4936212813510963,0.4928988944712417,0.028050548270545442,0.000641354129232558,-0.22511960087916197,0.8246168046162968,0.04189801403934803,0.48975817144958644,-0.24965036855555361,0.34443137683773883,-0.022369607589833352,0.5535454908533263,0.3320068135132486,-0.09418897075086398,0.16495130379066644,-0.5813776239444622,0.33068751787801215,0.28046043257814923,0.05350274736202565,0.016164996233092185,0.1747851354025146,-0.07225972620364028,0.0058636345176462015,0.5146078861235986,0.39087460411852487,0.978787283353676,0.41291018789022055,0.7151376235469503,0.3908315526249141,1.2442028367964288,0.4636460083899789,0.8963747576493178,0.23058254837490183,0.9264781700138167,0.30917602921037124,0.2645725028255594,0.27022127875336993,-0.505431470189068,0.7258981472092482,-0.7658497271384499,0.743082225114163,-0.38051418495130446,0.7844761801141382,-0.4277991226539462,0.5349098738016247,-0.5457951747309833,0.5929724980220203,0.2609845993272333,0.13796997532136893,1.3961340908405464,31.337214542083835,11.693008608334138,33.7229532393993,10.065144983664068,52.32296566886497
0.53,2.567,1,3.077529147172419,2.532621281351096,0.48959685406246184,0.0338974957316617,0.00205031266368921,-0.22446625036101464,0.8301766099984411,0.04352763488566573,0.4915194545697344,-0.2492826636793088,0.347198513894139,-0.021447896304964666,0.5517730106891293,0.340715878311441,-0.0994016720686496,0.15016657415717474,-0.580185939682101,0.331326006858709,0.2818920562296709,0.05539384097349972,0.017441907319692508,0.17519570805273346,-0.07361884560832603,0.0070477933065273245,0.5137823002414005,0.3928953781794048,0.9778811704155997,0.411110892096308,0.7166315600564943,0.39063282538978245,1.2441601482431497,0.46415600514837646,0.896917758004716,0.23052416312495844,0.9266795159869137,0.309589349630873,0.26205096857066057,0.2715111011571931,-0.5060629682296216,0.7226321772978568,-0.7651276669477654,0.7433398684043173,-0.38208973100003313,0.7845845270544006,-0.42686086196535866,0.5350346039407197,-0.54695496941138,0.5931156880207793,0.25989098982627923,0.13859097080813368,1.889621324270858,31.24676539798867,11.992058139649652,32.66335149562696,10.227852345385347,52.405294775908736
0.54,2.6060000000000003,1,3.116529147172419,2.5716212813510966,0.49930468460917343,0.03690233805658414,0.0033145640434518483,-0.22381546955455728,0.8375524246363031,0.0445512571890615,0.4929580823540903,-0.2488809103480946,0.351425300696624,-0.021049521670831024,0.5603391606021831,0.3383342128685124,-0.10644518045451432,0.14654647493708245,-0.5793141213788482,0.33102060665119204,0.2853407010805288,0.057329067620758484,0.01848947355736426,0.17489872967541883,-0.07348635199685118,0.008189504826485923,0.5075783097834026,0.4018157820922888,0.976895901161686,0.4106814308894386,0.7183895139660256,0.3901047828604358,1.2437593157013052,0.4644520230263805,0.8976569625558988,0.23021852043349963,0.9271732300771497,0.30990102241074635,0.25932402639374197,0.2722266676843067,-0.5074999863212778,0.7174476303386593,-0.7641744245192953,0.7435349224436127,-0.381148623171709,0.7850544799561895,-0.4256598570284023,0.5350968515254715,-0.546449745518671,0.5934238503869957,0.25799673260263795,0.14330161577931194,1.4970077635320982,31.144506292293514,12.462037640674344,32.1957649117789,10.29759539871342,52.60522340121342
0.55,2.6450000000000005,1,3.155529147172419,2.6106212813510963,0.4829729891873903,0.03103434797992799,0.004958364574118784,-0.2234890902419292,0.8453507283686218,0.04476831130571277,0.494646082129592,-0.24871759069048563,0.35615210917112955,-0.0212694040746841,0.5415534709965789,0.362637901497809,-0.11002387583910825,0.12967235698081833,-0.5785656968572789,0.3310072728345357,0.28990533728964085,0.05961493921558595,0.019515544197543658,0.17480915225593147,-0.0724589279982451,0.009564112825236257,0.5099678287743717,0.40601898637589934,0.9761409306808135,0.40954902020901807,0.7197569233945157,0.39007730831979615,1.2430628666353307,0.4644165921372487,0.8980813271921205,0.2302927664367113,0.9276928259347363,0.30999108980462176,0.2571223575577925,0.2725027896059175,-0.5098868806594687,0.7119155478943276,-0.763298589707065,0.7437218575285947,-0.3786765595012369,0.7862303397013698,-0.4245207321139211,0.535153921582124,-0.5446711082789287,0.5942280405342849,0.25539995226110446,0.15079402063666303,1.9053994541349004,31.043719372348956,13.024436418225324,31.275756775793855,10.371272440209902,52.854647087762096
0.56,2.6840000000000006,1,3.1945291471724193,2.649621281351097,0.47404305569392935,0.024450241071272062,0.006599754600587608,-0.22356588800112184,0.8530446183098088,0.04456980238429419,0.49638065905289097,-0.24886423303872962,0.3611017181903406,-0.021777774858267585,0.5291646624795489,0.37953521735499973,-0.11091172758858928,0.12058544564846024,-0.5773245318623618,0.33070592380754704,0.29510421826020505,0.06261010112249464,0.020631635775370836,0.17454845630330335,-0.0709261018693917,0.01146205190724722,0.5115579335054121,0.41013423272923155,0.9755660494918845,0.4077354655252509,0.7210865365778754,0.3897010289985313,1.2421059536068162,0.46441995139873926,0.8985703132902526,0.2300905101708088,0.9282413252617259,0.3101402307431413,0.25511774417665983,0.27250073655742413,-0.5105369156118859,0.707454061367675,-0.7621188906120123,0.7440905305363869,-0.3758273724600157,0.7878499383886425,-0.4232916739541334,0.5353688975794991,-0.5424790598368543,0.5953701957083092,0.2542355620642286,0.1568762507779814,1.8773916125338204,30.924595877865592,13.631940580711865,30.911873423843492,10.466271270026404,53.12996670134858
0.5700000000000001,2.7230000000000003,1,3.233529147172419,2.6886212813510966,0.4934671414113937,0.019043087439997677,0.008168265250303518,-0.22383512146553028,0.85876327988616,0.04350671077267123,0.4978255296013179,-0.24911580978210926,0.3652577569606192,-0.022816069961477135,0.5426829862492231,0.36611437782629974,-0.14140373058754524,0.15339543768149458,-0.5757350907346598,0.32988999182627815,0.30006611069976474,0.0662551698048611,0.021870088490736624,0.1739241547049181,-0.06955819316686954,0.013868437833943264,0.4688219897253204,0.44998782989304736,0.9761540270795742,0.4084068806969759,0.7220986953116066,0.38954380269297906,1.2410935810755095,0.4650334901065466,0.8988356976496056,0.23005101715010087,0.9286951738730793,0.3107548537496845,0.2547546413934728,0.2709234950401851,-0.518984341145822,0.7086842010346086,-0.7608690528545553,0.7444608149109,-0.37466514387580524,0.7885794736063525,-0.4219781293443771,0.5355795548979553,-0.5418589551746256,0.5958648570392442,0.24451621594256331,0.1649584350070504,0.44047196697739094,30.827784350019762,14.196935574976242,30.286935562132932,10.569863296410912,53.41555009887496
0.58,2.762,1,3.2725291471724187,2.7276212813510963,0.4822197574977934,0.01054915277730611,0.010079810411792366,-0.2241817725075758,0.8583159814407384,0.03844507729165062,0.49944040452673627,-0.24941210622137638,0.36576827893387037,-0.02660824332340928,0.5272710279538112,0.3771293574738671,-0.19029881695354234,0.15843759457128193,-0.5741045460898448,0.32849811670180085,0.3033489692594626,0.06912627704644868,0.022957803203857298,0.1728984385412851,-0.0691839119892474,0.015766392711096592,0.41979449603961405,0.5016618864046004,0.9788177384494725,0.4091674898099887,0.723701116207285,0.38907252581519847,1.2407245354154095,0.46546960622993966,0.899511631871378,0.22977958814486055,0.9283337119649178,0.31109559963424027,0.2559068160917464,0.2678900868086056,-0.5297585127173087,0.7125615567595186,-0.7600069391906079,0.7447215732410197,-0.37636773550121255,0.7870164314572604,-0.4209446916997163,0.5357077640207214,-0.544164571543102,0.5946382378386494,0.23248355759821104,0.17050589110413303,0.5266254315439112,30.658220768722998,14.557392530546931,26.7803839620702,10.66638488919938,53.682508121632885
0.59,2.801,1,3.311529147172419,2.766621281351096,0.47789888354860455,0.008496081205871893,0.012585224247032862,-0.22669152210409016,0.8508276145590185,0.02781204960730268,0.5011195933597515,-0.2512673771756669,0.3619429654924251,-0.03433158912392661,0.5213731967442354,0.3734286344782932,-0.17793490627183314,0.11225290830954843,-0.5728424981987124,0.32558438857607397,0.3040386614486987,0.0701667429292005,0.02386511646623942,0.17071833134453743,-0.07029672295534568,0.016395909030311975,0.44884554875167637,0.48380757052538986,0.97900477012464,0.4103882463645434,0.7246669242317296,0.38816795559345857,1.241721885334758,0.46455132644057023,0.8999762513588043,0.22914177956534384,0.9271559527794472,0.31018513810727844,0.2553066414635495,0.26824228202811073,-0.5181871986997273,0.7033796359363733,-0.7619980467615366,0.7436053924325411,-0.3805886414482149,0.7832874330300738,-0.42140506432859115,0.5347076401938943,-0.5490179458659467,0.5917850606322272,0.2471069426752467,0.15911825474805125,0.5935900321804373,30.406908593623736,14.667922657679863,26.089109518441614,10.796326597808008,53.889684040891375
0.6,2.8400000000000003,1,3.350529147172419,2.8056212813510966,0.479128651323889,0.009156678449209152,0.015447029776728407,-0.23261402301267145,0.8410420260084008,0.014010217938693807,0.5035830002146356,-0.2557654633565767,0.35735889108616165,-0.04431637280189471,0.5229280239631205,0.3619459180887496,-0.18620793820790224,0.1280609360599429,-0.5734865768506807,0.3201289846089315,0.301589667950185,0.06914891230510122,0.0235418657016123,0.16660833049971366,-0.07363589221255662,0.015573471821320638,0.43229027194978653,0.49134217315069895,0.9774329703737009,0.4147720385782091,0.7242642363885965,0.3857368054504247,1.2444279505141678,0.4627294088985703,0.9000427608713838,0.22726135062849617,0.9266783906538355,0.30846731263932764,0.2548282806723095,0.2712678174576788,-0.5239691932453,0.6930298673989749,-0.7691731871982592,0.7403940280867332,-0.3869659530834979,0.7782880571268984,-0.42475635162692177,0.5319912365341417,-0.555714075178435,0.5880171005667659,0.24973658596236686,0.16136556860283122,0.5444342703659439,30.07499613574244,14.707127303651925,26.560177756672044,10.818598203138878,53.9622491592656
0.61,2.879,1,3.3895291471724187,2.8446212813510963,0.4994400565171091,0.0277287404647622,0.02018658966557063,-0.24441302720855917,0.8360063317855296,0.0007314009949350998,0.5090668842681803,-0.2649382889238435,0.3564838038974896,-0.054062362331553294,0.5511306806934075,0.33764732190039254,-0.23263782163197425,0.25984250341161064,-0.5812105723773301,0.312618021500795,0.2952168923208676,0.07207309356626937,0.018979121164511115,0.16080618178642675,-0.08186779058193884,0.01774863785769929,0.35254534158284634,0.5602570395058899,0.9799904794401941,0.4166430029448023,0.7228146661171188,0.3799399042166098,1.2470333625861536,0.46243838523991665,0.9002077163491893,0.2227174544864617,0.9271381469785239,0.3080166052352454,0.25978167066719077,0.27094117161934295,-0.5573925408698398,0.6981634475510762,-0.7836889453022422,0.7346722792599079,-0.4000708075034451,0.7753968510692573,-0.43256222684084067,0.5272461973815024,-0.5660908105456043,0.586234649781914,0.22922250642503939,0.1752573148499348,0.8807820208601121,29.456017869706642,15.057659955845098,29.69952870256709,10.245776832076084,53.70330435048488
0.62,2.918,1,3.428529147172419,2.883621281351096,0.5081818221181597,0.019281829299786477,0.03423129146590581,-0.26135867087433284,0.8461276766689106,-0.006660681727119916,0.5256614843557914,-0.2786824768910524,0.36651136616819074,-0.059892658226692756,0.5508068589292737,0.3389401340744682,-0.24063912783039815,0.21019968252527985,-0.6049924284477282,0.3022706515160131,0.28265730712890347,0.08254350903425502,0.0025121436608055666,0.15291260929316747,-0.0999244510728479,0.02548569317462587,0.3758063211304927,0.5386420494832216,0.9780870279642677,0.42269020056702583,0.7246182461507125,0.3719661800980344,1.2468982233754557,0.4700279457142064,0.90270292100347,0.21655007447008928,0.9291936335508522,0.3140333902551393,0.25849438989383566,0.272947469110837,-0.5751928411313633,0.6907618128328296,-0.8053790896583672,0.7290783548003034,-0.4250255934650169,0.7758360819217538,-0.44683334528898044,0.5228015143841444,-0.5829307301272839,0.5876574865231554,0.23335352236313217,0.1725915221924313,0.10609104963456972,27.87693594240868,16.284390439448284,26.893433186583174,7.969806958875432,52.869650653965266
0.63,2.9570000000000003,1,3.467529147172419,2.9226212813510966,0.545177840756474,0.07188376667780183,0.06621943864671331,-0.28069300445465967,0.870058308018521,-0.009885967147862997,0.5597885433009625,-0.29495313430184616,0.38654091158925963,-0.06306728179211038,0.5947365219101038,0.3350128465870019,-0.38146925724233355,0.2640443393682736,-0.6532691480971369,0.28776127191739503,0.260295306054599,0.09814314357369028,-0.03269213384797679,0.14204790422222255,-0.13083854694567656,0.03703568150055987,0.27283268418249046,0.6628611932145185,0.9842505386053458,0.44296339115431876,0.7342917940648155,0.36564204866429684,1.243746575606567,0.4860158417368367,0.9093618154895964,0.21187875442228737,0.931749946221195,0.32684703052026803,0.2616447285475811,0.2630431651278918,-0.661282450455189,0.758155036336718,-0.8344388709110747,0.7251749205604648,-0.4627272205115665,0.7769990828766224,-0.4692127478737894,0.5200761179677278,-0.6072963739846564,0.5902847684065213,0.17626920883044364,0.19944743023654846,1.9199070185718765,24.680821843028333,18.426238680807657,15.653255931159782,3.022545633419039,51.38487370212996
0.64,2.9960000000000004,1,3.506529147172419,2.9616212813510963,0.6075834101916423,0.15770157453645597,0.11684335265085122,-0.3010098186036496,0.9035213162556841,-0.012962810162563839,0.615576453579399,-0.31329734815533894,0.4134437665548331,-0.06650410104808073,0.6717454475258284,0.3416219788746981,-0.5403653376116194,0.3571942534232937,-0.7256468072087229,0.27337532542462767,0.22323873450183068,0.11659943534316068,-0.09023689436640497,0.132066028924149,-0.17760490687067992,0.05089502097449476,0.20335888391439388,0.8006104205137823,1.0050023108345623,0.48439619646486465,0.7502022331312498,0.3573018634513041,1.2383677290595176,0.5073295374387389,0.9197564189329511,0.20583183999727345,0.9334042872561543,0.343896051462065,0.28473856268825953,0.23448956597582826,-0.7271849236107211,0.7996443854088899,-0.8690432261311292,0.727470886345016,-0.5135298081133984,0.7769897554270067,-0.5018572188170359,0.5230245560350634,-0.6394622796132262,0.5926741953169573,0.15916278447267324,0.2148528348376868,4.331018359262179,20.014312231102537,21.381158889964105,5.633466890386353,4.412825240665266,49.11535063344198
0.65,3.035,1,3.545529147172419,3.000621281351096,0.6727970380622309,0.15626684211765549,0.1806460760753446,-0.3161512779292928,0.9416993194632995,-0.019985946083914845,0.6876610261631247,-0.32887364625950727,0.44331036906698695,-0.07319262494385978,0.6821960491921002,0.32151746809703374,-0.5838419098477176,0.19238677695268716,-0.8146379436796565,0.25931983052357577,0.16666613048968185,0.135359580853149,-0.1638143450673594,0.12298129016327523,-0.24241086873513124,0.0654088214594212,0.24030572796518385,0.7526715217849408,1.0142170632689604,0.5043649082204821,0.769849875437089,0.3454436426667179,1.2321117170414906,0.5298016107261129,0.9325885775148501,0.19719762878400093,0.9328358843711968,0.36172860389946737,0.29149835528535517,0.2193743512286948,-0.7740866444125277,0.7800861641254068,-0.903054158700185,0.7334875864146707,-0.5762982149835801,0.774403739686264,-0.5388025918450562,0.52954368792296,-0.6783021916832548,0.5937306744710726,0.13712784978333392,0.19787004008559847,1.1384141432915817,14.508213425774656,24.88265855436292,2.6602255958410557,13.561093299662469,45.92591505099153
0.66,3.0740000000000003,1,3.584529147172419,3.0396212813510965,0.7807326032122243,0.09409465843011497,0.25166646927731745,-0.32113164234442343,0.9890913736501956,-0.025206570306697953,0.7682765127303053,-0.33738145739435393,0.4772873553379384,-0.07908445530830606,0.6725502620114991,0.24009614823344544,-0.6877439676907197,0.07587219647657653,-0.9167714231880378,0.24538333825383016,0.08866944025572511,0.15124864016627773,-0.2494178777465351,0.11439079124589446,-0.32570357803850863,0.07829830859071951,0.28493438289929884,0.7800637078484802,1.0157290525259128,0.49731853573126883,0.7907549737020895,0.3307301291135719,1.2257682463341724,0.5519618978040608,0.9464252203909351,0.18641042446383393,0.9302287928873226,0.37915184474198504,0.2799375526113833,0.21703078112157698,-0.8216792615334593,0.7440679202518613,-0.9345553852681769,0.7391871967662286,-0.6475227981496985,0.7661264343755847,-0.5765328248484334,0.5362583993843472,-0.7218567786746138,0.5908761965006651,0.11298159483348826,0.17554786180322937,16.00301083516866,8.708939759722202,29.031020664761876,13.077523736912529,23.960493408549198,41.84158626370547
0.67,3.1130000000000004,1,3.623529147172419,3.0786212813510963,0.8853847566208923,0.06520109164250218,0.3201700036662984,-0.2760638725792617,1.0524747858497518,-0.015451456247888126,0.8349128933128389,-0.30639452638186854,0.5215740265410785,-0.07422586837974897,0.6602495685442016,0.18553681938880173,-0.8528423772505265,0.011690972539625949,-1.0232196729497236,0.1991804625433104,-0.00017429645363430918,0.15918366247549867,-0.3259550223767323,0.0796118635175538,-0.41572757659557796,0.08560959179383573,0.2533391634777642,0.8653305435464387,1.0114695270039753,0.5132132132214883,0.8298024400659127,0.34508948445396664,1.2188540665051877,0.5748142906733423,0.9645842593484609,0.1988718020914721,0.929982521121127,0.39737212132687694,0.2475247839131604,0.21634010254078934,-0.8835058974693423,0.6888258808413942,-0.9665316609825074,0.7203783860290167,-0.7148989269776206,0.7524238647424889,-0.5977407248117,0.5218235369960796,-0.7631550910752999,0.5836623521073708,0.08881913076899015,0.18020270268417235,29.480507806304924,4.834866653411278,34.20905702505303,26.943943592564835,34.869595015711376,37.30008283424379
0.68,3.1520000000000006,1,3.6625291471724193,3.117621281351097,0.9950308294987119,0.04667313074206084,0.39079124444497615,-0.1796514729684856,1.1361266340778298,0.012650980812678904,0.8836485452733663,-0.23373262038418305,0.5817886334461222,-0.055976448748009784,0.6452350752947693,0.14513970082525993,-0.9967446194290231,-0.019527022150779904,-1.1328295106642168,0.1269164530307425,-0.0946382390565379,0.154429965114354,-0.3868059110867017,0.02233456118341357,-0.5077838136955576,0.08358599937637783,0.1999119532337565,0.9187257234491201,1.0139738671291874,0.5184648248443077,0.8934964151459076,0.39659467437702167,1.2119231106229629,0.5964298579422517,0.9855654377174078,0.24166183101714825,0.9351753873838636,0.41512317413058,0.17136846270916478,0.2127497341613416,-0.9192293085142645,0.6321117007293817,-1.0121260254484101,0.666716345768099,-0.7727880105537807,0.7345634214437052,-0.6098474004217754,0.4781336886353326,-0.7997844151097276,0.5726937305709238,0.09913264586097958,0.17872159585701153,43.00461896408806,3.744056925950002,41.312410338492555,40.435441505334026,46.08072717124466,32.2476406045295
0.6900000000000001,3.1910000000000003,1,3.701529147172419,3.1566212813510965,1.1386470407407785,0.07195434128443108,0.483370070109119,-0.11139152273294738,1.2408806339105922,0.059714768611691046,0.958263876384503,-0.1837906758778951,0.662198653934286,-0.023575919606317712,0.6804436891414922,0.10296365723701868,-1.1536393279881807,-0.016274308056513868,-1.2588804560404538,0.10912106134592311,-0.19170831853340697,0.13670612512433605,-0.47497346808400265,0.008390619095279843,-0.5997052022220254,0.07189218235935381,0.16370611992619147,0.9740196506677268,1.0171492976042316,0.5244488816351471,0.9369705749284287,0.4249341603043248,1.2040081097463036,0.6150113417465753,0.9982553319790382,0.26603396859872297,0.9462995211471164,0.43116892026095494,0.12779595976193664,0.2076481997431718,-0.9609719429356485,0.6082171197498984,-1.0572793265455824,0.6389767256948108,-0.8187213701006681,0.7149734860720399,-0.6431010894058812,0.4574143727042119,-0.8305217531394629,0.5596869189467159,0.10110027445896111,0.1778542864880892,60.456880301489306,0.976530838961553,51.43642541261126,54.15682402667669,58.14141215379943,26.56054482631868
0.7000000000000001,3.2300000000000004,1,3.740529147172419,3.1956212813510962,1.2453000704337318,0.19851259324051884,0.5891098141708289,-0.05323143529456416,1.3615996828023371,0.12648414818042852,1.050170078638193,-0.14268789070215016,0.760725479044891,0.023892144269003424,0.7028233834452629,0.13679801436739608,-1.267354402065871,0.08941304694369101,-1.3900593779256367,0.13553073021780138,-0.29228429671186046,0.11991093132902551,-0.5811055572451256,0.02991017915110897,-0.6934933161251502,0.06110717982935122,0.13108528449569337,0.9755469395713681,1.0112389620940705,0.5264168900421503,0.9618505544164547,0.4378192689452401,1.1920071981403817,0.6315117922833695,1.0052200808508773,0.2775347659549457,0.9589353991193604,0.4461710736941867,0.10143349188981934,0.20909828703360125,-0.9729931387244682,0.5922609212771379,-1.094403868498238,0.6343611530817875,-0.8545185800170638,0.6979149832272573,-0.6864700224449726,0.45665863104669135,-0.8544238519119178,0.5481805981510763,0.12850289810819276,0.15874193481079246,80.6719669277365,3.252142893166498,65.08471584113876,68.43193805180493,70.22079396002121,20.55223857399492
0.71,3.269,1,3.779529147172419,3.234621281351096,1.311425903631043,0.3645958978801089,0.6983375057852511,0.02119377219364314,1.4786400877622974,0.2098773509278491,1.1408573733799938,-0.0887804161935943,0.8606122004558662,0.08461075798270067,0.7027107537949758,0.22781223001783657,-1.3380171058679715,0.27221820699460386,-1.5179987994860682,0.1800908880679055,-0.3977481166468628,0.12146545462920698,-0.6891011636565917,0.06572323428244803,-0.788248770154528,0.0648165796350839,0.20219014053672354,0.952277356885392,0.9909311381078733,0.5228947413610425,0.9831293062523523,0.4528475027184811,1.1745442122678527,0.6488140889469988,1.0095187153654062,0.29064741342453054,0.9655388216467198,0.4618198709080381,0.07048038182182166,0.22264196167603034,-0.9566954394339027,0.5746083409740573,-1.123972205582528,0.6323061203543161,-0.887967688040072,0.6851401602452551,-0.7270566715491705,0.4582721318821809,-0.873356407197266,0.5401557120220128,0.17694787435444068,0.1301567780910888,107.92561663917458,7.767626412423759,79.81420468688944,89.28453631684647,82.25328141072687,14.79332152466433
0.72,3.3080000000000003,1,3.818529147172419,3.2736212813510965,1.3772476382574121,0.5047995024653894,0.8099657079302311,0.11143241423088879,1.5802686485450408,0.3065304835134179,1.2282640039662154,-0.022196325485719957,0.9504843652237989,0.15620618240105247,0.6903234420051386,0.28377479538251216,-1.37663289417151,0.4473312388939391,-1.6367050964976662,0.24298642340022553,-0.5011653932815177,0.14705812059212017,-0.7956431227764679,0.11614252012806778,-0.8768538943358761,0.08729671084060407,0.33074817314981036,0.9255308156346103,0.9689742757924026,0.5196150002998532,1.0011053418109375,0.46952985890830484,1.1545375972710292,0.6663895212680094,1.011405027706977,0.3049996831764637,0.9650581490084482,0.4773172936754604,0.05950568705341395,0.23659354658065354,-0.9484444206227605,0.5636439168982,-1.1427500169139897,0.6344474249497706,-0.9215340240212202,0.6759459252938338,-0.761523882238883,0.4633177528735553,-0.8886763928409316,0.5352071069894283,0.20680377535842756,0.11548121290904935,131.01714839435326,13.445146844566642,93.26483120990548,112.45363194747614,93.60675415011843,9.91541138915072
0.73,3.347,1,3.8575291471724187,3.3126212813510962,1.4314542581251124,0.6263611277819751,0.9206778448735123,0.2168016779360598,1.6644862534861187,0.409406146859393,1.308474133129235,0.05680115665592044,1.0270135970307768,0.2331927928757965,0.6546995397067712,0.31839185700807426,-1.4093055260242158,0.5894726087564921,-1.7408830552635195,0.32521326522085664,-0.5972707032254555,0.19339952501543492,-0.8965688562775929,0.18186381925139944,-0.9553053754619167,0.12583454783353662,0.4240007765822208,0.9034790761838176,0.9576315267780378,0.5144610430011741,1.0158109678347802,0.48855501195817913,1.1363108844599077,0.6817898776912611,1.0106840558313928,0.32114354717502636,0.9603746955144427,0.4905938852041341,0.06368649626157485,0.24479634756333285,-0.9488443403334494,0.5536305770066322,-1.1507300514677166,0.6403641148553294,-0.9547679040014128,0.6691403034983542,-0.788750350460027,0.47129536171280945,-0.9012017297490652,0.5323022740923796,0.2197283480753909,0.1156615127028902,145.99558969424373,22.22881401852833,104.6556561934376,132.5209383078704,103.99216923041416,6.2103108338452975
0.74,3.386,1,3.896529147172419,3.351621281351096,1.477819112855393,0.7197065598645356,1.0281687568436082,0.33474449156811614,1.7339309810580874,0.5199210507311829,1.3796771311257015,0.14631850772624655,1.0944906373443668,0.31676319078161824,0.5919300944271898,0.3248192400304318,-1.4774899892023623,0.7141738168205263,-1.8271349791065477,0.42757827062518544,-0.6843160402344381,0.26036698020095383,-0.9885191306107814,0.2633452530163952,-1.0223298813648967,0.18026814506726682,0.4520936032107772,0.9138192153177971,0.9494632071441343,0.5153203695655743,1.0268300483691983,0.5093579989494175,1.1195899710880004,0.6943108507460025,1.0073627077629757,0.33860448838021345,0.9542771816261278,0.5013825316511732,0.07759624980956663,0.24694272243419763,-0.9545712367878525,0.5480633578010503,-1.1496377704760692,0.6491639938812116,-0.9854086724120463,0.6660081947754108,-0.8091932029195301,0.4814041253209,-0.9097102891326733,0.5323018922554359,0.2197095609684508,0.1219095238477486,153.13778817163427,41.61775385196541,114.65881504959066,146.25622137148636,113.50664388785395,4.055267229699676
0.75,3.4250000000000003,1,3.935529147172419,3.3906212813510965,1.5160888716523786,0.7976021268965577,1.1301113861583183,0.4646338613382818,1.787944701548309,0.6366783444920161,1.4388991900624046,0.24609775057026978,1.1549651634616738,0.4060935281507261,0.5097513954637144,0.31591463402601233,-1.4272627804439328,0.829606436467544,-1.8890979034095436,0.549158779520019,-0.7636371276256008,0.3448517156031413,-1.0666633478711955,0.35986397301434403,-1.0788049193153797,0.24827284144939724,0.5403171004993433,0.8218188039214498,0.9472248409135481,0.5266393555049594,1.0345437513232256,0.5326730935083517,1.1034302084847198,0.703781879626025,1.0010905632283569,0.35803650655160396,0.9483617973756343,0.5097897401395148,0.08752712784860973,0.23617703256249786,-0.952235380926548,0.5460443493135037,-1.1392554592892106,0.6614862150302774,-1.0102549109069183,0.6678228739443774,-0.822057926679827,0.49401741249679465,-0.912581068959442,0.5359960538465519,0.21978019490151077,0.13489356886232726,156.56727039938593,95.06128643251742,123.56704796136879,159.3213729564868,122.02940125826052,3.552325382805891
0.76,3.4640000000000004,1,3.974529147172419,3.4296212813510962,1.4939739683200433,0.8876672912235911,1.2252027309951368,0.5983858564247247,1.8243572044147134,0.757998438544662,1.4836134975534765,0.35034572009181125,1.207475516675886,0.5000339281700709,0.39486925245257065,0.35491843294967984,-1.423239573500901,0.8670535103748045,-1.9218107394937602,0.6811515401080249,-0.8358240632433265,0.4406602651410134,-1.1271832529412955,0.4647934490410174,-1.1255101885205199,0.3250895056519278,0.5321021989322633,0.7258568600434734,0.9441879919661431,0.5438552688707767,1.03949748767614,0.5599200035400116,1.0861758148986176,0.7119605826317295,0.9912927182393282,0.38066396843772143,0.9423438810667683,0.5173090689973179,0.09665389631301387,0.22004530982452702,-0.9505228226210358,0.5472195520828922,-1.120885343920195,0.6760564796092917,-1.0291800299969192,0.6728493427300338,-0.828426422265651,0.508202816098611,-0.9106737339254354,0.5419652192251599,0.21359387294079657,0.14822213252486063,161.99219145705712,141.23768953054145,131.38179837203634,162.40546186339563,129.34564337081702,5.156640201303151
0.77,3.5030000000000006,1,4.013529147172419,3.468621281351097,1.4734802420284903,0.9941624638673572,1.306461548992567,0.7290241041686564,1.8410849480443732,0.8816215263730718,1.5110489318408928,0.45345355704237483,1.2499886782716803,0.5968863646513141,0.3133585703425799,0.384445942230005,-1.4641196874492333,0.8965281232720527,-1.9287470983462902,0.8140203886753389,-0.9008189857606315,0.5454353866144753,-1.1720695084818211,0.570901963756682,-1.1626562581378628,0.4088853405465838,0.47189634161029936,0.6637573278364451,0.9413458830765432,0.5921707721444246,1.0418175880297522,0.5896987632407228,1.0671894932285015,0.7200337690757571,0.9781423600298579,0.40542494990946076,0.935564916465603,0.5248586333265016,0.10050211104362268,0.17940334500878188,-0.949406118732682,0.5537977249561116,-1.0971976639795424,0.6908985412921865,-1.0423815776326142,0.6796453416888167,-0.8298520052001842,0.5224151100099848,-0.9047672644086273,0.5490548331791082,0.20159110765724006,0.15646743621263445,164.44538516777737,156.1266649597854,138.19283937152625,161.5314827648915,135.5322834613482,11.473500971563531
0.78,3.5420000000000003,1,4.052529147172419,3.5076212813510965,1.4382787856303159,1.0779300511209986,1.367064148284578,0.8556276109627782,1.8380333073936874,1.004671464456309,1.5198415049572362,0.5541334581593546,1.281377198627539,0.6943550873348217,0.23343071664325615,0.4064117348088878,-1.4365799302919298,0.9721965085170214,-1.9063916270179102,0.9536326641564044,-0.9599519906413277,0.6591800713313094,-1.199311071540385,0.6826751678891361,-1.1915667238627177,0.49968308861347605,0.47017831372575003,0.570222309984461,0.9336038311593122,0.6458691654017139,1.0403419634683069,0.6200179831989437,1.046411917241153,0.7288656602285407,0.9619939414695416,0.43062898074696354,0.9272122010561172,0.5330361125192147,0.10982400698432591,0.1400502853941665,-0.9408755996094142,0.5807206238955118,-1.065309048144685,0.7080316376359573,-1.048923788105228,0.6881290119999275,-0.8243144823322938,0.5381801176996759,-0.8949805263370216,0.5570954553206586,0.17802184510334615,0.1523514780775549,164.89304684230373,162.81808526053075,144.10051220733862,164.23353095043475,140.94989943932242,36.92094033459875
0.79,3.5810000000000004,1,4.09152914717242,3.5466212813510962,1.4246487746982501,1.1646887330846456,1.4020953400272695,0.994819452304804,1.8163326378114357,1.1245355524191751,1.5054564700093764,0.6649927622966291,1.3004553230054063,0.7902153912669582,0.17135994271742408,0.39373662077691307,-1.415141181327885,1.0174308133946124,-1.8530995911881216,1.0963442014350795,-1.0076205243769354,0.7801590395765879,-1.2061965847403222,0.7971332772646866,-1.2103819164173888,0.5957389680120231,0.44501111399529386,0.47156227636706183,0.9097955888940673,0.6576535413795932,1.0326164539681912,0.6536882061338299,1.024027115884406,0.738950286123436,0.9399798684728631,0.4585596520011447,0.9163521934277158,0.5421195609512408,0.12288485985330921,0.14020699862877758,-0.9129175094257086,0.611454572693127,-1.0262078850311602,0.7269666189715176,-1.0456080091013071,0.699683780626914,-0.8117188424898626,0.5549964071905735,-0.8814264352498994,0.5668096248890905,0.1617953708863309,0.15934604430855337,166.82394177710302,167.9457628024761,149.2042405355401,161.8997929892081,145.80371468472947,120.28297395945481
0.8,3.6200000000000006,1,4.130529147172419,3.585621281351097,1.4181342089919058,1.263439084608168,1.4167383679572525,1.1292636995878047,1.7733413988749196,1.2399413735180858,1.4748097216122462,0.7725281858297445,1.3038236765167794,0.8834640393184596,0.13418264536651808,0.3559835532311295,-1.406253183220864,1.0891296340743628,-1.7835572651839648,1.2239549035118122,-1.0466459323431674,0.9073799494413824,-1.199452022588353,0.8999862418610373,-1.2188043419425445,0.6966078874255317,0.40066971877707347,0.4029271928624357,0.8939174719439024,0.6847152668832613,1.0211680807754044,0.6840988681660223,0.9989629149737849,0.7507998970337206,0.9166136718557623,0.48382353797333005,0.902561834318947,0.5525750021721516,0.12725210173261017,0.12410368021725739,-0.9000564094334141,0.6297854947259811,-0.9900044485663195,0.7424828928470616,-1.0362035733826247,0.7131825390464982,-0.7972079267925152,0.5685851241897123,-0.8650017656966553,0.5776413934366343,0.14419207081915425,0.15965937884387346,167.9474813783409,171.79602665888837,153.68407494397496,163.53985507287075,150.3004147007721,149.60986983146176
0.81,3.6590000000000007,1,4.169529147172419,3.6246212813510965,1.3666604193873746,1.3227994923132826,1.4120917819377687,1.2529278920858482,1.707632249396689,1.349482294403037,1.4309316461551629,0.8718524547241648,1.28902196874346,0.9729525146306772,0.08334296143963071,0.3420142698591124,-1.4005411545959225,1.1877914246636614,-1.702160208548442,1.3361178327378627,-1.081337036243638,1.0382857920465969,-1.1821038622499018,0.990944778886171,-1.2176027743459568,0.8007036633260389,0.33611720729443073,0.3524814936380177,0.8752448106504379,0.702763364606809,1.0069515267868387,0.7093746490651552,0.9697929641463113,0.7646104692602729,0.8941314331834932,0.504761016591363,0.8853877675614401,0.5646595799182472,0.13187254512453925,0.1129797224438782,-0.8972664067636231,0.6658241741775257,-0.9580438941357883,0.7556262432223891,-1.0241374814992816,0.7270459097918386,-0.7813006223078508,0.5796530202733847,-0.8465328948504289,0.5886588486448097,0.10843576244031354,0.1408700483289825,169.69336480621294,174.9898012419476,157.66313702001148,165.81745634217762,154.65535878031213,158.06594469422402
0.8200000000000001,3.6980000000000004,1,4.208529147172419,3.663621281351096,1.2250071154182332,1.302565872782866,1.392157723333376,1.364627148365321,1.6209321199033158,1.4510514149385376,1.3764829465557527,0.9621206937546866,1.2563785208746783,1.0569158303741255,0.17830010558977027,0.42285288860994724,-1.383392457691154,1.302783886907551,-1.6110759852312766,1.4321622338682627,-1.1166925373965206,1.1685369939478385,-1.1561788395797554,1.0695805166121373,-1.2088007515084986,0.9050333045220588,0.261875056802667,0.298581773982439,0.8321325323049549,0.6974751197291188,0.9899664525546431,0.7318425934430233,0.9353480131431277,0.7798375799035273,0.8721824452816245,0.5231729579569439,0.8646058588826844,0.5780561523984173,0.1615322556979282,0.13204927235935926,-0.8790121272274527,0.7029979472855785,-0.9302883053251542,0.7663776760243216,-1.01242632186852,0.7398348532537513,-0.7651952843869728,0.5883889516684577,-0.8270277842335692,0.5989795924750453,0.08152445311257142,0.1384063039497574,172.29523688754455,177.49052527770337,161.15069714377185,167.30398503475806,158.99462396134317,162.3694033671456
0.8300000000000001,3.7370000000000005,1,4.247529147172419,3.702621281351097,1.1338483150859353,1.3634368625722628,1.3634188870838846,1.4617580864321378,1.5147167326215925,1.5421426383948844,1.3157888754240008,1.0414494602325333,1.2043836731032427,1.1331470994939508,0.24973928523315922,0.4207095266195915,-1.3606338273750362,1.4021730837663418,-1.514613620029146,1.5101284895413323,-1.1525097077159834,1.2902511135616428,-1.123837667085038,1.134263409737374,-1.1936560938838867,1.0034184772963417,0.18805357263781375,0.2363094932463723,0.8060128722073103,0.7158002245893788,0.9705931992446318,0.7529891403949003,0.8936605397418899,0.7969330346160046,0.8501353964738262,0.5403231177415769,0.838724913456707,0.5931825722690849,0.16872966397910555,0.11943469549117103,-0.8705389407407182,0.7668314993974116,-0.9062634379142563,0.7747864097041544,-1.0018338977357986,0.7504808382732878,-0.749849443737354,0.595045657395117,-0.8081127188270676,0.6077195430805731,0.0365994575955772,0.13230914500341964,175.88531834338633,179.0964093617771,163.95560100827933,167.28234077491007,163.2161307549351,165.18935801075602
0.84,3.7760000000000002,1,4.286529147172419,3.7416212813510965,1.0653853136028204,1.3918848962660006,1.3298785045307642,1.5425905555827326,1.3995104026645593,1.6202332506670953,1.2520707364942938,1.1084927748887021,1.141558471590953,1.1993777543048034,0.304415577455124,0.40470056350121736,-1.276421591880601,1.4199662159837088,-1.4189904677167662,1.5679795471258555,-1.1757742599762757,1.3964160398933445,-1.0867227865694757,1.1829891344998293,-1.1681771865358332,1.089492664798637,0.20550871162309076,0.10336583678056584,0.7811094762922253,0.7330790385685152,0.9502103435643204,0.7734722306959962,0.8475317815968975,0.8144468239290727,0.8276410826332875,0.5569285644758388,0.8090346280967289,0.6087518073591038,0.1738583138145034,0.10503637054120275,-0.8448951758091107,0.7898752352955847,-0.8837285702870716,0.781517073766387,-0.9883695977033905,0.7605233776346223,-0.734459436252532,0.6002583526502739,-0.7890331193778348,0.6157157819129422,0.039722681062953055,0.14644603540569884,177.11229483493986,179.9583310871416,166.08811502894133,168.3403694180855,166.84261460836703,167.02553466266846
0.85,3.8150000000000004,1,4.3255291471724195,3.780621281351096,0.9990339072736525,1.3661768531191658,1.2899261759699825,1.6073761221277827,1.283529474610817,1.6844002762476524,1.187932683252536,1.1628132186284097,1.0737280292320188,1.2545668636339917,0.3778827852093675,0.4268534582993406,-1.1940828550254439,1.4322587164691778,-1.3297619226067934,1.6089021557824308,-1.1776323895465022,1.4872687030326581,-1.046399730211801,1.2177328765257445,-1.129458393912789,1.1627827175831489,0.2227368717391876,0.05741703959791151,0.7463984453111417,0.7332164871251007,0.9292729064062925,0.7929050360850598,0.7999595640454928,0.8307736234763908,0.8048614255673644,0.5727277097145363,0.7771689426730468,0.6233677114164424,0.19236889404939467,0.11129325358322252,-0.817251135797762,0.7998889541798422,-0.8591066656561492,0.7874862959282777,-0.9694855428349498,0.771871853104669,-0.7181577755291706,0.6050017748999802,-0.7679397341064639,0.6243336275540232,0.0436544535120009,0.15479106123617298,176.1653505512844,179.4952249484685,167.66521762853932,169.9712015537104,169.39547950090355,168.15316922705696
0.86,3.854,1,4.364529147172419,3.819621281351096,0.950519140072017,1.367773818755688,1.2445023726654878,1.6564487487683581,1.1726571614827352,1.7347852394132963,1.1272820850928473,1.204127231836984,1.0044095060091163,1.2985272008017248,0.41201863582115644,0.42900196205773306,-1.119384885381648,1.495269634514449,-1.2504649524276366,1.6390671988548504,-1.1537807294755367,1.5649101265146332,-1.0063639158176256,1.2432681673759574,-1.076254937757335,1.2245673939632153,0.1945757525669958,0.07767156633517078,0.7124284110278626,0.7469935669008935,0.9083908255101795,0.8102339403156353,0.7538586062702146,0.8448347313642085,0.7815187389638246,0.5870511065246448,0.7446698858903366,0.6360386027226422,0.20591409062853214,0.10625137430337958,-0.7957184399502788,0.8319987852165893,-0.8346652752742196,0.7922317015385109,-0.9442056047365418,0.7852944241380356,-0.7037836108949314,0.6091261167266256,-0.7435904796357123,0.6341711497875181,0.055662167816295655,0.15565903587655536,174.04909677983386,179.03690894160096,168.8547417387334,172.6150858983595,171.25003653310915,168.69402780232028
0.87,3.8930000000000002,1,4.403529147172419,3.8586212813510965,0.9167975717123062,1.405652878594139,1.1941568006042866,1.693579025872645,1.0708963760689982,1.7731971917451266,1.0705762966477046,1.235249380891741,0.9354146251118378,1.3323942377895632,0.39978695343669984,0.3985414202235363,-1.0392983184955806,1.5471207281307104,-1.1770707921678778,1.6659562995991712,-1.1047138432315633,1.632780134754144,-0.9623304697756428,1.2649750042701724,-1.0087670682925518,1.277518789468139,0.1819427040252493,0.10778091120213582,0.6859160712378062,0.7835352629799608,0.8883140902688428,0.82431363606553,0.7127379046523716,0.8560894868940357,0.7584473288638484,0.5989933508575981,0.7133823741626685,0.6461510736676381,0.20646509104251434,0.07735325562309854,-0.772402009022397,0.8607332253903703,-0.8116031731278505,0.7974327480801727,-0.9140817379720754,0.8002226595659949,-0.6892302874134743,0.6133954778153884,-0.7162756063555644,0.6449263231437444,0.07445590436574885,0.15406061849687744,172.05660916870494,178.38555361168946,169.9547740446774,175.30538415218734,172.89667670439462,168.56665677089194
0.88,3.9320000000000004,1,4.442529147172419,3.897621281351096,0.8785391591104191,1.4475736568759057,1.1346339519855295,1.7240521614212672,0.9749508333954443,1.8030595035588162,1.0145935000024358,1.2601577934116044,0.8659884877347862,1.3590667412774824,0.37686191955859,0.3683278405582553,-0.9739698797298668,1.5538046651223978,-1.1027706166382232,1.693405247466255,-1.042369853094044,1.692999236299382,-0.9103936737418135,1.285901375333813,-0.9321922791853259,1.3240342687123805,0.18994197118825454,0.15509250465887983,0.668858557592855,0.8109637422254886,0.8661562758608623,0.8357062525186182,0.6764946812176288,0.8646710214630481,0.7359098432509582,0.6085833960993744,0.6838311114965296,0.6538639212634112,0.198843107623492,0.05424741677825789,-0.7480044233349934,0.8680594340709381,-0.787453794404177,0.8045998755172451,-0.8834476198962226,0.8147298349782529,-0.6714942529914188,0.6187414025853277,-0.6881679210547385,0.6553756824974373,0.07472194088474769,0.1455640945910436,172.61370485697293,177.5083752428665,171.20033144302752,176.65633445724376,174.44002925808087,167.98797205710787
0.89,3.9710000000000005,1,4.481529147172419,3.936621281351097,0.8193947595874159,1.485729620784535,1.0634799321568176,1.7505166032327617,0.8820712715246084,1.8254984048107867,0.9568478134764158,1.2809514638085133,0.7956890624200975,1.3796524891174176,0.3601245861396749,0.34550133392982835,-0.9041341899543109,1.5722978422847582,-1.0270727869068335,1.719960971398671,-0.9740301239839189,1.7450620281733247,-0.8533611001957944,1.305483447368113,-0.8497024820672621,1.3641959774071004,0.1921413498452815,0.18636766221533832,0.6607003041407308,0.8170574877785837,0.8383046761135968,0.8458761502216771,0.6447153718703447,0.8704699360276678,0.7124302111381144,0.6167262257592837,0.6565342860302708,0.6591812635088425,0.17992728600433322,0.05575309576740934,-0.7212890740715534,0.8749171428629297,-0.7615821905387807,0.8130908629372969,-0.8542307422927976,0.8281268987221782,-0.6511824235866195,0.6248601104805735,-0.6599651321465655,0.6651274762968787,0.0737971823587069,0.14093549622504084,176.80637920156818,176.68386143045865,172.6971480718219,178.40170886217845,175.82131572809365,167.18522839844647
0.9,4.01,1,4.520529147172418,3.9756212813510956,0.7275347808318545,1.5144824546827633,0.9896199792608509,1.770634556807816,0.7908487105134807,1.8410449254288466,0.8996958883187206,1.2965668918685633,0.7247541879416793,1.3947246019843156,0.36647312406048244,0.3326435043579183,-0.8080237073969384,1.6105862848329848,-0.9506120982379976,1.7442445990621902,-0.9025699240631798,1.787923913437965,-0.7946125301477204,1.3231717228091244,-0.7634145666576778,1.3973121551302348,0.19543795477142015,0.20096671765528176,0.6479548280620059,0.8280032486962169,0.8157947608585999,0.8517806058670757,0.617369982442583,0.8736032145292554,0.6929635779959956,0.6216547733227595,0.6320398135958416,0.6622440669543587,0.16951579795168295,0.05490710031988767,-0.6911265024035819,0.8902661398611625,-0.7360256426393884,0.8221745083911594,-0.826595612736371,0.8403478931056948,-0.6302286883572399,0.6312783109754667,-0.6316738154593267,0.6741474394634261,0.0815622649891563,0.14437351285293704,177.68902884622096,175.0202009688046,174.5189272745516,178.38513013682027,177.24968990654023,166.30176242385733
0.91,4.049,1,4.5595291471724195,4.014621281351096,0.6130776728986351,1.5759494482140621,0.9177426579073175,1.7836916085790246,0.7028970507642899,1.8498970310731142,0.8436119971496404,1.3069566158267236,0.6547361345655062,1.4044054158746984,0.3687513502123652,0.28829637318997003,-0.7249273955259605,1.624238784761153,-0.8709742634203405,1.7662280546512876,-0.8284938420228135,1.8202799534951,-0.7334056093102514,1.3391137359765997,-0.67675802665434,1.4221322850033775,0.20369251430941673,0.22171636989306262,0.6244296636639463,0.8519859223470101,0.8030871867944348,0.8531627362164108,0.5954262674161027,0.874558442748224,0.6789865377119784,0.6234706888183494,0.6111160568640287,0.6633944007112622,0.17866139891427096,0.036752083902448905,-0.6761424683661691,0.9024047595759442,-0.7075425979036245,0.8320914101170607,-0.8004185738244574,0.8514088748806115,-0.6069570195694051,0.6382899935145849,-0.6042185309270411,0.6823539466467607,0.07700607279361844,0.13433216533555642,172.44864407834592,172.25367236632985,176.71449668561283,174.54865303592567,178.44930562106927,165.3251177409872
0.92,4.088000000000001,1,4.598529147172419,4.053621281351097,0.5109205366080383,1.6271632205812905,0.8424026579309725,1.7912555851667695,0.6255514291585923,1.8522635130669143,0.785658684316146,1.31312389177723,0.5903918352117492,1.4085189711516843,0.36987389860870995,0.2526071717193517,-0.6498263700475431,1.6555293480304347,-0.7973647728617695,1.783771327738775,-0.7553129248544468,1.8408206737799135,-0.6749527172684784,1.3514585780167399,-0.5982982527787472,1.4372602079128125,0.1954829549205948,0.213214184901074,0.6069039148470742,0.8612266357299483,0.7935957069413914,0.8529876767809677,0.5801194284121166,0.8744293713506607,0.6666029342566685,0.6242447643795431,0.5944041035956795,0.663400674182744,0.18687350181326068,0.02986169689510048,-0.6689230485349738,0.9054505055187655,-0.6797658239094724,0.840703550107875,-0.7767266593575832,0.8609968587642042,-0.5852992314495266,0.6445065371860136,-0.5806837979990059,0.6893414716659872,0.06564856443823942,0.11660937019027229,167.53391253399812,168.9021645811938,179.10590285986942,169.7799973692231,179.35510039909786,164.19223330319318
0.93,4.127000000000001,1,4.637529147172419,4.0926212813510965,0.4897110906862743,1.5826899119248772,0.7779018393131332,1.7893026866227064,0.5647260781830863,1.8505044804954862,0.7387053019781783,1.3116503486179534,0.5364516972771511,1.4086834249328044,0.3546022366856212,0.2781220801874751,-0.6276754528739805,1.6195604113493163,-0.745249278155954,1.7977491613634764,-0.6912909468462844,1.8517597754875443,-0.6311568299770569,1.3609655573839654,-0.5364318067285831,1.4445059808322989,0.2134826340081199,0.24075605034876627,0.5929232701950673,0.8511409390734064,0.7859279550634947,0.8491504084273019,0.5704340594439489,0.8745930326912688,0.6569769271243665,0.622039496540924,0.5815442775186731,0.6633920576897523,0.19301494914491477,0.03249254214845619,-0.6613433095192872,0.8974420945768906,-0.6618404568906876,0.8490390392920782,-0.7571569894973904,0.8685474468932576,-0.5730074595987479,0.6508777563904368,-0.5635340158534753,0.6946288199371572,0.04840560831570545,0.10007578096476516,167.69646649006012,165.97562972901864,178.6748803160286,169.08884199051843,179.77346370914796,163.0383339944824
0.9400000000000001,4.166,1,4.676529147172419,4.131621281351096,0.4871591622769963,1.619839608852774,0.7488885280047644,1.7802184637101646,0.5243812431506621,1.8472900076684486,0.719723742263605,1.3044876213396197,0.4961867546144945,1.4068273790497925,0.3069586909823987,0.2304759580216018,-0.6410266637579831,1.6483122567826716,-0.721223856809891,1.809780256460227,-0.6420851327457087,1.8560631156005911,-0.6094141017503611,1.3692756418074543,-0.4953438601640008,1.4463587218484624,0.18028728378140266,0.2077535551950462,0.5948785024095259,0.8584175135078985,0.7814012886033941,0.8411235026996898,0.5660837934122521,0.8758772245754716,0.6522522807151401,0.61626383947022,0.5728165989047777,0.6640576344595885,0.18732280314835648,0.033674571664696965,-0.655827501595232,0.8972004441308056,-0.6564337540379899,0.8586087698785122,-0.7431023988532558,0.8736151661095948,-0.5696949052991707,0.6581490712632226,-0.5539143093424982,0.6979168263375416,0.03859643589270224,0.09040560287247924,167.67111180641893,164.77354517905405,176.86847588887468,171.0568692782879,178.98882870797095,161.96406831475312
0.9500000000000001,4.205,1,4.715529147172418,4.170621281351096,0.5231178634165132,1.628382978120853,0.7535158631074176,1.7807103311485428,0.5074326926299794,1.8450506992629032,0.7256208025906254,1.3044379336450624,0.4734534406736594,1.4048545349209722,0.27620076166077534,0.2172347255102001,-0.66638860618497,1.6597960022871965,-0.718829915777046,1.8086435374063703,-0.6143707011512435,1.8557949522101322,-0.6075688207799618,1.3684077157980208,-0.4781041142802713,1.444818547934525,0.15781533405466544,0.20278424695964742,0.5944422871998997,0.8617827129571597,0.7823557769095869,0.8418369978745881,0.5664121684795081,0.8785196022236061,0.6550697626458221,0.6164467555129294,0.5687671085655229,0.6656951813748698,0.18896907462605583,0.03264676121449926,-0.6604607248146275,0.9056254151086873,-0.6595395532190196,0.8569800620796652,-0.7361891735609165,0.8753494450155304,-0.5723420691760173,0.6569927281352311,-0.5521720421300093,0.698689646284898,0.04865407411950979,0.08155631376295192,170.59794789374547,164.93761629867478,175.7459312958363,172.4908329875422,178.4564881873846,161.15092258778324
0.96,4.244,1,4.754529147172418,4.209621281351096,0.5466916537128598,1.6259018550005857,0.7672479859591377,1.784182962576038,0.5070163882822203,1.844603217528498,0.7380337688321569,1.3066407447166,0.4665589184982868,1.4039483027065398,0.27147376431110687,0.22227103423198682,-0.6695137783338992,1.667063756011737,-0.7312011445802504,1.8025835141318949,-0.6067080774660547,1.8533863534743193,-0.6183181004596571,1.3641558493437893,-0.4778750432862361,1.4422031886296327,0.14889907990097717,0.19662315831738816,0.5986683054972775,0.8620242311209996,0.786155902706902,0.8450326618259313,0.5693584180732512,0.8812770279323617,0.6612513696197595,0.6182750290890991,0.5689544126880544,0.6675241026592463,0.1882559760925202,0.03506764442999689,-0.6633059063752882,0.9084716112559075,-0.6666202977960403,0.851506625499441,-0.735929373048716,0.8742654896259413,-0.5778682119881654,0.6529538225153176,-0.5554616376253838,0.697542365738659,0.057061324842001195,0.0802759407832167,171.77575441317632,165.2783645871948,175.25232111365455,172.38077793928096,178.29967331771627,160.65104148729384
0.97,4.283,1,4.7935291471724195,4.248621281351096,0.54422178766963,1.614739218559432,0.769972036558722,1.78475942849879,0.5096702301134124,1.8443919520005145,0.7414736174109041,1.3068316192145737,0.4648297433893323,1.4033614854093532,0.2826128918880212,0.23223735295279593,-0.656087041642594,1.6624187940111321,-0.7451290209604574,1.799802181666731,-0.6053332283387931,1.850899431798222,-0.6282036715271319,1.362028488631567,-0.4809819393641216,1.4398810501117054,0.16371520785978114,0.1951945193531448,0.5981270159845714,0.8596629151374169,0.789314031321468,0.8454085000047529,0.5729621903340811,0.8831214325564479,0.6654265502084517,0.6182462560395527,0.5709105022584777,0.6687404122107625,0.19171766528988682,0.034403059304639695,-0.6594114197445862,0.907304604304882,-0.6735620277971643,0.8493388292042325,-0.7382446500835839,0.8726477003592734,-0.5824867682586753,0.6512570923460386,-0.5596405455948539,0.6961721477697098,0.059668004753609505,0.08611491854943956,171.57503304241718,164.9967766277111,174.89675058767665,171.86869638753663,178.22036835477306,160.23016338408917
0.98,4.322,1,4.832529147172419,4.287621281351096,0.5437093546055566,1.6110190149532488,0.7598299345931359,1.7834294043365426,0.5122897518489793,1.8439342390673215,0.7351853826186968,1.3056524556812221,0.4649436805824234,1.402751069199616,0.2764659969353675,0.2350248775374424,-0.6534245367902436,1.6631989330151162,-0.7478006849486806,1.801018419989436,-0.6057877085370961,1.8489671952226687,-0.6277258565708166,1.3625376219307157,-0.4839071156357849,1.4381884617563045,0.1670361288197494,0.19177881699925528,0.5970375178572032,0.8586769222367282,0.7891809707037576,0.844230030030503,0.576602065863363,0.8839554579545305,0.665707859822486,0.6173009870350137,0.573529459911989,0.6692361409933896,0.19268580426750276,0.0325055697724059,-0.6570026181884197,0.9080953778275148,-0.6770942762480492,0.850255450254269,-0.7413823572469942,0.8713454586828322,-0.5843050862079396,0.651818258992543,-0.5634234449410426,0.6951633418097538,0.06123015552212327,0.09203530257859666,171.70055875442995,164.3500920260041,174.57830874628826,172.03185270106187,177.8878007260847,159.85376073984435
0.99,4.361000000000001,1,4.871529147172419,4.3266212813510965,0.539457306936039,1.6099280913933904,0.7423136581754608,1.780263353246274,0.5138042473326458,1.843101601003715,0.7231839087339279,1.3031541491890282,0.46505833099401517,1.4019666931660884,0.26488639200355696,0.23458040210343942,-0.6524092383508147,1.6612506322279912,-0.7428573175854107,1.8056510203101621,-0.6053528671497901,1.847946226497703,-0.6213164800636086,1.365542394578798,-0.48500943021691767,1.4372636787609587,0.1703887529020309,0.19253453453946756,0.5972522784371739,0.8583457759536794,0.7859971503633357,0.8415287246138381,0.579667216481457,0.8839749382265804,0.6629892732880059,0.61534374191511,0.5757873761126537,0.6691343574829745,0.1894925853277381,0.031081962016531187,-0.6571525819743007,0.9084092138020498,-0.6748723004483858,0.8544392026562924,-0.7437815546568541,0.8708726874554923,-0.5816797932260124,0.6547850777646264,-0.5659038554316792,0.6948293751210738,0.05680449388801917,0.09441170329043105,171.40330421623477,163.66537960455156,174.3012551182285,171.9955459416825,177.84627752021902,159.55013661644148
1.0,4.4,1,4.910529147172419,4.365621281351096,0.5239298342052111,1.607163177410724,0.729193158549514,1.7771980924000126,0.5145425422122555,1.842270238532662,0.7135048083834103,1.3008774341747669,0.4643841239071779,1.4011937830436167,0.26654250061911156,0.2352943931341239,-0.6502041981160833,1.6500195409423206,-0.7398154358739497,1.809830154627504,-0.6035030577747789,1.8476469275447123,-0.6176821983435704,1.3684376245613117,-0.48482855221929333,1.4368597990760044,0.18322010309715409,0.2030703829820326,0.5969797013354634,0.8581191034285478,0.7828850668138159,0.8387758263987786,0.5813881205856117,0.8838551951788103,0.6601056966831897,0.6133838492168632,0.5767078623938967,0.668946456405845,0.1869089812713402,0.030090593361664933,-0.6533921228723526,0.90338349074946,-0.6728164144598395,0.858426086694803,-0.7445153619510834,0.871094930856054,-0.5797639400794037,0.6577019143218665,-0.566934890820755,0.694984719902954,0.04897418996787393,0.09667469058750376,170.29347055269892,163.2528804529699,174.15434086159422,172.34427221666252,177.90986065371553,159.37765962067928
