Timestamp,Pelvis_position_x,Pelvis_position_y,Pelvis_position_z,Pelvis_extension,Pelvis_lateral_flexion_rotation,Pelvis_axial_rotation,Chest_position_x,Chest_position_y,Chest_position_z,Thorax_extension,Thorax_lateral_flexion_rotation,Thorax_axial_rotation,Head_position_x,Head_position_y,Head_position_z,Neck_flexion,Neck_left-ward_tilt,Neck_right-ward_rotation,LeftUpperLeg_position_x,LeftUpperLeg_position_y,LeftUpperLeg_position_z,LeftHip_flexion,LeftHip_adduction,LeftHip_external_rotation,LeftLowerLeg_position_x,LeftLowerLeg_position_y,LeftLowerLeg_position_z,LeftKnee_flexion,LeftKnee_adduction,LeftKnee_external_rotation,LeftFoot_position_x,LeftFoot_position_y,LeftFoot_position_z,LeftAnkle_dorsiflexion,LeftAnkle_inversion,LeftAnkle_internal_rotation,RightUpperLeg_position_x,RightUpperLeg_position_y,RightUpperLeg_position_z,RightHip_flexion,RightHip_adduction,RightHip_external_rotation,RightLowerLeg_position_x,RightLowerLeg_position_y,RightLowerLeg_position_z,RightKnee_flexion,RightKnee_adduction,RightKnee_external_rotation,RightFoot_position_x,RightFoot_position_y,RightFoot_position_z,RightAnkle_dorsiflexion,RightAnkle_inversion,RightAnkle_internal_rotation,LeftShoulder_position_x,LeftShoulder_position_y,LeftShoulder_position_z,LeftScapula_protraction,LeftScapula_medial_rotation,LeftScapula_posterior_tilt,LeftUpperArm_position_x,LeftUpperArm_position_y,LeftUpperArm_position_z,LeftShoulder_flexion,LeftShoulder_abduction,LeftShoulder_external_rotation,LeftForeArm_position_x,LeftForeArm_position_y,LeftForeArm_position_z,LeftElbow_flexion,LeftElbow_abduction,LeftElbow_pronation,RightShoulder_position_x,RightShoulder_position_y,RightShoulder_position_z,RightScapula_protraction,RightScapula_medial_rotation,RightScapula_posterior_tilt,RightUpperArm_position_x,RightUpperArm_position_y,RightUpperArm_position_z,RightShoulder_flexion,RightShoulder_abduction,RightShoulder_external_rotation,RightForeArm_position_x,RightForeArm_position_y,RightForeArm_position_z,RightElbow_flexion,RightElbow_abduction,RightElbow_pronation,LeftHand_position_x,LeftHand_position_y,LeftHand_position_z,LeftWrist_flexion,LeftWrist_adduction,LeftWrist_pronation,RightHand_position_x,RightHand_position_y,RightHand_position_z,RightWrist_flexion,RightWrist_adduction,RightWrist_pronation,LeftDigit1MetaCarpal_position_x,LeftDigit1MetaCarpal_position_y,LeftDigit1MetaCarpal_position_z,LeftDigit1Carpometacarpal_flexion,LeftDigit1Carpometacarpal_ulnarDeviation,LeftDigit1Carpometacarpal_pronation,LeftDigit1ProximalPhalangx_position_x,LeftDigit1ProximalPhalangx_position_y,LeftDigit1ProximalPhalangx_position_z,LeftDigit1Metacarpophalangeal_flexion,LeftDigit1Metacarpophalangeal_ulnarDeviation,LeftDigit1Metacarpophalangeal_pronation,LeftDigit1DistalPhalanx_position_x,LeftDigit1DistalPhalanx_position_y,LeftDigit1DistalPhalanx_position_z,LeftDigit1Interphalangeal_flexion,LeftDigit1Interphalangeal_ulnarDeviation,LeftDigit1Interphalangeal_pronation,LeftDigit2MetaCarpal_position_x,LeftDigit2MetaCarpal_position_y,LeftDigit2MetaCarpal_position_z,LeftDigit2Carpometacarpal_flexion,LeftDigit2Carpometacarpal_ulnarDeviation,LeftDigit2Carpometacarpal_pronation,LeftDigit2ProximalPhalangx_position_x,LeftDigit2ProximalPhalangx_position_y,LeftDigit2ProximalPhalangx_position_z,LeftDigit2Metacarpophalangeal_flexion,LeftDigit2Metacarpophalangeal_ulnarDeviation,LeftDigit2Metacarpophalangeal_pronation,LeftDigit2IntermediatePhalanx_position_x,LeftDigit2IntermediatePhalanx_position_y,LeftDigit2IntermediatePhalanx_position_z,LeftDigit2ProximalInterphalangeal_flexion,LeftDigit2ProximalInterphalangeal_ulnarDeviation,LeftDigit2ProximalInterphalangeal_pronation,LeftDigit2DistalPhalanx_position_x,LeftDigit2DistalPhalanx_position_y,LeftDigit2DistalPhalanx_position_z,LeftDigit2DistalInterphalangeal_flexion,LeftDigit2DistalInterphalangeal_ulnarDeviation,LeftDigit2DistalInterphalangeal_pronation,LeftDigit3MetaCarpal_position_x,LeftDigit3MetaCarpal_position_y,LeftDigit3MetaCarpal_position_z,LeftDigit3Carpometacarpal_flexion,LeftDigit3Carpometacarpal_ulnarDeviation,LeftDigit3Carpometacarpal_pronation,LeftDigit3ProximalPhalangx_position_x,LeftDigit3ProximalPhalangx_position_y,LeftDigit3ProximalPhalangx_position_z,LeftDigit3Metacarpophalangeal_flexion,LeftDigit3Metacarpophalangeal_ulnarDeviation,LeftDigit3Metacarpophalangeal_pronation,LeftDigit3IntermediatePhalanx_position_x,LeftDigit3IntermediatePhalanx_position_y,LeftDigit3IntermediatePhalanx_position_z,LeftDigit3ProximalInterphalangeal_flexion,LeftDigit3ProximalInterphalangeal_ulnarDeviation,LeftDigit3ProximalInterphalangeal_pronation,LeftDigit3DistalPhalanx_position_x,LeftDigit3DistalPhalanx_position_y,LeftDigit3DistalPhalanx_position_z,LeftDigit3DistalInterphalangeal_flexion,LeftDigit3DistalInterphalangeal_ulnarDeviation,LeftDigit3DistalInterphalangeal_pronation,LeftDigit4MetaCarpal_position_x,LeftDigit4MetaCarpal_position_y,LeftDigit4MetaCarpal_position_z,LeftDigit4Carpometacarpal_flexion,LeftDigit4Carpometacarpal_ulnarDeviation,LeftDigit4Carpometacarpal_pronation,LeftDigit4ProximalPhalangx_position_x,LeftDigit4ProximalPhalangx_position_y,LeftDigit4ProximalPhalangx_position_z,LeftDigit4Metacarpophalangeal_flexion,LeftDigit4Metacarpophalangeal_ulnarDeviation,LeftDigit4Metacarpophalangeal_pronation,LeftDigit4IntermediatePhalanx_position_x,LeftDigit4IntermediatePhalanx_position_y,LeftDigit4IntermediatePhalanx_position_z,LeftDigit4ProximalInterphalangeal_flexion,LeftDigit4ProximalInterphalangeal_ulnarDeviation,LeftDigit4ProximalInterphalangeal_pronation,LeftDigit4DistalPhalanx_position_x,LeftDigit4DistalPhalanx_position_y,LeftDigit4DistalPhalanx_position_z,LeftDigit4DistalInterphalangeal_flexion,LeftDigit4DistalInterphalangeal_ulnarDeviation,LeftDigit4DistalInterphalangeal_pronation,LeftDigit5MetaCarpal_position_x,LeftDigit5MetaCarpal_position_y,LeftDigit5MetaCarpal_position_z,LeftDigit5Carpometacarpal_flexion,LeftDigit5Carpometacarpal_ulnarDeviation,LeftDigit5Carpometacarpal_pronation,LeftDigit5ProximalPhalangx_position_x,LeftDigit5ProximalPhalangx_position_y,LeftDigit5ProximalPhalangx_position_z,LeftDigit5Metacarpophalangeal_flexion,LeftDigit5Metacarpophalangeal_ulnarDeviation,LeftDigit5Metacarpophalangeal_pronation,LeftDigit5IntermediatePhalanx_position_x,LeftDigit5IntermediatePhalanx_position_y,LeftDigit5IntermediatePhalanx_position_z,LeftDigit5ProximalInterphalangeal_flexion,LeftDigit5ProximalInterphalangeal_ulnarDeviation,LeftDigit5ProximalInterphalangeal_pronation,LeftDigit5DistalPhalanx_position_x,LeftDigit5DistalPhalanx_position_y,LeftDigit5DistalPhalanx_position_z,LeftDigit5DistalInterphalangeal_flexion,LeftDigit5DistalInterphalangeal_ulnarDeviation,LeftDigit5DistalInterphalangeal_pronation,RightDigit1MetaCarpal_position_x,RightDigit1MetaCarpal_position_y,RightDigit1MetaCarpal_position_z,RightDigit1Carpometacarpal_flexion,RightDigit1Carpometacarpal_ulnarDeviation,RightDigit1Carpometacarpal_pronation,RightDigit1ProximalPhalangx_position_x,RightDigit1ProximalPhalangx_position_y,RightDigit1ProximalPhalangx_position_z,RightDigit1Metacarpophalangeal_flexion,RightDigit1Metacarpophalangeal_ulnarDeviation,RightDigit1Metacarpophalangeal_pronation,RightDigit1DistalPhalanx_position_x,RightDigit1DistalPhalanx_position_y,RightDigit1DistalPhalanx_position_z,RightDigit1Interphalangeal_flexion,RightDigit1Interphalangeal_ulnarDeviation,RightDigit1Interphalangeal_pronation,RightDigit2MetaCarpal_position_x,RightDigit2MetaCarpal_position_y,RightDigit2MetaCarpal_position_z,RightDigit2Carpometacarpal_flexion,RightDigit2Carpometacarpal_ulnarDeviation,RightDigit2Carpometacarpal_pronation,RightDigit2ProximalPhalangx_position_x,RightDigit2ProximalPhalangx_position_y,RightDigit2ProximalPhalangx_position_z,RightDigit2Metacarpophalangeal_flexion,RightDigit2Metacarpophalangeal_ulnarDeviation,RightDigit2Metacarpophalangeal_pronation,RightDigit2IntermediatePhalanx_position_x,RightDigit2IntermediatePhalanx_position_y,RightDigit2IntermediatePhalanx_position_z,RightDigit2ProximalInterphalangeal_flexion,RightDigit2ProximalInterphalangeal_ulnarDeviation,RightDigit2ProximalInterphalangeal_pronation,RightDigit2DistalPhalanx_position_x,RightDigit2DistalPhalanx_position_y,RightDigit2DistalPhalanx_position_z,RightDigit2DistalInterphalangeal_flexion,RightDigit2DistalInterphalangeal_ulnarDeviation,RightDigit2DistalInterphalangeal_pronation,RightDigit3MetaCarpal_position_x,RightDigit3MetaCarpal_position_y,RightDigit3MetaCarpal_position_z,RightDigit3Carpometacarpal_flexion,RightDigit3Carpometacarpal_ulnarDeviation,RightDigit3Carpometacarpal_pronation,RightDigit3ProximalPhalangx_position_x,RightDigit3ProximalPhalangx_position_y,RightDigit3ProximalPhalangx_position_z,RightDigit3Metacarpophalangeal_flexion,RightDigit3Metacarpophalangeal_ulnarDeviation,RightDigit3Metacarpophalangeal_pronation,RightDigit3IntermediatePhalanx_position_x,RightDigit3IntermediatePhalanx_position_y,RightDigit3IntermediatePhalanx_position_z,RightDigit3ProximalInterphalangeal_flexion,RightDigit3ProximalInterphalangeal_ulnarDeviation,RightDigit3ProximalInterphalangeal_pronation,RightDigit3DistalPhalanx_position_x,RightDigit3DistalPhalanx_position_y,RightDigit3DistalPhalanx_position_z,RightDigit3DistalInterphalangeal_flexion,RightDigit3DistalInterphalangeal_ulnarDeviation,RightDigit3DistalInterphalangeal_pronation,RightDigit4MetaCarpal_position_x,RightDigit4MetaCarpal_position_y,RightDigit4MetaCarpal_position_z,RightDigit4Carpometacarpal_flexion,RightDigit4Carpometacarpal_ulnarDeviation,RightDigit4Carpometacarpal_pronation,RightDigit4ProximalPhalangx_position_x,RightDigit4ProximalPhalangx_position_y,RightDigit4ProximalPhalangx_position_z,RightDigit4Metacarpophalangeal_flexion,RightDigit4Metacarpophalangeal_ulnarDeviation,RightDigit4Metacarpophalangeal_pronation,RightDigit4IntermediatePhalanx_position_x,RightDigit4IntermediatePhalanx_position_y,RightDigit4IntermediatePhalanx_position_z,RightDigit4ProximalInterphalangeal_flexion,RightDigit4ProximalInterphalangeal_ulnarDeviation,RightDigit4ProximalInterphalangeal_pronation,RightDigit4DistalPhalanx_position_x,RightDigit4DistalPhalanx_position_y,RightDigit4DistalPhalanx_position_z,RightDigit4DistalInterphalangeal_flexion,RightDigit4DistalInterphalangeal_ulnarDeviation,RightDigit4DistalInterphalangeal_pronation,RightDigit5MetaCarpal_position_x,RightDigit5MetaCarpal_position_y,RightDigit5MetaCarpal_position_z,RightDigit5Carpometacarpal_flexion,RightDigit5Carpometacarpal_ulnarDeviation,RightDigit5Carpometacarpal_pronation,RightDigit5ProximalPhalangx_position_x,RightDigit5ProximalPhalangx_position_y,RightDigit5ProximalPhalangx_position_z,RightDigit5Metacarpophalangeal_flexion,RightDigit5Metacarpophalangeal_ulnarDeviation,RightDigit5Metacarpophalangeal_pronation,RightDigit5IntermediatePhalanx_position_x,RightDigit5IntermediatePhalanx_position_y,RightDigit5IntermediatePhalanx_position_z,RightDigit5ProximalInterphalangeal_flexion,RightDigit5ProximalInterphalangeal_ulnarDeviation,RightDigit5ProximalInterphalangeal_pronation,RightDigit5DistalPhalanx_position_x,RightDigit5DistalPhalanx_position_y,RightDigit5DistalPhalanx_position_z,RightDigit5DistalInterphalangeal_flexion,RightDigit5DistalInterphalangeal_ulnarDeviation,RightDigit5DistalInterphalangeal_pronation
0,0.6727954,0.928238,-1.237927,-0.1170339,0.1492136,1.283594,0.6675936,1.289057,-1.279958,1.295431,1.435709,2.206644,0.6619287,1.597788,-1.279265,8.168372,-1.937253,1.875445,0.592731,0.9280258,-1.236133,0.1384764,0.5339299,-4.202489,0.5898875,0.5009167,-1.235878,4.669631,-0.008831084,-0.07132626,0.5831649,0.07424533,-1.270262,4.813732,0.4200048,-6.869926,0.7528597,0.9284502,-1.23972,0.09891172,-1.667381,0.358274,0.7415637,0.5014809,-1.239556,5.233042,0.02156368,0,0.7299491,0.07530174,-1.278445,4.649579,-1.847655,-7.158482,0.5957091,1.410735,-1.261108,-15.18818,1.272466,-1.136256,0.4660305,1.409765,-1.290981,-11.67275,15.40677,-58.38198,0.4314834,1.154043,-1.292819,11.19706,-9.118204E-05,-33.14961,0.7347727,1.414098,-1.266546,-15.8945,2.329814,-0.6296288,0.8609853,1.421737,-1.308042,-4.486069,6.098054,-35.59166,0.8963161,1.166354,-1.31908,9.5537,-0.0001035752,-22.85038,0.4336401,0.8722078,-1.256662,8.300566,-11.5715,0.8423266,0.9207304,0.8851691,-1.286183,20.62586,-5.026961,0.9149297,0.4445467,0.8618025,-1.225433,43.09642,-20.69018,86.17592,0.4768932,0.8438811,-1.211545,6.08386,33.42441,-3.360045,0.4883061,0.818812,-1.199704,3.383214,-1.972852E-05,0,0.4431104,0.8526859,-1.234695,0,-14.88064,1.250075,0.4563176,0.8073425,-1.206618,21.14892,20.20618,-6.327255,0.4778653,0.7672093,-1.203347,20.79445,2.081508E-06,0,0.4986207,0.748336,-1.204908,13.87146,-1.030623E-07,0,0.4410832,0.8481414,-1.244089,0,-7.169511E-06,0,0.4513506,0.7978607,-1.228905,13.13165,12.65394,-0.8411642,0.4676534,0.7539045,-1.228469,25.08047,1.413693E-06,0,0.489104,0.7319495,-1.232226,16.73521,-1.268551E-05,0,0.4387046,0.8448601,-1.254206,3.069245,14.87364,-2.900701,0.4479192,0.7944579,-1.253001,7.801372,-2.06423,0,0.461757,0.752927,-1.251806,26.11559,1.982375E-05,0,0.4812725,0.7326274,-1.253976,17.42722,3.430306E-06,0,0.4362093,0.8442298,-1.263576,7.703165,29.67834,-7.04378,0.4444145,0.7983445,-1.275249,6.126343,-12.16359,-9.421435,0.4555404,0.764757,-1.277181,26.71557,7.754142E-05,0,0.4712933,0.7490432,-1.278191,17.82839,4.595369E-05,0,0.9166899,0.8718278,-1.254432,37.36687,-19.59166,75.59676,0.8883671,0.8530403,-1.234302,12.04112,25.59164,-5.264252,0.8731451,0.8282844,-1.226929,7.231014,7.030012E-07,0,0.9142021,0.8640403,-1.264636,0,-14.88067,1.249762,0.9015113,0.8171657,-1.238935,5.566762,25.809,7.647961,0.8856551,0.7743672,-1.237343,19.94778,-4.879264E-05,0,0.8676108,0.7528428,-1.238072,13.30597,-4.213072E-05,0,0.9129828,0.8606825,-1.274648,0,-3.684637E-06,0,0.8989787,0.8104553,-1.262596,-1.247881,15.44476,5.688684,0.8870367,0.765162,-1.264607,22.906,-7.918454E-05,0,0.8681797,0.7407392,-1.266661,15.28199,-5.731707E-05,0,0.9121168,0.8586241,-1.285316,3.069245,14.87368,-2.900633,0.895501,0.8101672,-1.286924,-8.404876,4.826043,-8.595304,0.8873466,0.7674859,-1.292358,25.20167,-1.001238E-05,0,0.8709748,0.7444836,-1.293056,16.8162,-1.329738E-05,0,0.9119824,0.8590441,-1.295022,7.703139,29.67841,-7.04378,0.8937458,0.8167551,-1.308738,-2.87467,-8.20413,-27.23639,0.8820559,0.7837399,-1.314121,22.96802,1.075748E-05,0,0.8681738,0.7663913,-1.312568,15.32345,1.605829E-05,0
33,0.6727183,0.9282275,-1.237941,-0.09891172,0.1546709,1.239384,0.6675256,1.289034,-1.280086,1.313731,1.436118,2.156947,0.6618688,1.597765,-1.279504,8.153215,-1.956157,1.889584,0.5926526,0.9280084,-1.236209,0.1631294,0.5327107,-4.222713,0.5898619,0.5008992,-1.235642,4.744334,-0.008692837,-0.07132626,0.5831531,0.0742473,-1.270271,4.848079,0.4263926,-6.835896,0.752784,0.9284467,-1.239673,0.1065312,-1.703641,0.3732531,0.7412586,0.5014837,-1.239344,5.283683,0.01196098,0,0.7293537,0.07533181,-1.278444,4.66854,-1.902303,-7.192493,0.5956216,1.410715,-1.261334,-15.18489,1.279695,-1.137116,0.4659671,1.40975,-1.291311,-11.71183,15.43268,-58.43176,0.4313995,1.154031,-1.293157,11.1874,-8.771233E-05,-33.11003,0.7346898,1.41408,-1.266652,-15.88804,2.33449,-0.629007,0.860942,1.421721,-1.308027,-4.450343,6.074831,-35.64864,0.8962545,1.166325,-1.318814,9.458269,-0.0001266335,-22.83702,0.4335022,0.8721889,-1.257043,8.231871,-11.54001,0.8334522,0.9207096,0.8851205,-1.286116,20.6378,-5.124248,0.9335608,0.4444092,0.8617535,-1.225825,43.104,-20.69648,86.18272,0.4767378,0.8437823,-1.211959,6.151763,33.41472,-3.396786,0.4881272,0.8186831,-1.200159,3.421366,-4.630076E-06,0,0.442954,0.8526431,-1.23509,0,-14.88062,1.249918,0.4561063,0.8072674,-1.207039,21.15398,20.19504,-6.24105,0.4776004,0.7671037,-1.20379,20.61475,-1.685916E-05,0,0.4982705,0.7481368,-1.205351,13.75143,-2.579978E-05,0,0.4409149,0.8481057,-1.244484,0,-1.44624E-06,0,0.451113,0.7978027,-1.229327,13.20515,12.65909,-0.8882338,0.4673994,0.75384,-1.228941,25.02605,1.393135E-05,0,0.4888217,0.7318606,-1.232718,16.69885,7.990474E-06,0,0.4385259,0.8448324,-1.254601,3.069245,14.87364,-2.900701,0.4476638,0.7944156,-1.253423,7.868362,-2.05173,0.03956468,0.4614837,0.7528775,-1.252274,26.026,9.353378E-06,0,0.4809576,0.7325405,-1.254468,17.36731,5.246283E-06,0,0.4360248,0.84421,-1.26397,7.703139,29.67834,-7.04378,0.4441533,0.7983171,-1.275668,6.097058,-12.17201,-9.455297,0.4552109,0.7647077,-1.277612,26.79249,-2.530761E-05,0,0.470953,0.7489834,-1.278627,17.87982,-2.468758E-05,0,0.9166142,0.8718048,-1.254361,37.3865,-19.59171,75.60954,0.8882522,0.8530355,-1.234269,12.01434,25.70209,-5.273326,0.8730677,0.8282546,-1.226902,7.20816,-1.515688E-05,0,0.9141478,0.8640078,-1.264562,0,-14.88066,1.249918,0.9014239,0.8171511,-1.238846,5.586898,25.80895,7.642134,0.8855646,0.774354,-1.237248,19.92485,2.055603E-05,0,0.86753,0.7528219,-1.237991,13.29068,9.275909E-06,0,0.9129482,0.8606412,-1.274574,0,1.344966E-06,0,0.8989373,0.8104199,-1.262506,-1.302211,15.43081,5.76599,0.887055,0.7651097,-1.264491,23.05915,-0.0001042998,0,0.8681679,0.7407124,-1.26657,15.38431,-6.714003E-05,0,0.9121026,0.8585735,-1.285241,3.069245,14.87368,-2.900701,0.895505,0.81011,-1.286839,-8.447571,4.813624,-8.541943,0.8874063,0.7674145,-1.292246,25.33799,5.73678E-06,0,0.8710049,0.7444333,-1.292945,16.90734,5.777645E-06,0,0.9119862,0.8589853,-1.294949,7.703165,29.67841,-7.043752,0.8937884,0.8166789,-1.308663,-2.878752,-8.220503,-27.21833,0.8821216,0.7836529,-1.314029,22.98746,2.295902E-05,0,0.8682379,0.7663054,-1.31248,15.33642,1.76994E-05,0
67,0.6726365,0.9282264,-1.237918,-0.07401875,0.1624066,1.171529,0.6674661,1.289015,-1.280224,1.34188,1.43447,2.082529,0.6618276,1.597747,-1.279814,8.128786,-1.97776,1.901972,0.5925688,0.9279972,-1.236281,0.1813082,0.5332401,-4.252385,0.5898331,0.5008882,-1.235409,4.816823,-0.008519932,-0.07912937,0.5831506,0.07425508,-1.270272,4.880139,0.4342351,-6.788708,0.7527042,0.9284555,-1.239555,0.2594432,-2.21514,0.3990945,0.7374482,0.5016128,-1.237844,5.344451,0.009662577,0.06255726,0.721821,0.07549712,-1.276017,4.545709,-2.425649,-7.204131,0.5955376,1.410704,-1.261621,-15.18934,1.280466,-1.139523,0.4659245,1.409727,-1.291777,-11.76486,15.45893,-58.46963,0.4313639,1.154007,-1.293677,11.17951,-8.291748E-05,-33.12451,0.7346126,1.414068,-1.26676,-15.87226,2.374977,-0.6355062,0.8609237,1.421785,-1.307941,-4.406956,6.031857,-35.62962,0.8962989,1.166388,-1.318521,9.46203,-0.0001191119,-22.88646,0.4334201,0.8721577,-1.257624,8.205592,-11.53851,0.8306301,0.9207637,0.8852116,-1.285594,20.63225,-5.091277,0.9270402,0.4442896,0.8617125,-1.226395,43.10544,-20.69542,86.17921,0.4765958,0.843724,-1.2125,6.151827,33.41557,-3.396959,0.4879613,0.818617,-1.200693,3.421424,-1.591138E-05,0,0.4428397,0.8526042,-1.235663,0,-14.88063,1.249918,0.4559411,0.807218,-1.207605,21.15699,20.18834,-6.239102,0.4774162,0.7670458,-1.204337,20.57266,-3.568087E-06,0,0.4980678,0.7480565,-1.20587,13.72333,2.594203E-08,0,0.4408082,0.8480691,-1.245061,0,-4.021192E-06,0,0.4509665,0.7977591,-1.229901,13.2261,12.65867,-0.9048218,0.4672464,0.7537939,-1.229509,25.00076,1.213176E-05,0,0.488661,0.7318033,-1.233264,16.68191,-6.822719E-07,0,0.4384282,0.8447984,-1.255181,3.069245,14.87364,-2.900701,0.4475406,0.794377,-1.254001,7.884386,-2.047354,0.03956468,0.4613501,0.7528355,-1.252849,26.01098,4.321308E-05,0,0.4808163,0.7324896,-1.255028,17.35727,3.087925E-05,0,0.4359365,0.8441786,-1.264552,7.703139,29.67834,-7.043725,0.4440551,0.7982835,-1.276248,6.091846,-12.17239,-9.455816,0.4550957,0.7646681,-1.278185,26.80788,-4.831284E-06,0,0.4708343,0.7489393,-1.279185,17.89012,1.839078E-07,0,0.9166574,0.8719016,-1.253838,37.38737,-19.59266,75.61852,0.8882896,0.8531334,-1.233753,12.01882,25.71891,-5.278526,0.8731127,0.828347,-1.22639,7.209847,7.380266E-06,0,0.914196,0.8641023,-1.264039,0,-14.88066,1.250075,0.9014677,0.8172491,-1.238318,5.58532,25.81053,7.656476,0.8856142,0.7744498,-1.236719,19.94238,-2.429661E-05,0,0.8675771,0.7529202,-1.23747,13.30239,-7.218238E-06,0,0.9130008,0.8607336,-1.274051,0,2.169333E-07,0,0.8989913,0.8105129,-1.261978,-1.309853,15.42561,5.759494,0.8871212,0.7651992,-1.263955,23.09112,2.154287E-05,0,0.8682272,0.7408072,-1.266033,15.40571,1.518681E-05,0,0.9121597,0.8586637,-1.284718,3.069245,14.87368,-2.900768,0.8955687,0.8101978,-1.286313,-8.460348,4.807448,-8.540057,0.8874872,0.7674979,-1.29171,25.39281,3.365915E-07,0,0.8710727,0.7445259,-1.292403,16.94401,1.378823E-05,0,0.912047,0.8590735,-1.294425,7.703139,29.67841,-7.043752,0.8938599,0.8167623,-1.308138,-2.892726,-8.223538,-27.2035,0.8822076,0.7837307,-1.313502,23.0302,2.029961E-05,0,0.8683179,0.7663883,-1.311947,15.36499,1.089548E-05,0
100,0.6725899,0.9282148,-1.237852,-0.05233916,0.1687401,1.099495,0.6674469,1.288987,-1.280311,1.370451,1.433864,2.002814,0.6618201,1.597721,-1.280079,8.100745,-1.998969,1.910596,0.5925202,0.9279776,-1.236315,0.2121421,0.5335284,-4.288889,0.5898322,0.5008692,-1.235063,4.914781,-0.008287174,-0.07661668,0.5831496,0.07426468,-1.270276,4.925293,0.4398347,-6.743809,0.7526596,0.9284521,-1.239389,0.3906707,-2.735013,0.4316007,0.7335949,0.5017689,-1.236498,5.332081,0.01665556,0.1136409,0.7142488,0.07569408,-1.273401,4.377838,-2.949321,-7.21575,0.59549,1.410684,-1.261864,-15.19334,1.297302,-1.141753,0.465921,1.409729,-1.292209,-11.7824,15.44373,-58.5118,0.4313996,1.154004,-1.29416,11.17183,-9.005848E-05,-33.15379,0.7345719,1.414048,-1.266811,-15.85754,2.355889,-0.6351982,0.8609533,1.421705,-1.307787,-4.415614,6.072766,-35.70806,0.8964221,1.166312,-1.318112,9.435944,-9.645097E-05,-22.93134,0.433442,0.8721478,-1.258158,8.174307,-11.53293,0.8268523,0.9208946,0.8851491,-1.285071,20.65325,-5.101471,0.9297802,0.4442633,0.8616928,-1.226916,43.1066,-20.69371,86.17476,0.476543,0.8436885,-1.212979,6.142897,33.41798,-3.392172,0.487881,0.8185754,-1.201159,3.416327,1.352503E-05,0,0.4428227,0.8525866,-1.236187,0,-14.88062,1.249918,0.4558657,0.8071904,-1.208118,21.15629,20.18357,-6.225008,0.4773204,0.7670094,-1.204823,20.54376,1.171106E-05,0,0.4979573,0.7480018,-1.206325,13.704,1.633426E-05,0,0.4408024,0.8480541,-1.245588,0,2.379136E-06,0,0.4509184,0.7977372,-1.230422,13.23837,12.66012,-0.9056864,0.4671878,0.7537682,-1.23002,24.99272,-2.700446E-06,0,0.4885995,0.7317706,-1.23375,16.67653,-1.100114E-06,0,0.4384352,0.844786,-1.255712,3.069245,14.87364,-2.900701,0.447525,0.7943607,-1.254528,7.901422,-2.040618,0.03956468,0.4613265,0.7528167,-1.253372,26.00255,3.935786E-05,0,0.4807895,0.7324656,-1.255531,17.35164,3.794592E-05,0,0.4359564,0.8441688,-1.265087,7.703139,29.67834,-7.043752,0.4440723,0.7982723,-1.276779,6.078541,-12.17205,-9.436402,0.4550941,0.7646501,-1.278705,26.8469,0.0001935669,0,0.4708346,0.7489222,-1.27969,17.91621,0.0001412323,0,0.9167151,0.8718527,-1.253319,37.39253,-19.59873,75.57264,0.8882999,0.8530988,-1.233288,12.01093,25.72865,-5.276818,0.8731009,0.8283177,-1.225952,7.204539,-5.064627E-05,0,0.9142766,0.8640493,-1.263523,0,-14.8807,1.249918,0.901487,0.8172075,-1.237811,5.610701,25.81189,7.6399,0.8856105,0.774416,-1.236233,19.86392,-1.238216E-05,0,0.8675942,0.7528698,-1.237009,13.24997,-2.212696E-05,0,0.9131041,0.8606764,-1.273535,0,-1.450932E-05,0,0.8990643,0.8104615,-1.261474,-1.309554,15.42074,5.761909,0.8871961,0.7651474,-1.263454,23.09846,-7.93841E-05,0,0.8683024,0.7407579,-1.265564,15.41062,-6.803482E-05,0,0.9122872,0.858602,-1.284204,3.069245,14.87368,-2.900701,0.8956972,0.8101364,-1.285816,-8.464524,4.789301,-8.570383,0.8876293,0.7674323,-1.2912,25.41895,-1.576544E-05,0,0.871208,0.7444654,-1.291903,16.96148,-2.318994E-05,0,0.9121968,0.8590078,-1.293911,7.703191,29.67842,-7.04378,0.8940387,0.8166918,-1.307648,-2.892456,-8.229487,-27.20639,0.8823966,0.783658,-1.313021,23.03282,-5.088391E-06,0,0.8685022,0.7663175,-1.311488,15.36675,-1.00702E-05,0
133,0.6722825,0.9281945,-1.238917,-0.03956468,0.1764359,1.02259,0.6671486,1.288953,-1.281527,1.404163,1.439591,1.915302,0.6615071,1.597688,-1.281491,8.083521,-2.029155,1.919691,0.5922108,0.927947,-1.237488,0.3789758,0.5147687,-4.334812,0.5897399,0.5008434,-1.234879,5.123462,-0.007927666,-0.07912937,0.5831474,0.0742535,-1.270284,4.948349,0.4300985,-6.701332,0.7523541,0.9284421,-1.240347,0.5489398,-2.775556,0.4706381,0.7330614,0.5017797,-1.236174,5.514022,0.01594114,0.1219466,0.7134799,0.07572204,-1.273152,4.376675,-3.0023,-7.260879,0.595147,1.41065,-1.263257,-15.19361,1.328176,-1.148929,0.4656245,1.409732,-1.293801,-11.78639,15.41947,-58.58281,0.4311541,1.154001,-1.295763,11.16617,-8.820827E-05,-33.17704,0.7342359,1.414031,-1.267994,-15.84015,2.368268,-0.6293179,0.860689,1.421713,-1.308743,-4.408822,6.068729,-35.79334,0.8962541,1.166322,-1.318793,9.40289,-0.0001185796,-22.88818,0.4332183,0.8721428,-1.259778,8.144735,-11.52133,0.8230571,0.9207386,0.8851719,-1.285653,20.64913,-5.116186,0.9323022,0.4440084,0.8616793,-1.228528,43.1083,-20.69192,86.17491,0.4762701,0.8436616,-1.214567,6.132932,33.42214,-3.387031,0.4875875,0.8185436,-1.202737,3.410649,-8.702676E-06,0,0.4425727,0.852575,-1.237802,0,-14.88064,1.249918,0.455575,0.8071699,-1.209728,21.15156,20.17727,-6.229637,0.4770116,0.7669808,-1.206414,20.52558,-3.362625E-05,0,0.4976375,0.7479595,-1.207893,13.69189,-1.577168E-05,0,0.4405591,0.8480445,-1.247205,0,-7.637197E-06,0,0.450644,0.7977218,-1.232038,13.25423,12.66403,-0.9056864,0.4669079,0.7537508,-1.231635,24.97873,1.882173E-05,0,0.4883149,0.7317464,-1.235352,16.66718,9.805363E-06,0,0.4381997,0.8447789,-1.257332,3.069245,14.87364,-2.900701,0.4472706,0.7943501,-1.256147,7.914304,-2.033602,0.04845664,0.4610645,0.7528036,-1.254993,25.99687,-1.949498E-06,0,0.4805239,0.732448,-1.257143,17.34783,-6.525377E-06,0,0.4357289,0.8441639,-1.266709,7.703139,29.67835,-7.043725,0.443839,0.7982664,-1.278401,6.08969,-12.17453,-9.416468,0.4548572,0.7646427,-1.280322,26.8285,6.482924E-06,0,0.470591,0.7489076,-1.281297,17.90391,-4.13107E-06,0,0.9164417,0.8718812,-1.253914,37.39267,-19.60639,75.578,0.8879607,0.8531175,-1.233986,12.04209,25.73997,-5.29302,0.8727489,0.8283253,-1.226715,7.22249,8.659486E-06,0,0.9140482,0.8640737,-1.264125,0,-14.88066,1.249762,0.9011853,0.8172309,-1.238452,5.607731,25.81356,7.668002,0.8853304,0.7744294,-1.236927,19.87718,-1.700179E-05,0.01978234,0.8673272,0.752875,-1.237775,13.25885,5.248837E-07,0,0.9129172,0.8606976,-1.274142,0,-6.088447E-07,0,0.8988601,0.8104773,-1.262123,-1.336913,15.41496,5.791361,0.887048,0.76515,-1.264134,23.21057,5.283036E-05,0,0.8681415,0.7407768,-1.266318,15.48551,4.750301E-05,0,0.9121438,0.8586199,-1.284813,3.069245,14.87368,-2.900701,0.8955895,0.8101439,-1.286478,-8.505515,4.787069,-8.515438,0.8875992,0.7674278,-1.291883,25.58522,1.951689E-05,0,0.871144,0.7444869,-1.292637,17.07262,2.107184E-05,0,0.9120914,0.8590232,-1.294521,7.703139,29.67841,-7.043752,0.8940132,0.8166927,-1.308318,-2.894215,-8.223087,-27.14702,0.8824133,0.7836508,-1.313732,23.06519,1.528062E-05,0,0.8685116,0.7663116,-1.312252,15.38836,1.678804E-05,0
167,0.6720549,0.9281671,-1.239705,-0.02797646,0.1863441,0.9481196,0.6668985,1.288916,-1.282472,1.448884,1.453625,1.820052,0.6612013,1.597649,-1.282673,8.084856,-2.063906,1.933506,0.5919815,0.927906,-1.23838,0.5439265,0.5013024,-4.381818,0.5897014,0.5008113,-1.234468,5.355367,-0.0074719,-0.08392937,0.5831552,0.07425582,-1.270294,5.002963,0.4194334,-6.662355,0.7521282,0.9284282,-1.24103,0.6783969,-2.774001,0.5082192,0.7329311,0.5017726,-1.235842,5.704991,0.006172187,0.1266688,0.7133688,0.07574955,-1.273227,4.41987,-3.019178,-7.306188,0.5948319,1.410606,-1.264411,-15.19297,1.340504,-1.168016,0.46536,1.409656,-1.295168,-11.81088,15.42879,-58.62495,0.4309645,1.153915,-1.297135,11.16759,-8.670645E-05,-33.20952,0.7339275,1.414022,-1.268921,-15.81868,2.393366,-0.6311808,0.860457,1.421771,-1.309419,-4.408556,6.047566,-35.88628,0.8961188,1.166384,-1.31924,9.357358,-0.0001145374,-22.79803,0.4330817,0.8720618,-1.261113,8.109878,-11.49945,0.81781,0.9206245,0.8852344,-1.286114,20.64286,-5.126028,0.9339799,0.4438194,0.8615913,-1.229848,43.10923,-20.68801,86.17294,0.4760546,0.8435619,-1.215841,6.124615,33.42492,-3.382635,0.4873452,0.8184394,-1.203995,3.405996,4.441525E-06,0,0.4423959,0.8524886,-1.239125,0,-14.88064,1.249762,0.455341,0.8070762,-1.211037,21.14089,20.1692,-6.232751,0.476757,0.7668793,-1.207685,20.50834,-4.180901E-05,0,0.4973733,0.7478445,-1.209124,13.68038,-2.466776E-05,0,0.4403959,0.8479599,-1.248532,0,-8.214262E-06,0,0.4504427,0.7976324,-1.233356,13.26561,12.66939,-0.9004862,0.4667003,0.7536592,-1.232939,24.973,1.120258E-05,0,0.4881076,0.7316508,-1.236631,16.66336,8.024754E-06,0,0.4380516,0.8446962,-1.258663,3.069245,14.87364,-2.900768,0.4471065,0.7942647,-1.25747,7.928206,-2.030333,0.04845664,0.4608962,0.7527171,-1.256304,25.98708,2.155811E-05,0,0.4803542,0.7323575,-1.258428,17.34131,1.411421E-05,0,0.4355955,0.8440831,-1.268044,7.703139,29.67834,-7.043752,0.4437111,0.7981847,-1.279729,6.086503,-12.17995,-9.410851,0.4547216,0.7645575,-1.281633,26.84109,0.0001918361,0,0.4704554,0.748821,-1.282585,17.91234,0.0001454011,0,0.9161786,0.8719298,-1.254401,37.40566,-19.59962,75.61001,0.887606,0.8531418,-1.234628,12.00943,25.83268,-5.295944,0.8724201,0.828311,-1.227435,7.197265,-1.797957E-05,0,0.9138427,0.8641238,-1.264627,0,-14.88067,1.250075,0.900888,0.8172624,-1.239034,5.603431,25.81421,7.700336,0.8850625,0.7744469,-1.237602,19.89874,-3.051016E-05,0,0.8670752,0.7528836,-1.238555,13.27324,-1.599587E-05,0,0.9127647,0.86075,-1.27465,0,-5.576206E-06,0,0.8986872,0.8105147,-1.262718,-1.344357,15.41415,5.811025,0.8869269,0.7651772,-1.264803,23.24919,-0.0001819675,0,0.8680379,0.7408004,-1.267094,15.51132,-0.0001288383,0,0.9120466,0.8586752,-1.285325,3.069245,14.87368,-2.900768,0.8955392,0.8101867,-1.28709,-8.535111,4.788826,-8.506069,0.8876323,0.7674623,-1.29255,25.73134,5.550395E-06,0,0.8711534,0.744541,-1.293383,17.17032,9.903983E-06,0,0.9120427,0.8590816,-1.295034,7.703165,29.67841,-7.04378,0.8940676,0.8167413,-1.308935,-2.891711,-8.230678,-27.12076,0.88252,0.7836918,-1.314414,23.07254,6.483953E-06,0,0.8686206,0.7663445,-1.313008,15.39328,7.885667E-06,0
200,0.6719474,0.9281324,-1.23998,-0.01978234,0.1974197,0.8800449,0.6667577,1.288874,-1.282887,1.493314,1.468446,1.725103,0.6609858,1.597605,-1.283334,8.073581,-2.083426,1.950637,0.5918725,0.927856,-1.23875,0.6549156,0.4979261,-4.423547,0.5897078,0.5007696,-1.233974,5.5398,-0.007038082,-0.08846933,0.5831661,0.07425678,-1.270306,5.071496,0.4122849,-6.625014,0.7520222,0.9284088,-1.24121,0.760533,-2.781166,0.5421248,0.7328571,0.50176,-1.235391,5.849083,0.005696289,0.1282043,0.7133276,0.07577452,-1.273219,4.468614,-3.032936,-7.350258,0.5946249,1.410555,-1.265034,-15.19794,1.349202,-1.189103,0.4652068,1.409564,-1.296015,-11.79587,15.40438,-58.59959,0.4309148,1.153809,-1.29799,11.17794,-8.003109E-05,-33.173,0.7337267,1.414011,-1.269317,-15.79663,2.413213,-0.6413296,0.8603329,1.421815,-1.309564,-4.420668,6.035919,-35.94685,0.8960891,1.166436,-1.319241,9.316459,-0.0001087046,-22.74093,0.4330985,0.871971,-1.261855,8.077543,-11.46383,0.8118062,0.9206321,0.8852804,-1.286192,20.61813,-5.154181,0.9379522,0.4437819,0.8614951,-1.230572,43.10832,-20.6858,86.17063,0.4759893,0.8434557,-1.216515,6.118851,33.42418,-3.379392,0.4872544,0.8183299,-1.204652,3.40266,-4.798531E-06,0,0.4423716,0.8523936,-1.239853,0,-14.88064,1.249762,0.4552596,0.8069756,-1.211748,21.12673,20.16319,-6.229007,0.4766538,0.7667705,-1.208354,20.5046,-2.463312E-05,0,0.4972641,0.7477263,-1.209756,13.67786,-1.638687E-05,0,0.4403862,0.8478662,-1.249264,0,-1.069187E-05,0,0.4503962,0.7975351,-1.234075,13.28054,12.66968,-0.9059024,0.4666535,0.753562,-1.23364,24.95086,3.667428E-05,0,0.4880591,0.7315462,-1.237297,16.64855,2.880714E-05,0,0.438058,0.844604,-1.259399,3.069181,14.87364,-2.900701,0.4470992,0.7941704,-1.258196,7.942529,-2.025569,0.04845664,0.4608867,0.7526224,-1.257017,25.9731,2.181297E-05,0,0.4803432,0.7322584,-1.259113,17.33196,7.763549E-06,0,0.4356173,0.8439924,-1.268784,7.703165,29.67835,-7.043752,0.4437417,0.7980932,-1.28046,6.080637,-12.186,-9.443877,0.4547448,0.7644626,-1.282345,26.85809,-3.927319E-05,0,0.47048,0.7487254,-1.283264,17.92369,-2.969106E-05,0,0.9160793,0.8719662,-1.254499,37.40565,-19.60111,75.59063,0.8874515,0.8531455,-1.234837,11.99924,25.8453,-5.293724,0.8722683,0.8282954,-1.227705,7.190366,-3.18259E-05,0,0.9137906,0.8641593,-1.264735,0,-14.88071,1.249918,0.9007877,0.8172804,-1.239198,5.59412,25.81465,7.73789,0.8850082,0.7744457,-1.237834,19.9427,-4.323428E-05,0,0.8670353,0.7528741,-1.238868,13.30258,-4.125136E-05,0,0.9127545,0.860786,-1.274762,0,-1.98561E-05,0,0.8986844,0.8105341,-1.262892,-1.369594,15.40713,5.80235,0.8869992,0.7651793,-1.265023,23.36575,-0.000238064,0,0.8681054,0.7408133,-1.267387,15.58921,-0.0001754686,0,0.9120793,0.8587122,-1.28544,3.069245,14.87368,-2.900768,0.8956298,0.8102066,-1.287275,-8.550468,4.788257,-8.488111,0.8878002,0.7674726,-1.292773,25.86499,1.525885E-05,0,0.8713018,0.7445674,-1.293661,17.25966,-5.861163E-06,0,0.912112,0.8591201,-1.295149,7.703165,29.67843,-7.04378,0.8942347,0.8167632,-1.309125,-2.90596,-8.234352,-27.09132,0.8827511,0.7836992,-1.314651,23.1208,4.956519E-06,0,0.8688549,0.7663455,-1.313295,15.42554,3.177421E-06,0
233,0.6718395,0.9280862,-1.240206,0,0.206947,0.8103587,0.666626,1.288822,-1.283216,1.525083,1.482135,1.631229,0.6607665,1.597553,-1.283872,8.030915,-2.083658,1.970204,0.5917633,0.9277966,-1.239073,0.7694854,0.4926319,-4.464141,0.5897151,0.5007204,-1.233407,5.721663,-0.01791857,-0.09065409,0.5832682,0.07424635,-1.270207,5.134616,0.3954118,-6.586957,0.7519157,0.9283757,-1.241339,0.8511084,-2.78701,0.5753932,0.7327803,0.5017355,-1.234831,6.004496,0.01418834,0.1341704,0.7133489,0.07578748,-1.273128,4.520734,-3.037655,-7.398098,0.5944299,1.410492,-1.265544,-15.20072,1.350044,-1.200241,0.4650643,1.40945,-1.296742,-11.74702,15.35842,-58.54585,0.4309023,1.153677,-1.298675,11.18324,-8.519563E-05,-33.10108,0.7335376,1.413984,-1.269601,-15.78551,2.424517,-0.649214,0.860213,1.421831,-1.309621,-4.477853,6.050256,-36.00823,0.8960716,1.166468,-1.319349,9.35303,-0.0001199121,-22.74787,0.4331452,0.8718619,-1.262367,8.05152,-11.42094,0.8062432,0.9205428,0.8853149,-1.286227,20.60725,-5.145796,0.9360726,0.4437798,0.8613828,-1.231069,43.10939,-20.6845,86.16668,0.4759631,0.8433365,-1.216965,6.112408,33.42295,-3.375683,0.4872067,0.8182089,-1.205085,3.399148,-4.083218E-05,0,0.4423816,0.8522819,-1.240352,0,-14.88066,1.249762,0.4552186,0.8068603,-1.212229,21.11064,20.15372,-6.224095,0.4765927,0.7666482,-1.208793,20.51356,-1.95159E-05,0,0.4972011,0.7475994,-1.210158,13.68385,-1.423807E-05,0,0.4404093,0.8477553,-1.249766,0,-1.543797E-05,0,0.4503866,0.7974215,-1.234564,13.2953,12.67172,-0.9106421,0.4666445,0.7534488,-1.234111,24.9282,-2.107878E-05,0,0.4880481,0.7314257,-1.237736,16.63341,-2.650135E-05,0,0.4380956,0.8444939,-1.259905,3.069309,14.87364,-2.900768,0.447125,0.7940584,-1.25869,7.957739,-2.020941,0.04845664,0.4609125,0.7525107,-1.257498,25.9582,-2.382252E-05,0,0.4803679,0.7321429,-1.259566,17.32197,-1.945383E-05,0,0.4356688,0.843883,-1.269293,7.703165,29.67835,-7.04378,0.4438016,0.7979827,-1.280959,6.075961,-12.17718,-9.423541,0.4547973,0.764349,-1.282833,26.88179,8.154612E-05,0,0.4705355,0.748614,-1.283736,17.93954,6.687149E-05,0,0.9159052,0.871995,-1.254548,37.40883,-19.59284,75.5629,0.8872244,0.8531637,-1.234973,11.93365,25.87733,-5.270092,0.8720446,0.828303,-1.227871,7.14924,-4.631307E-05,0,0.9136469,0.864189,-1.264791,0,-14.88068,1.250075,0.9005848,0.8173031,-1.239298,5.605948,25.81575,7.741491,0.8848044,0.7744671,-1.237985,19.91222,-2.279042E-05,0,0.8668473,0.7528849,-1.239071,13.28224,-3.12971E-05,0,0.9126396,0.8608169,-1.274822,0,-8.749907E-06,0,0.8985491,0.8105597,-1.262998,-1.375012,15.4015,5.765616,0.8868854,0.7652011,-1.265164,23.43178,-7.355939E-05,0,0.8679777,0.7408504,-1.267576,15.63332,-5.631837E-05,0,0.9119946,0.8587444,-1.285502,3.069245,14.87368,-2.900768,0.8955625,0.810235,-1.28739,-8.53281,4.782315,-8.513084,0.8877457,0.7675016,-1.29291,25.9197,9.505106E-06,0,0.8712281,0.7446117,-1.293833,17.29622,-5.004661E-06,0,0.9120542,0.8591537,-1.29521,7.703191,29.67842,-7.04378,0.8942265,0.8167943,-1.309243,-2.915979,-8.228705,-27.10098,0.8827724,0.783727,-1.314809,23.17145,6.396135E-06,0,0.8688675,0.7663777,-1.313485,15.45935,3.592777E-06,0
267,0.6717202,0.9280359,-1.240398,0,0.2159895,0.7367479,0.6664894,1.288766,-1.283495,1.550534,1.495265,1.546869,0.6605358,1.597497,-1.284327,7.985811,-2.071797,1.976749,0.5916426,0.9277338,-1.239368,0.8849231,0.4863915,-4.50437,0.589712,0.50067,-1.232808,5.940065,-0.006222503,-0.09278741,0.5831732,0.07426015,-1.270329,5.23409,0.4026918,-6.547991,0.7517978,0.928338,-1.241427,0.9385778,-2.791741,0.6081289,0.7326943,0.5017071,-1.234254,6.170855,0.01366399,0.1356209,0.7133006,0.07580924,-1.273124,4.586719,-3.050064,-7.451351,0.5942349,1.410423,-1.265978,-15.19979,1.344598,-1.200893,0.4649149,1.409322,-1.297363,-11.71193,15.33298,-58.53033,0.4308779,1.153532,-1.299181,11.17752,-8.702244E-05,-33.05785,0.7333474,1.413952,-1.269833,-15.78105,2.431154,-0.6573014,0.8600813,1.421832,-1.309661,-4.456104,6.017899,-36.01172,0.8959334,1.166462,-1.319226,9.297918,-0.0001134572,-22.68775,0.4331703,0.8717393,-1.262696,8.033286,-11.38171,0.8018627,0.9204199,0.8852983,-1.286205,20.65116,-5.161728,0.9408684,0.4437703,0.8612591,-1.231387,43.11194,-20.68369,86.15285,0.4759372,0.8432094,-1.21725,6.095482,33.41754,-3.365808,0.487169,0.8180834,-1.205356,3.390036,-1.851245E-05,0,0.4423806,0.8521582,-1.240671,0,-14.88064,1.249918,0.4551815,0.8067354,-1.212534,21.09926,20.14483,-6.224977,0.4765419,0.7665188,-1.209065,20.5041,-6.477779E-05,0,0.4971446,0.7474617,-1.2104,13.67751,-5.176399E-05,0,0.4404177,0.8476318,-1.250087,0,-8.447955E-06,0,0.4503717,0.7972969,-1.234874,13.31355,12.67237,-0.9240804,0.4666358,0.7533266,-1.234409,24.88955,1.016917E-05,0,0.488033,0.7312928,-1.238006,16.60759,1.377342E-06,0,0.4381142,0.8443705,-1.260228,3.069309,14.87364,-2.900701,0.4471352,0.7939338,-1.259003,7.972527,-2.016178,0.03956468,0.4609253,0.7523873,-1.257802,25.94185,-1.132211E-05,0,0.4803792,0.7320161,-1.259851,17.31105,-1.294437E-05,0,0.4356973,0.8437599,-1.26962,7.703139,29.67835,-7.043725,0.4438359,0.7978582,-1.281276,6.114332,-12.18209,-9.428838,0.454851,0.7642303,-1.283139,26.79492,0.0001361812,0,0.4705744,0.7484794,-1.284023,17.88144,9.051483E-05,0,0.9156952,0.8719724,-1.254542,37.39829,-19.58821,75.56592,0.8869597,0.8531408,-1.235048,11.90908,25.85845,-5.255497,0.8717525,0.8282872,-1.227979,7.135671,-3.249384E-05,0,0.9134604,0.8641698,-1.264792,0,-14.88069,1.249762,0.9003142,0.8172827,-1.239345,5.604445,25.80736,7.690594,0.8845145,0.7744525,-1.238076,19.93715,-3.231899E-05,0,0.8665416,0.7528857,-1.239205,13.2989,-2.567859E-05,0,0.9124777,0.8608006,-1.274827,0,-1.073368E-05,0,0.8983372,0.810546,-1.263052,-1.372591,15.40322,5.780928,0.8866599,0.7651929,-1.26526,23.4723,-0.0002483429,0,0.8677313,0.7408645,-1.267733,15.6604,-0.0001777063,0,0.9118596,0.858731,-1.285509,3.069245,14.87368,-2.900768,0.8954136,0.8102283,-1.287451,-8.486699,4.777919,-8.513385,0.8875602,0.767505,-1.292998,25.91422,-1.001543E-06,0,0.87102,0.7446333,-1.293966,17.29259,-1.334267E-05,0,0.9119444,0.8591427,-1.295217,7.703165,29.67842,-7.043752,0.8941367,0.8167936,-1.309306,-2.916584,-8.224753,-27.07632,0.8826845,0.7837323,-1.314913,23.20125,1.923691E-05,0,0.8687605,0.7663954,-1.313627,15.47929,1.210132E-05,0
300,0.6715865,0.927991,-1.240574,0,0.2236385,0.6655847,0.6663415,1.288716,-1.283764,1.580534,1.50844,1.477108,0.6602904,1.597446,-1.284766,7.973659,-2.053383,1.96742,0.5915078,0.9276783,-1.239644,0.9867525,0.4787884,-4.538723,0.5896913,0.5006266,-1.232305,6.113883,-0.00587007,-0.09278741,0.583176,0.07426181,-1.270339,5.303339,0.3979459,-6.504573,0.7516652,0.9283037,-1.241504,1.024502,-2.793552,0.6385778,0.7326036,0.501682,-1.233691,6.327162,0.01633251,0.1412742,0.713284,0.07582912,-1.273086,4.646502,-3.056798,-7.503442,0.5940339,1.410364,-1.266394,-15.19871,1.343518,-1.201219,0.4647518,1.40921,-1.297933,-11.70575,15.32814,-58.55849,0.4308215,1.153405,-1.299631,11.1628,-8.770769E-05,-33.15755,0.7331499,1.413927,-1.270082,-15.77936,2.43644,-0.6726035,0.8599303,1.421833,-1.309757,-4.470849,6.00926,-36.04327,0.8958026,1.166465,-1.319286,9.298066,-0.0001171418,-22.63704,0.4331512,0.871627,-1.263037,8.004913,-11.35589,0.7972127,0.9202352,0.8852979,-1.286252,20.64924,-5.179203,0.9441901,0.44367,0.8611466,-1.2317,43.1134,-20.68381,86.14452,0.4757992,0.8430946,-1.217481,6.084956,33.42176,-3.360394,0.4869968,0.8179682,-1.205555,3.383909,-3.147565E-06,0,0.442303,0.8520457,-1.240988,0,-14.88063,1.249762,0.4550269,0.8066223,-1.212817,21.0797,20.13856,-6.21265,0.4763638,0.7663991,-1.209281,20.50407,-5.787368E-06,0,0.496963,0.7473341,-1.210557,13.67748,-1.031003E-05,0,0.4403637,0.847519,-1.250409,0,-3.71383E-06,0,0.4502732,0.7971835,-1.235169,13.31641,12.67325,-0.9375348,0.466533,0.7532121,-1.234661,24.87391,7.757472E-06,0,0.4879329,0.7311713,-1.238199,16.59715,2.043912E-05,0,0.4380857,0.8442578,-1.260555,3.069245,14.87364,-2.900701,0.4470979,0.7938201,-1.259306,7.980181,-2.014672,0.03956468,0.4608855,0.7522737,-1.25807,25.93168,2.89521E-05,0,0.4803413,0.7318994,-1.260069,17.30423,1.585775E-05,0,0.4356927,0.8436471,-1.269953,7.703139,29.67834,-7.043725,0.4438559,0.7977442,-1.281587,6.110226,-12.17388,-9.417052,0.454869,0.7641142,-1.283425,26.81348,4.442686E-05,0,0.4705965,0.7483655,-1.284273,17.89385,3.281843E-05,0,0.9154309,0.8719753,-1.254599,37.393,-19.59968,75.56944,0.8866529,0.8531417,-1.23517,11.95606,25.85837,-5.276632,0.8714283,0.8282844,-1.228152,7.163769,-1.426189E-06,0,0.9132239,0.864171,-1.264854,0,-14.88068,1.249918,0.9000198,0.8172849,-1.239435,5.601542,25.80271,7.668283,0.8842258,0.7744517,-1.238198,19.95958,-1.939812E-05,0,0.8662513,0.7528882,-1.239366,13.31388,-1.510094E-05,0,0.9122677,0.8608003,-1.274891,0,-6.751869E-06,0,0.8981053,0.8105448,-1.263146,-1.351616,15.40243,5.757758,0.8864251,0.7651936,-1.265378,23.45132,-0.0001229597,0,0.8675069,0.7408613,-1.267891,15.64637,-8.217352E-05,0,0.9116775,0.8587292,-1.285575,3.069309,14.87368,-2.900701,0.8952447,0.8102236,-1.287553,-8.441502,4.779506,-8.525764,0.8873789,0.7675045,-1.293114,25.90899,3.499056E-06,0,0.8708294,0.7446411,-1.29412,17.28906,5.781955E-07,0,0.9117874,0.8591397,-1.295282,7.703139,29.67842,-7.043752,0.8940231,0.8167858,-1.309412,-2.905825,-8.239867,-27.09166,0.8825849,0.7837224,-1.315034,23.18395,4.477109E-06,0,0.8686633,0.7663815,-1.313777,15.46772,6.008868E-06,0
333,0.6714386,0.9279554,-1.240704,0,0.2285885,0.6042554,0.666186,1.288679,-1.283967,1.608638,1.520461,1.422441,0.6600463,1.597406,-1.285111,7.981877,-2.035376,1.956147,0.591359,0.9276358,-1.23986,1.066612,0.4693417,-4.565015,0.5896481,0.5005942,-1.231932,6.231902,-0.01359608,-0.09691329,0.583245,0.07425424,-1.270262,5.341077,0.3813021,-6.461138,0.7515183,0.928275,-1.241548,1.100207,-2.791667,0.6688108,0.7325051,0.5016615,-1.233197,6.469448,0.01260841,0.1440177,0.7132136,0.07585576,-1.273113,4.707276,-3.067219,-7.545378,0.5938331,1.410317,-1.266723,-15.19695,1.337771,-1.199262,0.4645803,1.409105,-1.298379,-11.73121,15.34458,-58.59445,0.4307405,1.153288,-1.300002,11.14926,-8.316006E-05,-33.26908,0.7329519,1.413912,-1.27028,-15.77992,2.44644,-0.687565,0.8597659,1.421853,-1.30984,-4.481526,5.996655,-36.04715,0.8956619,1.166487,-1.319356,9.298532,-0.0001080941,-22.58812,0.4331111,0.8715163,-1.26336,7.976145,-11.34312,0.7932757,0.9200782,0.8853191,-1.286319,20.65796,-5.186863,0.9458466,0.4435563,0.8610362,-1.231998,43.11341,-20.68483,86.14742,0.4756508,0.8429823,-1.217703,6.086889,33.43096,-3.3622,0.4868139,0.8178538,-1.20575,3.384776,-1.459425E-05,0,0.4422101,0.8519351,-1.241288,0,-14.88064,1.249918,0.4548646,0.8065116,-1.213086,21.05612,20.13464,-6.20384,0.4761766,0.7662807,-1.209489,20.51614,1.047567E-05,0,0.4967749,0.7472112,-1.210712,13.68555,-3.564989E-06,0,0.4402922,0.8474083,-1.250714,0,-5.851996E-06,0,0.450162,0.7970725,-1.235449,13.31585,12.67673,-0.9337703,0.4664155,0.7530992,-1.234905,24.88265,2.671463E-06,0,0.4878239,0.7310591,-1.238396,16.60295,-1.950976E-06,0,0.4380375,0.8441468,-1.260866,3.069245,14.87364,-2.900701,0.4470424,0.7937084,-1.259593,7.987016,-2.008892,0.04423466,0.4608275,0.7521621,-1.25833,25.92581,3.907005E-05,0,0.4802861,0.7317861,-1.260285,17.30032,2.802019E-05,-0.01978234,0.4356663,0.843536,-1.270269,7.703165,29.67835,-7.043725,0.4438525,0.7976319,-1.281882,6.100176,-12.18143,-9.443045,0.4548618,0.763999,-1.283687,26.84249,8.964727E-05,0,0.4705956,0.7482541,-1.284491,17.91326,5.801831E-05,0,0.9152167,0.8719963,-1.254675,37.39729,-19.59838,75.57804,0.8864017,0.8531642,-1.235299,11.94055,25.90947,-5.279305,0.8711878,0.8282932,-1.228307,7.151352,-1.506927E-05,0,0.9130284,0.864192,-1.264935,0,-14.88068,1.250075,0.8997788,0.8173057,-1.239539,5.604445,25.79969,7.659269,0.883981,0.7744731,-1.238328,19.97236,1.195767E-07,0,0.866003,0.7529143,-1.239528,13.32243,2.068506E-06,0,0.9120904,0.8608214,-1.274973,0,-9.041288E-06,0,0.8979073,0.8105657,-1.263253,-1.312539,15.40598,5.764902,0.8862019,0.7652222,-1.26551,23.37085,-0.000184763,0,0.867307,0.7408756,-1.268059,15.59261,-0.0001190384,0,0.9115196,0.8587503,-1.285658,3.069309,14.87368,-2.900768,0.8950911,0.8102446,-1.287666,-8.367691,4.776997,-8.545644,0.8871806,0.7675351,-1.293238,25.82,2.428821E-05,0,0.8706393,0.7446672,-1.294276,17.22959,1.705471E-05,0,0.9116471,0.8591608,-1.295365,7.703165,29.67842,-7.04378,0.893909,0.8168067,-1.309527,-2.898,-8.248331,-27.07996,0.8824769,0.7837438,-1.315164,23.18633,2.765615E-05,0,0.8685499,0.7664056,-1.313931,15.4693,1.727349E-05,0
367,0.6705733,0.9279251,-1.240756,0,0.2304791,0.55778,0.6653178,1.288651,-1.284036,1.621361,1.530874,1.382252,0.6591057,1.597377,-1.285249,7.979023,-2.023762,1.959246,0.590493,0.9276028,-1.239976,1.131942,0.4089185,-4.585095,0.5892449,0.500568,-1.231604,6.336637,-0.01376225,-0.08846933,0.583256,0.07425225,-1.270268,5.380336,0.3212796,-6.420984,0.7506536,0.9282473,-1.241536,1.20073,-2.737116,0.7010924,0.7320611,0.5016294,-1.232493,6.657084,0.01243743,0.1412742,0.7131763,0.07587209,-1.273114,4.794526,-3.020969,-7.574244,0.5929286,1.410278,-1.266866,-15.19891,1.3322,-1.192226,0.4636991,1.409021,-1.298615,-11.75187,15.35733,-58.60545,0.4299204,1.153195,-1.300214,11.1506,-8.210471E-05,-33.33874,0.732049,1.4139,-1.270329,-15.78062,2.447822,-0.6921035,0.8588881,1.421862,-1.309804,-4.484279,5.985301,-36.0047,0.8947963,1.166497,-1.319313,9.295614,-0.0001079698,-22.50942,0.4323434,0.871431,-1.263519,7.950977,-11.33147,0.7900625,0.9192346,0.8853309,-1.28628,20.66133,-5.188097,0.9462603,0.4427316,0.8609523,-1.232139,43.11294,-20.68293,86.14497,0.4747994,0.8428969,-1.217785,6.078896,33.43583,-3.358238,0.4859372,0.8177685,-1.205809,3.380088,1.769257E-05,0,0.4414017,0.8518506,-1.241431,0,-14.88061,1.249918,0.4540033,0.8064283,-1.213203,21.03494,20.12928,-6.196788,0.4752955,0.7661915,-1.209554,20.52423,2.631466E-05,0,0.4958926,0.7471181,-1.210734,13.69099,3.526025E-05,0,0.4395006,0.8473234,-1.250859,0,5.35349E-06,0,0.4493406,0.796988,-1.235574,13.32136,12.68107,-0.930201,0.4655939,0.753015,-1.235003,24.88109,2.06718E-05,0.01978234,0.487008,0.7309748,-1.238457,16.60193,2.851028E-05,0.01978234,0.437264,0.8440614,-1.261015,3.069245,14.87364,-2.900768,0.4462643,0.7936226,-1.259723,7.996669,-2.008643,0.02797646,0.4600519,0.7520779,-1.258434,25.91356,5.861873E-05,0,0.4795125,0.7317002,-1.260351,17.29214,5.647564E-05,0,0.4349097,0.8434501,-1.270422,7.703165,29.67833,-7.043752,0.4431147,0.797545,-1.282018,6.089465,-12.17383,-9.419097,0.4541189,0.7639094,-1.283805,26.87923,0.0001536036,0,0.4698603,0.748171,-1.284586,17.93784,0.0001180381,0,0.914335,0.8720042,-1.254643,37.39024,-19.595,75.53682,0.8855006,0.8531606,-1.235308,11.89547,25.89017,-5.255273,0.8702769,0.8282931,-1.228324,7.125629,-2.763826E-05,0,0.9121611,0.8642005,-1.264906,0,-14.88068,1.249762,0.8988872,0.8173094,-1.239532,5.612098,25.80016,7.661806,0.8830901,0.7744759,-1.238347,19.96733,3.031574E-05,0,0.8651167,0.7529147,-1.239572,13.31905,3.078896E-05,0,0.9112365,0.8608307,-1.274946,0,-7.312404E-06,0,0.897047,0.8105714,-1.26325,-1.293163,15.40779,5.753399,0.8853377,0.76523,-1.265527,23.35834,-0.0002054388,0,0.8664474,0.7408825,-1.268102,15.58425,-0.0001466198,0,0.9106798,0.8587606,-1.285632,3.069309,14.87368,-2.900701,0.894262,0.8102522,-1.287666,-8.302505,4.780925,-8.556943,0.886317,0.7675512,-1.293254,25.75415,3.470462E-05,0,0.8697811,0.7446808,-1.29432,17.18556,3.072745E-05,0,0.9108195,0.859172,-1.295339,7.703165,29.67842,-7.043752,0.8931068,0.8168164,-1.309528,-2.890154,-8.256702,-27.07503,0.8816831,0.7837527,-1.315178,23.18656,2.176706E-05,0,0.8677551,0.7664141,-1.31396,15.46947,1.68087E-05,0
400,0.6687267,0.9279057,-1.240772,-0.01978234,0.2294471,0.5311863,0.6634781,1.288638,-1.284027,1.624015,1.536676,1.356529,0.6572217,1.597363,-1.285257,7.975431,-2.014276,1.975362,0.588646,0.9275848,-1.24003,1.182171,0.2805243,-4.602365,0.5883468,0.5005542,-1.231362,6.422297,-0.006458687,-0.07661668,0.5832,0.07425791,-1.270361,5.415044,0.2010405,-6.389791,0.7488074,0.9282267,-1.241515,1.316855,-2.612512,0.7265852,0.7311389,0.5015867,-1.231691,6.870155,0.01275606,0.1312212,0.7131511,0.07586819,-1.273117,4.89813,-2.903494,-7.595744,0.5910673,1.410257,-1.266894,-15.2024,1.321278,-1.187621,0.4618543,1.408959,-1.298708,-11.7539,15.35866,-58.59867,0.4281408,1.153124,-1.300294,11.14525,-8.128383E-05,-33.38696,0.7301888,1.413895,-1.270294,-15.77797,2.477329,-0.6915378,0.8570419,1.421938,-1.309708,-4.480565,5.961641,-36.07499,0.8930047,1.166582,-1.319215,9.283407,-0.0001032152,-22.5104,0.4305927,0.8713628,-1.26358,7.932266,-11.32853,0.7878303,0.917451,0.8854064,-1.286262,20.66174,-5.196923,0.9479132,0.4409326,0.8608862,-1.232183,43.11447,-20.68093,86.13892,0.4729786,0.842831,-1.21778,6.070473,33.43832,-3.353804,0.4840971,0.8177035,-1.205784,3.375335,-2.859724E-05,0,0.4396167,0.8517839,-1.241476,0,-14.88063,1.249918,0.4521739,0.8063633,-1.213226,21.01354,20.12339,-6.18336,0.4734481,0.7661212,-1.20953,20.53514,-8.103805E-06,0,0.4940445,0.7470449,-1.210673,13.69825,-1.563032E-05,0,0.4377299,0.8472559,-1.250907,0,-2.862483E-06,0,0.4475452,0.7969215,-1.235603,13.32993,12.68411,-0.9268292,0.463802,0.7529501,-1.235008,24.87067,-2.499613E-06,0,0.4852193,0.7309079,-1.23843,16.59496,-8.492152E-06,0,0.4355088,0.8439932,-1.261066,3.069245,14.87364,-2.900701,0.4445059,0.7935544,-1.259757,7.999958,-2.008415,0,0.4582928,0.7520102,-1.258444,25.91932,2.232743E-05,0,0.4777594,0.7316351,-1.260328,17.29598,-1.237935E-06,0,0.4331689,0.8433813,-1.270477,7.703191,29.67834,-7.043752,0.4413905,0.7974751,-1.282056,6.107852,-12.17659,-9.426503,0.4524074,0.7638426,-1.283825,26.84204,-3.727713E-05,0,0.4681443,0.7480985,-1.284578,17.91295,-3.040736E-05,0,0.9125033,0.87207,-1.254637,37.38768,-19.58976,75.54425,0.8836417,0.8532121,-1.235356,11.86153,25.91149,-5.243927,0.8684282,0.828333,-1.228392,7.103985,-4.166483E-05,0,0.9103477,0.8642686,-1.264906,0,-14.88068,1.249762,0.8970431,0.8173677,-1.239566,5.617648,25.80135,7.667644,0.8812499,0.7745317,-1.238419,19.96943,-2.604457E-05,0,0.863281,0.752969,-1.239681,13.32046,-3.153085E-05,0,0.90944,0.8609013,-1.274948,0,-8.224231E-06,0,0.8952428,0.8106357,-1.263288,-1.284661,15.41053,5.753433,0.8835406,0.7652941,-1.265599,23.38414,-0.0001660463,0,0.8646455,0.7409546,-1.268214,15.60148,-0.0001242833,0,0.908901,0.858834,-1.285635,3.069245,14.87368,-2.900768,0.8924972,0.8103226,-1.287709,-8.267857,4.787902,-8.562931,0.8845447,0.7676268,-1.293326,25.78078,8.97642E-06,0,0.8679915,0.7447703,-1.294423,17.20337,2.009121E-06,0,0.9090564,0.8592482,-1.295342,7.703165,29.67842,-7.043752,0.8913758,0.8168924,-1.309571,-2.890696,-8.255035,-27.05316,0.8799689,0.7838278,-1.315249,23.21855,2.022314E-07,0,0.8660335,0.7664935,-1.314056,15.49082,-4.902447E-06,0
433,0.6680875,0.9278988,-1.240905,-0.03426402,0.2281608,0.5263757,0.6628435,1.28864,-1.284111,1.624135,1.537965,1.347701,0.6565725,1.597365,-1.285335,7.980918,-2.007841,1.991643,0.5880067,0.9275794,-1.24017,1.218204,0.2339132,-4.612398,0.5880471,0.5005521,-1.231335,6.44923,-0.006669885,-0.07132626,0.583218,0.07425517,-1.270368,5.416093,0.1522405,-6.379257,0.7481682,0.9282181,-1.241641,1.38508,-2.568777,0.7388696,0.7308197,0.5015745,-1.231414,6.963199,0.0127657,0.1297215,0.7131318,0.07587162,-1.273128,4.939473,-2.862427,-7.601426,0.5904267,1.410258,-1.266989,-15.2073,1.310651,-1.191076,0.4612215,1.408931,-1.298834,-11.72778,15.33766,-58.57802,0.427586,1.153086,-1.300404,11.12194,-8.633612E-05,-33.40699,0.7295487,1.413899,-1.270368,-15.77264,2.450925,-0.6954879,0.8564155,1.421885,-1.309749,-4.567546,6.030947,-36.15858,0.8924354,1.166544,-1.319462,9.319454,-0.0001179047,-22.54656,0.4300164,0.8713195,-1.263727,7.923947,-11.3386,0.7878303,0.9168093,0.8853527,-1.286595,20.64909,-5.17289,0.9431533,0.4403227,0.8608443,-1.232319,43.11454,-20.68167,86.1365,0.4723527,0.8427889,-1.217881,6.065822,33.43962,-3.351293,0.483457,0.8176621,-1.20587,3.372607,-8.733628E-06,0,0.4390162,0.8517415,-1.241613,0,-14.88065,1.249918,0.4515417,0.806322,-1.213347,20.98919,20.11637,-6.173173,0.4727974,0.7660736,-1.209613,20.55153,-2.170134E-05,0,0.4933935,0.7469953,-1.210729,13.70919,-1.013315E-05,0,0.4371392,0.8472131,-1.251046,0,-1.145177E-05,-0.02797646,0.4469362,0.7968791,-1.235728,13.3353,12.68506,-0.9251386,0.463194,0.7529083,-1.235116,24.86379,3.531833E-06,0,0.4846131,0.7308643,-1.238515,16.59035,1.369432E-05,0,0.4349287,0.8439499,-1.261207,3.069245,14.87364,-2.900701,0.4439221,0.7935107,-1.259885,8.005428,-2.006811,0.02797646,0.4577095,0.7519671,-1.258557,25.9195,6.10362E-06,0,0.4771792,0.7315931,-1.26042,17.29612,1.773496E-06,0,0.4325986,0.8433376,-1.27062,7.703139,29.67835,-7.043752,0.4408304,0.7974303,-1.282188,6.105187,-12.17701,-9.454923,0.4518462,0.7637968,-1.283942,26.85511,7.226742E-05,0,0.4675861,0.7480546,-1.284673,17.92169,4.566925E-05,0,0.9118253,0.8719893,-1.254987,37.38917,-19.59174,75.55057,0.8829423,0.8531143,-1.235755,11.85973,25.95774,-5.251768,0.8677427,0.8282152,-1.228832,7.100173,-2.592192E-05,0,0.9096823,0.8641964,-1.265265,0,-14.88068,1.249918,0.8963515,0.8172731,-1.239981,5.610561,25.80335,7.6701,0.8805649,0.7744332,-1.23889,20.01309,1.998716E-05,0,0.8625855,0.7528818,-1.240197,13.34963,1.19379E-05,0,0.9087868,0.8608375,-1.275311,0,-8.618978E-06,0,0.8945796,0.8105611,-1.263711,-1.270878,15.41163,5.73798,0.8828728,0.7652234,-1.266074,23.39082,-0.0001241857,0,0.8639739,0.7408913,-1.26873,15.60596,-8.066044E-05,0,0.9082605,0.8587792,-1.286001,3.069309,14.87368,-2.900701,0.8918628,0.8102683,-1.288135,-8.222181,4.789765,-8.56089,0.8838859,0.7675831,-1.293797,25.76997,7.47761E-06,0,0.8673216,0.7447366,-1.294936,17.19615,8.494522E-06,0,0.9084272,0.8592016,-1.295707,7.703165,29.67842,-7.043752,0.8907667,0.8168566,-1.309992,-2.886019,-8.251781,-27.04133,0.8793662,0.7837971,-1.315714,23.23836,1.332881E-05,0,0.8654235,0.7664667,-1.31455,15.50408,1.545805E-05,0
467,0.6674837,0.9279029,-1.241138,-0.04845664,0.2268102,0.5388666,0.6622404,1.288656,-1.284265,1.616526,1.536279,1.356962,0.6559811,1.597381,-1.285448,7.981951,-2.009381,1.995668,0.5874032,0.9275852,-1.240385,1.257255,0.1904479,-4.613248,0.5877622,0.5005616,-1.231383,6.466053,-0.006880451,-0.0656106,0.5832296,0.07425734,-1.270371,5.40646,0.105404,-6.379072,0.7475643,0.9282206,-1.241892,1.422578,-2.528318,0.7436213,0.730512,0.5015689,-1.231503,6.971195,0.01679772,0.1235407,0.7131326,0.07584345,-1.273117,4.936735,-2.818103,-7.601916,0.5898306,1.410274,-1.267116,-15.21386,1.298643,-1.189597,0.460624,1.408927,-1.298955,-11.70494,15.31377,-58.54227,0.4270511,1.153074,-1.300545,11.10147,-8.962944E-05,-33.41905,0.7289522,1.413911,-1.270516,-15.76868,2.451568,-0.7005339,0.8558155,1.421899,-1.309908,-4.566174,6.02122,-36.17073,0.8917813,1.166553,-1.319684,9.256844,-0.0001154115,-22.59749,0.4294542,0.8712988,-1.263936,7.917776,-11.35319,0.7880787,0.9161963,0.8853235,-1.287178,20.65463,-5.197774,0.9475003,0.4397325,0.860824,-1.232517,43.115,-20.68134,86.13398,0.4717493,0.8427679,-1.218052,6.053852,33.44512,-3.345154,0.4828396,0.8176419,-1.206026,3.36575,-9.267019E-06,0,0.4384339,0.8517209,-1.241813,0,-14.88062,1.250075,0.4509329,0.8063017,-1.213534,20.96469,20.11191,-6.165324,0.4721702,0.7660465,-1.209771,20.572,-4.287949E-05,0,0.4927669,0.7469676,-1.210864,13.72289,-2.734251E-05,0,0.436565,0.8471924,-1.251247,0,-1.985423E-07,0,0.4463467,0.7968585,-1.23592,13.33447,12.68628,-0.9257729,0.4626017,0.7528868,-1.235293,24.86827,2.125057E-05,0,0.4840242,0.7308434,-1.238674,16.59337,2.802465E-05,0,0.4343633,0.8439291,-1.26141,3.069245,14.87364,-2.900768,0.4433539,0.7934896,-1.260079,8.012586,-2.00254,0,0.4571432,0.7519469,-1.258743,25.90683,4.189484E-05,0,0.4766117,0.7315702,-1.260588,17.28764,3.055191E-05,0,0.4320416,0.8433166,-1.270825,7.703139,29.67834,-7.043725,0.440282,0.7974087,-1.282385,6.120549,-12.19268,-9.44627,0.4513083,0.7637776,-1.284121,26.81468,-1.416882E-05,0,0.467042,0.7480283,-1.284834,17.89466,-1.706201E-05,0,0.9112415,0.8719361,-1.255576,37.375,-19.591,75.50915,0.8823813,0.85304,-1.23633,11.82948,25.90722,-5.228621,0.8671702,0.8281498,-1.229401,7.085127,-4.137214E-05,0,0.9090887,0.8641512,-1.265858,0,-14.88069,1.249918,0.89578,0.8172091,-1.240597,5.606228,25.80264,7.673145,0.8799961,0.7743677,-1.239523,20.05322,1.289357E-05,0,0.8620015,0.7528292,-1.240833,13.3764,8.493992E-06,0,0.9081836,0.8608,-1.275906,0,-1.510761E-05,0,0.8939857,0.8105152,-1.26433,-1.250544,15.41512,5.735144,0.88226,0.7651837,-1.26672,23.36383,-0.0001006132,0,0.8633611,0.7408518,-1.269378,15.58792,-8.056103E-05,0,0.9076473,0.8587498,-1.286596,3.069245,14.87368,-2.900701,0.8912461,0.810241,-1.288752,-8.172457,4.785827,-8.583504,0.8832253,0.7675669,-1.294435,25.72196,1.718758E-05,0,0.866659,0.7447219,-1.295573,17.16404,4.372892E-06,0,0.907805,0.8591796,-1.296302,7.703191,29.67842,-7.04378,0.8901297,0.816846,-1.310603,-2.859855,-8.271073,-27.05132,0.8787078,0.7837943,-1.316326,23.1825,1.998493E-05,0,0.8647733,0.7664571,-1.315164,15.46675,2.383377E-06,0
500,0.6669096,0.9279022,-1.241475,-0.0656106,0.2247994,0.563365,0.6616704,1.288668,-1.284498,1.598632,1.531308,1.382393,0.655444,1.597394,-1.285595,7.971418,-2.012213,1.98948,0.5868294,0.927587,-1.240688,1.304763,0.1478768,-4.607979,0.5874981,0.5005688,-1.231452,6.488999,-0.007107727,-0.06255726,0.5832446,0.07425573,-1.270375,5.394304,0.06078496,-6.386138,0.7469899,0.9282173,-1.242262,1.451448,-2.489905,0.7444103,0.7302154,0.5015571,-1.231769,6.969028,0.004604252,0.1186941,0.7129988,0.07581306,-1.27326,4.941416,-2.789989,-7.599257,0.5892803,1.410287,-1.26728,-15.21896,1.287097,-1.180349,0.4600625,1.408936,-1.299073,-11.69381,15.29615,-58.51135,0.4265218,1.153079,-1.300711,11.09571,-9.135182E-05,-33.4436,0.7284006,1.413911,-1.270741,-15.7705,2.45232,-0.7044336,0.8552459,1.421901,-1.310191,-4.63202,6.057866,-36.23224,0.8912373,1.166571,-1.320278,9.324577,-0.0001075549,-22.69844,0.4289321,0.8712955,-1.264166,7.907282,-11.36555,0.7878303,0.9155416,0.8853269,-1.28781,20.63331,-5.189967,0.9450188,0.4391885,0.8608209,-1.23274,43.11558,-20.67989,86.13274,0.4711953,0.8427642,-1.218253,6.048409,33.45142,-3.342636,0.4822741,0.8176377,-1.206218,3.36255,-2.094832E-05,0,0.4378961,0.8517178,-1.242036,0,-14.88063,1.249762,0.4503748,0.8062987,-1.213749,20.94204,20.10898,-6.149436,0.4715958,0.7660372,-1.20996,20.59168,3.452189E-06,0,0.4921928,0.7469577,-1.211038,13.73604,1.278738E-05,0,0.4360337,0.8471891,-1.251472,0,-3.378908E-06,0,0.445804,0.7968552,-1.236137,13.3398,12.6876,-0.9304113,0.4620612,0.7528846,-1.2355,24.86228,1.738336E-05,0,0.4834853,0.7308403,-1.238866,16.58936,1.207167E-05,0,0.433839,0.8439257,-1.261636,3.069245,14.87364,-2.900701,0.4428277,0.7934861,-1.260299,8.015451,-2.000193,0.02797646,0.456617,0.7519436,-1.258954,25.90541,1.375731E-05,0,0.4760868,0.731567,-1.260787,17.2867,4.137287E-06,0,0.4315237,0.8433131,-1.271053,7.703165,29.67834,-7.043752,0.4397713,0.7974049,-1.282607,6.106246,-12.18294,-9.411311,0.4507892,0.7637709,-1.284339,26.86142,-5.292381E-05,0,0.4665317,0.7480304,-1.285049,17.92593,-3.925974E-05,0,0.9106187,0.8719338,-1.256205,37.35944,-19.59564,75.50981,0.8817834,0.8530316,-1.236928,11.84522,25.8575,-5.226448,0.8665599,0.8281524,-1.229986,7.097548,-1.447731E-05,0,0.9084536,0.8641513,-1.266486,0,-14.88069,1.249918,0.8951648,0.8172061,-1.24122,5.616078,25.80296,7.641209,0.8793688,0.7743694,-1.240139,20.04917,-3.37297E-05,0,0.8613669,0.7528359,-1.241429,13.3737,-2.81823E-05,0,0.9075372,0.8608022,-1.276534,0,-1.164659E-05,0,0.893344,0.8105173,-1.264953,-1.232894,15.41599,5.724849,0.8815953,0.7651917,-1.26734,23.35426,6.08192E-05,0,0.8626864,0.7408656,-1.269981,15.5815,3.16691E-05,0,0.906989,0.8587543,-1.287224,3.069309,14.87368,-2.900701,0.890578,0.8102486,-1.289372,-8.111475,4.780135,-8.596491,0.8824989,0.7675846,-1.29505,25.64091,7.160026E-06,0,0.8659357,0.7447368,-1.296176,17.10986,5.368394E-06,0,0.9071364,0.8591861,-1.29693,7.703191,29.67842,-7.04378,0.8894392,0.8168582,-1.311221,-2.825146,-8.289812,-27.04758,0.8779861,0.783814,-1.316926,23.10627,1.798116E-05,0,0.8640599,0.7664706,-1.315759,15.41583,1.558833E-05,0
533,0.6663765,0.9278822,-1.241846,-0.07912937,0.2204745,0.5990517,0.6611454,1.288658,-1.28476,1.576195,1.524961,1.424915,0.6549587,1.597386,-1.285746,7.963682,-2.012083,1.983667,0.5862967,0.9275728,-1.241009,1.366303,0.1045204,-4.59964,0.5872673,0.500563,-1.231415,6.526213,-0.01822334,-0.05934703,0.583349,0.07423982,-1.270263,5.379571,0.00770255,-6.401839,0.7464563,0.9281915,-1.242683,1.471932,-2.452849,0.7415132,0.729934,0.501523,-1.232129,6.923904,0.01366368,0.1136409,0.7130121,0.0757288,-1.273225,4.916016,-2.738636,-7.592591,0.5887841,1.410281,-1.267443,-15.22246,1.274995,-1.170359,0.4595447,1.40893,-1.299148,-11.7009,15.29876,-58.52069,0.4260187,1.153071,-1.300817,11.08504,-9.059242E-05,-33.5194,0.7279023,1.413888,-1.271006,-15.77699,2.452564,-0.7080355,0.8547149,1.421876,-1.310562,-4.628932,6.051131,-36.12617,0.890651,1.166545,-1.320834,9.347713,-0.0001147605,-22.53321,0.4284396,0.8712746,-1.264376,7.896377,-11.38437,0.7880787,0.9149739,0.8852968,-1.28842,20.65584,-5.187704,0.9458466,0.438679,0.8607995,-1.232945,43.11494,-20.68047,86.13599,0.4706775,0.8427422,-1.21844,6.055082,33.45811,-3.346967,0.4817459,0.8176133,-1.2064,3.365983,-5.875695E-06,0,0.4373915,0.8516965,-1.242242,0,-14.88064,1.249918,0.4498545,0.806277,-1.213948,20.92487,20.10527,-6.142099,0.4710636,0.766011,-1.210141,20.60621,-2.028879E-05,0,0.4916613,0.7469314,-1.211205,13.74573,-8.102814E-06,0,0.4355341,0.847168,-1.251678,0,-4.519833E-06,0,0.4452956,0.7968338,-1.236339,13.34315,12.6889,-0.9320924,0.4615542,0.7528637,-1.235696,24.85913,9.899485E-06,0,0.4829799,0.7308193,-1.239051,16.58725,-2.310304E-07,0,0.4333448,0.8439047,-1.261844,3.069245,14.87364,-2.900768,0.4423324,0.793465,-1.260502,8.014986,-1.999497,0,0.4561201,0.7519223,-1.259152,25.91373,2.33948E-05,0,0.4755934,0.7315481,-1.260975,17.29225,1.504931E-05,0,0.4310347,0.8432923,-1.271262,7.703165,29.67834,-7.043752,0.439288,0.7973842,-1.282812,6.119363,-12.18526,-9.423416,0.4503142,0.7637526,-1.284538,26.83193,0.0001245969,0,0.4660524,0.7480072,-1.285238,17.90619,9.212899E-05,0,0.9100387,0.8718981,-1.256819,37.35905,-19.60804,75.53044,0.8811957,0.8530033,-1.237547,11.90402,25.88229,-5.257659,0.8659689,0.8281181,-1.230633,7.131189,2.208323E-05,0,0.907874,0.8641186,-1.267103,0,-14.88066,1.250075,0.8945646,0.8171717,-1.241851,5.626398,25.80768,7.659039,0.8787487,0.7743419,-1.240787,20.04247,-2.464542E-05,0,0.8607404,0.7528145,-1.242093,13.36923,-1.883509E-05,0,0.9069592,0.8607721,-1.277151,0,-1.718602E-07,0,0.8927479,0.8104888,-1.265586,-1.204635,15.41716,5.730084,0.8809644,0.765173,-1.267987,23.29698,-9.896944E-05,0,0.8620617,0.7408434,-1.270639,15.54325,-5.706496E-05,0,0.9064131,0.8587267,-1.287842,3.069245,14.87368,-2.900768,0.8899882,0.8102264,-1.290005,-8.057126,4.781686,-8.607314,0.8818571,0.7675738,-1.295695,25.55824,3.445121E-05,0,0.8652984,0.7447235,-1.296836,17.05459,3.435029E-05,0,0.9065632,0.8591606,-1.297548,7.703165,29.67841,-7.043752,0.888857,0.8168412,-1.311853,-2.818903,-8.305607,-27.04477,0.8773921,0.7838013,-1.317558,23.09128,1.502574E-06,0,0.8634625,0.7664602,-1.316397,15.4058,2.104438E-08,0
567,0.6658315,0.9278595,-1.242179,-0.09278741,0.2149443,0.6501176,0.6605992,1.288647,-1.284992,1.557083,1.519923,1.483981,0.6544498,1.597375,-1.285866,7.973634,-2.014651,1.987807,0.5857525,0.9275576,-1.241271,1.422991,0.05882133,-4.586163,0.5870364,0.5005559,-1.231361,6.581149,-0.01539577,-0.05233916,0.58334,0.07423857,-1.270294,5.38707,-0.03403246,-6.427882,0.7459105,0.9281614,-1.243087,1.510772,-2.411249,0.7338206,0.7296701,0.501487,-1.232334,6.93961,0.005260949,0.1083524,0.712925,0.07567775,-1.273347,4.930819,-2.699081,-7.572145,0.5882698,1.410273,-1.267563,-15.22671,1.263144,-1.169523,0.4590001,1.408919,-1.299145,-11.70477,15.30077,-58.52044,0.4254914,1.153058,-1.300854,11.06922,-8.130744E-05,-33.59464,0.7273847,1.413865,-1.271268,-15.78314,2.440315,-0.7143636,0.8541552,1.421821,-1.310964,-4.603131,6.046885,-36.09586,0.8900097,1.166481,-1.321276,9.307742,-0.0001104501,-22.45631,0.4279114,0.8712436,-1.26455,7.888269,-11.40746,0.7890712,0.9143809,0.8852127,-1.289067,20.66138,-5.214953,0.9512104,0.4381374,0.8607664,-1.233115,43.11615,-20.68204,86.1339,0.4701302,0.8427092,-1.218598,6.059775,33.46971,-3.350534,0.4811886,0.8175767,-1.206556,3.368076,-3.102362E-05,0,0.4368539,0.8516641,-1.242413,0,-14.88064,1.249762,0.4493048,0.8062426,-1.214117,20.90869,20.09986,-6.141589,0.4705037,0.7659727,-1.210294,20.61309,-4.20241E-06,0,0.4911004,0.7468914,-1.211347,13.75034,2.820023E-06,0,0.4350004,0.8471361,-1.251851,0,-5.448577E-06,0,0.4447553,0.7968009,-1.236511,13.34831,12.69074,-0.9335608,0.4610167,0.7528319,-1.235866,24.85226,-1.2525E-05,0,0.4824429,0.7307869,-1.239214,16.58266,-2.130194E-05,0,0.4328154,0.8438736,-1.262018,3.069245,14.87364,-2.900633,0.4418022,0.7934337,-1.260675,8.017019,-1.997806,0,0.4555905,0.7518912,-1.259323,25.92392,3.641086E-05,0,0.4750683,0.731521,-1.261142,17.29907,2.332626E-05,0,0.4305092,0.8432617,-1.271437,7.703139,29.67835,-7.043752,0.4387673,0.7973544,-1.282986,6.128071,-12.19363,-9.436693,0.4497997,0.7637245,-1.284705,26.81201,-1.394544E-05,0,0.4655354,0.7479761,-1.285395,17.89289,-2.775623E-05,0,0.9094601,0.871807,-1.257468,37.35087,-19.6132,75.5353,0.8806307,0.8529038,-1.238183,11.9302,25.86646,-5.266484,0.8654025,0.828018,-1.231274,7.147785,-2.920043E-05,0,0.9072914,0.8640295,-1.267752,0,-14.88069,1.249918,0.8939954,0.8170766,-1.242504,5.651041,25.81198,7.631238,0.878166,0.7742516,-1.241447,19.98554,-2.683336E-05,0,0.8601707,0.752713,-1.242744,13.33122,-2.905788E-05,0,0.9063725,0.8606851,-1.2778,0,-1.235497E-05,0,0.8921689,0.8103985,-1.266239,-1.194194,15.41734,5.752581,0.8803793,0.7650846,-1.268645,23.29854,1.344345E-05,0,0.8614727,0.7407583,-1.2713,15.5443,1.066386E-05,0,0.905822,0.858642,-1.288492,3.069245,14.87368,-2.900701,0.8893988,0.8101411,-1.290658,-8.020226,4.785002,-8.593795,0.8812401,0.7674949,-1.296355,25.50606,2.650418E-06,0,0.8646875,0.7446405,-1.297503,17.01969,-6.222621E-07,0,0.9059678,0.8590779,-1.298198,7.703165,29.67842,-7.04378,0.888258,0.8167605,-1.312503,-2.822859,-8.309574,-27.05415,0.8767948,0.78372,-1.318209,23.10998,8.335879E-06,0,0.8628638,0.7663804,-1.317038,15.4183,-7.069726E-06,0
600,0.6652646,0.9278488,-1.242564,-0.1065312,0.2101258,0.7113441,0.6600123,1.288646,-1.285284,1.540658,1.518385,1.56398,0.6538981,1.597374,-1.286047,8.002412,-2.031389,1.988299,0.5851866,0.9275533,-1.241569,1.460721,0.01396867,-4.569818,0.5867838,0.5005568,-1.231481,6.589606,-0.01566663,-0.05233916,0.5833572,0.07422632,-1.270296,5.365931,-0.08089974,-6.461593,0.7453426,0.9281443,-1.243558,1.55293,-2.368468,0.7249676,0.7294012,0.5014646,-1.232574,6.926198,0.01766697,0.1027921,0.7130003,0.07561049,-1.273258,4.906044,-2.637129,-7.538119,0.5877151,1.410273,-1.267724,-15.24889,1.252032,-1.174365,0.4584138,1.408908,-1.299175,-11.68648,15.28115,-58.45989,0.4249341,1.153044,-1.300962,11.06185,-7.591004E-05,-33.59555,0.726825,1.413857,-1.271622,-15.7702,2.457065,-0.7214502,0.8535469,1.421854,-1.311465,-4.589451,6.026265,-36.07744,0.8893697,1.166515,-1.321917,9.32502,-0.0001270324,-22.44907,0.4273578,0.8712155,-1.264765,7.883091,-11.42389,0.7898148,0.9137437,0.8852415,-1.289759,20.64571,-5.210835,0.9497693,0.4375801,0.8607357,-1.23333,43.11796,-20.68237,86.12836,0.4695717,0.8426781,-1.21881,6.059872,33.48462,-3.351994,0.4806226,0.8175416,-1.20677,3.367669,-3.383952E-05,0,0.4362976,0.851634,-1.242629,0,-14.88062,1.249918,0.4487451,0.8062102,-1.214335,20.88864,20.09501,-6.145769,0.4699326,0.7659352,-1.210503,20.62483,2.172201E-05,0,0.4905287,0.7468528,-1.211549,13.75815,1.121017E-05,0,0.4344453,0.8471069,-1.252067,0,1.585216E-06,0,0.4441983,0.7967704,-1.23673,13.35094,12.69345,-0.9339799,0.4604608,0.7528017,-1.23609,24.8498,7.613285E-06,0,0.481887,0.7307568,-1.239439,16.58101,-8.432378E-06,0,0.4322615,0.8438452,-1.262234,3.069181,14.87364,-2.900768,0.4412481,0.7934052,-1.260895,8.01719,-1.999547,0,0.4550365,0.7518628,-1.259544,25.93716,-1.450865E-05,0,0.4745192,0.7314973,-1.261363,17.30791,-1.662226E-05,0,0.4299564,0.8432342,-1.271654,7.703139,29.67834,-7.043725,0.4382159,0.7973278,-1.283206,6.119972,-12.19118,-9.429109,0.4492437,0.7636966,-1.284928,26.83505,2.092423E-05,0,0.4649835,0.7479523,-1.285619,17.90826,1.316137E-05,0,0.9088687,0.8718305,-1.258154,37.34844,-19.62365,75.54284,0.8800718,0.8529225,-1.238825,11.98193,25.87179,-5.29091,0.8648538,0.8280305,-1.231917,7.178405,-1.792623E-05,0,0.9066865,0.8640543,-1.268436,0,-14.88066,1.249918,0.8934315,0.817096,-1.243177,5.649341,25.81449,7.63751,0.87761,0.7742684,-1.242106,20.01854,-6.152024E-05,0,0.8596041,0.7527376,-1.243387,13.35325,-4.072778E-05,0,0.905754,0.8607113,-1.278484,0,1.616317E-06,0,0.8915726,0.8104213,-1.266911,-1.190912,15.41801,5.752002,0.8797823,0.765107,-1.269307,23.32265,6.197612E-05,0,0.8608633,0.740788,-1.271941,15.5604,3.550633E-05,0,0.9051887,0.8586697,-1.289175,3.069245,14.87368,-2.900701,0.8887683,0.8101673,-1.291325,-7.996743,4.78318,-8.610349,0.8805891,0.7675239,-1.297015,25.48067,1.040061E-05,0,0.8640388,0.7446668,-1.298142,17.00273,1.213352E-05,0,0.9053209,0.8591071,-1.298881,7.703165,29.67841,-7.043752,0.8875961,0.8167897,-1.313169,-2.831237,-8.315704,-27.08114,0.8761338,0.7837464,-1.318859,23.14097,2.051155E-05,0,0.8622032,0.7664085,-1.317661,15.43902,9.137968E-06,0
633,0.6653889,0.9278402,-1.241494,-0.1186941,0.2096649,0.774302,0.6600937,1.288647,-1.284134,1.527134,1.519356,1.679696,0.6540236,1.597372,-1.284769,8.065699,-2.065214,1.962739,0.585312,0.927545,-1.240412,1.364297,0.02102108,-4.55909,0.5868555,0.5005299,-1.231132,6.523869,-0.01892695,-0.05233916,0.5834004,0.07422873,-1.270264,5.407293,-0.09360631,-6.50605,0.7454658,0.9281355,-1.242576,1.428755,-2.374423,0.7308815,0.729477,0.5014331,-1.232586,6.798495,0.01449281,0.1008706,0.7129639,0.07558727,-1.273311,4.930183,-2.630592,-7.477035,0.5878366,1.410272,-1.266407,-15.31144,1.237105,-1.187127,0.4585064,1.408881,-1.297737,-11.59281,15.20873,-58.39503,0.4251744,1.152997,-1.299467,10.99904,-8.919644E-05,-33.55951,0.7269385,1.413852,-1.270584,-15.71437,2.423423,-0.7200928,0.8536241,1.421778,-1.310556,-4.656988,6.106792,-36.11935,0.8895357,1.16646,-1.321198,9.439921,-0.0001262063,-22.49449,0.4275245,0.8711501,-1.263409,7.895059,-11.44973,0.7922885,0.9138278,0.8852168,-1.288712,20.61694,-5.163864,0.939828,0.4377542,0.8606675,-1.231977,43.11837,-20.68088,86.12288,0.4697496,0.8426084,-1.217468,6.055309,33.49285,-3.350125,0.4807999,0.8174693,-1.205432,3.364761,-1.861128E-05,0,0.4364696,0.8515667,-1.241277,0,-14.88064,1.249918,0.4489239,0.8061404,-1.21299,20.87079,20.09197,-6.150329,0.4701024,0.7658605,-1.209159,20.63667,-3.856088E-05,0,0.4906979,0.7467777,-1.210207,13.76606,-3.504274E-05,0,0.4346151,0.8470405,-1.250715,0,-6.731847E-06,0,0.4443718,0.7967026,-1.235384,13.35193,12.69603,-0.9337703,0.4606348,0.7527339,-1.234755,24.85146,1.693353E-05,0,0.4820608,0.7306901,-1.238112,16.58212,8.340056E-06,0,0.4324289,0.8437797,-1.260882,3.069309,14.87364,-2.900701,0.441416,0.7933396,-1.259549,8.01626,-1.999432,0,0.4552041,0.7517968,-1.258205,25.95731,1.273902E-05,0,0.4746931,0.7314382,-1.260032,17.32136,1.260786E-05,0,0.4301216,0.8431695,-1.270301,7.703165,29.67835,-7.04378,0.4383784,0.7972642,-1.281859,6.138683,-12.19262,-9.432194,0.4494166,0.7636367,-1.283587,26.79246,0.0001412749,0,0.4651496,0.7478859,-1.284283,17.87981,8.854872E-05,0,0.9089786,0.8718175,-1.257098,37.33981,-19.62311,75.57346,0.8802015,0.8529104,-1.237739,12.00262,25.85816,-5.297646,0.8649905,0.8280196,-1.230811,7.191593,-2.074498E-05,0,0.9067888,0.8640373,-1.267375,0,-14.88068,1.249918,0.8935568,0.8170877,-1.242088,5.647988,25.82121,7.670433,0.8777401,0.7742589,-1.240994,20.05188,-2.031457E-05,0,0.859724,0.7527359,-1.242263,13.37552,-2.634377E-05,0,0.9058486,0.8606904,-1.277421,0,-7.735614E-06,0,0.8916796,0.8104038,-1.265818,-1.168686,15.42123,5.70901,0.8798736,0.7650924,-1.268191,23.29337,-0.0001779777,0,0.8609565,0.7407684,-1.270792,15.54082,-0.000127114,0,0.905275,0.8586447,-1.288111,3.069245,14.87368,-2.900768,0.8888561,0.8101404,-1.29023,-7.954753,4.781173,-8.636973,0.8806438,0.7675001,-1.295895,25.40496,2.670038E-05,0,0.8641079,0.7446315,-1.297001,16.95212,1.304791E-05,0,0.9053996,0.8590784,-1.297817,7.703165,29.67842,-7.043808,0.8876663,0.8167545,-1.312075,-2.819945,-8.328715,-27.10309,0.8761953,0.783709,-1.317736,23.12042,1.110417E-05,0,0.8622706,0.766368,-1.316515,15.42529,3.848266E-06,0
667,0.6652794,0.9278305,-1.240718,-0.1341704,0.2056503,0.8158936,0.6598923,1.288645,-1.283334,1.537861,1.549564,1.811753,0.6537549,1.597362,-1.283888,8.219745,-2.142225,1.926509,0.5852033,0.9275404,-1.239578,1.306112,0.008040745,-4.562741,0.5868148,0.5005141,-1.230842,6.506472,-0.008051067,-0.05595291,0.5833204,0.0742504,-1.270376,5.459303,-0.1056289,-6.544906,0.7453555,0.9281206,-1.241858,1.328838,-2.358479,0.7848442,0.729453,0.5013961,-1.23271,6.671885,0.0149481,0.09891172,0.7129663,0.07553944,-1.273333,4.935148,-2.600645,-7.393826,0.58762,1.410242,-1.265469,-15.41888,1.232057,-1.220451,0.4582765,1.408765,-1.296742,-11.57767,15.23652,-58.29365,0.4249452,1.152882,-1.298475,11.03064,-8.268464E-05,-33.4506,0.72671,1.413885,-1.269971,-15.62306,2.389429,-0.6623429,0.8533677,1.421789,-1.310036,-4.844603,6.252318,-36.15187,0.8896913,1.166539,-1.320935,9.983336,-0.0001137944,-22.27661,0.4273617,0.8710549,-1.262264,7.894487,-11.41331,0.7900625,0.9135378,0.885527,-1.286201,20.44783,-4.944496,0.8921905,0.4376144,0.86057,-1.230841,43.11825,-20.68302,86.11153,0.4696202,0.8425106,-1.216355,6.047956,33.49326,-3.346148,0.4806797,0.8173712,-1.204328,3.360686,-5.463302E-06,0,0.436323,0.8514699,-1.24014,0,-14.88063,1.250075,0.4487981,0.8060415,-1.211866,20.85285,20.08234,-6.168471,0.4699711,0.7657582,-1.20804,20.6432,1.358871E-05,0,0.4905655,0.7466745,-1.209094,13.77044,7.17942E-06,0,0.4344616,0.8469443,-1.249577,0,-2.397287E-06,0,0.4442297,0.7966053,-1.234258,13.35393,12.69796,-0.9304113,0.4604942,0.752637,-1.233645,24.8552,2.807994E-05,0,0.4819193,0.7305955,-1.237022,16.58462,2.939725E-05,0,0.4322681,0.8436843,-1.259743,3.069245,14.87364,-2.900768,0.4412562,0.7932441,-1.25842,8.020054,-1.999442,0,0.4550481,0.7517021,-1.257089,25.96212,2.498394E-05,0,0.474539,0.7313467,-1.258932,17.32461,9.294984E-06,0,0.4299538,0.8430747,-1.26916,7.703165,29.67834,-7.043752,0.4382023,0.7971703,-1.280728,6.153643,-12.19874,-9.425544,0.4492484,0.7635458,-1.282464,26.76188,0.0001637674,0,0.4649767,0.7477909,-1.283172,17.85935,0.0001136714,0,0.9085613,0.8722313,-1.254563,37.36501,-19.63662,75.60088,0.8797177,0.8533604,-1.235268,12.0666,25.99111,-5.351926,0.8645568,0.8284346,-1.228356,7.221566,-3.685951E-05,0,0.9064334,0.8644111,-1.264823,0,-14.88069,1.249918,0.8931606,0.8175287,-1.239433,5.631551,25.82298,7.700413,0.8774221,0.7746732,-1.238263,20.14489,-2.693152E-05,0,0.8594207,0.7531392,-1.239554,13.43763,-1.979204E-05,0,0.9055464,0.8610271,-1.274862,0,-1.320333E-05,0,0.8914072,0.8107579,-1.263147,-1.188609,15.40585,5.67644,0.8797037,0.7654138,-1.265403,23.41843,0.0002055481,0,0.8607943,0.7410832,-1.267997,15.62443,0.0001347203,0,0.905027,0.8589427,-1.285547,3.069245,14.87367,-2.900701,0.8886998,0.8104033,-1.287572,-7.975283,4.761311,-8.631628,0.8806016,0.7677246,-1.293109,25.52093,-9.283745E-06,0,0.8640722,0.7448502,-1.294193,17.02964,-1.625592E-05,0,0.9051967,0.8593423,-1.295254,7.703165,29.67842,-7.043752,0.8876023,0.8169382,-1.309445,-2.829439,-8.35253,-27.04984,0.8762195,0.7838492,-1.315029,23.13951,2.088348E-05,0,0.8623133,0.7664933,-1.313808,15.43802,1.00356E-05,0
700,0.6650779,0.9278387,-1.240508,-0.165511,0.173177,0.8527163,0.6596282,1.288671,-1.28318,1.601322,1.609622,1.951741,0.6533237,1.59737,-1.28381,8.510339,-2.279321,1.92295,0.5850024,0.9275933,-1.239317,1.249605,-0.03267196,-4.549887,0.5866754,0.5005543,-1.231237,6.353355,-0.01642929,-0.04423466,0.5833911,0.07424518,-1.270297,5.390052,-0.1338629,-6.559211,0.7451534,0.9280842,-1.241699,1.322786,-2.308838,0.8695317,0.7293847,0.501349,-1.232823,6.63711,0.00653631,0.09065409,0.7128689,0.07549435,-1.273455,4.95725,-2.573034,-7.288012,0.5872806,1.410218,-1.265279,-15.5698,1.310515,-1.283594,0.4579428,1.408753,-1.296576,-11.38519,15.08998,-58.09851,0.4247023,1.152856,-1.298184,11.0185,-8.009172E-05,-33.21842,0.7263556,1.413992,-1.270128,-15.54868,2.323245,-0.5471546,0.8529686,1.421825,-1.310348,-5.387434,6.587047,-35.57803,0.8901847,1.166762,-1.32253,12.1467,-0.0001137541,-20.48446,0.4270305,0.8710604,-1.261731,7.925086,-11.3679,0.7900625,0.9120253,0.8868213,-1.278953,19.42289,-4.571716,0.7828471,0.4372945,0.8605749,-1.230311,43.11761,-20.68313,86.10568,0.4693052,0.8425149,-1.215837,6.03936,33.49747,-3.341699,0.4803667,0.8173754,-1.203813,3.355789,-6.811734E-06,0,0.4359997,0.8514749,-1.23961,0,-14.88062,1.249762,0.4484847,0.806046,-1.211341,20.84177,20.07579,-6.183676,0.469654,0.7657608,-1.207516,20.63822,2.961396E-05,0,0.4902451,0.7466735,-1.208569,13.7671,2.814475E-05,0,0.4341349,0.8469496,-1.249047,0,3.123658E-06,0,0.4439082,0.7966103,-1.233731,13.35131,12.70016,-0.9240804,0.4601704,0.752641,-1.233127,24.86867,2.244748E-05,0,0.4815975,0.7306032,-1.236515,16.59363,2.929805E-05,0,0.4319376,0.8436897,-1.259212,3.069309,14.87364,-2.900701,0.440926,0.7932495,-1.257893,8.030304,-1.998091,0,0.4547253,0.7517097,-1.256571,25.94198,1.11713E-05,0,0.4742124,0.731351,-1.258418,17.31113,1.883596E-05,0,0.4296201,0.8430803,-1.268628,7.703165,29.67834,-7.043725,0.4378642,0.7971761,-1.2802,6.173586,-12.19979,-9.430214,0.4489209,0.7635553,-1.281941,26.71161,-4.402395E-05,0,0.4646404,0.7477918,-1.282655,17.82573,-1.582635E-05,0,0.9065322,0.8741577,-1.247142,37.54207,-19.63409,75.76061,0.8774545,0.8554081,-1.228081,12.00157,26.92512,-5.498576,0.8628343,0.8302143,-1.220979,7.124032,-5.130678E-05,0,0.9047346,0.8660849,-1.257269,0,-14.88068,1.250075,0.8915324,0.8195941,-1.231133,5.592017,25.81414,7.843401,0.87637,0.7765529,-1.229338,20.37251,-6.103649E-05,0,0.8586234,0.7548055,-1.230579,13.58964,-4.55447E-05,0,0.9041135,0.8624689,-1.267246,0,-9.46496E-06,0,0.8903908,0.8122795,-1.254723,-1.582143,15.27499,5.316735,0.8796427,0.7666646,-1.256104,25.11662,-1.862067E-05,0,0.8605485,0.742457,-1.258486,16.75937,-2.08943E-05,0,0.9038569,0.8601429,-1.277891,3.069245,14.87367,-2.900768,0.8882259,0.8113501,-1.279186,-8.390026,4.643646,-8.818331,0.8811302,0.76839,-1.283855,27.11812,-1.168948E-05,0,0.8644745,0.7455924,-1.284552,18.09758,-3.14991E-06,0,0.9042346,0.8603311,-1.287598,7.703165,29.67842,-7.04378,0.8875224,0.8173862,-1.301218,-2.769656,-8.549914,-26.91965,0.8766711,0.7840214,-1.306186,22.79407,-5.128728E-06,0,0.8630412,0.7664533,-1.304889,15.20722,-7.227165E-06,0
733,0.6649865,0.9279045,-1.240039,-0.23239,0.09576865,0.9466738,0.6596274,1.288782,-1.282658,1.673159,1.659432,2.174029,0.6532448,1.597463,-1.283412,8.802255,-2.439761,1.966823,0.5849128,0.9277653,-1.238716,1.02259,-0.09276807,-4.469622,0.5864441,0.5006899,-1.232837,5.841572,-0.01706097,-0.03956468,0.5833705,0.07423598,-1.270301,5.172862,-0.1389384,-6.559181,0.7450602,0.9280437,-1.241362,1.338668,-2.221074,0.9293592,0.7293873,0.5012976,-1.232847,6.580583,0.0157182,0.08846933,0.7129127,0.07543567,-1.27342,4.977955,-2.527927,-7.150776,0.5872579,1.410298,-1.26464,-15.75639,1.432009,-1.319676,0.4578995,1.408965,-1.295857,-11.03098,14.72351,-57.61204,0.4247766,1.153053,-1.297436,11.06797,-8.800464E-05,-32.72427,0.7263099,1.41417,-1.270037,-15.56121,2.380081,-0.4410186,0.8527412,1.422175,-1.310791,-6.112728,7.194347,-35.25114,0.8921186,1.167532,-1.324825,17.11026,-0.0001020797,-18.8328,0.4270865,0.8713261,-1.260453,7.953347,-11.26815,0.7858408,0.9089039,0.8913506,-1.260134,16.83722,-4.561576,0.6755064,0.4373641,0.8608431,-1.229037,43.11895,-20.68141,86.09213,0.4693817,0.8427842,-1.214577,6.017899,33.50886,-3.330725,0.4804439,0.8176459,-1.202551,3.343397,9.916629E-07,0,0.4360653,0.8517424,-1.238335,0,-14.88064,1.250075,0.4485625,0.8063157,-1.210068,20.83748,20.07226,-6.187607,0.4697317,0.7660303,-1.206245,20.61618,7.477849E-06,0,0.4903151,0.7469347,-1.207298,13.75238,4.617566E-06,0,0.4341963,0.8472164,-1.24777,0,-8.692213E-06,0,0.4439763,0.7968783,-1.232455,13.34682,12.70292,-0.9153573,0.4602347,0.7529076,-1.231855,24.89841,1.23049E-05,-0.01978234,0.4816687,0.7308787,-1.235258,16.61351,1.261563E-05,0,0.4319946,0.8439556,-1.257934,3.069245,14.87364,-2.900701,0.4409835,0.7935155,-1.256616,8.03888,-1.99765,0,0.4547893,0.7519777,-1.255298,25.91564,2.311686E-05,0,0.4742698,0.731613,-1.257149,17.29354,1.160645E-05,0,0.4296729,0.8433456,-1.26735,7.703165,29.67835,-7.04378,0.437912,0.7974404,-1.278921,6.182376,-12.20796,-9.444252,0.4489736,0.7638211,-1.28066,26.68193,0.0001064658,0,0.4646873,0.7480519,-1.281375,17.80589,6.487127E-05,0,0.903154,0.8808548,-1.227588,37.33182,-19.65976,76.34926,0.874373,0.8625197,-1.207692,12.62412,26.15678,-5.63868,0.8601643,0.837549,-1.199118,7.543505,-3.290927E-05,0,0.9018118,0.8720162,-1.237129,0,-14.88068,1.249918,0.8895113,0.827141,-1.20791,5.602696,25.79836,7.509037,0.8756343,0.7838826,-1.203241,20.55764,-1.315024E-05,0,0.8585057,0.7616107,-1.203177,13.71329,-1.587173E-05,0,0.9015056,0.8676689,-1.246825,0,-1.194844E-05,0,0.8890761,0.8181041,-1.23092,-2.104312,15.23256,4.152468,0.8801647,0.7721104,-1.229102,28.42258,-1.095733E-06,0,0.8606537,0.7481341,-1.229958,18.97009,-1.345392E-05,0,0.9015376,0.864571,-1.257274,3.069245,14.87368,-2.900701,0.8874403,0.8153364,-1.255285,-8.594936,4.616122,-9.500901,0.8819165,0.7719246,-1.256907,29.34504,-6.576471E-06,0,0.8652027,0.7491804,-1.255917,19.58724,-3.647783E-06,0,0.9021074,0.8640676,-1.266961,7.703165,29.67842,-7.043808,0.8870017,0.8197351,-1.277709,-2.730078,-9.113341,-27.63741,0.8772527,0.7857499,-1.280074,22.07028,-8.597111E-06,0,0.8643795,0.7677467,-1.277572,14.72365,-9.680955E-06,0
767,0.6646992,0.9280403,-1.239595,-0.3397734,-0.01739037,1.20561,0.6595903,1.288996,-1.281887,1.699042,1.655815,2.547297,0.6534424,1.597676,-1.282714,8.895872,-2.610556,2.066491,0.5846322,0.9280546,-1.237909,0.6148488,-0.1861121,-4.278144,0.5859862,0.5009428,-1.23589,4.905324,-0.02069207,0,0.583378,0.07422596,-1.270268,4.756581,-0.1568877,-6.603964,0.7447662,0.928026,-1.24128,1.36659,-2.084016,0.8913127,0.7293222,0.501261,-1.233307,6.450568,0.01933686,0.07912937,0.712943,0.07535484,-1.273452,4.965897,-2.457142,-6.947208,0.5873702,1.410543,-1.263477,-15.84894,1.564113,-1.314922,0.4578593,1.409525,-1.294067,-10.64311,14.24999,-57.07224,0.4247761,1.153609,-1.295699,11.20792,-7.893408E-05,-32.43084,0.7263852,1.414376,-1.269781,-15.78778,2.614359,-0.4316007,0.8523481,1.422846,-1.31187,-6.52002,8.45777,-35.31301,0.8972674,1.16915,-1.326412,25.74748,-0.0001067178,-21.61461,0.4274164,0.8719679,-1.258084,7.91356,-11.1422,0.7727842,0.906601,0.9045522,-1.223244,12.9119,-5.441917,0.616438,0.4376944,0.8614926,-1.226666,43.11688,-20.68226,86.0787,0.469712,0.8434379,-1.2122,5.998486,33.50245,-3.319479,0.480778,0.8183061,-1.200164,3.33284,-3.70834E-06,0,0.4363961,0.8523898,-1.235961,0,-14.88063,1.249762,0.4488954,0.8069701,-1.207684,20.83036,20.06917,-6.180696,0.4700631,0.7666851,-1.203847,20.60408,-4.079806E-05,0,0.490642,0.7475842,-1.204892,13.74431,-2.947267E-05,0,0.4345274,0.8478613,-1.245396,0,-2.756494E-06,0,0.4443097,0.7975273,-1.230069,13.35159,12.70378,-0.9183452,0.4605736,0.7535586,-1.229461,24.9002,-1.063208E-06,0,0.482011,0.7315323,-1.23286,16.61469,-4.360971E-06,0,0.4323259,0.8445982,-1.255559,3.069309,14.87364,-2.900701,0.4413173,0.7941589,-1.254229,8.042688,-1.994173,0,0.4551273,0.7526227,-1.252904,25.90524,3.694862E-05,0,0.4746062,0.7322562,-1.254751,17.28658,2.226043E-05,0,0.4300043,0.8439859,-1.264974,7.703139,29.67834,-7.043725,0.4382456,0.7980784,-1.276535,6.195839,-12.20866,-9.458269,0.4493166,0.7644619,-1.278267,26.64438,-4.998933E-05,0,0.4650243,0.7486864,-1.278976,17.78079,-3.243836E-05,0,0.9029836,0.8991821,-1.189177,37.02601,-19.84094,78.09126,0.8760957,0.8835207,-1.164843,14.84391,24.83255,-6.351133,0.8627275,0.8598866,-1.152129,8.965105,-7.549753E-06,0,0.9013914,0.8889257,-1.197128,0,-14.88066,1.249918,0.8921181,0.8489456,-1.160599,5.35961,26.16846,7.778923,0.8800495,0.8065393,-1.148694,22.49984,3.258753E-05,0,0.8630046,0.7845764,-1.144628,15.01062,2.342433E-05,0,0.9006855,0.8831018,-1.205993,0,-3.128302E-06,0,0.8906941,0.8363947,-1.181853,-1.663776,16.08057,3.995765,0.8829817,0.7909931,-1.173058,31.03262,1.536329E-05,0,0.8629363,0.7676899,-1.169679,20.71671,2.417884E-05,0,0.9002368,0.8784005,-1.215816,3.069245,14.87368,-2.900633,0.8878027,0.829794,-1.205349,-7.531061,5.906138,-9.685436,0.882719,0.7865337,-1.200831,30.33337,1.688234E-05,0,0.8659745,0.7643493,-1.19582,20.24865,1.567492E-05,0,0.9002865,0.8763924,-1.225322,7.703191,29.67841,-7.04378,0.8859914,0.8306005,-1.228118,-2.087035,-9.201755,-28.46552,0.876807,0.7965664,-1.224518,20.33277,1.041493E-05,0,0.864983,0.7786358,-1.21862,13.56311,1.439033E-05,0
800,0.6642279,0.9281892,-1.23968,-0.4445539,-0.1265554,1.681792,0.6592978,1.289226,-1.281458,1.651972,1.617033,3.071413,0.6535996,1.597915,-1.282128,8.827682,-2.792922,2.20007,0.5841779,0.9283477,-1.237328,0.132704,-0.2888346,-4.016833,0.585416,0.5012375,-1.239715,3.795966,-0.02122068,-0.01978234,0.5833818,0.07422587,-1.270258,4.240578,-0.1961063,-6.792,0.744278,0.9280306,-1.242032,1.400116,-1.939496,0.7401926,0.7291923,0.501245,-1.234494,6.245007,0.01982881,0.07401875,0.7129572,0.07523099,-1.273538,4.888321,-2.356989,-6.644404,0.5873636,1.41083,-1.262323,-15.75711,1.704182,-1.273032,0.4575311,1.410282,-1.29153,-10.48929,14.00383,-57.18142,0.4242364,1.154391,-1.292926,11.31331,-8.485802E-05,-33.11993,0.7263189,1.414536,-1.269892,-16.24049,2.839401,-0.4311472,0.8515191,1.423394,-1.314122,-5.928239,10.61802,-35.03879,0.9069376,1.17159,-1.324813,37.12077,-0.0001247413,-25.34228,0.427492,0.8727762,-1.255167,7.80356,-11.11023,0.7597608,0.9102636,0.9335399,-1.169687,9.183053,-7.693965,0.6189722,0.4377708,0.8623142,-1.223745,43.11655,-20.67876,86.06452,0.4697916,0.8442702,-1.209273,5.967458,33.50402,-3.302271,0.4808618,0.8191482,-1.19722,3.315525,-1.672501E-05,0,0.4364748,0.8532078,-1.233037,0,-14.88066,1.249918,0.4489826,0.8078008,-1.204743,20.82584,20.06658,-6.176222,0.4701568,0.767521,-1.200887,20.58291,-2.396992E-05,0,0.4907323,0.7484158,-1.20192,13.73017,-1.598976E-05,0,0.4346076,0.8486757,-1.24247,0,-1.584062E-05,0,0.4444001,0.7983491,-1.227125,13.35939,12.70597,-0.922597,0.4606785,0.754386,-1.226504,24.88558,9.910284E-06,0,0.4821181,0.7323605,-1.229894,16.60495,5.870044E-06,0,0.4324073,0.8454085,-1.252632,3.069245,14.87364,-2.900701,0.4414095,0.7949715,-1.251284,8.047813,-1.991973,0,0.4552317,0.7534398,-1.249947,25.89666,-1.009298E-06,0,0.4747138,0.7330756,-1.251786,17.28082,-8.493956E-07,0,0.4300862,0.8447923,-1.262047,7.703191,29.67836,-7.043725,0.438338,0.7988825,-1.273592,6.134626,-12.1851,-9.444793,0.4493795,0.7652562,-1.275321,26.80696,-5.471666E-05,0,0.4651181,0.7495117,-1.276031,17.88951,-2.813169E-05,0,0.9093507,0.9364633,-1.135146,37.34799,-19.68007,78.39147,0.8845388,0.9270384,-1.10589,14.67758,24.98649,-6.313482,0.8726654,0.9071254,-1.086879,8.853791,-4.690051E-06,0,0.9073814,0.9245985,-1.140275,0,-14.88068,1.250075,0.9017575,0.8944899,-1.094661,6.142099,27.25314,7.510135,0.8909846,0.8558132,-1.072896,23.15914,2.929359E-05,0,0.8742378,0.8355076,-1.063064,15.45114,2.241606E-05,0,0.9061314,0.9168216,-1.147414,0,-1.079485E-05,0,0.8989981,0.8772163,-1.112134,0.2661444,17.73415,3.37429,0.8913702,0.8349042,-1.093435,32.04681,3.020593E-05,0,0.8709157,0.8136778,-1.08409,21.39569,3.668194E-05,0,0.9050414,0.9099064,-1.155767,3.069245,14.87367,-2.900768,0.8944789,0.8651802,-1.133079,-5.97176,8.358865,-9.851514,0.8893406,0.8237969,-1.11971,31.48404,1.227903E-05,0,0.8723505,0.8037851,-1.109294,21.01889,1.320235E-05,0,0.9044144,0.9056831,-1.164495,7.703139,29.67841,-7.04378,0.8909327,0.860513,-1.15517,-1.706971,-7.910539,-28.69273,0.8824636,0.8281083,-1.143601,20.3372,1.064536E-05,0,0.8713324,0.8119338,-1.133085,13.56606,6.544135E-06,0
833,0.6636436,0.9282556,-1.240501,-0.4981082,-0.2030069,2.408185,0.6586914,1.289341,-1.281829,1.562728,1.543375,3.742928,0.6536785,1.598036,-1.282001,8.895276,-2.997914,2.345852,0.5836301,0.9285098,-1.237134,-0.1607126,-0.3916496,-3.710299,0.5849831,0.5014231,-1.24218,3.110239,-0.01860901,-0.02797646,0.5833848,0.07424149,-1.270273,3.907557,-0.2621327,-7.185944,0.7436571,0.9280014,-1.243868,1.414992,-1.821294,0.4673002,0.7290252,0.5011974,-1.236477,5.980059,0.01732077,0.06255726,0.7129449,0.07501334,-1.273686,4.746563,-2.225787,-6.230895,0.5871828,1.411036,-1.261706,-15.5276,1.678777,-1.235589,0.4569075,1.410685,-1.288874,-10.6259,14.17855,-57.64641,0.4231792,1.154848,-1.289521,11.29791,-9.145335E-05,-34.45331,0.726046,1.414528,-1.270893,-16.79845,2.93135,-0.2315465,0.8502717,1.423408,-1.317786,-3.5767,13.3263,-34.40018,0.920895,1.17521,-1.316971,49.77081,-0.0001176726,-25.83129,0.4268318,0.8732122,-1.251955,7.733298,-11.14979,0.7558876,0.920244,0.9849126,-1.10595,6.012717,-9.181885,0.4833549,0.4371313,0.8627608,-1.220536,43.11563,-20.66835,86.04739,0.4691659,0.8447254,-1.206084,5.888894,33.53322,-3.261108,0.4802348,0.8196145,-1.194006,3.270819,-3.806672E-06,0,0.4358327,0.8536518,-1.229825,0,-14.88062,1.249918,0.4483696,0.8082553,-1.201527,20.82075,20.05996,-6.183043,0.4695563,0.7679825,-1.197667,20.53406,-3.4373E-05,0,0.4901216,0.7488659,-1.198693,13.69754,-2.181298E-05,0,0.4339615,0.8491169,-1.239256,0,1.377829E-06,0,0.4437771,0.7987968,-1.223904,13.36889,12.70612,-0.9278842,0.4600753,0.7548411,-1.223284,24.85303,-1.130438E-05,0,0.4815111,0.7328123,-1.226676,16.58317,-6.620375E-06,0,0.4317564,0.8458465,-1.249416,3.069245,14.87364,-2.900701,0.4407739,0.7954125,-1.248061,8.047887,-1.990325,0,0.4546087,0.753885,-1.246722,25.89612,-1.679537E-06,0,0.4740952,0.7335256,-1.248569,17.28047,-7.190317E-06,0,0.4294302,0.8452274,-1.25883,7.703139,29.67834,-7.043725,0.4376887,0.7993172,-1.270367,6.08998,-12.15708,-9.421371,0.4487111,0.7656851,-1.272108,26.93842,5.860984E-05,0,0.464477,0.7499687,-1.272835,17.97741,3.54743E-05,0,0.9198046,0.9972416,-1.073542,37.67452,-19.18978,77.22146,0.8956342,0.9952253,-1.042364,11.55752,24.25827,-4.802568,0.8846341,0.9819798,-1.017818,7.017693,-6.068401E-06,0,0.9182255,0.9843617,-1.075145,0,-14.88068,1.249918,0.9145938,0.9678694,-1.022861,7.685335,28.14475,6.046043,0.9046938,0.9360288,-0.9916545,21.30456,4.55189E-05,0,0.8891268,0.9184825,-0.9761876,14.21215,3.066421E-05,0,0.9171667,0.9748762,-1.079826,0,-1.233875E-05,0,0.9122314,0.9463543,-1.034811,3.18057,18.92675,1.585479,0.9043445,0.9103371,-1.005851,30.35042,4.74175E-05,0,0.8844534,0.8919829,-0.9908932,20.26004,4.158877E-05,0,0.9162125,0.9658879,-1.085915,3.069309,14.87367,-2.900633,0.9078416,0.9288495,-1.051494,-3.497824,9.59128,-11.21688,0.9026642,0.8923548,-1.027849,28.60233,1.686269E-05,0,0.8868191,0.874992,-1.012194,19.09033,1.457331E-05,0,0.9156064,0.9593968,-1.09312,7.703165,29.67841,-7.043752,0.9041086,0.918138,-1.071336,-0.2579304,-7.268864,-29.93749,0.8962372,0.8899192,-1.051401,16.63637,5.985749E-06,0,0.886513,0.876051,-1.036937,11.09524,1.046038E-05,0
867,0.6634909,0.9281763,-1.241504,-0.4652019,-0.2384578,3.343456,0.6582659,1.28925,-1.282614,1.447668,1.453094,4.512364,0.6540534,1.597934,-1.281846,9.293288,-3.19277,2.532732,0.5835432,0.9284711,-1.236831,-0.1582588,-0.4625586,-3.374522,0.5851389,0.5013831,-1.241685,3.204424,-0.01891739,0,0.5834625,0.07423314,-1.270252,3.962793,-0.3360592,-7.764906,0.7434386,0.9278815,-1.246177,1.339107,-1.770543,0.1101434,0.7290701,0.5010664,-1.238913,5.658008,0.01812637,0.05595291,0.7129433,0.074691,-1.273839,4.577955,-2.088136,-5.708701,0.5872689,1.411049,-1.261336,-15.24345,1.572526,-1.197466,0.4565165,1.410759,-1.286106,-10.75722,14.41901,-58.04051,0.4223967,1.154974,-1.285742,11.09365,-8.939338E-05,-35.76151,0.7260034,1.41429,-1.272374,-17.25452,2.806535,0.276953,0.8492402,1.422686,-1.321892,1.569975,15.62881,-33.51212,0.9376029,1.181349,-1.298676,61.92456,-0.0001173789,-26.48414,0.4258243,0.8732549,-1.248783,7.779251,-11.28198,0.7692311,0.9321844,1.061134,-1.041262,3.293485,-9.640896,0.2783625,0.4362082,0.8628038,-1.217391,43.10595,-20.64958,86.06105,0.4682804,0.8447602,-1.203033,5.769966,33.57313,-3.198309,0.4793564,0.8196608,-1.190939,3.203385,-2.449872E-06,0,0.4348859,0.8536949,-1.226677,0,-14.88063,1.250075,0.4475026,0.8082991,-1.198413,20.81334,20.04744,-6.163225,0.4687026,0.7680289,-1.194599,20.43916,-1.064427E-05,0,0.4892368,0.7488809,-1.195661,13.63417,4.961673E-06,0,0.4329902,0.84916,-1.236103,0,-2.092313E-06,0,0.4428518,0.7988406,-1.220779,13.39521,12.70809,-0.930201,0.4591745,0.7548932,-1.220211,24.74068,-1.972049E-06,0,0.4805717,0.7328342,-1.22365,16.50808,-5.142118E-06,0,0.4307585,0.8458896,-1.246257,3.069245,14.87364,-2.900701,0.4397849,0.7954565,-1.244927,8.04935,-1.989462,0,0.4536285,0.7539307,-1.243627,25.88347,3.335848E-05,0,0.4731082,0.7335696,-1.245526,17.27202,1.256607E-05,0,0.4284075,0.8452705,-1.255665,7.703165,29.67834,-7.043752,0.4366402,0.7993615,-1.267226,6.105861,-12.14971,-9.400319,0.4476697,0.7657336,-1.269002,26.90919,-1.097042E-05,0,0.4634312,0.7500151,-1.269777,17.95786,-1.622587E-05,0,0.9314418,1.082514,-1.013971,37.8889,-19.0753,77.25008,0.9074175,1.088946,-0.9832816,10.13118,22.96631,-3.988309,0.8965926,1.084058,-0.9557526,6.214512,-1.5581E-05,0,0.9303607,1.069692,-1.011651,0,-14.88068,1.249918,0.9276709,1.069367,-0.9567745,8.232133,28.32985,5.829917,0.9188325,1.047799,-0.9175018,20.30895,0.0001711369,0,0.9042679,1.035003,-0.8971649,13.54722,0.0001273556,0,0.9296492,1.059212,-1.013287,0,-1.523257E-05,0,0.9260888,1.045202,-0.9617592,4.765551,19.03253,0.6726035,0.9185699,1.019205,-0.9234738,28.21947,5.739308E-05,0,0.899767,1.005368,-0.9031944,18.83422,3.598125E-05,0,0.9290149,1.048792,-1.016418,3.069245,14.87367,-2.900768,0.9222969,1.023384,-0.9724172,-2.663372,9.552083,-11.79729,0.9180654,0.9954953,-0.9389204,25.57589,1.17729E-05,0.01978234,0.9039021,0.9824811,-0.9182404,17.06641,1.142186E-05,0,0.9286241,1.040436,-1.02136,7.703165,29.67841,-7.043725,0.918877,1.007133,-0.9881191,0.468137,-7.222938,-30.61102,0.9117932,0.9859172,-0.9606353,11.99988,2.351383E-05,0,0.9037876,0.9755049,-0.9426466,8.001504,1.494937E-05,0
900,0.6637056,0.9280347,-1.242139,-0.3631561,-0.2387154,4.34821,0.6580567,1.289048,-1.283356,1.366447,1.352834,5.185611,0.6546518,1.597706,-1.281671,9.852034,-3.339755,2.898878,0.5838521,0.9283289,-1.236065,-0.07912937,-0.4933946,-3.018372,0.5856946,0.5012293,-1.239651,3.65243,-0.01914524,-0.01978234,0.5835692,0.07422024,-1.270225,4.219048,-0.4093594,-8.397326,0.7435592,0.9277405,-1.248213,1.19861,-1.77074,-0.261696,0.729298,0.5009207,-1.241013,5.390379,0.01882641,0.05233916,0.7129548,0.07439849,-1.273992,4.466378,-1.951607,-5.14209,0.5875627,1.410966,-1.261112,-14.96877,1.451127,-1.203498,0.4564185,1.410701,-1.283718,-10.61904,14.41213,-57.84102,0.4220429,1.154952,-1.282542,10.85331,-8.285479E-05,-36.03842,0.7261648,1.413938,-1.273769,-17.5942,2.744163,1.068445,0.8485377,1.421971,-1.325443,9.761808,16.65443,-32.53441,0.9549118,1.19359,-1.269609,72.32795,-0.0001112645,-27.62419,0.4247611,0.8731708,-1.245998,7.948138,-11.37582,0.7925354,0.9404512,1.158226,-0.988036,0.2907402,-9.369987,0.01978234,0.4354068,0.8627027,-1.2147,43.09385,-20.63572,86.10898,0.4675884,0.8446292,-1.200628,5.70073,33.58991,-3.161059,0.4787377,0.8195301,-1.1886,3.164278,-6.186538E-06,0,0.4340018,0.8535981,-1.223979,0,-14.88063,1.249918,0.4468386,0.8081856,-1.195841,20.80597,20.03545,-6.112568,0.4680519,0.7679053,-1.192212,20.34435,-6.011771E-06,0,0.4885365,0.7487141,-1.193441,13.57084,-6.202955E-06,0,0.4320241,0.8490677,-1.23339,0,-2.024692E-06,0,0.441994,0.7987381,-1.21817,13.41616,12.70886,-0.939828,0.4583167,0.7547889,-1.217764,24.63268,1.965519E-06,0,0.4796431,0.7326895,-1.22138,16.43588,-7.566306E-07,0,0.4297049,0.8458024,-1.243526,3.069309,14.87364,-2.900701,0.4387206,0.795365,-1.242293,8.062778,-1.988488,0,0.4525662,0.7538359,-1.24113,25.83053,2.087479E-05,0,0.4720067,0.7334538,-1.243198,17.23662,2.70151E-05,0,0.4272737,0.8451881,-1.252913,7.703139,29.67834,-7.043725,0.4353883,0.7992802,-1.264562,6.17968,-12.1505,-9.4059,0.4464298,0.7656624,-1.266451,26.72892,-2.114567E-05,0,0.4621474,0.7499076,-1.267369,17.83731,-5.316906E-06,0,0.9390148,1.186807,-0.9684505,38.16925,-19.02117,77.50462,0.9147452,1.201325,-0.9408724,9.111841,21.80173,-3.408926,0.9037235,1.205248,-0.913267,5.63736,1.702247E-06,0,0.9384281,1.175253,-0.9623579,0,-14.88065,1.249918,0.9359791,1.19141,-0.9099007,8.371282,28.2322,5.938019,0.9280215,1.182477,-0.8658264,19.16824,-0.0001498676,0,0.9144611,1.175972,-0.8420938,12.78546,-0.0001024793,0,0.9381059,1.16475,-0.9607481,0,2.866886E-06,0,0.9352897,1.166827,-0.907345,4.822149,18.71745,0.513962,0.9288667,1.153599,-0.8628265,27.4528,0.0002046384,0,0.9109916,1.146006,-0.8387621,18.3214,0.0001579506,0,0.9378524,1.153855,-0.9605819,3.069245,14.87368,-2.900701,0.9322799,1.142692,-0.9108719,-3.187947,9.205048,-11.92881,0.9296467,1.126305,-0.8703474,24.70961,2.23823E-05,0,0.9166739,1.119626,-0.8461662,16.48733,3.169134E-05,0,0.9377569,1.144388,-0.962769,7.703114,29.67841,-7.04378,0.9294112,1.122352,-0.9208909,-1.15809,-6.973255,-31.07146,0.9242185,1.10992,-0.888117,9.681112,1.566143E-05,0,0.9179678,1.104387,-0.8674673,6.454944,1.638007E-05,0
933,0.6634581,0.9279553,-1.244003,-0.2139789,-0.1986189,5.271914,0.6572699,1.288869,-1.285576,1.317004,1.260725,5.538526,0.6545365,1.597501,-1.28318,10.34825,-3.453041,3.559415,0.5837126,0.9282042,-1.236644,0.09487279,-0.5129528,-2.670931,0.5861042,0.5010941,-1.237891,4.209381,-0.01927938,-0.02797646,0.5836824,0.07421401,-1.270194,4.433101,-0.5020919,-8.962036,0.7432036,0.9277063,-1.251362,1.184156,-1.779224,-0.5964329,0.7293294,0.5008959,-1.242952,5.310687,0.01927266,0.04423466,0.71301,0.07423556,-1.274106,4.354737,-1.78746,-4.620376,0.5871271,1.410894,-1.262815,-14.63517,1.343793,-1.226369,0.4557217,1.41064,-1.283848,-10.25459,14.19415,-57.03929,0.4210804,1.15493,-1.282154,10.77154,-8.249415E-05,-34.31202,0.7256542,1.413633,-1.276317,-17.84226,2.942397,2.123477,0.8474644,1.421932,-1.329263,18.28855,16.13643,-31.89014,0.9667261,1.210786,-1.241033,80.50764,-0.0001002615,-26.91016,0.4231229,0.8731954,-1.245215,8.226693,-11.31099,0.8163731,0.9356074,1.252655,-0.9617098,-3.175333,-10.48076,-0.2914124,0.4346446,0.8626912,-1.214241,43.08318,-20.63194,86.12923,0.467182,0.844548,-1.201107,5.673367,33.54725,-3.142363,0.4786429,0.8194357,-1.189404,3.1507,-2.764898E-05,0,0.4329581,0.8535942,-1.22348,0,-14.88065,1.249918,0.4465188,0.8081437,-1.195746,20.79693,20.02018,-6.089625,0.467757,0.7678256,-1.192735,20.27328,1.751788E-06,0,0.4881421,0.7485744,-1.194543,13.52336,-5.083237E-06,0,0.4307032,0.8490726,-1.232833,0,-1.508419E-05,0,0.4410188,0.7987172,-1.217932,13.42184,12.70688,-0.955111,0.4572749,0.7547416,-1.218017,24.59384,-1.405986E-05,0,0.4784397,0.7325958,-1.222246,16.40991,-3.308714E-05,0,0.4280882,0.8458171,-1.2429,3.069309,14.87364,-2.900633,0.4370483,0.7953636,-1.241952,8.080848,-1.988882,0,0.4508626,0.7538143,-1.241212,25.76253,1.664389E-05,0,0.4701829,0.7333831,-1.243844,17.19116,-1.407627E-05,0,0.4253875,0.8452123,-1.252214,7.703165,29.67835,-7.043752,0.4330848,0.7992973,-1.264114,6.221102,-12.16968,-9.47071,0.4440349,0.7656695,-1.266331,26.60971,8.255979E-05,0,0.4596719,0.7498665,-1.267691,17.75757,4.022084E-05,0,0.9325862,1.285615,-0.9513674,38.48608,-18.93906,77.70515,0.9072626,1.306247,-0.9291546,7.944679,20.54639,-2.804073,0.8953032,1.318092,-0.9043431,4.958,-8.950938E-06,0,0.9325501,1.276346,-0.9421461,0,-14.88067,1.249762,0.9289365,1.30705,-0.8967256,8.510478,28.10615,6.299056,0.9210486,1.311148,-0.8519299,17.47162,-4.095307E-06,0,0.9083493,1.311425,-0.8268684,11.65276,-1.22768E-06,0,0.9327538,1.266777,-0.9375206,0,-6.454728E-06,0,0.9294859,1.2843,-0.8870589,4.785978,18.37289,0.6932335,0.9234632,1.284704,-0.8405647,25.53818,-1.411002E-05,0,0.9067032,1.283823,-0.8145916,17.04119,-7.515801E-06,0,0.9330555,1.256413,-0.9341607,3.069309,14.87368,-2.900701,0.927735,1.260073,-0.8833174,-3.030476,8.882546,-12.02415,0.9255548,1.256443,-0.8397309,22.14692,7.245605E-05,0,0.9138255,1.256399,-0.8140393,14.77486,4.473031E-05,0,0.9334576,1.246729,-0.9334709,7.703165,29.67841,-7.043752,0.9259737,1.237569,-0.8868969,-4.488339,-6.563537,-31.32376,0.9232373,1.234765,-0.8516793,9.384478,6.025046E-05,0,0.9184685,1.23496,-0.8299234,6.257082,3.343228E-05,0
967,0.6629769,0.9279808,-1.246249,-0.05233916,-0.1191992,5.933098,0.6561787,1.28878,-1.288271,1.282679,1.208384,5.398916,0.6538415,1.597391,-1.285394,10.64559,-3.621735,4.605258,0.5833213,0.9281392,-1.237971,0.2733977,-0.496015,-2.38458,0.5863212,0.5010329,-1.23671,4.722109,-0.01102058,0,0.5836886,0.07424906,-1.270245,4.583771,-0.5661929,-9.333405,0.7426324,0.9278225,-1.254527,1.223173,-1.810168,-0.8413968,0.7292668,0.5010319,-1.244452,5.357562,0.01049969,0.04845664,0.7130739,0.07427099,-1.274266,4.271364,-1.638618,-4.26719,0.5860847,1.41085,-1.265602,-14.2048,1.25132,-1.231782,0.4545743,1.410527,-1.285968,-9.92557,14.0633,-56.1695,0.4195423,1.154874,-1.283808,10.96074,-7.830236E-05,-31.68808,0.724647,1.413479,-1.278763,-17.98959,3.578074,3.380088,0.8463506,1.42317,-1.331717,26.95326,14.74574,-30.91558,0.9749958,1.234023,-1.212284,86.50643,-7.630885E-05,-24.62415,0.4215019,0.8733433,-1.245337,8.455263,-11.06092,0.8199606,0.9240899,1.339302,-0.9533086,-6.53474,-11.96401,-0.6855699,0.4341258,0.8628229,-1.214801,43.07615,-20.63455,86.11166,0.4670747,0.8446003,-1.202857,5.65059,33.47424,-3.12368,0.4789267,0.8194792,-1.19157,3.140743,-8.726865E-06,0,0.4320785,0.8537264,-1.223967,0,-14.88063,1.249918,0.4465328,0.8082532,-1.196726,20.78112,20.00495,-6.093456,0.4677611,0.7678813,-1.194459,20.25015,-2.703723E-05,0,0.4880096,0.7485674,-1.196989,13.50793,-1.579483E-05,0,0.4294704,0.8492066,-1.233228,0,-6.100734E-06,0,0.4401986,0.7988314,-1.21869,13.42674,12.70392,-0.9793876,0.4563338,0.7548161,-1.219349,24.56899,5.613842E-06,0,0.4772684,0.7326081,-1.22433,16.39329,1.962291E-06,0,0.4264797,0.8459535,-1.243191,3.069245,14.87364,-2.900633,0.4353411,0.7954777,-1.242547,8.091507,-1.989295,0,0.4490756,0.7538962,-1.242295,25.71522,3.318873E-05,0,0.4682232,0.7334028,-1.245616,17.15952,2.042537E-05,0,0.4234375,0.8453516,-1.2524,7.703165,29.67834,-7.043725,0.430577,0.7994121,-1.264551,6.271449,-12.20303,-9.492435,0.4413862,0.7657652,-1.267136,26.44993,6.196602E-05,0,0.4568944,0.7498924,-1.269046,17.65075,3.811242E-05,0,0.9188577,1.373569,-0.952355,38.82598,-18.90011,78.03577,0.8919266,1.397702,-0.9364591,7.193775,19.39406,-2.39988,0.8784663,1.415304,-0.9162624,4.522727,-1.330799E-05,0,0.9193602,1.367199,-0.9409479,0,-14.88068,1.249918,0.9134377,1.408873,-0.9056349,8.518228,27.97766,6.719481,0.9049611,1.424661,-0.8636284,16.47597,-1.249633E-05,0,0.8925092,1.431187,-0.8393016,10.98817,-1.552485E-05,0,0.9201538,1.359297,-0.9338812,0,-1.413885E-05,0,0.9153986,1.389727,-0.8901143,4.795792,18.12338,1.061463,0.9090014,1.402657,-0.8455045,23.77642,-6.561383E-05,0,0.8929365,1.408148,-0.8196581,15.86364,-4.733407E-05,0,0.9211057,1.350292,-0.9278153,3.069245,14.87368,-2.900701,0.9152017,1.367392,-0.8798622,-3.557654,8.363505,-11.51473,0.913323,1.37613,-0.8369924,20.28407,-6.629522E-05,0,0.9024808,1.382529,-0.8117113,13.53059,-5.907407E-05,0,0.9221323,1.341215,-0.9245044,7.703165,29.67841,-7.043752,0.9149337,1.344703,-0.8771222,-8.057102,-6.419292,-31.35622,0.9143303,1.351542,-0.8423588,9.232951,-0.0001125981,0,0.9107963,1.357412,-0.8211655,6.156064,-9.578596E-05,0
1000,0.6622525,0.9279588,-1.24833,0.09065409,-0.02718928,6.237216,0.6547501,1.288649,-1.290777,1.25881,1.266473,4.786552,0.652279,1.597244,-1.287639,10.73392,-3.979365,6.009326,0.5826418,0.9280103,-1.23963,0.5355885,-0.4683672,-2.189816,0.5863439,0.5009291,-1.235362,5.312716,-0.01165745,0,0.5837038,0.07425246,-1.270234,4.754769,-0.6056218,-9.447539,0.7418633,0.9279072,-1.257031,1.286183,-1.843926,-0.9683364,0.7290397,0.5011413,-1.245336,5.46325,0.0112794,0.04423466,0.7132021,0.07430896,-1.274306,4.200252,-1.510101,-4.144726,0.5842656,1.410617,-1.268779,-13.70004,1.192114,-1.204798,0.4527937,1.410027,-1.289386,-9.783778,14.18281,-55.62857,0.4173776,1.154432,-1.286625,11.3183,-7.263875E-05,-29.88684,0.7229568,1.413427,-1.28046,-18.01768,4.596725,4.594911,0.8449729,1.42566,-1.332154,35.25904,13.24295,-29.26872,0.9799404,1.262176,-1.185023,90.91563,-0.0001005949,-20.68392,0.4198335,0.8732263,-1.245877,8.501451,-10.737,0.8003972,0.9087012,1.415855,-0.956877,-9.501563,-13.26792,-1.107652,0.4330806,0.8627583,-1.215589,43.07666,-20.64365,86.05418,0.466238,0.8445004,-1.204293,5.631238,33.40245,-3.10709,0.4783123,0.8193962,-1.193206,3.132691,-6.787536E-06,0,0.4308205,0.8536425,-1.224685,0,-14.88065,1.249918,0.4457556,0.8082095,-1.197637,20.74085,19.99237,-6.118595,0.4669248,0.7677898,-1.195691,20.32701,-2.360776E-05,0,0.487092,0.7484434,-1.198594,13.55925,-1.511046E-05,0,0.4280072,0.8491042,-1.233877,0,-1.070876E-05,0,0.4389373,0.7987443,-1.219437,13.40863,12.70196,-0.9889315,0.4549521,0.7546889,-1.220315,24.62638,3.464409E-06,0,0.4757457,0.7324388,-1.225684,16.43167,-2.605123E-06,0.02797646,0.424799,0.8458317,-1.243766,3.069181,14.87364,-2.900701,0.4335677,0.795339,-1.243176,8.085486,-1.992412,-0.03426402,0.4472151,0.7537282,-1.243103,25.72703,1.739089E-05,0,0.4662498,0.7331883,-1.246768,17.16743,2.222483E-05,0,0.4215609,0.8452124,-1.252906,7.703139,29.67835,-7.043752,0.428346,0.7992265,-1.265085,6.265286,-12.22107,-9.507293,0.4390276,0.7655489,-1.267799,26.4319,0.0001100488,0,0.4544539,0.7496322,-1.269986,17.63871,7.203208E-05,0,0.9007033,1.448731,-0.9644715,39.12438,-18.67913,78.11221,0.8717776,1.473725,-0.9545212,5.476363,17.61093,-1.661539,0.8561679,1.494881,-0.9401104,3.479416,-4.131972E-06,0,0.9017379,1.445512,-0.9518415,0,-14.88068,1.249762,0.8924989,1.494165,-0.928044,8.391642,27.58024,7.270088,0.8828278,1.519619,-0.8913805,14.26445,-3.003335E-05,0,0.8708239,1.531822,-0.8690997,9.512357,-1.425471E-05,0,0.903181,1.439741,-0.9430313,0,-6.940773E-06,0,0.896031,1.47978,-0.9082478,4.843875,17.72919,1.353063,0.8885635,1.503284,-0.868374,20.96623,-1.913268E-05,0,0.8733494,1.514639,-0.8439635,13.98619,-3.153439E-05,0,0.90487,1.432666,-0.9349151,3.069245,14.87367,-2.900701,0.8976642,1.460818,-0.8926983,-5.885564,7.100191,-10.64109,0.8967367,1.481058,-0.8538754,19.14226,-0.0001341461,0,0.8869187,1.493595,-0.8305505,12.76812,-9.987143E-05,0,0.9066355,1.424829,-0.9294477,7.703165,29.67842,-7.043752,0.8992445,1.43961,-0.8843261,-12.21895,-6.455627,-31.09823,0.9006634,1.455298,-0.8525845,8.992806,-4.562714E-06,0,0.8983309,1.466289,-0.8333529,5.995871,-7.358149E-07,0
1033,0.6613661,0.9278647,-1.249581,0.1928145,0.05938888,6.132069,0.6529946,1.288465,-1.292404,1.262071,1.499906,3.774705,0.6496015,1.597045,-1.289322,10.60289,-4.599191,7.690237,0.5817396,0.927811,-1.241026,0.8362648,-0.4413122,-2.083938,0.5861194,0.5007769,-1.233739,5.941385,-0.01329899,-0.01978234,0.5836403,0.07423666,-1.270252,4.977246,-0.6031389,-9.250685,0.7409926,0.9279184,-1.258136,1.334569,-1.869928,-0.9505931,0.7286396,0.5011707,-1.245322,5.612028,0.0125652,0.04423466,0.7132474,0.07432151,-1.274284,4.187457,-1.428255,-4.265399,0.5815909,1.410108,-1.271607,-13.16579,1.187328,-1.161801,0.4502971,1.408951,-1.293296,-9.79595,14.51376,-55.38728,0.4147419,1.153384,-1.289818,11.66657,-8.997483E-05,-28.80159,0.7204519,1.413542,-1.280849,-17.91458,5.7994,5.465545,0.8430815,1.429122,-1.330135,42.54806,12.12871,-27.25331,0.9809381,1.291704,-1.160718,94.4279,-0.0001035771,-16.75071,0.4178637,0.8725485,-1.246636,8.453335,-10.46804,0.7755645,0.8894697,1.479106,-0.9676971,-11.77354,-14.91761,-1.546743,0.4313274,0.8622041,-1.2164,43.0805,-20.65828,85.98277,0.4645523,0.8439716,-1.205263,5.624098,33.33973,-3.097941,0.4767205,0.8189146,-1.194171,3.130878,9.494676E-06,0,0.4289905,0.8530495,-1.225438,0,-14.88061,1.249918,0.4440844,0.8077242,-1.198298,20.6989,19.97768,-6.150584,0.4652099,0.7672842,-1.196301,20.44687,9.802791E-06,0,0.4853665,0.7479365,-1.199269,13.6393,2.189532E-05,0,0.4261041,0.8484727,-1.234588,0,8.109993E-06,0,0.4370941,0.7981676,-1.220003,13.38167,12.69369,-1.008136,0.4530439,0.7540869,-1.220787,24.71713,1.606575E-05,0,0.4738016,0.7318173,-1.226214,16.49234,1.127184E-05,0,0.4228188,0.8451588,-1.244437,3.069245,14.87364,-2.900701,0.4315436,0.7946607,-1.243686,8.077155,-1.996781,-0.05934703,0.4451467,0.7530355,-1.243521,25.75583,1.393965E-05,0,0.4641425,0.7324681,-1.247233,17.18668,1.983852E-05,0,0.4195118,0.8445014,-1.25355,7.703139,29.67833,-7.043752,0.4261616,0.7984544,-1.265572,6.248084,-12.23085,-9.503654,0.4367824,0.7647513,-1.268205,26.44827,0.0001126566,0,0.4521774,0.7488098,-1.270433,17.64966,8.642484E-05,0,0.8791851,1.508664,-0.9826315,39.50371,-18.58545,78.75898,0.8483073,1.532945,-0.9784651,4.486026,16.36492,-1.26625,0.8305255,1.555523,-0.969924,2.869421,-4.933019E-06,0,0.8803561,1.508544,-0.9696096,0,-14.88065,1.249918,0.86747,1.560601,-0.957656,6.960043,26.62546,8.714155,0.8564292,1.593936,-0.9284582,13.72641,-5.193113E-06,0,0.8440415,1.610813,-0.9097194,9.153389,5.382525E-06,0,0.8821459,1.505093,-0.9597155,0,7.182978E-06,0,0.8718823,1.551491,-0.9350983,3.002375,16.60394,3.05313,0.8635784,1.584069,-0.9024196,20.53601,-1.2187E-05,0,0.8482915,1.600535,-0.8811721,13.69882,-1.516133E-05,0,0.8842797,1.500233,-0.9501964,3.069245,14.87368,-2.900701,0.8747605,1.536821,-0.915592,-9.631699,5.500612,-9.141618,0.8746316,1.56677,-0.8836425,19.7882,-1.956786E-05,0,0.8650006,1.584631,-0.8639997,13.19943,-5.499406E-06,0,0.8865639,1.494026,-0.9430781,7.703165,29.6784,-7.04378,0.8778,1.518303,-0.9025455,-16.50268,-6.829747,-30.37849,0.8803742,1.541526,-0.8759053,9.218145,2.097519E-05,0,0.8785823,1.556916,-0.8599043,6.146152,2.512283E-05,0
1067,0.6602658,0.9277176,-1.249888,0.25101,0.1325447,5.634821,0.6510227,1.28825,-1.293046,1.301309,1.853864,2.551366,0.6461439,1.59681,-1.290321,10.3141,-5.344868,9.414965,0.5805683,0.9275678,-1.242024,1.162306,-0.4260013,-2.046506,0.5855674,0.5005999,-1.231839,6.580136,-0.02606969,-0.01978234,0.583571,0.07422322,-1.270243,5.247961,-0.5695554,-8.742017,0.7399634,0.9278675,-1.257752,1.332661,-1.876048,-0.7870849,0.7280103,0.5011179,-1.244626,5.739517,0.01365218,0.04845664,0.7131926,0.07429308,-1.274239,4.226236,-1.386041,-4.60279,0.5783865,1.409415,-1.273782,-12.6829,1.316369,-1.117326,0.4473875,1.407703,-1.297153,-9.652965,14.63509,-55.16447,0.4121728,1.152098,-1.293106,11.84656,-7.941839E-05,-28.01943,0.7173864,1.413773,-1.28008,-17.68222,7.030101,5.735862,0.8407222,1.433018,-1.326208,49.24831,11.53471,-25.37398,0.9785457,1.321333,-1.1388,97.02462,-9.03418E-05,-14.42422,0.415659,0.8715686,-1.247999,8.383844,-10.34843,0.7602757,0.8678672,1.530032,-0.9808813,-12.94257,-15.13256,-1.726351,0.4290348,0.8613809,-1.217672,43.08495,-20.67304,85.94654,0.4622281,0.8432128,-1.206337,5.645836,33.3043,-3.107027,0.4743836,0.8182156,-1.195098,3.144356,-3.48851E-05,0,0.4267236,0.8521796,-1.226669,0,-14.88065,1.250075,0.441737,0.8069955,-1.19925,20.65152,19.96272,-6.184532,0.4628326,0.7665557,-1.196954,20.59424,-2.136748E-05,0,0.4830339,0.7472317,-1.199768,13.73773,-9.591829E-06,0.01978234,0.4238635,0.8475555,-1.235804,0,-8.904755E-06,0,0.434809,0.7973264,-1.220925,13.35825,12.68443,-1.022399,0.4507457,0.7532368,-1.22142,24.80675,8.962764E-06,0,0.4715447,0.7309644,-1.226675,16.55225,-5.217478E-07,0,0.4206065,0.8441905,-1.245645,3.069245,14.87364,-2.900768,0.4293267,0.7936967,-1.244606,8.079026,-1.996942,-0.05595291,0.4429288,0.752073,-1.244186,25.76015,-1.540375E-05,0,0.4619362,0.731488,-1.247737,17.18958,-9.457553E-06,0,0.4173257,0.843486,-1.254764,7.703139,29.67835,-7.043752,0.4240082,0.7973769,-1.266527,6.259181,-12.24093,-9.514402,0.4346428,0.7636623,-1.26895,26.39554,-4.934014E-05,0,0.4500326,0.7476979,-1.271045,17.61439,-3.7031E-05,0,0.85631,1.555957,-1.000802,39.91268,-18.3255,78.67004,0.8238841,1.578514,-1.001122,2.130746,14.83596,-0.5457222,0.8040864,1.600818,-0.9980335,1.373161,9.879809E-06,0,0.8571857,1.55813,-0.9879382,0,-14.88068,1.249762,0.8411682,1.610619,-0.9852676,4.847756,25.24095,9.750098,0.8286796,1.648787,-0.9635221,12.86357,-1.285859E-05,0,0.8158377,1.668943,-0.9487477,8.577713,-4.349229E-06,0,0.8589353,1.556527,-0.9775758,0,-8.193479E-06,0,0.845557,1.605765,-0.9614249,0.1780411,14.72032,4.513232,0.8364038,1.644372,-0.9364486,20.22595,-1.700944E-05,0,0.8208502,1.664683,-0.9190751,13.49175,-9.339325E-06,0,0.8611149,1.553496,-0.9673366,3.069373,14.87368,-2.900768,0.8487924,1.594831,-0.9396539,-13.49989,3.618594,-8.013786,0.8488271,1.630988,-0.9149478,19.77007,-0.0002319964,0,0.8393255,1.652509,-0.8993212,13.18732,-0.000155671,0,0.8635744,1.548738,-0.959229,7.703139,29.67842,-7.043752,0.8525503,1.57902,-0.9235837,-20.97258,-7.616993,-30.25114,0.8557512,1.607161,-0.902289,9.51808,-1.907E-05,0,0.8542,1.625452,-0.8896754,6.346222,-1.388162E-05,0
1100,0.659146,0.9275683,-1.24972,0.2804634,0.1942015,4.891526,0.6492428,1.288051,-1.293136,1.347556,2.207446,1.303413,0.6428159,1.596583,-1.29081,9.99011,-6.005147,10.95758,0.5793533,0.9273313,-1.24289,1.490822,-0.4134332,-2.068479,0.5848189,0.5004424,-1.22999,7.195057,-0.02764411,0,0.5833539,0.07424057,-1.27031,5.536863,-0.4910587,-8.058393,0.7389386,0.9278052,-1.25655,1.305962,-1.874725,-0.5492961,0.7272929,0.5010426,-1.243573,5.851462,0.01424821,0.04845664,0.7131035,0.07426736,-1.274191,4.294913,-1.37907,-5.089851,0.5754005,1.408728,-1.27546,-12.26622,1.432541,-1.096287,0.4447601,1.406428,-1.300712,-9.386865,14.5703,-54.76047,0.4102863,1.150725,-1.296461,11.87619,-7.585558E-05,-27.42511,0.7144718,1.414013,-1.278752,-17.52183,8.203076,5.555238,0.8383188,1.436783,-1.321803,55.7406,11.14744,-23.94176,0.9734662,1.350376,-1.119665,98.67944,-8.57392E-05,-13.01367,0.4138053,0.8703952,-1.250132,8.285862,-10.34955,0.7519946,0.8457107,1.57123,-0.9945833,-13.76522,-14.52638,-1.762808,0.4268313,0.8603567,-1.219603,43.09095,-20.69059,85.94164,0.4598991,0.8422655,-1.207788,5.711687,33.27402,-3.140867,0.4719496,0.8173238,-1.196316,3.182047,-3.507107E-06,0,0.4246282,0.851112,-1.228583,0,-14.88064,1.249918,0.4393382,0.8060644,-1.200778,20.61144,19.95264,-6.20861,0.4604004,0.7656358,-1.198023,20.74643,-2.737414E-05,0,0.4806787,0.7463492,-1.200522,13.83938,-2.228684E-05,0,0.4218761,0.8464435,-1.237728,0,-7.241667E-06,0,0.4326661,0.79629,-1.222486,13.34612,12.67845,-1.015871,0.4486169,0.7522027,-1.222578,24.8792,-1.295102E-05,0,0.4695056,0.7299371,-1.227495,16.60067,-7.552829E-06,0,0.418735,0.8430306,-1.24759,3.069245,14.87364,-2.900633,0.4274609,0.792546,-1.246211,8.089468,-2.001241,-0.06255726,0.4410804,0.7509331,-1.245435,25.73524,1.446258E-05,0,0.4601312,0.7303349,-1.248663,17.1729,1.995591E-05,0,0.4155607,0.8422816,-1.256743,7.703165,29.67834,-7.043725,0.4223962,0.7961202,-1.268209,6.30086,-12.24964,-9.46909,0.4330949,0.7624068,-1.27035,26.25859,8.143612E-05,0,0.4484868,0.7464135,-1.272195,17.5228,4.979354E-05,0,0.8335823,1.59384,-1.01791,40.48865,-18.36572,78.26705,0.8000505,1.61435,-1.021826,-0.03956468,13.78959,0,0.778847,1.635504,-1.023195,-0.01978234,-4.441618E-07,0,0.8340308,1.597678,-1.005419,0,-14.88067,1.249918,0.8157319,1.649294,-1.009864,2.122555,23.88662,10.7717,0.8025844,1.69035,-0.9947913,12.35695,-3.622947E-05,0,0.7895235,1.712648,-0.983761,8.239738,-3.001112E-05,0,0.8355775,1.597496,-0.9949034,0,-5.182069E-06,0,0.8197029,1.647734,-0.9855105,-3.005373,12.99133,5.811261,0.8103201,1.690009,-0.9675388,20.31253,-1.360365E-05,0,0.7946004,1.712893,-0.9539205,13.54959,-1.414514E-05,0,0.8376176,1.595901,-0.9843168,3.069181,14.87368,-2.900701,0.8228343,1.639834,-0.9624504,-17.13284,2.114878,-7.015289,0.8231452,1.679616,-0.9441481,19.55465,1.252197E-05,0,0.8139247,1.703476,-0.9321766,13.04349,1.17478E-05,0,0.8400659,1.592337,-0.9756153,7.703139,29.67841,-7.043752,0.8268428,1.626396,-0.9444029,-25.0202,-8.187882,-30.18907,0.8305799,1.657483,-0.9278108,9.67392,-5.11506E-05,0,0.8292909,1.67752,-0.9181708,6.450112,-3.260934E-05,0
1133,0.6582782,0.9274649,-1.24861,0.2967354,0.2423918,4.027301,0.648043,1.287912,-1.292192,1.375724,2.487572,0.1570175,0.6403186,1.596416,-1.29013,9.703242,-6.470695,12.2073,0.5783919,0.9271561,-1.242983,1.713608,-0.3992245,-2.169703,0.5840638,0.5003296,-1.228241,7.67583,-0.02851073,0,0.5831311,0.07430062,-1.270364,5.818239,-0.3923341,-7.338957,0.7381644,0.9277737,-1.254236,1.208851,-1.876853,-0.2987072,0.7266486,0.5009841,-1.242056,5.929132,0.02724038,0.05595291,0.713117,0.07429069,-1.274082,4.405578,-1.395949,-5.672157,0.5732176,1.408185,-1.275954,-11.92613,1.498037,-1.091278,0.4429531,1.405357,-1.303028,-9.076168,14.36619,-54.24432,0.4094504,1.149521,-1.299006,11.81455,-8.508082E-05,-26.77812,0.7122966,1.414216,-1.27648,-17.48551,9.19842,5.175437,0.8364437,1.439939,-1.316924,61.82787,10.91585,-22.98226,0.9671753,1.377469,-1.103389,99.51259,-7.240798E-05,-11.34248,0.4128429,0.86927,-1.2522,8.195896,-10.44549,0.7504317,0.8255064,1.60418,-1.007081,-14.29413,-14.10151,-1.777072,0.4254876,0.8593498,-1.221472,43.10538,-20.71255,85.93698,0.4584191,0.8413377,-1.209166,5.800458,33.28622,-3.191016,0.4703398,0.8164321,-1.197481,3.231012,-3.87974E-05,0,0.423404,0.8500715,-1.230446,0,-14.88065,1.249918,0.4377885,0.8051337,-1.202295,20.58658,19.94611,-6.222142,0.4588264,0.7647238,-1.199114,20.85324,-3.651615E-05,0,0.4791742,0.7454719,-1.201296,13.9107,-2.615184E-05,0,0.4207708,0.8453683,-1.239608,0,-9.689586E-06,0,0.4313976,0.7952769,-1.22405,13.34696,12.67549,-0.9974037,0.4473768,0.7512007,-1.22378,24.9158,2.247188E-05,0,0.4683519,0.7289447,-1.228361,16.62513,1.562175E-05,0,0.4177568,0.841918,-1.249497,3.069245,14.87364,-2.900633,0.4264955,0.7914444,-1.247826,8.097934,-2.004891,-0.0656106,0.4401361,0.7498457,-1.246727,25.71134,2.547868E-05,0,0.4592342,0.7292437,-1.249636,17.15695,1.824435E-05,0,0.4146991,0.841134,-1.258687,7.703139,29.67835,-7.04378,0.4217074,0.7949362,-1.269899,6.302198,-12.2606,-9.455421,0.4324554,0.7612227,-1.271776,26.21214,7.004777E-05,0,0.4478671,0.7452212,-1.273366,17.49174,4.311235E-05,0,0.8128592,1.623507,-1.032946,41.07129,-18.71115,77.96086,0.7784234,1.641619,-1.039765,-1.620516,12.83117,0.3599087,0.7560609,1.660962,-1.044736,-1.053134,-5.631711E-06,0,0.8129305,1.628728,-1.020959,0,-14.88067,1.249918,0.7925875,1.67869,-1.031389,-0.8623004,22.73944,11.85117,0.7792794,1.721452,-1.022448,12.09274,-5.454731E-05,0,0.7661932,1.745143,-1.014901,8.063459,-3.594931E-05,0,0.8143,1.629785,-1.01047,0,-2.293482E-06,0,0.7961949,1.680025,-1.006966,-6.030882,11.79329,7.111547,0.7868344,1.724456,-0.9952834,20.23459,-8.416658E-05,0,0.771176,1.74909,-0.985074,13.49755,-6.770216E-05,0,0.8162197,1.62947,-0.9997462,3.069245,14.87368,-2.900633,0.7992489,1.674885,-0.9831281,-20.50835,1.108536,-6.421106,0.7999417,1.716852,-0.9706365,19.60335,2.533571E-05,0,0.7909411,1.742206,-0.9620475,13.07599,7.866282E-06,0,0.8186618,1.627006,-0.9906698,7.703165,29.67842,-7.043752,0.8034962,1.663727,-0.9636394,-28.38403,-8.602224,-30.33706,0.807547,1.696739,-0.9514174,9.911414,-1.694372E-05,0,0.8063554,1.717895,-0.9445531,6.608506,-1.245772E-05,0
1167,0.6576795,0.92739,-1.24672,0.3220336,0.2786951,3.184199,0.6473513,1.287801,-1.290425,1.376293,2.689643,-0.7858408,0.6386612,1.596279,-1.288424,9.496018,-6.79201,13.17875,0.5777193,0.9270261,-1.24227,1.789473,-0.387252,-2.355677,0.5834191,0.5002289,-1.226712,7.988343,-0.02921868,0,0.5829453,0.07435745,-1.270406,6.063753,-0.3050347,-6.722253,0.7376397,0.9277539,-1.251171,1.038163,-1.883436,-0.07661668,0.7261294,0.5009296,-1.240267,5.985432,0.03256986,0.05595291,0.7131021,0.07435268,-1.274007,4.550532,-1.444794,-6.255986,0.5717986,1.407768,-1.275329,-11.68299,1.516515,-1.076837,0.4418826,1.404502,-1.303982,-8.913765,14.20167,-53.84715,0.4093093,1.148537,-1.300573,11.70952,-8.152434E-05,-26.45548,0.7108428,1.414344,-1.273576,-17.55081,9.927352,4.817149,0.8351424,1.442235,-1.312068,66.78535,10.6913,-22.53958,0.960655,1.39932,-1.090719,100.1614,-7.886059E-05,-9.582711,0.4125435,0.8682364,-1.25405,8.081674,-10.62195,0.7525149,0.8078715,1.627682,-1.018253,-14.44546,-13.80402,-1.757694,0.424749,0.8583974,-1.22312,43.12064,-20.7339,85.94878,0.4575174,0.8404551,-1.210288,5.90216,33.32555,-3.250525,0.4692746,0.8155671,-1.198401,3.286106,-1.212488E-05,0,0.4228028,0.8490967,-1.232101,0,-14.88063,1.250075,0.4368123,0.8042356,-1.20364,20.568,19.94018,-6.245384,0.4578238,0.7638462,-1.20005,20.92835,6.502533E-06,0,0.4782362,0.7446275,-1.201895,13.96087,1.371721E-05,0,0.4203063,0.8443702,-1.24129,0,-3.80084E-06,0,0.4307451,0.7943236,-1.225463,13.35633,12.67257,-0.991303,0.4467599,0.7502636,-1.224859,24.92004,1.373502E-05,0,0.4678209,0.7280188,-1.229087,16.62796,6.609374E-07,0,0.4174387,0.8408947,-1.251213,3.069245,14.87364,-2.900768,0.426191,0.7904321,-1.249298,8.101352,-2.010401,-0.06852804,0.4398498,0.7488483,-1.247902,25.6941,7.303263E-06,0,0.4590001,0.7282508,-1.250481,17.14543,1.124791E-05,0,0.4145152,0.8400871,-1.260444,7.703139,29.67834,-7.043752,0.4217209,0.7938691,-1.271447,6.302074,-12.26562,-9.457707,0.4325214,0.7601601,-1.273086,26.16714,5.118558E-05,0,0.4479546,0.7441553,-1.274414,17.46169,4.594054E-05,0,0.7948015,1.644029,-1.045901,41.62297,-19.18793,77.92371,0.7596539,1.65963,-1.054936,-2.734878,12.26043,0.5811456,0.7364419,1.676974,-1.062636,-1.781471,1.22148E-05,0,0.7945116,1.650324,-1.034445,0,-14.88068,1.249762,0.7723393,1.698252,-1.049615,-3.639272,21.80158,12.87944,0.7589756,1.741762,-1.045884,12.19005,-2.062305E-05,0,0.7457878,1.766144,-1.041298,8.128424,-2.200208E-05,0,0.7957032,1.652392,-1.024086,0,-7.084403E-06,0,0.7755767,1.701964,-1.025386,-8.801497,10.85617,8.208176,0.7662777,1.747479,-1.01906,21.06401,6.254901E-05,0,0.7503047,1.772921,-1.011722,14.05148,3.894841E-05,0,0.7974958,1.653138,-1.013362,3.069245,14.87368,-2.900768,0.7785254,1.699156,-1.001149,-23.56089,0.3867832,-5.885631,0.7795531,1.742278,-0.993587,20.32412,-2.517858E-06,0,0.7704306,1.768391,-0.9878826,13.55732,-9.254382E-06,0,0.7999167,1.651617,-1.004075,7.703191,29.67843,-7.04378,0.7829608,1.690011,-0.9806785,-31.49503,-8.748052,-30.60061,0.7873255,1.724133,-0.9721756,11.01989,-4.574466E-06,0,0.785907,1.745917,-0.9677558,7.347855,-2.288564E-06,0
1200,0.6574512,0.9273614,-1.244514,0.3669084,0.3044088,2.470767,0.6471249,1.287728,-1.288379,1.367735,2.837879,-1.503241,0.6376993,1.596182,-1.286324,9.387682,-7.006121,13.95417,0.577442,0.9269584,-1.241059,1.710063,-0.3653912,-2.567274,0.5829811,0.5001516,-1.225708,8.087842,-0.04906157,0,0.5829484,0.07438448,-1.270411,6.223213,-0.2488982,-6.254951,0.7374604,0.9277644,-1.247969,0.8204377,-1.902151,0.1065312,0.7258278,0.5009087,-1.238517,6.018126,0.02835716,0.05934703,0.7130483,0.07446259,-1.273961,4.694275,-1.514526,-6.736301,0.571044,1.407465,-1.274135,-11.56003,1.507196,-1.034765,0.44144,1.403829,-1.304125,-8.970801,14.14836,-53.70016,0.4096878,1.147751,-1.301551,11.56427,-7.800222E-05,-26.89887,0.710036,1.414441,-1.270649,-17.57482,10.3934,4.49658,0.8344722,1.443773,-1.307596,70.42589,10.47681,-22.53939,0.9548267,1.415065,-1.081142,100.7067,-8.233674E-05,-8.732012,0.4127861,0.8672936,-1.255973,7.885681,-10.85934,0.7506924,0.7934394,1.642512,-1.026691,-14.8906,-13.84305,-1.817685,0.4243236,0.8575039,-1.224771,43.13474,-20.74849,85.9685,0.4568247,0.8396184,-1.211201,5.984122,33.38499,-3.301085,0.4683192,0.8147361,-1.199049,3.329373,-2.953191E-05,0,0.4225815,0.8481902,-1.233781,0,-14.88064,1.250075,0.4360062,0.803377,-1.204965,20.55411,19.94091,-6.242589,0.4569607,0.7630067,-1.200863,20.97223,-6.36419E-05,0,0.4774345,0.7438144,-1.202245,13.99017,-5.529622E-05,0,0.4202897,0.8434502,-1.243016,0,-4.253111E-06,0,0.4304243,0.7934325,-1.226903,13.35828,12.66964,-0.9841712,0.4464621,0.7493883,-1.225893,24.92853,9.465653E-06,0,0.4676329,0.7271608,-1.229635,16.63366,-5.603424E-06,0,0.4176419,0.8399598,-1.252995,3.069245,14.87364,-2.900701,0.4263937,0.7895074,-1.250826,8.10106,-2.011439,-0.06255726,0.4400546,0.7479375,-1.24908,25.68229,1.817368E-05,0,0.4592699,0.7273497,-1.251214,17.1375,4.933219E-07,0,0.4149208,0.839138,-1.262287,7.703165,29.67835,-7.043752,0.422404,0.7929129,-1.273072,6.303007,-12.25966,-9.418325,0.4332665,0.7592115,-1.274436,26.11208,3.559279E-05,0,0.448723,0.7432042,-1.275416,17.42486,2.070541E-05,0,0.7805998,1.656647,-1.055636,42.12254,-19.71193,77.7714,0.7452286,1.670322,-1.066692,-3.557214,11.5771,0.7146374,0.7216199,1.68591,-1.076621,-2.323132,-2.460043E-06,0,0.7799049,1.663681,-1.044636,0,-14.88067,1.249918,0.7569354,1.709916,-1.063437,-5.908732,21.1013,13.74606,0.7439428,1.753697,-1.06375,12.60634,1.772352E-05,0,0.7307408,1.778397,-1.061506,8.406067,1.068422E-05,0,0.7808162,1.666463,-1.034416,0,-7.423534E-07,0,0.7595438,1.715312,-1.03945,-10.86571,10.19093,9.080756,0.7505251,1.761266,-1.037192,21.69254,0.0001547364,0,0.734391,1.787169,-1.032197,14.47132,0.000107119,0,0.7823518,1.667965,-1.023731,3.069245,14.87367,-2.900701,0.7620196,1.714199,-1.015024,-25.94568,-0.2467654,-5.466585,0.7635388,1.757795,-1.011183,21.00592,4.883984E-05,0,0.7543893,1.7843,-1.007802,14.01267,3.340261E-05,0,0.7846014,1.667127,-1.014316,7.703139,29.67841,-7.043752,0.7662165,1.706551,-0.9938996,-34.03974,-8.921839,-30.93033,0.7710233,1.74119,-0.9881844,12.18672,-2.017169E-05,0,0.7694578,1.763268,-0.9856972,8.126177,-1.481826E-05,0
1233,0.6575202,0.9274176,-1.242125,0.427501,0.3054135,1.962839,0.6472936,1.287735,-1.286207,1.362144,2.930563,-2.00213,0.6373649,1.596166,-1.284034,9.400424,-7.113599,14.52604,0.5774835,0.9270114,-1.239379,1.453738,-0.3507648,-2.755911,0.5827441,0.5001523,-1.225451,7.929469,-0.03500849,0,0.5827608,0.07441342,-1.270422,6.272511,-0.1891611,-5.969757,0.7375568,0.9278237,-1.244871,0.5845029,-1.909172,0.2454926,0.7257603,0.5009434,-1.236845,6.038938,0.03379336,0.05934703,0.7131394,0.07462752,-1.273878,4.833713,-1.570018,-7.054466,0.5708736,1.407325,-1.27256,-11.5214,1.492411,-0.98238,0.4415208,1.403435,-1.303585,-9.359732,14.34255,-53.98629,0.4101802,1.147299,-1.302019,11.4176,-8.22597E-05,-27.96956,0.7098173,1.414552,-1.267866,-17.54405,10.69148,4.230729,0.8343771,1.444807,-1.303634,73.05369,10.04947,-22.86605,0.9494569,1.425637,-1.073461,101.2753,-0.0001020721,-8.05408,0.4131326,0.8665937,-1.257981,7.690798,-11.17675,0.7538139,0.7811568,1.650954,-1.032837,-15.51411,-13.73863,-1.880344,0.4239788,0.85683,-1.226525,43.14353,-20.75325,85.99735,0.4561901,0.8389916,-1.212222,6.032637,33.45528,-3.334191,0.4674055,0.8141103,-1.19981,3.353688,-1.413108E-05,0,0.422449,0.8475106,-1.235567,0,-14.88064,1.250075,0.4352734,0.8027244,-1.206438,20.55362,19.94288,-6.219148,0.4561736,0.7623783,-1.201851,20.96749,-4.057392E-05,0,0.4766909,0.7432047,-1.202768,13.98703,-3.483618E-05,0,0.4203699,0.8427641,-1.244849,0,-1.051682E-05,0,0.4301951,0.7927644,-1.22849,13.36197,12.6699,-0.9697499,0.4462565,0.7487391,-1.227103,24.91895,1.471322E-05,0,0.4675267,0.7265304,-1.230362,16.62723,1.285917E-05,0,0.41795,0.8392665,-1.254884,3.069245,14.87364,-2.900701,0.4267057,0.7888246,-1.252497,8.099751,-2.013607,-0.05233916,0.4403684,0.7472703,-1.250424,25.66733,2.557192E-05,0,0.4596432,0.7266971,-1.252116,17.12753,1.269493E-05,0,0.4154386,0.8384378,-1.264234,7.703139,29.67835,-7.04378,0.4232116,0.7922162,-1.274827,6.332768,-12.26157,-9.418221,0.4341554,0.7585317,-1.275935,25.96315,-6.485178E-06,0,0.4496138,0.7425085,-1.276561,17.32527,-8.686167E-06,0,0.7687563,1.663555,-1.062669,42.64798,-20.25676,77.63612,0.7333876,1.675731,-1.075364,-4.040118,11.13759,0.7813459,0.7096604,1.689954,-1.086924,-2.64264,-3.852351E-06,0,0.7677151,1.67107,-1.05202,0,-14.88068,1.249762,0.744494,1.716037,-1.073411,-7.47979,20.63565,14.27807,0.7319352,1.759833,-1.076557,12.58396,-2.635577E-06,0,0.7189255,1.784732,-1.076077,8.391172,-3.516624E-06,0,0.768359,1.674329,-1.041922,-0.02797646,-5.269397E-06,0,0.7464913,1.72256,-1.049646,-12.28326,9.797522,9.74106,0.7378151,1.768631,-1.05018,21.68056,0.01305521,0,0.7218233,1.7949,-1.046943,14.46331,0.008938266,0,0.7696353,1.67634,-1.031287,3.069309,14.87369,-2.900768,0.7484412,1.722599,-1.025148,-27.64201,-0.7348413,-5.17487,0.7504466,1.766326,-1.023875,21.42302,2.221852E-05,0,0.7413857,1.793023,-1.022191,14.29126,9.715612E-06,0,0.7716879,1.675967,-1.021797,7.703191,29.67844,-7.043725,0.7522805,1.715987,-1.003609,-35.8441,-9.075322,-31.12871,0.757477,1.750831,-0.9997941,13.06639,-2.844499E-05,0,0.7558477,1.773016,-0.998675,8.713028,-2.56103E-05,0
1267,0.6575956,0.9274462,-1.239837,0.4869847,0.2992177,1.701689,0.6474657,1.287718,-1.28414,1.362718,2.970509,-2.307069,0.6372543,1.596132,-1.281807,9.527349,-7.12483,14.9189,0.5775473,0.9270484,-1.237456,1.138148,-0.3499555,-2.90151,0.582637,0.5001296,-1.225423,7.67473,-0.03545316,-0.01978234,0.5827583,0.07439214,-1.270407,6.27101,-0.1976847,-5.87453,0.7376439,0.927844,-1.242219,0.3599087,-1.90521,0.324455,0.7257592,0.5009438,-1.235487,6.041956,0.0342183,0.05934703,0.7131948,0.07474265,-1.273836,4.952228,-1.605932,-7.18941,0.570876,1.407242,-1.270866,-11.55988,1.469681,-0.9261956,0.4417153,1.4032,-1.302663,-9.907703,14.61025,-54.40142,0.4106081,1.14703,-1.302317,11.25879,-8.324828E-05,-29.3033,0.709787,1.414581,-1.265435,-17.46488,10.86204,4.03619,0.8344651,1.445341,-1.30035,74.73067,9.526977,-23.42273,0.9448833,1.431623,-1.067519,101.7743,-8.491363E-05,-7.630801,0.4133672,0.8660194,-1.260264,7.528351,-11.53614,0.7613045,0.7712398,1.654372,-1.03631,-15.93771,-13.48296,-1.896098,0.423518,0.8562519,-1.228578,43.14667,-20.75601,86.03519,0.4554256,0.8384513,-1.213565,6.072508,33.51366,-3.361618,0.4663651,0.8135645,-1.200919,3.373478,-1.323883E-06,0,0.4222043,0.8469357,-1.237657,0,-14.88062,1.249918,0.4344329,0.8021499,-1.208272,20.56439,19.94367,-6.191091,0.4552864,0.7618322,-1.203244,20.92595,-2.135625E-05,0,0.475834,0.7426747,-1.203711,13.95924,-4.548047E-06,0,0.4203405,0.8421919,-1.246986,0,1.117614E-06,0,0.4298644,0.7921959,-1.230439,13.3715,12.67146,-0.9532654,0.4459573,0.7481938,-1.228719,24.87934,9.749257E-06,0,0.4673132,0.7260039,-1.231513,16.60075,1.406474E-05,0,0.4181512,0.8386969,-1.257075,3.069309,14.87364,-2.900633,0.4269201,0.7882655,-1.254519,8.107335,-2.018647,-0.04845664,0.4405957,0.7467307,-1.252161,25.61854,4.994425E-05,0,0.4599176,0.726171,-1.253427,17.09491,3.873161E-05,0,0.4158514,0.8378702,-1.266479,7.703165,29.67834,-7.043752,0.4239233,0.7916655,-1.276921,6.307671,-12.25609,-9.383702,0.4349205,0.7579917,-1.277802,25.93617,0.0001709353,0,0.4503965,0.741976,-1.278099,17.30727,0.0001274054,0,0.7592734,1.666109,-1.066666,43.12896,-20.76937,77.59873,0.7239819,1.677134,-1.080571,-4.39115,10.81531,0.8254311,0.7002391,1.690325,-1.093267,-2.875418,5.385325E-06,0,0.7579323,1.67386,-1.056222,0,-14.88067,1.249918,0.7345886,1.718014,-1.079119,-8.679146,20.2742,14.64541,0.7223888,1.761758,-1.083948,12.87727,-5.696626E-05,0,0.7094118,1.786672,-1.084514,8.586821,-3.829546E-05,0,0.7583385,1.677362,-1.046193,0,-9.513852E-07,0,0.7360403,1.725118,-1.055482,-13.41198,9.523733,10.25008,0.7276765,1.771201,-1.057617,22.19091,0.000408774,0,0.7115848,1.797515,-1.055395,14.80426,0.0002735536,0,0.7593817,1.679639,-1.035586,3.069245,14.87368,-2.900701,0.7375093,1.725758,-1.030958,-28.84819,-1.069105,-5.033922,0.7398252,1.769488,-1.031085,21.92148,7.614326E-06,0,0.7307088,1.79621,-1.030404,14.62426,-3.726509E-06,0,0.7612523,1.679515,-1.026052,7.703139,29.67842,-7.043725,0.7410063,1.719704,-1.009198,-37.06422,-9.196178,-31.33838,0.7463943,1.754614,-1.006387,13.8389,-3.6139E-06,0,0.7446213,1.776814,-1.006072,9.228436,-8.073865E-06,0
1300,0.6576504,0.9274949,-1.237797,0.5286014,0.2880011,1.626182,0.6475719,1.287736,-1.282274,1.371735,2.986194,-2.472193,0.6372089,1.596136,-1.279817,9.686715,-7.112247,15.20532,0.5775989,0.9271135,-1.23552,0.8127698,-0.3628616,-3.039442,0.5826216,0.5001396,-1.225599,7.364392,-0.03588971,0,0.5828057,0.07438129,-1.270385,6.230738,-0.247417,-5.943859,0.7377019,0.9278763,-1.240073,0.1570175,-1.889352,0.3571801,0.7258048,0.5009589,-1.234564,5.996264,0.03458642,0.05595291,0.7132739,0.07483703,-1.273795,5.03143,-1.619619,-7.192302,0.5709034,1.407234,-1.269221,-11.62749,1.441081,-0.8802673,0.4418759,1.403079,-1.30154,-10.54798,14.93185,-54.73456,0.4108012,1.146908,-1.302624,11.10842,-8.588578E-05,-30.05356,0.7097957,1.414621,-1.263391,-17.35909,10.96944,3.890984,0.8345668,1.445674,-1.297709,75.79228,8.948127,-24.08727,0.9409521,1.434789,-1.062859,102.1165,-0.0001041272,-7.275725,0.4131994,0.8655717,-1.262781,7.517551,-11.89089,0.7840959,0.7631191,1.654976,-1.037633,-16.06787,-13.01801,-1.845148,0.4230122,0.8557592,-1.231002,43.14499,-20.75935,86.09882,0.4547754,0.837975,-1.215667,6.127783,33.55714,-3.396152,0.4655839,0.8130685,-1.202947,3.402488,-8.432868E-06,0,0.4218121,0.8464582,-1.240113,0,-14.88063,1.249762,0.4337769,0.8016346,-1.210677,20.57868,19.94543,-6.16577,0.454638,0.7613398,-1.205497,20.86706,2.137866E-05,0,0.4752002,0.7421944,-1.205771,13.91993,2.085559E-05,0,0.4200584,0.8417291,-1.24947,0,-1.439732E-06,0,0.4294681,0.7917156,-1.232911,13.38405,12.67505,-0.930832,0.4456105,0.7477353,-1.2311,24.82919,3.027675E-05,0,0.4670112,0.725565,-1.233699,16.56724,3.558066E-05,0,0.4179859,0.8382499,-1.259589,3.069309,14.87364,-2.900633,0.4267962,0.787826,-1.25703,8.10748,-2.020515,-0.03956468,0.4405032,0.7463059,-1.254595,25.58533,3.380118E-05,0,0.4598548,0.725764,-1.255682,17.07269,3.011406E-05,0,0.4157916,0.8374376,-1.269019,7.703165,29.67834,-7.043752,0.4240431,0.7912635,-1.279456,6.247643,-12.257,-9.40494,0.4350623,0.7575953,-1.280273,25.99261,2.624056E-05,0,0.4505624,0.7416009,-1.280422,17.345,2.380564E-05,0,0.7514015,1.666344,-1.068226,43.5913,-21.30166,77.59995,0.7161471,1.67642,-1.082922,-4.370719,10.70919,0.8134917,0.6923339,1.68889,-1.096201,-2.862933,4.946092E-06,0,0.7498258,1.67415,-1.057856,0,-14.88067,1.249918,0.7262231,1.717838,-1.081373,-9.451595,20.11517,14.88654,0.7140764,1.761518,-1.086867,13.10723,-3.851461E-06,0,0.7010024,1.786368,-1.087866,8.740264,1.330135E-06,0,0.7500565,1.677729,-1.047849,0,7.759988E-07,0,0.7272757,1.725128,-1.057771,-14.12223,9.347204,10.61747,0.7189006,1.771174,-1.060558,22.33757,0.0002176555,0,0.7027045,1.797459,-1.0588,14.90224,0.0001545986,0,0.7509322,1.680094,-1.037246,3.069309,14.87367,-2.900701,0.7284165,1.72596,-1.033236,-29.56776,-1.315086,-4.934671,0.7306933,1.769688,-1.033916,21.99647,2.49713E-05,0,0.7215106,1.796394,-1.033685,14.67435,1.777093E-05,0,0.7526797,1.680061,-1.027688,7.703165,29.67841,-7.04378,0.731706,1.720106,-1.011389,-37.73373,-9.318795,-31.39514,0.7369844,1.75506,-1.008943,14.09015,-3.314715E-05,0,0.7350644,1.77725,-1.008942,9.396052,-2.007544E-05,0
1333,0.6577485,0.9275488,-1.236042,0.5446455,0.2829758,1.67923,0.6475758,1.287776,-1.280578,1.373589,3.015026,-2.531496,0.6370262,1.596163,-1.278013,9.799603,-7.110203,15.40029,0.5776991,0.9271758,-1.233692,0.4977152,-0.3709904,-3.173483,0.5826817,0.5001554,-1.226002,7.01003,-0.03129597,0,0.5828377,0.07435346,-1.27037,6.15756,-0.3127317,-6.128199,0.7377979,0.9279218,-1.238393,0,-1.879523,0.3516591,0.7258992,0.5009907,-1.23408,5.898373,0.03489415,0.05233916,0.7133558,0.07491234,-1.273777,5.067631,-1.620388,-7.10945,0.5708311,1.407233,-1.2676,-11.73064,1.47813,-0.835094,0.4418952,1.403094,-1.300285,-11.05263,15.11755,-54.88666,0.410807,1.146935,-1.302824,10.93436,-7.929686E-05,-30.44457,0.7097133,1.414693,-1.261628,-17.23484,11.02127,3.770553,0.8345467,1.44594,-1.295541,76.38731,8.438221,-24.76725,0.9378496,1.436101,-1.059273,102.3918,-0.0001013139,-7.274728,0.4126261,0.8652856,-1.265226,7.589101,-12.19199,0.8115651,0.7566232,1.653883,-1.037567,-16.43248,-12.87561,-1.866764,0.4222373,0.8553851,-1.233413,43.13874,-20.75406,86.15983,0.4539147,0.8375822,-1.217922,6.151986,33.58252,-3.411969,0.4646461,0.8126432,-1.205201,3.414951,-1.866832E-05,0,0.4211081,0.8461111,-1.24256,0,-14.88067,1.249918,0.4329247,0.8012091,-1.213183,20.59579,19.94911,-6.127944,0.453804,0.7609247,-1.207998,20.79548,7.44081E-07,0,0.4743684,0.7417806,-1.208194,13.87214,4.060729E-06,0,0.419422,0.8414092,-1.251944,0,-2.160347E-05,0,0.4287751,0.7913546,-1.235476,13.40802,12.67916,-0.9138597,0.444969,0.7473917,-1.233703,24.74121,1.366875E-10,0,0.4663852,0.7252275,-1.236225,16.50845,-3.724535E-06,0,0.4174209,0.8379592,-1.262086,3.069245,14.87364,-2.900701,0.4262685,0.7875369,-1.259624,8.114693,-2.018229,-0.02797646,0.4400087,0.7460255,-1.25723,25.52515,1.628844E-06,0,0.45937,0.7254893,-1.258251,17.03247,-8.597207E-06,0,0.4152904,0.8371738,-1.271534,7.703191,29.67836,-7.04378,0.4236614,0.7910411,-1.282058,6.216941,-12.25039,-9.395739,0.4347043,0.7573814,-1.282907,25.97633,5.617279E-05,0,0.4502094,0.7413914,-1.283007,17.33412,4.066439E-05,0,0.7453247,1.665132,-1.068361,44.02082,-21.74603,77.66473,0.710236,1.674584,-1.083847,-4.218862,10.90875,0.7996635,0.6865284,1.686725,-1.097612,-2.7618,-4.848262E-06,0,0.7435254,1.672939,-1.058028,0,-14.88068,1.249762,0.7200004,1.716431,-1.081982,-9.887259,20.12711,15.039,0.7079507,1.760103,-1.08775,13.12825,-6.069561E-05,0,0.6948876,1.784947,-1.089007,8.754254,-3.86178E-05,0,0.7435681,1.676531,-1.048023,0,-3.533176E-06,0,0.7206176,1.723756,-1.058376,-14.6041,9.312943,10.87272,0.7123429,1.769804,-1.061423,22.1586,4.097839E-05,0,0.6962367,1.796164,-1.060001,14.78265,2.136866E-05,0,0.7442545,1.678915,-1.03741,3.069245,14.87368,-2.900701,0.7213532,1.724625,-1.033826,-30.01367,-1.449285,-4.882507,0.7236559,1.768348,-1.034671,21.87759,2.716728E-05,0,0.7145358,1.795077,-1.034704,14.59493,1.494225E-05,0,0.7458465,1.678906,-1.027825,7.703165,29.67842,-7.04378,0.7243282,1.718819,-1.011921,-38.16848,-9.361068,-31.46494,0.7295677,1.753783,-1.009526,14.34404,-1.162148E-05,0,0.7275536,1.775964,-1.009668,9.565463,-9.903767E-06,0
1367,0.6578551,0.9275907,-1.234715,0.5267473,0.2678737,1.778283,0.6475447,1.287828,-1.279145,1.360419,3.062178,-2.527704,0.6367831,1.596205,-1.276502,9.799321,-7.159072,15.52558,0.5778098,0.9272394,-1.232226,0.2548778,-0.3883103,-3.28062,0.5827591,0.500188,-1.226486,6.679875,-0.03655822,0,0.582952,0.07433271,-1.27034,6.071054,-0.3885294,-6.329733,0.7379004,0.9279421,-1.237204,-0.1594904,-1.860511,0.332791,0.7259991,0.501001,-1.234036,5.751253,0.0352004,0.04845664,0.7134299,0.07492781,-1.27378,5.070414,-1.616722,-6.998576,0.570703,1.407219,-1.266133,-11.81303,1.517972,-0.8021067,0.4418123,1.403073,-1.298995,-11.47135,15.28132,-54.83775,0.4106115,1.146944,-1.302915,10.75003,-7.758274E-05,-30.44232,0.7095796,1.414792,-1.260172,-17.11501,11.04361,3.63572,0.8344411,1.44621,-1.293823,76.68967,8.030793,-25.41923,0.9355707,1.436282,-1.056621,102.6022,-6.916082E-05,-7.679842,0.4116273,0.8650147,-1.267448,7.737028,-12.42451,0.8432553,0.7515277,1.65185,-1.03658,-16.60225,-12.63261,-1.850338,0.4211949,0.8549911,-1.23566,43.13205,-20.74705,86.21307,0.452857,0.8371391,-1.220195,6.161157,33.6,-3.418676,0.4635684,0.8121536,-1.207549,3.419191,-2.209249E-05,0,0.4200855,0.8457536,-1.244846,0,-14.88064,1.250075,0.4318837,0.8007401,-1.215634,20.61389,19.95216,-6.095224,0.4527898,0.760452,-1.210586,20.72119,-5.924236E-05,0,0.4733459,0.7412995,-1.210827,13.82251,-4.712064E-05,0,0.4184169,0.8410887,-1.254252,0,-7.500326E-06,0,0.4277748,0.7909734,-1.237973,13.42294,12.68502,-0.8851442,0.4440021,0.7470167,-1.23636,24.67545,-2.080918E-05,0,0.4654144,0.7248554,-1.238941,16.46448,-2.510041E-05,0,0.4164337,0.8376786,-1.264412,3.069373,14.87364,-2.900701,0.4253081,0.7872521,-1.26214,8.108569,-2.012781,0,0.4390647,0.7457378,-1.259895,25.49734,2.131302E-05,0,0.4584269,0.7252054,-1.260973,17.01388,1.447472E-05,0,0.4143184,0.8369303,-1.273866,7.703139,29.67834,-7.043752,0.4227338,0.7908456,-1.284564,6.153101,-12.23938,-9.418451,0.4337612,0.7571841,-1.285534,26.04162,3.864758E-05,0,0.4492766,0.7412044,-1.285672,17.37776,2.187493E-05,0,0.7406213,1.663327,-1.067431,44.36277,-22.05062,77.62355,0.7056958,1.6724,-1.083502,-4.526407,11.14704,0.8767033,0.682199,1.684404,-1.09774,-2.960616,9.190595E-06,0,0.7386021,1.671015,-1.057049,0,-14.88067,1.249762,0.7151166,1.71457,-1.080927,-10.15147,20.13672,15.02775,0.7030123,1.758258,-1.086449,13.22987,-6.212825E-05,0,0.6898415,1.783047,-1.087659,8.822118,-5.061679E-05,0,0.738462,1.674504,-1.047009,0,-3.06748E-06,0,0.7153115,1.721658,-1.057242,-15.02563,9.305013,11.04336,0.7070641,1.76773,-1.059986,22.50724,0.0001045825,0,0.6907762,1.793975,-1.058504,15.01556,6.290671E-05,0,0.7389655,1.676785,-1.036364,3.069245,14.87368,-2.900768,0.71566,1.722282,-1.032676,-30.4062,-1.553041,-4.946963,0.717927,1.766013,-1.033158,22.14569,-1.73311E-05,0,0.7086537,1.792689,-1.033137,14.77405,-2.00846E-05,0,0.7404089,1.67669,-1.026755,7.703139,29.67842,-7.043725,0.7183399,1.716276,-1.010787,-38.45142,-9.402557,-31.61478,0.7234329,1.751234,-1.008024,14.65708,-1.33383E-05,0,0.7212393,1.773399,-1.00806,9.774308,-9.989784E-06,0
1400,0.6579628,0.9275953,-1.233695,0.4881886,0.2550154,1.876176,0.6475028,1.287858,-1.27787,1.319824,3.111276,-2.495675,0.6365626,1.596229,-1.275074,9.722291,-7.238723,15.59933,0.5779217,0.9272614,-1.23107,0.1008706,-0.3993282,-3.327255,0.582823,0.5001925,-1.226766,6.447649,-0.03676226,0,0.5830024,0.07430661,-1.270322,6.017443,-0.4452044,-6.47584,0.7380038,0.9279292,-1.23632,-0.2594432,-1.847169,0.3045456,0.7260804,0.5009824,-1.234165,5.600667,0.03992116,0.04423466,0.7135117,0.07489917,-1.273802,5.070684,-1.610103,-6.904926,0.5705679,1.407176,-1.264733,-11.88048,1.549033,-0.7694854,0.4416985,1.403014,-1.297676,-11.81211,15.452,-54.73899,0.4102789,1.146933,-1.302749,10.5502,-7.431655E-05,-30.21935,0.7094415,1.414862,-1.258847,-17.01938,11.08086,3.508945,0.8342911,1.4465,-1.292336,76.83041,7.763441,-25.96432,0.9341128,1.436048,-1.054603,102.8487,-8.859028E-05,-8.082087,0.4103203,0.864764,-1.269222,7.929543,-12.58807,0.8758101,0.7476496,1.649613,-1.035509,-17.0365,-12.21088,-1.83579,0.4199629,0.8545926,-1.237504,43.13213,-20.74379,86.23333,0.4516621,0.8366687,-1.222198,6.162907,33.61785,-3.421252,0.4623939,0.8116227,-1.20969,3.419477,-4.284693E-06,0,0.4188323,0.8453979,-1.24673,0,-14.88064,1.249918,0.4307004,0.8002491,-1.217756,20.62718,19.95329,-6.091074,0.4516276,0.7599423,-1.212951,20.65955,-6.417784E-06,0,0.4721675,0.7407746,-1.213323,13.78134,-1.448518E-05,0,0.4171417,0.840777,-1.256153,0,-5.796858E-06,0,0.4265394,0.7905867,-1.240131,13.42665,12.68819,-0.8798226,0.4427737,0.7466242,-1.238764,24.64549,2.961799E-05,0,0.4641702,0.724466,-1.241499,16.44444,1.632174E-05,0,0.4151347,0.8374143,-1.266324,3.069309,14.87364,-2.900633,0.4240159,0.7869781,-1.264309,8.096915,-2.011166,0,0.4377705,0.7454515,-1.26229,25.47727,1.639965E-05,0,0.4571193,0.7249144,-1.263508,17.00044,1.108713E-05,0,0.4129972,0.83671,-1.275777,7.703139,29.67835,-7.043725,0.4213888,0.7906761,-1.28671,6.090141,-12.23093,-9.449682,0.4323784,0.757008,-1.287863,26.10502,0.0001160796,0,0.4478942,0.74103,-1.288109,17.42016,6.868172E-05,0,0.7370685,1.661476,-1.066327,44.65447,-22.3826,77.5454,0.7023225,1.670468,-1.082827,-4.695568,11.32528,0.9240804,0.6790306,1.682531,-1.097349,-3.069373,-1.401739E-06,0,0.734924,1.669025,-1.055869,0,-14.88067,1.249918,0.7116424,1.712858,-1.079437,-10.30889,20.17415,14.96072,0.6996529,1.756634,-1.084501,13.29642,9.15079E-06,0,0.6864949,1.781438,-1.085524,8.866497,5.595503E-06,0,0.7346682,1.672384,-1.045787,0,-2.247754E-06,0,0.7115659,1.719638,-1.055661,-15.21742,9.318703,11.06315,0.7034376,1.765758,-1.057896,22.58425,-4.458907E-05,0,0.6871496,1.791993,-1.056246,15.06706,-3.787979E-05,0,0.7350509,1.674527,-1.035108,3.069245,14.87368,-2.900701,0.7116422,1.719943,-1.031086,-30.54671,-1.608246,-4.968303,0.7139552,1.763673,-1.031028,22.03363,1.807213E-05,0,0.7047594,1.790375,-1.030799,14.69918,7.159654E-06,0,0.7363881,1.674309,-1.025486,7.703139,29.67841,-7.043752,0.7140886,1.713656,-1.00925,-38.52811,-9.473651,-31.70924,0.7191374,1.748581,-1.006029,14.75446,-1.691669E-05,0,0.7169024,1.770741,-1.005853,9.839311,-1.107925E-05,0
1433,0.6577913,0.9275584,-1.23305,0.4432315,0.2319469,1.946218,0.6472474,1.287855,-1.276892,1.257566,3.157056,-2.455112,0.6361841,1.596219,-1.273834,9.635882,-7.354137,15.63705,0.5777534,0.9272554,-1.230328,0.05595291,-0.4369482,-3.321661,0.5827526,0.5001814,-1.226703,6.364425,-0.03706865,0,0.5830354,0.0743013,-1.270315,6.014738,-0.4985232,-6.547542,0.7378292,0.9278613,-1.235772,-0.3127867,-1.807569,0.2839303,0.7260134,0.5009085,-1.234346,5.484909,0.04023156,0.03956468,0.7135495,0.07480967,-1.273848,5.081029,-1.594304,-6.83756,0.5702288,1.407098,-1.263574,-11.90218,1.572419,-0.7423044,0.4413496,1.402923,-1.296477,-12.13003,15.66828,-54.62198,0.4095303,1.146913,-1.302554,10.39616,-8.715593E-05,-30.04648,0.7091005,1.414887,-1.257781,-16.96413,11.10494,3.402372,0.833919,1.446716,-1.291203,76.93601,7.604807,-26.41155,0.9330359,1.435833,-1.053195,103.0827,-5.949937E-05,-8.212528,0.4085792,0.8645568,-1.27066,8.105518,-12.66451,0.9009206,0.7445596,1.647682,-1.034755,-17.19751,-11.90964,-1.807319,0.4182878,0.8542204,-1.239016,43.13013,-20.73747,86.22527,0.4500111,0.8361987,-1.223876,6.12199,33.62424,-3.399033,0.4607524,0.811088,-1.211506,3.396556,-8.604673E-07,0,0.4171311,0.845073,-1.248286,0,-14.88063,1.249918,0.4290391,0.7997721,-1.219566,20.63143,19.95665,-6.087243,0.4499558,0.7594303,-1.215016,20.62105,-2.199224E-05,0,0.4704723,0.7402408,-1.215528,13.75564,-1.340757E-05,0,0.4154165,0.8405005,-1.257728,0,-3.951441E-06,0,0.4248218,0.7902248,-1.24198,13.42359,12.68805,-0.8985283,0.441032,0.7462461,-1.240871,24.62279,2.714121E-05,0,0.4624012,0.724081,-1.243757,16.42927,1.282798E-05,0,0.4133845,0.8371902,-1.267911,3.069245,14.87364,-2.900701,0.4222415,0.7867396,-1.266171,8.092574,-2.014081,0,0.4359742,0.7451949,-1.264389,25.42933,2.0939E-05,0,0.4552909,0.7246361,-1.265746,16.96841,2.703971E-06,0,0.4112252,0.8365347,-1.277362,7.703139,29.67834,-7.043725,0.4195658,0.7905518,-1.288546,6.045654,-12.23689,-9.493243,0.4305086,0.7568755,-1.289887,26.12448,2.73474E-05,0,0.4460082,0.7408836,-1.290239,17.43313,8.525813E-06,0,0.734076,1.659731,-1.065535,44.85172,-22.70796,77.58154,0.6994047,1.668486,-1.082316,-4.789497,11.48237,0.9555206,0.6761954,1.680477,-1.097029,-3.129002,6.319931E-06,0,0.7318386,1.667187,-1.05503,0,-14.88068,1.250075,0.7084519,1.711083,-1.078376,-10.37157,20.2345,14.85976,0.696308,1.754852,-1.083114,13.18383,1.856431E-05,0,0.6830962,1.779633,-1.084017,8.791357,1.744214E-05,0,0.7315134,1.670466,-1.044922,0,-6.79743E-06,0,0.7082177,1.717676,-1.054548,-15.28293,9.377316,11.04826,0.6999164,1.763781,-1.05642,22.53674,0.0001051454,0,0.6835352,1.789949,-1.054635,15.0353,6.837356E-05,0,0.7318301,1.672526,-1.034225,3.069245,14.87368,-2.900701,0.7081659,1.717789,-1.029972,-30.6685,-1.624744,-4.995359,0.7103431,1.761525,-1.029582,22.20094,9.26833E-07,0,0.7009856,1.788169,-1.029209,14.81097,-4.864332E-07,0,0.7331189,1.67224,-1.024598,7.703165,29.67843,-7.043752,0.7105324,1.711344,-1.008172,-38.62787,-9.459339,-31.90253,0.7154442,1.74626,-1.004659,15.29743,-2.777334E-05,0,0.7129396,1.768391,-1.004411,10.20164,-2.154715E-05,0
1467,0.6576301,0.9274946,-1.232511,0.4015385,0.22841,1.981495,0.6469654,1.28782,-1.275992,1.179188,3.199172,-2.408672,0.6358115,1.596173,-1.272539,9.597491,-7.485687,15.64225,0.5775939,0.927195,-1.229739,0.08156469,-0.4531183,-3.300789,0.5826934,0.500121,-1.226255,6.403401,-0.04183242,0,0.5830726,0.0742853,-1.270298,6.066888,-0.5380278,-6.575783,0.7376664,0.9277943,-1.235282,-0.3588198,-1.791511,0.272681,0.7259308,0.5008376,-1.234502,5.383686,0.04057433,0.04423466,0.7135593,0.07472613,-1.273897,5.101886,-1.588993,-6.798177,0.5698723,1.40699,-1.262453,-11.9096,1.59547,-0.7143636,0.4409718,1.40282,-1.295272,-12.23687,15.75131,-54.30859,0.4087907,1.146873,-1.302075,10.21309,-8.766526E-05,-29.6453,0.7087432,1.414871,-1.256763,-16.93868,11.1228,3.315112,0.8335158,1.446876,-1.290189,77.02286,7.53601,-26.70877,0.9324135,1.435683,-1.052104,103.3601,-7.321956E-05,-8.64845,0.4066673,0.8643768,-1.271507,8.301228,-12.68087,0.9240804,0.7424037,1.646224,-1.034443,-17.31171,-11.97219,-1.828955,0.4164579,0.8538696,-1.239944,43.1267,-20.72619,86.2149,0.4482048,0.8357304,-1.224996,6.058287,33.63234,-3.364121,0.4589475,0.8105518,-1.212766,3.360919,-2.259421E-05,0,0.4152632,0.8447705,-1.249257,0,-14.88064,1.249762,0.4272047,0.7993116,-1.220802,20.63468,19.95976,-6.087179,0.44809,0.7589242,-1.216521,20.585,-1.206248E-05,0,0.4685722,0.7397028,-1.217187,13.73156,-1.076478E-05,0,0.4135154,0.8402477,-1.258718,0,-7.190271E-06,0,0.4229101,0.7898825,-1.243251,13.41753,12.6865,-0.91941,0.4390694,0.7458792,-1.24241,24.61097,6.341357E-06,0,0.4603997,0.723699,-1.245464,16.42138,-7.665094E-06,0,0.4114495,0.8369912,-1.268911,3.069309,14.87364,-2.900701,0.4202542,0.7865225,-1.267451,8.098151,-2.010974,0,0.4339483,0.7449549,-1.265924,25.34937,-9.154302E-06,0,0.4532111,0.7243566,-1.267437,16.91497,-7.905243E-06,0,0.4092615,0.8363859,-1.278359,7.703165,29.67835,-7.043725,0.4175165,0.7904508,-1.289799,5.989427,-12.22865,-9.487506,0.4283842,0.7567588,-1.291344,26.18774,0.0001134308,0,0.4438667,0.7407538,-1.291825,17.47546,7.233327E-05,0,0.7321988,1.658356,-1.065285,44.98702,-22.96983,77.70244,0.6977078,1.666885,-1.082547,-4.955076,11.50657,0.9909081,0.6746731,1.678728,-1.097649,-3.237005,1.07394E-05,0,0.7298126,1.665757,-1.054773,0,-14.88068,1.249918,0.7064762,1.709642,-1.078189,-10.45617,20.28356,14.82507,0.6942415,1.753395,-1.08284,13.37786,4.446464E-05,0,0.6808774,1.778094,-1.083739,8.920859,2.447056E-05,0,0.7293625,1.668991,-1.044657,0,-6.519997E-06,0,0.7059525,1.716133,-1.054337,-15.40995,9.410296,11.0746,0.6975586,1.762227,-1.056085,22.92183,6.935779E-05,0,0.6809257,1.788235,-1.054307,15.29257,3.429364E-05,0,0.7295533,1.671008,-1.033948,3.069309,14.87368,-2.900701,0.7056333,1.716142,-1.029763,-30.84146,-1.642152,-5.081569,0.7077323,1.759879,-1.029192,22.91942,1.834784E-05,0,0.697993,1.786387,-1.028841,15.29098,7.140282E-06,0,0.7307389,1.670687,-1.024309,7.703191,29.67843,-7.04378,0.7077931,1.709616,-1.007966,-38.63522,-9.453614,-32.07808,0.7125085,1.744538,-1.004251,15.86597,-6.842492E-05,0,0.7097017,1.766633,-1.004031,10.5811,-5.518652E-05,0
1500,0.6574813,0.9274156,-1.231878,0.3690354,0.2212128,1.984062,0.6467227,1.287764,-1.275045,1.105884,3.244672,-2.369182,0.635472,1.5961,-1.271152,9.636005,-7.639193,15.6452,0.5774451,0.9271244,-1.229103,0.1083524,-0.4722269,-3.294674,0.5826407,0.5000513,-1.225656,6.478323,-0.04217578,0,0.5830694,0.07427728,-1.270291,6.143982,-0.5643033,-6.591124,0.7375175,0.9277068,-1.234653,-0.4191812,-1.774184,0.2705197,0.7258417,0.5007477,-1.234569,5.288242,0.04090003,0.03426402,0.7135578,0.07463235,-1.273949,5.136486,-1.593859,-6.783303,0.5695463,1.406857,-1.261304,-11.918,1.622482,-0.7027649,0.440629,1.40269,-1.294058,-12.0991,15.67103,-53.68388,0.4081434,1.146795,-1.30136,10.04769,-7.071217E-05,-28.83961,0.7084149,1.414839,-1.255702,-16.93441,11.13779,3.222032,0.833133,1.447018,-1.289166,77.09449,7.529654,-26.90904,0.9321238,1.435593,-1.051131,103.6473,-7.513939E-05,-9.077099,0.4047528,0.8642228,-1.271618,8.512578,-12.62042,0.9429458,0.7408976,1.645093,-1.034232,-17.30302,-12.09282,-1.846738,0.4146608,0.8535524,-1.240146,43.12304,-20.71384,86.20598,0.4464415,0.8352872,-1.225425,5.990507,33.64263,-3.327137,0.457188,0.8100412,-1.213338,3.323016,-3.83737E-06,0,0.413412,0.8444989,-1.249497,0,-14.88062,1.249762,0.4254017,0.7988884,-1.221306,20.63944,19.96088,-6.097733,0.4462431,0.7584496,-1.217305,20.54783,-3.410341E-05,0,0.4666814,0.7391882,-1.218143,13.70673,-2.573794E-05,0,0.4116167,0.8400233,-1.25897,0,-2.116498E-06,0,0.4209966,0.7895714,-1.24378,13.41053,12.68528,-0.9421154,0.4370842,0.7455375,-1.243211,24.60657,3.76095E-06,0,0.4583634,0.7233347,-1.246452,16.41843,-3.730129E-06,0,0.4095022,0.8368179,-1.26917,3.069245,14.87364,-2.900768,0.4182324,0.786329,-1.267984,8.069543,-2.005055,0,0.4318452,0.7447263,-1.266709,25.36524,1.156906E-05,0,0.4510636,0.7241004,-1.268402,16.92556,-6.485187E-06,0,0.4072731,0.8362603,-1.278611,7.703165,29.67834,-7.043752,0.4154059,0.7903663,-1.290302,5.950353,-12.22951,-9.540833,0.4261909,0.7566576,-1.292047,26.20794,6.987457E-05,0,0.4416406,0.7406254,-1.292658,17.48896,4.073118E-05,0,0.7309281,1.657244,-1.065142,45.15201,-23.21388,77.7194,0.6965904,1.665477,-1.082849,-5.20669,11.77929,1.065694,0.6737714,1.67724,-1.098336,-3.397996,3.643727E-06,0,0.728398,1.664606,-1.054637,0,-14.88067,1.250075,0.7050486,1.70842,-1.078172,-10.48004,20.3138,14.73533,0.6926342,1.752124,-1.082812,13.49796,-0.0001898729,0,0.6791001,1.776728,-1.083761,9.000975,-0.0001287073,0,0.7278308,1.667812,-1.044517,0,-6.086916E-07,0,0.7042552,1.714848,-1.054311,-15.36852,9.440199,11.03342,0.6955907,1.760894,-1.056002,22.87192,9.922133E-05,0,0.6787995,1.786807,-1.054321,15.25922,6.759868E-05,0,0.7279054,1.669803,-1.033802,3.069245,14.87368,-2.900701,0.7036951,1.714793,-1.029742,-30.69583,-1.668308,-5.116841,0.7054329,1.758545,-1.029054,22.70651,-4.172406E-06,0,0.695574,1.785009,-1.028746,15.14872,-1.163005E-06,0,0.7289982,1.669464,-1.024153,7.703165,29.67842,-7.043752,0.7056773,1.708225,-1.007941,-38.40828,-9.507472,-32.05713,0.7100208,1.743182,-1.004098,15.78329,1.669537E-05,0,0.7070314,1.765252,-1.003845,10.52589,1.260042E-05,0
1533,0.6573357,0.927338,-1.231114,0.3409232,0.2097188,1.965131,0.6465418,1.287706,-1.274016,1.04399,3.2794,-2.337494,0.6352179,1.596022,-1.269666,9.758162,-7.766877,15.65924,0.5772986,0.9270614,-1.228366,0.1119058,-0.494382,-3.299365,0.5825743,0.4999878,-1.225103,6.528916,-0.03795753,0,0.5830284,0.07427239,-1.270293,6.218076,-0.5839058,-6.601143,0.7373728,0.9276146,-1.233862,-0.4957456,-1.753531,0.268341,0.7257465,0.5006548,-1.234566,5.189199,0.04116855,0.03956468,0.713556,0.07454139,-1.273995,5.1782,-1.604041,-6.789372,0.5693023,1.406739,-1.260106,-11.91287,1.650509,-0.7027649,0.4403641,1.402594,-1.292781,-11.95842,15.6281,-53.07583,0.4074259,1.146768,-1.300442,10.01094,-7.242656E-05,-28.10992,0.7081693,1.414798,-1.254575,-16.94699,11.15561,3.140119,0.832832,1.447124,-1.288102,77.14603,7.559072,-27.0043,0.9321105,1.435521,-1.050195,103.9164,-8.983965E-05,-9.318357,0.4030434,0.8641862,-1.270917,8.664129,-12.46581,0.9479132,0.7400759,1.644336,-1.034001,-17.01271,-12.14128,-1.822416,0.4130387,0.8533729,-1.239522,43.12198,-20.70332,86.19402,0.4448358,0.8349869,-1.224987,5.926619,33.66347,-3.293307,0.4555652,0.8096778,-1.213018,3.286821,-5.464793E-06,0.01978234,0.4117413,0.8443589,-1.248904,0,-14.88063,1.249762,0.4237425,0.7986151,-1.220934,20.63622,19.96273,-6.105604,0.44452,0.7581212,-1.217165,20.53424,1.965392E-05,0,0.4649145,0.7388201,-1.218145,13.69766,1.799105E-05,0,0.4099055,0.8399242,-1.258389,0,-5.904577E-06,0,0.4192436,0.7893953,-1.24343,13.4032,12.68431,-0.9575664,0.4352463,0.7453281,-1.243088,24.6068,9.661154E-06,0,0.4564718,0.7230971,-1.246484,16.4186,2.068735E-06,0,0.4077504,0.836763,-1.268594,3.069245,14.87364,-2.900768,0.4163909,0.7862539,-1.267637,8.029742,-2.006381,0,0.4299027,0.7446125,-1.266566,25.42339,3.705381E-05,0,0.4490834,0.7239643,-1.268408,16.96445,2.670555E-05,0,0.405488,0.836247,-1.278029,7.703165,29.67834,-7.043752,0.4134959,0.7903848,-1.289929,5.901927,-12.22534,-9.54143,0.4241845,0.7566546,-1.291843,26.26287,0.0001490385,0,0.4396044,0.7405986,-1.292571,17.52571,0.0001117002,0,0.7301574,1.656433,-1.064949,45.23815,-23.42062,77.79031,0.6958772,1.664296,-1.082932,-5.374651,12.01962,1.122568,0.6731555,1.675913,-1.098671,-3.504423,-6.439382E-06,0,0.7275124,1.663762,-1.054449,0,-14.88068,1.249762,0.7039083,1.7074,-1.078059,-10.42236,20.35521,14.59828,0.6911039,1.750992,-1.082686,13.26732,-0.0002326782,0,0.6774347,1.775519,-1.083704,8.847089,-0.0001577513,0,0.7268675,1.666953,-1.044329,0,-4.142386E-06,0,0.7029413,1.713797,-1.054196,-15.30542,9.463555,11.00255,0.6938441,1.75976,-1.055867,22.74828,-2.885049E-05,0,0.6768502,1.785545,-1.05425,15.1766,-3.410167E-05,0,0.7268718,1.668935,-1.033612,3.069309,14.87368,-2.900701,0.7022595,1.713713,-1.02963,-30.60379,-1.704916,-5.130569,0.7035491,1.75748,-1.028915,22.58523,2.808698E-05,0,0.6934762,1.783864,-1.028647,15.0677,1.224978E-05,0,0.7279195,1.668596,-1.023958,7.703191,29.67843,-7.043725,0.704189,1.70714,-1.007825,-38.25607,-9.56037,-32.05182,0.7081188,1.742141,-1.003941,15.75284,9.582596E-06,0,0.7048917,1.764178,-1.00369,10.50558,8.874051E-07,0
1567,0.6571641,0.9272801,-1.230272,0.315899,0.1970593,1.945815,0.6463814,1.287667,-1.272953,0.9954398,3.298141,-2.319591,0.6350262,1.595962,-1.268166,9.939173,-7.856263,15.66965,0.577126,0.9270198,-1.227551,0.08392937,-0.5179166,-3.295684,0.5824756,0.4999443,-1.224683,6.530118,-0.04259019,0,0.5830563,0.07427263,-1.270281,6.270948,-0.6124188,-6.604321,0.7372022,0.9275404,-1.232992,-0.5845029,-1.728857,0.2631872,0.7256439,0.500581,-1.234556,5.079718,0.04137616,0.02797646,0.7135691,0.07446846,-1.27403,5.214061,-1.612168,-6.794425,0.569108,1.406663,-1.258921,-11.90791,1.677081,-0.7091401,0.4401562,1.402566,-1.291547,-11.74746,15.56285,-52.53724,0.4067719,1.146799,-1.299242,10.02876,-7.392382E-05,-27.54417,0.7079742,1.414762,-1.253426,-16.97864,11.16795,3.090539,0.8325908,1.447183,-1.287034,77.16341,7.623545,-27.0433,0.9323033,1.4355,-1.049313,104.2147,-0.0001048805,-9.41582,0.4016096,0.8642638,-1.2694,8.76699,-12.24395,0.9423231,0.7396781,1.643838,-1.034019,-16.81597,-12.07511,-1.791331,0.4116264,0.8533357,-1.238052,43.12085,-20.69457,86.1755,0.4434075,0.8348406,-1.223621,5.861871,33.68312,-3.258886,0.4540936,0.8094787,-1.211725,3.250163,-1.724797E-05,0,0.4102988,0.8443528,-1.247459,0,-14.88063,1.249918,0.4222491,0.7985011,-1.219645,20.62552,19.96621,-6.105444,0.4429456,0.757952,-1.216026,20.54606,7.212839E-06,0,0.4633017,0.738615,-1.217093,13.70556,-2.730572E-07,0,0.4084416,0.8399505,-1.256955,0,-4.539617E-06,0,0.417702,0.7893584,-1.242163,13.39915,12.68523,-0.9683364,0.4336167,0.7452585,-1.241976,24.59991,-1.570417E-07,0,0.454791,0.7229931,-1.245465,16.41397,3.782078E-06,0,0.4062666,0.8368247,-1.267167,3.069245,14.87364,-2.900701,0.4148106,0.7862962,-1.266376,8.000154,-2.002647,0,0.4282215,0.7446188,-1.265448,25.46381,1.032623E-05,0,0.4473632,0.7239428,-1.267381,16.99145,-2.90262E-07,0,0.4039905,0.8363417,-1.276601,7.703165,29.67834,-7.04378,0.4118935,0.7905005,-1.288651,5.84972,-12.21046,-9.534628,0.4224831,0.7567461,-1.290686,26.34334,9.257364E-05,0,0.4378787,0.7406704,-1.291489,17.57948,5.435805E-05,0,0.7297478,1.655865,-1.064991,45.26694,-23.60518,77.82761,0.6955006,1.663466,-1.083149,-5.418118,12.1999,1.148247,0.6728245,1.674986,-1.099024,-3.530418,1.32131E-05,0,0.7270407,1.663183,-1.054499,0,-14.8807,1.249918,0.7032287,1.706673,-1.078173,-10.41433,20.38152,14.46977,0.6901749,1.750189,-1.082821,13.16572,-0.0001769502,0,0.6764014,1.774655,-1.08389,8.779261,-0.0001271738,0,0.7263584,1.666374,-1.044382,0,-9.379777E-06,0,0.70218,1.713075,-1.054314,-15.27657,9.486588,11.03189,0.6927975,1.75898,-1.056002,22.66496,8.289221E-05,0,0.6756771,1.784683,-1.054419,15.12095,4.806571E-05,0,0.7263311,1.66836,-1.033666,3.069245,14.87368,-2.900768,0.7014525,1.712997,-1.029749,-30.5615,-1.720088,-5.048534,0.7024543,1.756772,-1.029059,22.57943,-1.064027E-05,0,0.6922109,1.78309,-1.028812,15.06379,-1.804032E-05,0,0.7273625,1.668031,-1.02401,7.703191,29.67844,-7.043725,0.7033791,1.706444,-1.007938,-38.13602,-9.622602,-32.06437,0.7070202,1.74148,-1.004085,15.71256,-1.89618E-05,0,0.7036316,1.763493,-1.003862,10.47867,-2.281217E-05,0
1600,0.6569414,0.9272385,-1.229433,0.2947506,0.1840949,1.934214,0.6461862,1.287642,-1.27194,0.957975,3.308929,-2.307069,0.6348407,1.595916,-1.266753,10.14319,-7.946223,15.65923,0.5769026,0.9269952,-1.226729,0.03956468,-0.5445386,-3.285153,0.582343,0.4999179,-1.224339,6.51063,-0.04271459,0,0.583047,0.07428238,-1.270273,6.314165,-0.6398804,-6.611829,0.7369801,0.9274817,-1.232138,-0.6847132,-1.699306,0.261696,0.7255209,0.5005239,-1.234611,4.953375,0.04157986,0.03426402,0.7135886,0.07440439,-1.274053,5.232143,-1.616195,-6.786107,0.5688939,1.406615,-1.257814,-11.88821,1.68984,-0.7132671,0.4399236,1.402544,-1.290371,-11.64493,15.61977,-52.25743,0.4060096,1.146842,-1.297896,10.12809,-7.583582E-05,-27.26656,0.7077598,1.414736,-1.252345,-17.01616,11.17209,3.056654,0.8323389,1.447207,-1.286043,77.18195,7.644702,-27.03004,0.932349,1.435392,-1.048453,104.5019,-0.0001154672,-9.846563,0.4004164,0.8643892,-1.267358,8.801116,-11.99359,0.9264069,0.7394076,1.643509,-1.03417,-16.76313,-12.15902,-1.797983,0.4104462,0.8533805,-1.236042,43.12481,-20.689,86.13451,0.4422091,0.8347957,-1.221687,5.780928,33.71757,-3.216498,0.4528449,0.8093935,-1.209832,3.204119,5.631171E-06,0,0.409091,0.8444186,-1.245466,0,-14.88062,1.249918,0.4209828,0.7984895,-1.217755,20.61683,19.96729,-6.113081,0.4415992,0.7578908,-1.214236,20.5666,-4.11615E-05,0,0.4619209,0.7385212,-1.215363,13.71927,-2.743502E-05,0,0.4072149,0.8400385,-1.254969,0,2.294569E-06,0,0.4163935,0.7893997,-1.240285,13.39794,12.68605,-0.9761857,0.4322221,0.7452684,-1.240202,24.58904,3.762783E-06,0,0.4533454,0.7229648,-1.243755,16.40673,1.449849E-06,0,0.4050227,0.8369368,-1.265184,3.069245,14.87364,-2.900633,0.4134698,0.7863905,-1.264501,7.97772,-1.99916,0,0.4267846,0.7446803,-1.263668,25.48654,3.97725E-05,0,0.4458836,0.7239709,-1.265666,17.00665,3.490534E-05,0,0.4027354,0.8364767,-1.274616,7.703165,29.67834,-7.043752,0.4105366,0.790644,-1.286764,5.82467,-12.21697,-9.571381,0.4210449,0.7568687,-1.288872,26.35007,2.641149E-05,0,0.4364037,0.7407598,-1.289714,17.584,1.401371E-05,0,0.7297104,1.655547,-1.065211,45.29162,-23.73311,77.82011,0.6956305,1.663055,-1.083719,-5.561373,12.4373,1.201382,0.6731727,1.67462,-1.099869,-3.620392,1.95037E-05,0,0.7269009,1.662849,-1.054735,0,-14.88068,1.249918,0.7031963,1.706314,-1.078562,-10.43662,20.42061,14.43744,0.6901066,1.749815,-1.083243,13.15723,-0.0002540492,0,0.676303,1.774261,-1.084389,8.773598,-0.0001671117,0,0.7261277,1.666028,-1.044621,0,-3.735331E-06,0,0.7019358,1.712689,-1.054706,-15.23955,9.510493,10.99825,0.6924433,1.75857,-1.056405,22.53429,5.537527E-06,0,0.6752967,1.784264,-1.054947,15.03364,4.770031E-07,0,0.7260072,1.668003,-1.033903,3.069245,14.87368,-2.900768,0.701004,1.712584,-1.030148,-30.51171,-1.742161,-5.049737,0.70187,1.756361,-1.02942,22.50158,-1.159291E-05,0,0.6915824,1.782663,-1.02924,15.01181,-8.981547E-06,0,0.7269589,1.667666,-1.024239,7.703191,29.67842,-7.043752,0.7027627,1.706013,-1.008329,-38.02413,-9.682088,-32.05259,0.7062254,1.741062,-1.004432,15.64804,-3.216138E-05,0,0.702767,1.763065,-1.004222,10.43562,-2.369478E-05,0
1633,0.6582125,0.9272119,-1.228762,0.2797648,0.1887794,1.932088,0.6474404,1.287626,-1.27116,0.9375348,3.309541,-2.289184,0.6361662,1.595881,-1.265659,10.35387,-8.041797,15.62664,0.5781738,0.9269614,-1.22606,0,-0.4540045,-3.274707,0.5829645,0.4998743,-1.224058,6.4951,-0.04215979,0,0.5830386,0.07426751,-1.270262,6.356317,-0.5716947,-6.642456,0.7382513,0.9274624,-1.231463,-0.8158936,-1.787916,0.2594432,0.7261344,0.5005302,-1.235002,4.759916,0.036849,0.03956468,0.7135636,0.07439452,-1.27407,5.199724,-1.724281,-6.757463,0.5701519,1.406593,-1.25697,-11.89572,1.704715,-0.7181882,0.4411747,1.402568,-1.289505,-11.27115,15.43521,-51.70201,0.4070238,1.146884,-1.296584,10.18713,-8.046142E-05,-26.65892,0.7090194,1.414714,-1.251541,-17.06762,11.17358,3.025433,0.8335571,1.447197,-1.28538,77.16489,7.643752,-26.97814,0.9339163,1.435079,-1.047952,104.7617,-0.0001190458,-10.03652,0.4009701,0.8645543,-1.265015,8.852505,-11.73489,0.9112865,0.7409282,1.643204,-1.034445,-16.52119,-12.07294,-1.759141,0.4110158,0.8534972,-1.233721,43.12952,-20.69558,86.10696,0.4427631,0.834846,-1.219417,5.767282,33.73322,-3.210284,0.4533629,0.809412,-1.207599,3.195921,-5.092455E-06,0,0.4096338,0.8445469,-1.243152,0,-14.88064,1.249918,0.4214749,0.7985696,-1.215499,20.60987,19.96976,-6.11805,0.4420175,0.7579281,-1.212043,20.5766,1.241981E-05,0,0.4623044,0.7385244,-1.213212,13.72595,1.790059E-05,0,0.4077391,0.8401794,-1.252657,0,-5.174042E-06,0,0.4168437,0.7895101,-1.238033,13.39158,12.68577,-0.9851648,0.4325887,0.7453488,-1.23801,24.58954,9.892817E-06,0,0.4536665,0.7230089,-1.241605,16.40706,-5.88E-07,0,0.4055297,0.8370916,-1.262873,3.069245,14.87364,-2.900633,0.4138869,0.7865297,-1.262248,7.963016,-2.004546,0,0.4271182,0.7447919,-1.261465,25.49765,1.842519E-05,0,0.4461771,0.7240494,-1.263502,17.01409,2.891347E-05,0,0.4032308,0.8366448,-1.272303,7.703165,29.67835,-7.043752,0.410936,0.7908101,-1.284504,5.794508,-12.20573,-9.548947,0.4213631,0.7570127,-1.286661,26.38868,0.0001592642,-0.01978234,0.4366943,0.7408798,-1.287543,17.60981,0.0001127836,0,0.7312635,1.655246,-1.065494,45.32472,-23.8463,77.72765,0.6972275,1.662604,-1.084143,-5.780826,12.80608,1.285423,0.6749145,1.674243,-1.10044,-3.75786,-2.096693E-06,0,0.728399,1.662523,-1.055015,0,-14.88067,1.250075,0.7045867,1.705928,-1.078843,-10.46371,20.45244,14.34469,0.6913589,1.749394,-1.083474,13.18512,-0.0001681722,0,0.6774602,1.773785,-1.084615,8.792229,-0.0001085398,0,0.7275877,1.665686,-1.044899,0,-2.660777E-06,0,0.7032405,1.712265,-1.054983,-15.23634,9.525578,10.9707,0.6935719,1.758112,-1.056631,22.53394,2.633011E-05,0,0.6763198,1.783735,-1.055179,15.03342,3.360763E-05,0,0.7274321,1.667645,-1.034179,3.069309,14.87368,-2.900633,0.7022465,1.712124,-1.030427,-30.47231,-1.76425,-5.058498,0.7029095,1.755904,-1.029652,22.43782,4.48303E-05,0,0.6925301,1.782169,-1.029472,14.9692,3.630771E-05,0,0.7283604,1.667299,-1.024513,7.703165,29.67842,-7.04378,0.703975,1.70553,-1.008612,-37.91629,-9.736899,-32.04608,0.7072212,1.740596,-1.00468,15.56537,2.084573E-05,0,0.7036629,1.762582,-1.004452,10.38048,1.504033E-05,0
1667,0.659153,0.9271926,-1.227909,0.272681,0.1882945,1.940074,0.6484096,1.287613,-1.27028,0.9364907,3.297273,-2.256981,0.6372646,1.595855,-1.264572,10.5668,-8.121475,15.57194,0.5791146,0.9269425,-1.225197,-0.07912937,-0.3916409,-3.267884,0.5834165,0.4998477,-1.223844,6.434681,-0.04168357,0,0.5830402,0.07426277,-1.270247,6.385493,-0.532542,-6.686068,0.7391915,0.9274427,-1.230622,-0.9628648,-1.847254,0.2454926,0.7265911,0.5005355,-1.235294,4.56716,0.04129779,0.04423466,0.7136254,0.07438412,-1.27406,5.167519,-1.797466,-6.730359,0.5711555,1.406598,-1.256048,-11.88151,1.712018,-0.7203645,0.4421508,1.402618,-1.28848,-11.17998,15.48616,-51.64661,0.4075889,1.146976,-1.295057,10.34762,-7.610281E-05,-26.69687,0.7100279,1.414687,-1.250697,-17.06491,11.17151,2.982422,0.8345568,1.447138,-1.284599,77.21938,7.639283,-26.92365,0.9350282,1.43501,-1.04722,104.9226,-7.531133E-05,-10.06019,0.4015789,0.864779,-1.262316,8.806137,-11.47085,0.8862489,0.7421047,1.643244,-1.034471,-16.31876,-11.89607,-1.711665,0.411592,0.8537006,-1.231019,43.12926,-20.69821,86.08443,0.4433038,0.8350001,-1.216701,5.742931,33.74384,-3.197391,0.4538553,0.8095486,-1.204877,3.181985,-3.007219E-05,0,0.4102016,0.8447543,-1.240452,0,-14.88066,1.249918,0.4219599,0.7987539,-1.212803,20.59412,19.97194,-6.120869,0.4424298,0.7580762,-1.209341,20.60147,-4.823286E-06,0,0.4626917,0.7386461,-1.210504,13.74257,-2.054612E-05,0,0.4083052,0.8403915,-1.249959,0,-1.475845E-05,0,0.4173267,0.7897058,-1.235341,13.38151,12.68246,-0.9940628,0.4329994,0.7455187,-1.235313,24.59521,-1.483241E-05,0,0.4540454,0.7231471,-1.238898,16.41084,-1.197221E-05,0,0.4060965,0.8373091,-1.260177,3.069309,14.87364,-2.900633,0.414378,0.7867346,-1.259558,7.937906,-2.009997,0,0.4275295,0.7449718,-1.258769,25.53187,-1.650906E-05,0,0.4465626,0.7242047,-1.260796,17.03697,-2.066944E-05,0,0.4038018,0.8368676,-1.269608,7.703191,29.67836,-7.043752,0.4114449,0.7910239,-1.281815,5.743989,-12.20149,-9.574913,0.4217935,0.7572024,-1.283972,26.48414,0.0001041021,0,0.4371141,0.7410588,-1.284844,17.67362,5.312504E-05,0,0.7323911,1.655279,-1.065508,45.30702,-23.97701,77.64581,0.6983656,1.662542,-1.084213,-5.778859,13.08945,1.313135,0.6761,1.674258,-1.100519,-3.752281,2.279239E-06,0,0.7295132,1.662542,-1.055023,0,-14.88068,1.249918,0.7055732,1.705898,-1.078812,-10.5077,20.48973,14.33206,0.692259,1.749344,-1.083381,13.26214,-0.0004003163,0,0.6782803,1.773692,-1.084475,8.843624,-0.0002667885,0,0.7286991,1.665696,-1.044904,0,-4.614039E-06,0,0.7042235,1.712218,-1.054947,-15.19542,9.550232,11.0102,0.6944008,1.758034,-1.056542,22.35073,9.505104E-05,0,0.677146,1.783653,-1.055064,14.91102,6.536851E-05,0,0.7285443,1.667649,-1.034183,3.069245,14.87368,-2.900701,0.7032435,1.712059,-1.030391,-30.42212,-1.775876,-4.999084,0.7037525,1.755841,-1.029597,22.28614,1.847626E-05,0,0.6933498,1.782096,-1.029387,14.86787,1.062179E-05,0,0.7294789,1.6673,-1.024518,7.703191,29.67842,-7.043725,0.7050015,1.705456,-1.008581,-37.79115,-9.804876,-31.99432,0.708075,1.740539,-1.004657,15.37598,-1.332796E-05,0,0.7044739,1.762518,-1.004401,10.25409,-1.337745E-05,0
1700,0.6594256,0.9271871,-1.226965,0.2661444,0.1871699,1.956348,0.6487167,1.287613,-1.269344,0.9477068,3.281346,-2.215407,0.637733,1.595842,-1.263499,10.77581,-8.211415,15.51206,0.5793879,0.9269384,-1.22423,-0.1978235,-0.3734899,-3.258826,0.5835152,0.4998398,-1.223821,6.3082,-0.04149368,0,0.5830436,0.0742555,-1.270229,6.382729,-0.5381874,-6.731088,0.7394632,0.9274358,-1.229701,-1.092711,-1.859057,0.2167048,0.7267315,0.5005447,-1.235378,4.419516,0.04127067,0.04845664,0.7136812,0.07438725,-1.274049,5.157347,-1.826007,-6.708703,0.5715074,1.406624,-1.255085,-11.85554,1.725991,-0.7129927,0.4424627,1.402706,-1.287364,-10.92789,15.35473,-51.44486,0.4077876,1.147063,-1.293287,10.40745,-8.304668E-05,-26.60968,0.7103859,1.414674,-1.249836,-17.07262,11.18894,2.94271,0.8348855,1.447119,-1.283851,77.32574,7.604033,-26.87855,0.935403,1.435195,-1.046481,105.0612,-8.683981E-05,-10.37246,0.401733,0.8649895,-1.259509,8.778522,-11.27105,0.8677295,0.7424606,1.643461,-1.034584,-16.20488,-11.82723,-1.689686,0.4117008,0.8539107,-1.228198,43.12815,-20.69919,86.05505,0.4433749,0.8351772,-1.21384,5.70238,33.75516,-3.175703,0.4538787,0.8097197,-1.201985,3.159139,-5.370164E-06,0.02797646,0.4103092,0.8449625,-1.237629,0,-14.88063,1.249918,0.421984,0.7989582,-1.209951,20.58166,19.97222,-6.123078,0.4423937,0.7582538,-1.206448,20.63122,-4.092217E-05,0,0.4626396,0.7388054,-1.207586,13.76245,-3.482752E-05,0,0.4084174,0.8405985,-1.247136,0,-7.950939E-07,0,0.4173631,0.7899074,-1.23249,13.37206,12.67847,-1.005026,0.4329768,0.7456996,-1.232424,24.60608,2.607838E-05,0,0.4540014,0.7233025,-1.235975,16.41812,2.554664E-05,0,0.4062154,0.8375149,-1.257355,3.069245,14.87364,-2.900633,0.4144356,0.7869308,-1.256709,7.92298,-2.012622,0,0.4275258,0.7451493,-1.255886,25.55559,8.151826E-06,0.01978234,0.4465396,0.7243618,-1.257885,17.05282,1.703814E-05,0,0.4039298,0.8370727,-1.266788,7.703165,29.67834,-7.043752,0.4115304,0.7912153,-1.27897,5.710417,-12.20181,-9.604452,0.4218214,0.7573746,-1.281101,26.54169,9.287344E-05,0,0.4371305,0.7412186,-1.281945,17.71211,7.407353E-05,0,0.7328663,1.655542,-1.06564,45.25886,-24.06099,77.60339,0.6989461,1.662799,-1.084537,-5.849921,13.24739,1.344794,0.6768164,1.674593,-1.100972,-3.795966,3.020421E-06,0,0.7299303,1.662779,-1.055154,0,-14.88066,1.249918,0.7060285,1.706145,-1.078964,-10.45907,20.55027,14.21508,0.6926306,1.749573,-1.083459,12.96379,-0.000173618,0,0.67872,1.773958,-1.084587,8.644611,-0.0001188013,0,0.7290664,1.665913,-1.045032,0,-4.769391E-07,0,0.7045628,1.712415,-1.055093,-15.16472,9.57804,10.99693,0.6946514,1.758215,-1.056619,22.17603,0.0001062716,0,0.6774125,1.783847,-1.055173,14.79431,6.507558E-05,0,0.7288608,1.667844,-1.034308,3.069309,14.87367,-2.900701,0.7034738,1.712207,-1.030542,-30.42859,-1.776243,-4.975041,0.7039156,1.755988,-1.02966,22.30017,2.922697E-05,0,0.6934673,1.782225,-1.029441,14.87725,1.572216E-05,0,0.729753,1.667477,-1.024639,7.703165,29.6784,-7.043752,0.7051451,1.705564,-1.008737,-37.69552,-9.864555,-31.9745,0.7080826,1.740652,-1.004756,15.22896,-3.362031E-05,0,0.7044585,1.762627,-1.004468,10.15596,-2.310999E-05,-0.01978234
1733,0.6596719,0.9271857,-1.226048,0.2564087,0.1936427,1.978332,0.6489455,1.287618,-1.268452,0.9711614,3.272945,-2.170244,0.6381252,1.595834,-1.262542,10.97454,-8.344932,15.46974,0.5796353,0.9269276,-1.223282,-0.3220336,-0.348255,-3.245884,0.5835906,0.4998276,-1.223857,6.16809,-0.05656844,-0.01978234,0.5831479,0.0742383,-1.270219,6.372122,-0.5569475,-6.77775,0.7397085,0.9274437,-1.228814,-1.220451,-1.877066,0.1769387,0.726855,0.500571,-1.235506,4.26494,0.04123201,0.03956468,0.7137337,0.07440343,-1.274042,5.139956,-1.851636,-6.688971,0.5717664,1.406648,-1.254186,-11.82552,1.748149,-0.708588,0.4426776,1.402787,-1.286296,-10.83583,15.34847,-51.53313,0.4078391,1.147153,-1.291594,10.50178,-6.850915E-05,-26.77381,0.7106503,1.414678,-1.24905,-17.08008,11.17771,2.89604,0.8351302,1.447062,-1.283195,77.4876,7.561434,-26.8868,0.9356118,1.435598,-1.045787,105.1894,-9.540966E-05,-10.61828,0.40201,0.8651916,-1.256854,8.713051,-11.10193,0.8481144,0.7425102,1.643774,-1.03493,-16.0714,-11.69277,-1.656467,0.4119656,0.854127,-1.225534,43.1316,-20.70399,86.02007,0.443623,0.8353793,-1.211158,5.677545,33.76982,-3.163041,0.4540995,0.8099208,-1.199282,3.144916,-1.59341E-05,0,0.4105668,0.8451732,-1.234959,0,-14.88064,1.249918,0.4221987,0.799179,-1.207246,20.57733,19.97189,-6.127879,0.4425693,0.7584578,-1.203711,20.63651,-1.853758E-05,0,0.4627988,0.7389914,-1.204831,13.76594,-1.567807E-05,0,0.4086718,0.8408039,-1.244463,0,-5.063228E-06,0,0.4175714,0.7901157,-1.229779,13.36035,12.67481,-1.006388,0.4331382,0.7458914,-1.229674,24.62689,3.55206E-06,0,0.4541475,0.7234768,-1.233205,16.43201,5.509336E-07,0,0.4064679,0.8377147,-1.25468,3.069245,14.87364,-2.900768,0.4146431,0.7871238,-1.253996,7.909913,-2.017862,-0.02797646,0.4276876,0.7453288,-1.253136,25.57177,3.090387E-06,0,0.446685,0.7245243,-1.255113,17.06364,1.324687E-06,0,0.4041826,0.8372676,-1.264113,7.703139,29.67834,-7.043752,0.4117434,0.7913946,-1.276261,5.685341,-12.19985,-9.604473,0.42199,0.7575387,-1.278365,26.58058,0.0001303153,0,0.4372889,0.7413723,-1.279197,17.73812,9.528596E-05,0,0.7329838,1.655877,-1.065998,45.20815,-24.13208,77.52755,0.6991355,1.663092,-1.08504,-5.9669,13.4034,1.387762,0.6771191,1.674937,-1.10159,-3.869385,7.05655E-06,0,0.7299967,1.663091,-1.055511,0,-14.88067,1.249918,0.7060617,1.706432,-1.079333,-10.47523,20.59552,14.10055,0.6925802,1.74984,-1.083771,12.85986,-7.662496E-05,0,0.6786587,1.774218,-1.084912,8.575262,-6.029767E-05,0,0.7290929,1.666208,-1.045388,0,-3.602277E-06,0,0.704505,1.712664,-1.055457,-15.20154,9.584597,10.99215,0.694513,1.758447,-1.056943,22.26332,9.072627E-06,0,0.6771834,1.784018,-1.055504,14.85261,-6.620574E-06,0,0.7288486,1.668123,-1.034661,3.069373,14.87367,-2.900701,0.703339,1.712416,-1.03091,-30.43065,-1.791925,-4.984169,0.7036694,1.756197,-1.029975,22.30965,-1.416709E-06,0,0.6931512,1.782407,-1.02976,14.88358,-6.131931E-08,-0.01978234,0.7297112,1.667744,-1.02499,7.703165,29.67842,-7.043725,0.7049581,1.705746,-1.00911,-37.62532,-9.922762,-31.98755,0.7077471,1.740842,-1.005096,15.12061,-1.166836E-05,0,0.7040766,1.762809,-1.004791,10.08366,-1.084674E-05,0
1767,0.6599737,0.9271774,-1.225074,0.2478722,0.1838267,1.99655,0.6492808,1.287616,-1.267536,1.004247,3.268658,-2.119695,0.6386234,1.595821,-1.261637,11.14659,-8.498246,15.44705,0.5799379,0.9269328,-1.222283,-0.4427898,-0.336413,-3.23289,0.5836996,0.4998334,-1.22382,6.042864,-0.04102261,0,0.5830294,0.0742467,-1.270203,6.372491,-0.5436243,-6.827024,0.7400094,0.9274221,-1.227865,-1.359699,-1.881304,0.1398823,0.7270124,0.5005722,-1.23565,4.097251,0.04114226,0.03956468,0.7138007,0.0743933,-1.274029,5.119598,-1.879019,-6.668681,0.572125,1.406662,-1.253277,-11.79152,1.770573,-0.7217214,0.4429871,1.402845,-1.285195,-10.79744,15.3818,-51.74621,0.408032,1.147215,-1.289894,10.5826,-7.360076E-05,-27.07275,0.711014,1.414683,-1.248268,-17.08972,11.18533,2.835659,0.8354568,1.44705,-1.282564,77.64314,7.4991,-26.88421,0.9359019,1.435958,-1.045123,105.3214,-9.041569E-05,-10.27755,0.4025376,0.8653461,-1.254354,8.634062,-10.97568,0.8311011,0.7426338,1.644027,-1.035243,-15.8813,-11.67989,-1.634704,0.4124836,0.8543053,-1.223023,43.13126,-20.70965,85.98609,0.4441283,0.8355547,-1.208622,5.645593,33.79073,-3.146783,0.45458,0.8101009,-1.196714,3.126436,-1.983099E-05,0,0.4110806,0.8453434,-1.23244,0,-14.88065,1.250075,0.4226831,0.7993686,-1.204682,20.57029,19.97291,-6.13258,0.4430253,0.7586368,-1.201105,20.63597,-2.002929E-05,0,0.4632416,0.7391555,-1.202202,13.76559,-1.32822E-05,0,0.409184,0.8409662,-1.24194,0,-1.094208E-05,0,0.4180529,0.7902867,-1.227207,13.35294,12.67235,-1.007554,0.4335894,0.7460518,-1.227055,24.63935,9.7596E-06,0,0.4545885,0.7236239,-1.230561,16.44035,1.014958E-07,0,0.4069793,0.8378688,-1.252154,3.069245,14.87364,-2.900701,0.4151253,0.7872738,-1.251421,7.888144,-2.025389,-0.03956468,0.428131,0.7454677,-1.250511,25.61031,1.225204E-05,0,0.4471238,0.7246565,-1.252463,17.08938,-8.057941E-06,0,0.4046948,0.837414,-1.261587,7.703165,29.67835,-7.043725,0.4122302,0.7915251,-1.27369,5.685134,-12.19123,-9.577396,0.4224567,0.7576615,-1.275767,26.57271,3.002829E-05,0,0.4377437,0.7414834,-1.276589,17.73284,1.089319E-05,0,0.7329582,1.655877,-1.066363,45.1407,-24.24278,77.57454,0.6990641,1.662839,-1.085418,-5.740063,13.54387,1.348427,0.676955,1.674564,-1.10193,-3.720049,8.078181E-06,0,0.7299746,1.663151,-1.055916,0,-14.88067,1.249762,0.705784,1.706228,-1.079958,-10.50774,20.65192,14.03263,0.6921301,1.74956,-1.084605,12.76915,-0.0005921413,0,0.6781521,1.773901,-1.085862,8.514723,-0.0003998263,0,0.7290902,1.666333,-1.045811,0,-5.060816E-06,0,0.7042775,1.712617,-1.05612,-15.16213,9.611363,10.98815,0.6940598,1.758341,-1.057865,22.03309,-1.37493E-05,0,0.6767119,1.783907,-1.056556,14.69882,-9.818698E-06,0,0.7288722,1.668321,-1.035098,3.069245,14.87368,-2.900768,0.7031909,1.712534,-1.031568,-30.39735,-1.798778,-4.963529,0.7033167,1.756321,-1.030938,22.18663,2.949862E-08,0,0.6927311,1.782504,-1.030865,14.80139,-5.934221E-06,0,0.7297671,1.668012,-1.025427,7.703165,29.67842,-7.043725,0.7049071,1.70602,-1.009728,-37.55442,-9.970755,-31.93357,0.7075155,1.74116,-1.005985,15.00376,9.939469E-07,0,0.7037652,1.763114,-1.005812,10.00569,-1.773939E-06,0
1800,0.6602662,0.9271669,-1.224082,0.2390311,0.1866221,2.020036,0.6495703,1.287612,-1.266587,1.033061,3.259434,-2.065354,0.639059,1.595813,-1.26076,11.23424,-8.596621,15.43035,0.5802316,0.926918,-1.221258,-0.563365,-0.3127629,-3.217167,0.5838047,0.4998217,-1.223758,5.920398,-0.04075464,0,0.5830222,0.07424092,-1.270195,6.375444,-0.5482979,-6.879941,0.7403007,0.9274158,-1.226906,-1.50285,-1.89755,0.1027921,0.7271619,0.5005923,-1.235816,3.922263,0.04110181,0.03956468,0.7138621,0.07440022,-1.274018,5.09593,-1.905379,-6.645201,0.5724491,1.406679,-1.252322,-11.75857,1.787064,-0.7378095,0.4432613,1.402906,-1.284042,-10.73242,15.34535,-51.85674,0.4083366,1.147265,-1.288345,10.65542,-7.511334E-05,-27.24753,0.7113442,1.414678,-1.247448,-17.08908,11.19855,2.788322,0.8357533,1.447034,-1.281877,77.75491,7.451693,-26.91094,0.936201,1.436213,-1.044424,105.4373,-8.814095E-05,-9.368002,0.4032404,0.8654653,-1.252203,8.547574,-10.89289,0.8166127,0.7426959,1.644097,-1.035292,-15.87507,-11.84247,-1.656821,0.413187,0.8544527,-1.220862,43.12448,-20.71765,85.96228,0.444824,0.8357049,-1.20644,5.61831,33.79721,-3.132191,0.4552627,0.8102614,-1.194499,3.11112,-1.274076E-05,0,0.4117795,0.8454817,-1.230269,0,-14.88063,1.249762,0.4233695,0.7995308,-1.202466,20.56319,19.97268,-6.13469,0.4436932,0.7587935,-1.198848,20.6392,6.357293E-06,0,0.4639016,0.7393029,-1.199927,13.76774,1.451468E-05,0,0.40988,0.8410956,-1.239764,0,-3.612932E-06,0,0.4187327,0.7904278,-1.224981,13.34383,12.67054,-1.002882,0.4342473,0.7461855,-1.224783,24.65675,9.390353E-06,0,0.4552411,0.7237496,-1.228271,16.45196,-4.090382E-07,0,0.4076727,0.8379886,-1.249974,3.069245,14.87364,-2.900701,0.4158006,0.7873914,-1.249192,7.874396,-2.032343,-0.05595291,0.4287827,0.7455791,-1.248235,25.64013,3.312316E-05,0,0.4477746,0.7247649,-1.250163,17.10933,3.064315E-05,0,0.4053866,0.8375251,-1.259407,7.703165,29.67834,-7.043752,0.4129039,0.7916213,-1.271465,5.671812,-12.19023,-9.560777,0.4231101,0.7577496,-1.273508,26.59274,0.0001516078,0,0.4383933,0.7415673,-1.274319,17.74625,0.0001118496,0,0.7327266,1.655445,-1.066506,45.03358,-24.30503,77.69437,0.698692,1.662092,-1.085422,-5.553192,13.52533,1.302512,0.6764075,1.673542,-1.101891,-3.599293,1.120023E-05,0,0.7298176,1.662874,-1.056147,0,-14.88069,1.250075,0.7053279,1.705525,-1.080641,-10.55434,20.71116,14.06666,0.6915736,1.748768,-1.085792,12.69139,2.089772E-06,0,0.677584,1.773088,-1.087285,8.462831,7.189427E-06,0,0.7290136,1.66621,-1.046086,0,-8.456433E-06,0,0.7040133,1.712278,-1.056893,-15.18479,9.640198,11.06317,0.6937009,1.757955,-1.059232,21.99902,1.058248E-05,0,0.676338,1.783521,-1.058145,14.67605,-6.722792E-07,0,0.7288837,1.668362,-1.035403,3.069309,14.87368,-2.900701,0.7031388,1.712572,-1.032334,-30.39335,-1.775328,-4.865505,0.703174,1.756364,-1.032364,22.13709,2.572211E-05,0,0.6925544,1.782533,-1.032574,14.76829,1.136686E-05,0,0.7298627,1.668205,-1.025737,7.703139,29.67844,-7.043752,0.7050574,1.706401,-1.010412,-37.49036,-9.995908,-31.8845,0.7075814,1.741603,-1.007242,14.89476,-1.21022E-05,0,0.7037975,1.763552,-1.007362,9.932978,-1.290034E-05,0
1833,0.6605751,0.9271563,-1.223105,0.2298502,0.1854651,2.044496,0.6498853,1.287608,-1.265635,1.05462,3.252064,-2.019745,0.6394798,1.595813,-1.259933,11.2257,-8.654769,15.40256,0.5805417,0.9269087,-1.220247,-0.6841414,-0.2925351,-3.20589,0.5839216,0.4998175,-1.223709,5.797179,-0.04051078,0,0.5830188,0.07424194,-1.27019,6.376798,-0.5542834,-6.940627,0.7406085,0.9274039,-1.225963,-1.64461,-1.910046,0.05934703,0.7273256,0.5006095,-1.235985,3.746588,0.0561134,0.04423466,0.7140462,0.0743995,-1.273994,5.069332,-1.914907,-6.618647,0.5727925,1.406692,-1.251359,-11.73403,1.807277,-0.7491269,0.4435642,1.402971,-1.282919,-10.82251,15.43943,-52.33266,0.4086465,1.147323,-1.286817,10.69596,-8.652422E-05,-27.72687,0.7116926,1.414673,-1.246599,-17.08102,11.17184,2.751646,0.8360987,1.446938,-1.281124,77.69234,7.524961,-27.04744,0.9369696,1.436033,-1.043855,105.6306,-8.348595E-05,-9.611164,0.4040776,0.8655501,-1.250395,8.436662,-10.8721,0.8042993,0.7429446,1.643448,-1.035102,-15.80862,-11.84655,-1.650431,0.4140516,0.8545666,-1.219052,43.11738,-20.725,85.95366,0.4456952,0.835826,-1.204636,5.616706,33.78878,-3.130503,0.4561415,0.8103937,-1.192678,3.110554,-2.173041E-05,0,0.4126333,0.8455866,-1.228449,0,-14.88064,1.249762,0.4242404,0.799661,-1.200612,20.55262,19.96909,-6.139577,0.4445537,0.7589209,-1.196967,20.6547,3.398532E-06,0,0.46476,0.7394279,-1.198044,13.77813,-3.332781E-06,0,0.410724,0.8411914,-1.237938,0,-6.158423E-06,0,0.4195805,0.7905365,-1.223114,13.33951,12.66693,-0.9966185,0.435084,0.7462905,-1.222883,24.66176,-3.375647E-07,0,0.4560704,0.7238473,-1.226367,16.45532,1.794689E-06,0,0.4085064,0.8380747,-1.248144,3.069245,14.87364,-2.900701,0.4166248,0.7874767,-1.247319,7.868337,-2.03616,-0.0656106,0.4295956,0.7456616,-1.246328,25.64958,1.13189E-05,0,0.4485832,0.7248431,-1.24825,17.11566,3.105622E-06,0,0.4062113,0.8376024,-1.257574,7.703139,29.67834,-7.043752,0.4137079,0.7916851,-1.269593,5.659462,-12.19223,-9.604084,0.4238985,0.7578071,-1.27161,26.61546,-2.116157E-05,0,0.4391806,0.7416233,-1.272411,17.76145,-1.919925E-05,0,0.7330454,1.65481,-1.066334,44.92918,-24.36488,77.75082,0.6990908,1.661417,-1.085407,-5.262465,13.35511,1.218846,0.6767524,1.672778,-1.101864,-3.413288,1.076294E-06,0,0.7300742,1.662212,-1.055973,0,-14.88067,1.249918,0.7055218,1.704816,-1.080487,-10.56302,20.76286,14.04268,0.6916403,1.748025,-1.085578,12.45991,-9.67477E-05,0,0.6776693,1.772355,-1.087092,8.308415,-6.706051E-05,0,0.7292232,1.66553,-1.04591,0,-9.534986E-07,0,0.7041004,1.711528,-1.056733,-15.18689,9.634234,11.00339,0.6936386,1.757172,-1.059043,21.89083,2.2142E-05,0,0.6762281,1.782707,-1.058004,14.60379,1.107618E-05,0,0.7290484,1.667665,-1.035224,3.069245,14.87368,-2.900701,0.7031387,1.71178,-1.032177,-30.36426,-1.801432,-4.904286,0.7029978,1.755572,-1.032157,21.95156,2.382001E-05,0,0.6923585,1.781733,-1.032381,14.64434,1.459261E-05,0,0.7299941,1.667496,-1.025555,7.703165,29.67841,-7.043752,0.705002,1.705581,-1.010258,-37.45102,-10.06439,-31.91476,0.7073609,1.740793,-1.007062,14.72455,-1.515021E-05,0,0.7035434,1.762736,-1.007163,9.819366,-1.383875E-05,0
1867,0.660167,0.9271379,-1.223169,0.220287,0.1824229,2.070181,0.6494867,1.287596,-1.26571,1.072832,3.245677,-1.990758,0.6391842,1.595808,-1.260162,11.16528,-8.714757,15.38882,0.5801349,0.9268942,-1.220275,-0.6391903,-0.3244256,-3.194511,0.5837396,0.4998028,-1.223482,5.861703,-0.04043317,0,0.5830052,0.07425129,-1.270187,6.398745,-0.5980721,-6.999108,0.740199,0.9273815,-1.226063,-1.54015,-1.874445,0.02797646,0.7271816,0.500563,-1.235384,3.921863,0.04084786,0.04423466,0.7140135,0.07440358,-1.273993,5.148145,-1.906576,-6.592076,0.5724155,1.406695,-1.251437,-11.71176,1.823233,-0.7558876,0.4431576,1.403016,-1.282881,-10.92842,15.5077,-52.60155,0.408223,1.147369,-1.286712,10.82702,-7.934061E-05,-27.97294,0.7113189,1.414661,-1.24675,-17.06411,11.17122,2.700811,0.8357219,1.446898,-1.281311,77.54333,7.710245,-27.27809,0.9373298,1.435853,-1.044363,105.8706,-9.522784E-05,-10.06681,0.4042865,0.8656352,-1.249917,8.32289,-10.82674,0.7898148,0.7423055,1.642334,-1.035735,-15.79009,-11.72166,-1.630989,0.4142987,0.8546804,-1.218577,43.11352,-20.73333,85.95192,0.445958,0.8359542,-1.204176,5.628383,33.79999,-3.137999,0.456412,0.8105297,-1.192207,3.11659,1.849832E-07,0,0.412869,0.8456918,-1.227963,0,-14.88062,1.249762,0.42451,0.7997918,-1.200098,20.5463,19.96518,-6.135233,0.444825,0.7590541,-1.196436,20.66518,2.648126E-05,0,0.4650319,0.7395622,-1.197518,13.7851,3.121274E-05,0,0.4109481,0.8412879,-1.237446,0,-1.123316E-06,0,0.4198227,0.7906467,-1.222586,13.33831,12.66111,-0.9863558,0.4353269,0.7464011,-1.222328,24.65997,2.774616E-05,0,0.4563082,0.7239537,-1.225817,16.45412,2.281412E-05,0,0.4087181,0.8381618,-1.247646,3.069245,14.87364,-2.900701,0.4168375,0.7875646,-1.246785,7.856029,-2.037021,-0.05595291,0.4298008,0.7457479,-1.245769,25.67924,3.821618E-06,0,0.4487919,0.7249331,-1.247699,17.13548,-1.333374E-06,0,0.4064115,0.8376808,-1.257073,7.703165,29.67834,-7.043752,0.4138934,0.7917525,-1.269059,5.65579,-12.18804,-9.600849,0.4240791,0.757872,-1.27106,26.61791,0.000186989,0,0.4393598,0.7416872,-1.271866,17.76307,0.0001328935,0,0.7324888,1.653853,-1.066934,44.90148,-24.42127,77.76516,0.6986082,1.660432,-1.086149,-4.980866,13.4137,1.158258,0.6762422,1.671843,-1.102534,-3.229921,-2.599995E-06,0,0.7294385,1.661174,-1.05654,0,-14.88068,1.249918,0.7047951,1.703822,-1.080883,-10.59427,20.8032,13.94859,0.6907569,1.74701,-1.085722,12.2558,0.0001458148,0,0.6767742,1.771338,-1.087157,8.172265,8.818409E-05,0,0.7285287,1.664422,-1.046458,0,-6.402357E-06,0,0.7032401,1.710373,-1.057092,-15.22285,9.630946,11.00832,0.6926051,1.755989,-1.059154,21.88662,-3.496424E-05,0,0.6750896,1.781449,-1.058029,14.60097,-3.182851E-05,0,0.7282979,1.666487,-1.03576,3.069181,14.87368,-2.900768,0.7021711,1.710461,-1.03254,-30.38966,-1.825425,-4.923741,0.7018454,1.754251,-1.032256,21.94223,-5.218785E-06,0,0.6911013,1.78037,-1.032371,14.63813,-3.635472E-06,0,0.7292025,1.666259,-1.026088,7.703139,29.67842,-7.043725,0.7039683,1.704128,-1.010653,-37.44795,-10.12226,-31.95582,0.7061421,1.739333,-1.007253,14.64378,-4.297511E-05,0,0.7022483,1.761263,-1.007242,9.765473,-3.14898E-05,0
1900,0.6588232,0.9271168,-1.224633,0.2046302,0.1966716,2.09228,0.6480993,1.287585,-1.26718,1.09593,3.236276,-1.966226,0.6379264,1.595802,-1.261779,11.13694,-8.790131,15.3809,0.5787923,0.9268526,-1.221708,-0.4191812,-0.4015233,-3.176874,0.5831356,0.4997594,-1.223411,6.073895,-0.04061114,0,0.5829896,0.07421497,-1.270185,6.395864,-0.6915607,-7.042583,0.7388541,0.927381,-1.227558,-1.2116,-1.797331,0,0.7266023,0.5004956,-1.234562,4.341178,0.05559105,0.03956468,0.7142068,0.07438692,-1.273979,5.251991,-1.808505,-6.574859,0.5710546,1.406703,-1.252925,-11.69693,1.8432,-0.7643827,0.4417736,1.403079,-1.28428,-10.9646,15.47952,-52.80257,0.4070018,1.14741,-1.288085,10.86866,-8.439995E-05,-28.09431,0.7099614,1.414647,-1.248299,-17.04635,11.14719,2.615689,0.8343794,1.446795,-1.28289,77.40012,7.807081,-27.46557,0.9364545,1.435203,-1.046169,106.1507,-0.0001055043,-9.970247,0.4035468,0.865675,-1.251248,8.241049,-10.85242,0.7838463,0.7407407,1.641043,-1.037859,-15.85301,-11.54814,-1.613254,0.4136155,0.8547487,-1.219916,43.1097,-20.74205,85.95412,0.4453013,0.8360419,-1.205549,5.65274,33.81676,-3.152936,0.4557713,0.8106236,-1.193581,3.129503,-3.018187E-05,0,0.4121712,0.8457518,-1.229293,0,-14.88065,1.249918,0.4238692,0.7998776,-1.201409,20.5476,19.96377,-6.126152,0.4441994,0.7591475,-1.197747,20.65318,-3.206E-05,0,0.4644045,0.7396546,-1.198847,13.7771,-2.023567E-05,0,0.4102346,0.8413396,-1.238769,0,-1.369663E-05,0,0.4191446,0.7907126,-1.223881,13.3263,12.65634,-0.9735762,0.43465,0.7464675,-1.223606,24.68329,1.566012E-05,0,0.4556338,0.7240254,-1.227114,16.46972,6.819528E-06,0,0.4079875,0.8382044,-1.248962,3.069245,14.87364,-2.900633,0.416118,0.7876095,-1.248072,7.84948,-2.034733,-0.03956468,0.4290859,0.7457944,-1.247043,25.69938,9.883172E-06,0,0.4480814,0.7249857,-1.248995,17.14897,-6.53601E-06,0,0.4056646,0.837715,-1.258384,7.703191,29.67835,-7.043725,0.4131344,0.7917779,-1.270345,5.628452,-12.19697,-9.614661,0.4233082,0.7578927,-1.272327,26.6763,0.0001093165,0,0.4385999,0.7417186,-1.273139,17.80214,7.120221E-05,0,0.7308569,1.652576,-1.069033,44.8797,-24.50831,77.92744,0.6969655,1.659106,-1.088245,-4.444133,13.64237,1.049971,0.6744843,1.670618,-1.1044,-2.879025,6.058703E-06,0,0.727808,1.65988,-1.058626,0,-14.88068,1.249918,0.703049,1.702508,-1.082889,-10.69078,20.8489,13.98422,0.6889899,1.7457,-1.087628,12.26966,-0.00012572,0,0.6749918,1.770023,-1.088994,8.18151,-7.974777E-05,0,0.7269068,1.663116,-1.04854,0,-5.94143E-06,0,0.7015162,1.709031,-1.05909,-15.25061,9.637802,10.98252,0.6908142,1.754634,-1.061083,21.86073,-2.69041E-05,0,0.6732746,1.780075,-1.059912,14.5837,-1.873686E-05,0,0.7266876,1.66517,-1.037839,3.069245,14.87368,-2.900633,0.7004828,1.709092,-1.034535,-30.39452,-1.825726,-4.948389,0.7000788,1.752881,-1.034206,21.86493,2.687517E-05,0,0.6893229,1.778995,-1.034282,14.58647,1.571773E-05,0,0.7276067,1.664934,-1.028168,7.703139,29.67842,-7.04378,0.7023237,1.702739,-1.012658,-37.42875,-10.14076,-31.90895,0.7044227,1.737946,-1.009234,14.57506,-1.148629E-05,0,0.7005021,1.759871,-1.009186,9.719601,-1.086438E-05,0
1933,0.6586684,0.9270954,-1.224417,0.1876719,0.1990313,2.100216,0.6479892,1.287577,-1.266957,1.116275,3.213634,-1.931379,0.6379929,1.595797,-1.26164,11.16528,-8.841608,15.34174,0.578638,0.926827,-1.221482,-0.3789758,-0.4101923,-3.162917,0.5830737,0.4997342,-1.223021,6.150137,-0.03609279,0,0.5829386,0.07423371,-1.270194,6.445824,-0.7082183,-7.081914,0.7386988,0.9273638,-1.227353,-1.143808,-1.784451,-0.03956468,0.7265779,0.5004686,-1.233982,4.47028,0.04036302,0.04423466,0.7141796,0.07441431,-1.273982,5.329545,-1.81671,-6.555383,0.5710015,1.406732,-1.252701,-11.69209,1.866882,-0.7618184,0.4416962,1.403204,-1.283967,-11.14408,15.559,-53.18019,0.4069206,1.147536,-1.287858,10.94336,-8.321177E-05,-28.38853,0.7099143,1.414621,-1.248162,-17.01692,11.14036,2.51684,0.8343458,1.446692,-1.282776,77.339,7.906587,-27.67637,0.9368177,1.434845,-1.046239,106.3241,-9.060114E-05,-9.747154,0.4040055,0.8657856,-1.251096,8.152036,-10.89607,0.7788376,0.7403685,1.639986,-1.03799,-15.71871,-11.4103,-1.580163,0.4141411,0.8548865,-1.219776,43.10278,-20.74897,85.95789,0.4458586,0.8361996,-1.205452,5.670948,33.82411,-3.163783,0.456354,0.8107899,-1.193488,3.139246,-2.389282E-05,0,0.4126805,0.8458819,-1.229142,0,-14.88066,1.249918,0.4244491,0.8000327,-1.201247,20.549,19.96271,-6.118851,0.4448001,0.7593122,-1.197595,20.63887,-7.998242E-06,0,0.4650046,0.73982,-1.19872,13.76751,-1.521221E-05,0,0.410726,0.8414618,-1.238611,0,-1.624254E-05,0,0.4196816,0.790849,-1.223702,13.32064,12.65219,-0.964895,0.4351979,0.7466078,-1.223421,24.69617,9.459776E-06,0,0.4561843,0.7241721,-1.226954,16.47833,8.581206E-06,0,0.4084592,0.8383181,-1.248797,3.069245,14.87364,-2.900768,0.4166068,0.7877263,-1.247885,7.84848,-2.037259,0,0.4295892,0.7459159,-1.246848,25.69512,-1.847048E-05,0,0.4485848,0.7251096,-1.248824,17.14611,-2.974234E-05,0,0.4061173,0.8378208,-1.258214,7.703165,29.67836,-7.04378,0.4135768,0.7918768,-1.270155,5.607836,-12.1919,-9.608422,0.4237446,0.7579896,-1.272133,26.73226,0.0001765714,0,0.4390495,0.741829,-1.272966,17.83954,0.0001194397,0,0.7302938,1.651448,-1.069129,44.83941,-24.58159,78.04604,0.6963171,1.657785,-1.088254,-3.864776,13.69361,0.9164255,0.6735916,1.669219,-1.10412,-2.503271,-8.086472E-06,0,0.7272458,1.65874,-1.058713,0,-14.88066,1.249918,0.7021485,1.701215,-1.082895,-10.7237,20.897,13.94012,0.6878492,1.744336,-1.087558,12.04413,9.350904E-05,0,0.6738132,1.76864,-1.088892,8.031062,6.553368E-05,0,0.7263671,1.661976,-1.048625,0,1.936048E-07,0,0.7006752,1.707741,-1.059092,-15.26572,9.640184,10.94413,0.6897197,1.753285,-1.061062,21.77913,6.808483E-05,0,0.6720818,1.778656,-1.059847,14.52915,4.899661E-05,0,0.7261796,1.664033,-1.037924,3.069245,14.87368,-2.900701,0.6997408,1.707808,-1.034534,-30.3936,-1.822074,-4.91183,0.6990903,1.751593,-1.03422,21.75346,-5.973223E-06,0,0.6882371,1.777667,-1.034255,14.51203,-1.274167E-06,0,0.7271392,1.663806,-1.028257,7.703139,29.67841,-7.043752,0.7017061,1.701476,-1.012662,-37.40023,-10.16477,-31.8797,0.7036003,1.736698,-1.009273,14.46168,-2.131927E-05,0,0.6995834,1.758606,-1.009208,9.643958,-1.40138E-05,0
1967,0.658529,0.9270895,-1.224221,0.166689,0.2032018,2.101986,0.6478835,1.287587,-1.26672,1.130385,3.194311,-1.893826,0.6380141,1.595807,-1.261419,11.23883,-8.858636,15.21534,0.5784987,0.9268142,-1.221283,-0.3841043,-0.4120153,-3.14697,0.5829778,0.4997226,-1.223017,6.122118,-0.04027765,0,0.5829475,0.07422113,-1.270181,6.441686,-0.7289033,-7.113313,0.7385594,0.9273648,-1.22716,-1.112236,-1.774346,-0.06255726,0.7265531,0.5004653,-1.233717,4.515618,0.03578819,0.03426402,0.7142411,0.07443339,-1.273981,5.364214,-1.813323,-6.5405,0.5709467,1.406773,-1.252449,-11.69172,1.90436,-0.751474,0.4416177,1.403368,-1.283631,-11.26743,15.5789,-53.46318,0.4068587,1.1477,-1.287635,10.96534,-6.952842E-05,-28.58957,0.7098652,1.414615,-1.248002,-16.98191,11.1252,2.442002,0.8343147,1.446601,-1.28263,77.2988,7.943617,-27.85488,0.9369426,1.434465,-1.046175,106.4771,-0.0001228083,-9.748425,0.4042621,0.8659148,-1.251116,8.105179,-10.97498,0.7795909,0.7399244,1.639067,-1.038118,-15.69446,-11.51341,-1.592007,0.4144615,0.8550394,-1.219808,43.09704,-20.75703,85.95724,0.4462106,0.8363737,-1.205527,5.674403,33.83014,-3.166257,0.4567329,0.8109747,-1.193565,3.140929,-1.179906E-05,0,0.4129864,0.8460284,-1.229167,0,-14.88064,1.250075,0.4248254,0.8002013,-1.201265,20.54135,19.95947,-6.11664,0.445195,0.7594892,-1.197621,20.63844,-5.001646E-05,0,0.4654029,0.740002,-1.198769,13.76724,-2.720229E-05,0,0.4110156,0.8416015,-1.238629,0,-7.370502E-06,0,0.4200187,0.7910015,-1.223705,13.3272,12.65058,-0.9581792,0.4355574,0.7467681,-1.223425,24.67117,-8.52262E-06,0,0.4565383,0.7243312,-1.226983,16.46162,-6.995295E-06,0,0.4087305,0.8384505,-1.248809,3.069245,14.87364,-2.900836,0.4168991,0.7878624,-1.24788,7.841699,-2.039696,0,0.4298947,0.7460563,-1.246839,25.69516,3.393607E-05,0,0.4488919,0.7252536,-1.248837,17.14613,1.441962E-05,0,0.406371,0.8379463,-1.258221,7.703165,29.67835,-7.043752,0.4138251,0.7919976,-1.270146,5.625527,-12.20235,-9.592246,0.424013,0.758116,-1.272117,26.67939,-1.361371E-05,0,0.4393128,0.7419516,-1.272969,17.80422,-7.160198E-06,0,0.7298815,1.650458,-1.069292,44.79317,-24.65296,78.17067,0.6959561,1.656671,-1.088549,-3.233556,13.68138,0.7654059,0.67309,1.668041,-1.104259,-2.094524,1.146067E-05,0,0.7267854,1.657752,-1.058892,0,-14.88068,1.249762,0.7015997,1.700114,-1.08318,-10.7914,20.93878,13.95405,0.6872126,1.743201,-1.087894,11.94954,-6.584901E-05,0,0.6731632,1.767493,-1.089282,7.96797,-4.108805E-05,0,0.7258729,1.660996,-1.04881,0,-6.66923E-06,0,0.7000505,1.706663,-1.059389,-15.28972,9.642078,11.01153,0.6889648,1.752172,-1.061435,21.69793,0.0001283951,0,0.6712866,1.777518,-1.060287,14.47494,8.129772E-05,0,0.7256543,1.663066,-1.038112,3.069245,14.87368,-2.900701,0.6990604,1.706755,-1.034833,-30.41578,-1.822808,-4.84618,0.6982784,1.750539,-1.034573,21.67651,3.231555E-05,0,0.6873822,1.776595,-1.034651,14.46063,1.867684E-05,0,0.7265927,1.662854,-1.028443,7.703165,29.67843,-7.04378,0.7009975,1.700455,-1.012949,-37.40305,-10.17305,-31.83944,0.702766,1.735688,-1.009603,14.42601,1.052654E-05,0,0.6986868,1.757584,-1.009566,9.62016,4.431271E-06,0
2000,0.6583894,0.927081,-1.224051,0.1467098,0.1916974,2.101613,0.6478229,1.287595,-1.266488,1.134187,3.180167,-1.870535,0.6380308,1.595813,-1.261164,11.29378,-8.852698,15.06816,0.578359,0.9268208,-1.221113,-0.3820612,-0.4298834,-3.131942,0.582886,0.4997302,-1.222985,6.110258,-0.03587824,0,0.5828911,0.07423407,-1.270198,6.446372,-0.7394372,-7.146029,0.7384199,0.9273412,-1.226988,-1.080284,-1.747924,-0.09487279,0.7265335,0.500437,-1.233461,4.55793,0.04010265,0.03956468,0.7143812,0.07442245,-1.273956,5.393214,-1.799702,-6.526363,0.5709223,1.406801,-1.252196,-11.69233,1.934789,-0.7457234,0.4415786,1.403498,-1.283328,-11.42043,15.65907,-53.72727,0.4067122,1.147847,-1.287488,10.95918,-8.181524E-05,-28.80627,0.7098444,1.414608,-1.247806,-16.95698,11.10196,2.404443,0.8343159,1.446509,-1.282433,77.26588,7.978188,-28.01652,0.9370369,1.434222,-1.046027,106.5303,-8.191384E-05,-10.06495,0.4041856,0.8660123,-1.251344,8.100212,-11.07954,0.7868362,0.7395801,1.638397,-1.037868,-15.82816,-11.54896,-1.610584,0.4144286,0.8551551,-1.220045,43.08921,-20.76353,85.95906,0.4461995,0.8365068,-1.20579,5.675405,33.83155,-3.166876,0.4567422,0.8111173,-1.193825,3.14149,-1.747616E-05,0,0.4129452,0.8461393,-1.229397,0,-14.88065,1.250075,0.424837,0.8003295,-1.201489,20.53461,19.95669,-6.108975,0.4452235,0.7596257,-1.197848,20.63911,-3.555768E-05,0,0.4654359,0.740144,-1.199011,13.76769,-3.385472E-05,0,0.4109642,0.8417073,-1.238855,0,-9.607895E-06,0,0.4200056,0.7911176,-1.223919,13.32842,12.64973,-0.9534706,0.4355627,0.7468907,-1.223638,24.64078,-9.565338E-06,0,0.4565368,0.7244495,-1.227209,16.4413,-1.853806E-05,0,0.4086675,0.8385508,-1.24903,3.069309,14.87364,-2.900768,0.4168567,0.7879663,-1.248088,7.832883,-2.041894,0,0.4298638,0.7461639,-1.247042,25.70914,1.182747E-05,0,0.4488682,0.7253693,-1.249055,17.15548,6.372409E-07,0,0.4062963,0.8380414,-1.258439,7.703139,29.67835,-7.043752,0.413753,0.7920901,-1.270353,5.637082,-12.20173,-9.594767,0.423958,0.7582136,-1.272323,26.6449,-3.165082E-05,0,0.4392563,0.7420485,-1.273187,17.78113,-1.904534E-05,0,0.729695,1.649917,-1.069045,44.78283,-24.65995,78.23804,0.6958713,1.656221,-1.088451,-2.978284,13.72886,0.7069291,0.673035,1.667698,-1.104127,-1.928743,9.04135E-06,0,0.7265487,1.65717,-1.058631,0,-14.88068,1.250075,0.7014934,1.699636,-1.082872,-10.87603,20.96633,13.93141,0.6871982,1.742767,-1.087461,12.03621,-0.0001115132,0,0.6731575,1.767067,-1.088802,8.025781,-8.615192E-05,0,0.7255868,1.660373,-1.04854,0,-3.976743E-06,0,0.6998271,1.706088,-1.059063,-15.32198,9.62995,10.98132,0.6887866,1.751613,-1.060989,21.70777,0.0001400286,0,0.6711165,1.776965,-1.059838,14.48149,9.640413E-05,0,0.7253153,1.662399,-1.037835,3.069309,14.87368,-2.900768,0.6987146,1.706081,-1.034512,-30.46547,-1.848374,-4.878654,0.6979774,1.749865,-1.0341,21.69246,6.0338E-06,0,0.687102,1.775929,-1.034144,14.47126,-1.637976E-06,0,0.7262055,1.662148,-1.028162,7.703139,29.67842,-7.04378,0.7005414,1.699692,-1.012644,-37.44274,-10.18388,-31.86621,0.7023232,1.73491,-1.009157,14.46858,-4.270727E-05,0,0.698248,1.756807,-1.009066,9.648585,-3.463466E-05,0
2033,0.6583231,0.9270669,-1.223886,0.1282043,0.185884,2.098911,0.6477987,1.287595,-1.266242,1.128999,3.17278,-1.872417,0.6380229,1.595816,-1.260902,11.28739,-8.823436,14.98149,0.5782925,0.9268138,-1.220953,-0.3636945,-0.4380247,-3.116338,0.5828419,0.4997236,-1.222831,6.131429,-0.03581976,0,0.582869,0.07424572,-1.270208,6.466537,-0.7495214,-7.177585,0.7383537,0.92732,-1.22682,-1.053877,-1.732428,-0.1186941,0.726547,0.5004128,-1.233241,4.594058,0.03564432,0.04423466,0.714449,0.07441732,-1.273952,5.421047,-1.800009,-6.507346,0.5709128,1.406811,-1.251942,-11.67906,1.952069,-0.7561465,0.4415618,1.403567,-1.283049,-11.46903,15.65538,-53.71747,0.4066516,1.147927,-1.287515,10.92335,-7.20168E-05,-28.64751,0.7098358,1.414599,-1.247547,-16.94803,11.07992,2.39212,0.8343302,1.446439,-1.282148,77.20016,8.000301,-28.05431,0.9371238,1.433848,-1.045789,106.6171,-8.617098E-05,-10.12094,0.4039605,0.866034,-1.251842,8.146663,-11.20686,0.8006416,0.7396026,1.637964,-1.037731,-15.77466,-11.32917,-1.57458,0.4142955,0.8551897,-1.220568,43.07984,-20.76865,85.96393,0.4461086,0.8365533,-1.206392,5.674403,33.82806,-3.166072,0.4566901,0.8111719,-1.194444,3.141054,-2.935786E-06,0,0.4127885,0.8461705,-1.229913,0,-14.88062,1.249918,0.4247735,0.8003732,-1.202025,20.53282,19.95037,-6.106729,0.4451836,0.7596776,-1.198424,20.63414,5.364172E-06,0,0.4653975,0.7402004,-1.199634,13.76439,1.29483E-05,0,0.410782,0.841735,-1.239363,0,5.103805E-06,0,0.4198814,0.7911528,-1.224438,13.32898,12.64869,-0.9458466,0.4354538,0.7469311,-1.224187,24.61256,2.689234E-06,0,0.4564142,0.724485,-1.227807,16.42244,1.895997E-06,0,0.4084575,0.8385746,-1.249531,3.069245,14.87364,-2.900633,0.4166651,0.7879929,-1.248597,7.82792,-2.043571,0,0.4296849,0.7461939,-1.247572,25.71712,4.336225E-05,0,0.4486911,0.7254055,-1.249633,17.16079,4.377262E-05,0,0.4060598,0.8380615,-1.258934,7.703139,29.67833,-7.043752,0.4134972,0.7921088,-1.270854,5.644586,-12.20209,-9.572429,0.4237114,0.7582362,-1.272843,26.62023,-9.529989E-07,0,0.4390074,0.7420712,-1.27375,17.76465,6.731984E-06,0,0.7296789,1.649602,-1.068852,44.81968,-24.6864,78.25072,0.6958331,1.655933,-1.088211,-2.74488,13.98517,0.6638185,0.6729599,1.667572,-1.103711,-1.77564,7.643464E-06,0,0.7265378,1.656811,-1.058406,0,-14.88067,1.249918,0.7014289,1.699356,-1.082452,-10.95003,20.97821,13.91289,0.6871511,1.742513,-1.086844,12.15974,-0.0001388631,0,0.6730693,1.766796,-1.088058,8.108158,-9.210866E-05,0,0.7255834,1.659973,-1.048302,0,-2.024748E-06,0,0.6997815,1.705712,-1.058615,-15.37969,9.610722,11.01031,0.6887524,1.751247,-1.060365,21.82905,9.822413E-05,0,0.6710391,1.776562,-1.059088,14.56252,8.176436E-05,0,0.7253211,1.661956,-1.037588,3.069245,14.87368,-2.900701,0.6986931,1.705605,-1.034063,-30.51427,-1.868751,-4.836022,0.697962,1.749387,-1.033493,21.71091,6.680337E-06,0,0.6870813,1.775449,-1.033425,14.48361,-1.228944E-06,0,0.7262209,1.661666,-1.027917,7.703139,29.67842,-7.04378,0.7005458,1.69913,-1.012223,-37.47005,-10.19642,-31.84188,0.7023214,1.734335,-1.008607,14.48757,-5.01403E-05,0,0.6982324,1.756229,-1.008431,9.661271,-3.317022E-05,0
2067,0.658289,0.9270525,-1.223734,0.1046783,0.195834,2.084126,0.6477554,1.287597,-1.265989,1.12187,3.166064,-1.895891,0.6379676,1.595822,-1.260655,11.24048,-8.772651,14.96851,0.5782577,0.9267843,-1.220821,-0.3380413,-0.427484,-3.101793,0.5828105,0.499694,-1.222675,6.157242,-0.03578554,0,0.5828462,0.07423496,-1.27022,6.487095,-0.7564248,-7.200481,0.7383203,0.9273207,-1.226647,-1.027934,-1.73524,-0.1384764,0.7265757,0.5004114,-1.233046,4.620461,0.04000611,0.03426402,0.7145858,0.07442963,-1.273932,5.442945,-1.794139,-6.493107,0.5708766,1.406818,-1.251703,-11.7043,1.959439,-0.7737964,0.4415514,1.40361,-1.282921,-11.47003,15.64509,-53.69949,0.4066271,1.147975,-1.287594,10.83255,-8.463087E-05,-28.40181,0.7097986,1.414591,-1.247249,-16.94953,11.06913,2.380226,0.834316,1.446397,-1.281798,77.25376,7.995417,-27.97793,0.9369878,1.433884,-1.045382,106.6171,-0.0001169334,-9.981189,0.4035737,0.8660207,-1.252444,8.226501,-11.3468,0.8185275,0.7397462,1.638281,-1.037601,-15.79186,-11.2858,-1.570224,0.4140092,0.855185,-1.2212,43.07008,-20.77292,85.96038,0.4458665,0.8365546,-1.207115,5.654265,33.81544,-3.153743,0.4564919,0.8111828,-1.195186,3.130316,-5.683469E-06,0,0.4124744,0.8461636,-1.230539,0,-14.88062,1.249918,0.424556,0.8003744,-1.202679,20.53237,19.94405,-6.104705,0.4449866,0.7596847,-1.199128,20.63172,-7.169871E-06,0.01978234,0.4652003,0.7402109,-1.200396,13.76278,-6.537312E-06,0,0.4104391,0.8417256,-1.239982,0,-8.140302E-07,0,0.4195951,0.7911484,-1.225075,13.32836,12.6468,-0.9421154,0.4351766,0.7469296,-1.224861,24.58864,1.906604E-05,0,0.4561207,0.7244778,-1.228539,16.40645,1.333605E-05,0,0.4080831,0.8385626,-1.250142,3.069309,14.87364,-2.900768,0.4163033,0.7879827,-1.249223,7.82471,-2.043451,0,0.4293319,0.7461857,-1.248229,25.71563,-6.859864E-06,0,0.4483336,0.7253988,-1.250346,17.1598,7.679183E-07,0,0.4056559,0.838047,-1.259536,7.703165,29.67834,-7.043752,0.4130644,0.7920932,-1.271471,5.663305,-12.21357,-9.588167,0.4232906,0.7582254,-1.273479,26.56169,2.781506E-06,0,0.4385758,0.7420524,-1.274425,17.72548,-1.364289E-06,0,0.7297887,1.649873,-1.068729,44.81278,-24.70896,78.31581,0.6959283,1.656222,-1.088056,-2.439276,14.10587,0.5944612,0.6730027,1.66794,-1.103419,-1.577063,8.616136E-06,0,0.7266778,1.657108,-1.058291,0,-14.88067,1.249918,0.7016,1.699648,-1.082381,-11.0033,21.0024,13.90528,0.6874252,1.742834,-1.086817,12.24769,-0.0001809451,0,0.6733668,1.76713,-1.088036,8.166834,-0.0001193407,0,0.7257463,1.660293,-1.048192,0,-4.130336E-06,0,0.7000044,1.706054,-1.058554,-15.4027,9.608829,11.04218,0.6890678,1.751609,-1.060379,21.83289,6.241865E-05,0,0.6714092,1.776963,-1.059118,14.56508,4.096236E-05,0,0.7255057,1.662297,-1.037482,3.069245,14.87368,-2.900768,0.6989582,1.705999,-1.034,-30.57574,-1.880919,-4.797671,0.6983488,1.749784,-1.033529,21.78511,2.583764E-05,0,0.6875063,1.775862,-1.033496,14.53315,2.329166E-05,0,0.7264218,1.662026,-1.027812,7.703165,29.67842,-7.043725,0.7008375,1.699565,-1.01215,-37.48974,-10.19865,-31.79009,0.7026907,1.734774,-1.008612,14.50154,-2.359928E-05,0,0.6986395,1.756675,-1.008472,9.670567,-1.757832E-05,0
2100,0.6582158,0.9270457,-1.223667,0.08156469,0.1938202,2.050709,0.6477424,1.287607,-1.265823,1.11452,3.154486,-1.929858,0.6379461,1.595839,-1.260493,11.19605,-8.700686,14.96545,0.5781828,0.9267792,-1.220801,-0.3019647,-0.4302586,-3.091805,0.5827523,0.4996885,-1.222549,6.188684,-0.04002397,0,0.5828501,0.07424441,-1.270227,6.503698,-0.7667646,-7.210827,0.7382488,0.9273123,-1.226533,-0.9638805,-1.724388,-0.1480375,0.7265913,0.5003963,-1.232631,4.714844,0.03992181,0.03426402,0.7146919,0.0744507,-1.27392,5.495652,-1.790471,-6.487397,0.5708778,1.406841,-1.251564,-11.70279,1.967926,-0.7853427,0.4415694,1.403682,-1.282856,-11.48163,15.63589,-53.5723,0.4065177,1.148071,-1.287844,10.76788,-9.172635E-05,-28.16545,0.7097987,1.414587,-1.247025,-16.97589,11.06718,2.374628,0.8343281,1.446369,-1.281554,77.29222,7.976465,-27.84268,0.9369261,1.433824,-1.045107,106.6384,-0.0001098234,-9.770164,0.4030006,0.8660614,-1.253182,8.312055,-11.47213,0.8364988,0.7401545,1.638686,-1.037651,-15.87077,-11.34324,-1.586219,0.4134834,0.855229,-1.221954,43.06501,-20.77517,85.96051,0.4453611,0.8366008,-1.207912,5.629915,33.81794,-3.140368,0.4560024,0.8112345,-1.195985,3.116841,-1.851879E-07,0,0.4119355,0.8462067,-1.231289,0,-14.88062,1.249762,0.4240624,0.8004206,-1.203444,20.53,19.9382,-6.112696,0.444502,0.7597334,-1.199916,20.62934,1.439599E-05,0,0.4647154,0.7402609,-1.201207,13.76118,1.986948E-05,0,0.4098866,0.8417678,-1.240729,0,7.581786E-07,0,0.4190691,0.7911925,-1.225832,13.32391,12.64437,-0.9414921,0.4346521,0.7469742,-1.225635,24.58202,-7.933491E-07,0,0.4555891,0.72452,-1.229339,16.40203,-7.972224E-07,0,0.4075159,0.8386039,-1.250885,3.069245,14.87364,-2.900701,0.4157417,0.7880247,-1.249974,7.818838,-2.046808,-0.01978234,0.4287717,0.7462278,-1.248994,25.71779,4.577896E-06,0.01978234,0.4477715,0.7254415,-1.251134,17.16125,2.755766E-06,0,0.4050747,0.8380874,-1.260276,7.703139,29.67834,-7.043752,0.4124695,0.7921334,-1.272218,5.666211,-12.22239,-9.572819,0.4226982,0.7582667,-1.274234,26.54079,3.109615E-05,0,0.4379786,0.7420905,-1.275201,17.71154,2.909178E-05,0,0.7301916,1.650169,-1.068818,44.77631,-24.70668,78.36974,0.6963311,1.656567,-1.088128,-2.169162,14.066,0.5271187,0.6733572,1.668304,-1.103405,-1.402629,2.314933E-07,0,0.7271207,1.657463,-1.05841,0,-14.88068,1.250075,0.7021539,1.699978,-1.082658,-11.00548,21.04797,13.94052,0.6881215,1.743196,-1.087236,12.16901,-0.0002615067,0,0.6741787,1.767554,-1.088531,8.114402,-0.0001782791,0,0.7262148,1.660697,-1.048324,0,-3.344884E-06,0,0.7006149,1.706499,-1.058858,-15.39461,9.608099,11.03804,0.6898257,1.75208,-1.060877,21.74384,0.0002144752,0,0.6722907,1.777525,-1.059719,14.50558,0.0001400664,0,0.7259966,1.662751,-1.037623,3.069245,14.87368,-2.900768,0.6996042,1.70656,-1.034303,-30.61757,-1.885744,-4.759257,0.6991773,1.750349,-1.034038,21.8171,-7.041592E-06,0,0.6884284,1.776465,-1.034106,14.55453,-5.350444E-06,0,0.7269257,1.662521,-1.027953,7.703165,29.67842,-7.043752,0.7014931,1.700219,-1.012426,-37.46841,-10.2176,-31.70177,0.7034573,1.73544,-1.009062,14.38512,-1.79058E-06,0,0.6995105,1.75736,-1.008998,9.592861,-1.518279E-06,0
2133,0.656145,0.9270459,-1.224802,0.05934703,0.1979654,2.005548,0.6457418,1.287626,-1.266829,1.09807,3.133679,-1.970899,0.6359601,1.595864,-1.261452,11.15715,-8.600868,14.92854,0.5761098,0.9267722,-1.221999,-0.14537,-0.5585945,-3.080514,0.5817091,0.499691,-1.22279,6.287466,-0.04073377,0,0.5828179,0.07422391,-1.27025,6.4622,-0.8964823,-7.198764,0.7361802,0.9273195,-1.227605,-0.6884183,-1.589599,-0.1532334,0.7256347,0.5003524,-1.231876,5.060202,0.04020702,0,0.714802,0.07445124,-1.27391,5.587775,-1.655879,-6.504362,0.5689087,1.406882,-1.252587,-11.71496,1.974768,-0.7850935,0.4396281,1.403794,-1.284001,-11.55428,15.69839,-53.5491,0.4043097,1.148226,-1.289264,10.71963,-8.445352E-05,-28.05308,0.7078289,1.414578,-1.247946,-16.97126,11.0635,2.375534,0.832399,1.44632,-1.282364,77.37757,7.974422,-27.69095,0.934773,1.433956,-1.045811,106.6261,-0.0001005063,-9.644529,0.4002926,0.8661687,-1.255043,8.399875,-11.58034,0.8531751,0.7385273,1.639339,-1.038838,-15.76471,-11.3207,-1.572217,0.4108048,0.8553346,-1.223824,43.06187,-20.77847,85.95084,0.4426944,0.8367054,-1.209811,5.600457,33.82895,-3.124682,0.4533402,0.811341,-1.197885,3.099962,-1.754373E-05,0,0.4092482,0.8463128,-1.233159,0,-14.88063,1.249762,0.4214013,0.8005254,-1.205328,20.52555,19.93573,-6.117441,0.4418422,0.7598372,-1.201818,20.63202,-2.777967E-05,0,0.4620546,0.7403648,-1.203127,13.76294,-2.306908E-05,0,0.4071903,0.8418745,-1.242597,0,-4.145075E-06,0,0.4163868,0.7912984,-1.227711,13.31616,12.64408,-0.9454328,0.4319645,0.7470782,-1.227529,24.59203,1.614259E-05,0,0.4528993,0.7246252,-1.231253,16.4087,8.798686E-06,0,0.40481,0.8387111,-1.252751,3.069309,14.87364,-2.900768,0.4130367,0.7881319,-1.251851,7.812761,-2.047981,0,0.4260634,0.7463337,-1.250883,25.72113,-1.432087E-05,0,0.4450601,0.7255466,-1.253042,17.16348,-1.202372E-05,0,0.4023601,0.8381951,-1.26214,7.703165,29.67834,-7.04378,0.4097435,0.7922417,-1.274091,5.620298,-12.22077,-9.586157,0.4199439,0.758367,-1.276115,26.64455,1.209361E-05,0,0.4352401,0.7422065,-1.277094,17.78089,-8.187898E-08,0,0.7285298,1.650742,-1.070023,44.73597,-24.69987,78.40733,0.6946526,1.657136,-1.089306,-1.857832,13.97869,0.4484978,0.6715795,1.66884,-1.104458,-1.201545,-5.345972E-07,0,0.7254791,1.658067,-1.059632,0,-14.88068,1.249918,0.7005115,1.700532,-1.083965,-11.0154,21.07936,13.94215,0.6865126,1.743753,-1.088621,12.13364,-7.867857E-05,0,0.6726053,1.768129,-1.089957,8.090778,-5.221539E-05,0,0.7245898,1.66133,-1.049553,0,-4.557274E-06,0,0.6990108,1.707122,-1.060182,-15.40082,9.593109,11.00094,0.6882589,1.752706,-1.062328,21.71507,1.440231E-06,0,0.6707588,1.778178,-1.061236,14.48638,7.727994E-06,0,0.7243881,1.663415,-1.038858,3.069245,14.87368,-2.900701,0.6980343,1.707253,-1.035626,-30.66656,-1.9058,-4.770974,0.6976782,1.751043,-1.035502,21.88185,2.454555E-05,0,0.6869418,1.777165,-1.035642,14.59778,1.986855E-05,0,0.7253307,1.663212,-1.029189,7.703191,29.67842,-7.043752,0.699949,1.700974,-1.013734,-37.52062,-10.21633,-31.69875,0.7019767,1.7362,-1.010477,14.47796,-4.131365E-05,0,0.6980329,1.758121,-1.010485,9.654839,-2.538404E-05,0
2167,0.6545513,0.9270424,-1.225614,0.03426402,0.1870137,1.944407,0.6442735,1.287643,-1.267481,1.068811,3.117252,-2.020811,0.634473,1.595888,-1.262018,11.08607,-8.488123,14.86585,0.5745131,0.9267828,-1.222896,0,-0.6707855,-3.075299,0.5809012,0.499712,-1.222902,6.382238,-0.03710401,0,0.5827605,0.07423881,-1.270285,6.442964,-0.9915728,-7.183159,0.7345895,0.9273019,-1.228331,-0.4743652,-1.470129,-0.1493534,0.7249113,0.5003027,-1.231228,5.331125,0.03619235,0.01978234,0.7148939,0.07444531,-1.273902,5.665969,-1.556984,-6.523267,0.5674601,1.406911,-1.253239,-11.72259,1.984828,-0.7815963,0.4382099,1.4039,-1.284785,-11.56563,15.70881,-53.42712,0.4026618,1.148369,-1.290354,10.67422,-8.106736E-05,-27.86186,0.7063783,1.414567,-1.248472,-17.022,11.05478,2.397922,0.8309621,1.446271,-1.282876,77.38632,7.964274,-27.56328,0.9333189,1.433796,-1.046321,106.6732,-8.841489E-05,-9.47459,0.3981195,0.8662721,-1.256532,8.486422,-11.67473,0.8693066,0.7375291,1.639625,-1.039684,-15.64785,-11.23965,-1.549145,0.4086443,0.8554329,-1.22532,43.05406,-20.78552,85.95426,0.4405348,0.8367976,-1.211317,5.598392,33.82776,-3.123429,0.45118,0.8114319,-1.199393,3.098952,-1.863596E-05,0,0.4070827,0.8464125,-1.234655,0,-14.88065,1.250075,0.4192433,0.8006202,-1.206835,20.51989,19.93126,-6.116095,0.4396794,0.7599289,-1.203334,20.63978,-3.227386E-05,0,0.4598909,0.7404562,-1.204653,13.76813,-2.959792E-05,0,0.4050202,0.8419756,-1.244093,0,-1.148598E-05,0,0.4142182,0.7913966,-1.229217,13.31095,12.64204,-0.9454328,0.4297883,0.7471737,-1.229045,24.59592,1.217635E-07,0,0.4507192,0.7247187,-1.23278,16.41133,-1.213688E-05,0,0.4026352,0.8388137,-1.254246,3.069245,14.87364,-2.900701,0.4108572,0.7882336,-1.253356,7.812032,-2.050813,0,0.4238802,0.746434,-1.252397,25.7204,-8.787303E-06,0,0.4428734,0.7256448,-1.254567,17.16301,-4.685045E-06,0,0.4001811,0.8382992,-1.263634,7.703165,29.67835,-7.043752,0.4075548,0.7923466,-1.275594,5.624377,-12.22275,-9.569983,0.4177534,0.7584718,-1.277626,26.62871,5.140936E-05,0,0.4330444,0.7423069,-1.278616,17.77031,3.588543E-05,0,0.7274495,1.65097,-1.070864,44.73447,-24.68079,78.40379,0.6935161,1.657344,-1.090054,-1.638292,14.03201,0.3971285,0.6703571,1.669068,-1.105059,-1.059618,9.203212E-06,0,0.7244302,1.658317,-1.060478,0,-14.88069,1.249918,0.6994106,1.700743,-1.084827,-11.02189,21.09692,13.88165,0.6854188,1.743962,-1.089516,12.11653,-0.000121563,0,0.6715249,1.768346,-1.090861,8.079391,-8.658932E-05,0,0.7235699,1.6616,-1.050404,0,-8.159428E-06,0,0.697978,1.70738,-1.061053,-15.41311,9.577102,11.01914,0.687246,1.752966,-1.063272,21.71941,-5.826163E-05,0,0.6697621,1.778449,-1.062186,14.48929,-4.119655E-05,0,0.7233986,1.663706,-1.039712,3.069309,14.87368,-2.900701,0.6970695,1.70756,-1.036494,-30.67356,-1.921071,-4.763207,0.696734,1.751351,-1.036468,21.81257,3.358709E-05,0,0.6860409,1.77749,-1.036635,14.55152,2.160977E-05,0,0.7243677,1.663522,-1.030046,7.703191,29.67844,-7.04378,0.6990424,1.701323,-1.014595,-37.53903,-10.22345,-31.67799,0.7011018,1.736556,-1.01142,14.47513,-4.390708E-05,0,0.6971723,1.758479,-1.011462,9.652945,-3.109921E-05,0
2200,0.6538528,0.9270399,-1.225965,0,0.1890611,1.872939,0.6436446,1.287661,-1.267633,1.029456,3.106675,-2.076034,0.6337979,1.595914,-1.262055,10.98733,-8.379059,14.82063,0.5738112,0.9267762,-1.223347,0.06852804,-0.7087088,-3.070903,0.5805171,0.4997104,-1.222955,6.429925,-0.03747379,0,0.5827274,0.07423472,-1.2703,6.433706,-1.031636,-7.164425,0.7338943,0.9273036,-1.228583,-0.3577275,-1.423428,-0.1440177,0.7246118,0.5002916,-1.230829,5.468377,0.04087064,0,0.7150408,0.07446149,-1.273875,5.708632,-1.510918,-6.542418,0.5668374,1.406932,-1.253377,-11.73272,1.993953,-0.7788376,0.4376224,1.403986,-1.285074,-11.49552,15.64732,-53.18567,0.4019422,1.148481,-1.290973,10.62169,-8.03048E-05,-27.53813,0.7057521,1.414561,-1.24847,-17.06205,11.06648,2.419618,0.8303444,1.446293,-1.282817,77.29092,7.987704,-27.41459,0.9328368,1.433324,-1.046348,106.8106,-9.505018E-05,-9.402096,0.396867,0.866349,-1.257523,8.571597,-11.75934,0.8842595,0.7374548,1.63955,-1.040034,-15.64057,-11.14689,-1.535696,0.4074017,0.8555018,-1.226317,43.04729,-20.79328,85.96295,0.4392912,0.8368575,-1.212324,5.616426,33.81749,-3.132754,0.449938,0.8114876,-1.200409,3.109295,-2.320997E-05,0,0.4058349,0.8464834,-1.235653,0,-14.88064,1.249918,0.4179978,0.8006834,-1.207846,20.51578,19.92627,-6.115967,0.4384267,0.7599876,-1.204356,20.64497,-2.273934E-05,0,0.4586354,0.7405127,-1.205684,13.77157,-2.847239E-05,0,0.4037681,0.8420488,-1.245091,0,-8.882247E-06,0,0.4129625,0.7914652,-1.230229,13.3018,12.64242,-0.9408684,0.4285179,0.7472371,-1.230069,24.60811,2.86417E-07,0,0.4494443,0.7247802,-1.233817,16.41947,-1.811131E-06,0,0.4013786,0.8388893,-1.255244,3.069309,14.87364,-2.900701,0.4095917,0.7883075,-1.254367,7.809142,-2.051769,0,0.4226055,0.7465048,-1.25342,25.72457,-7.927361E-06,0,0.4415943,0.7257129,-1.255602,17.16579,-1.127827E-05,0,0.3989208,0.8383771,-1.264631,7.703165,29.67835,-7.043752,0.4062816,0.7924255,-1.276603,5.628905,-12.22868,-9.569059,0.4164764,0.75855,-1.278642,26.60689,7.97449E-05,0,0.4317594,0.7423781,-1.27964,17.75571,4.962378E-05,0,0.7273678,1.650908,-1.071207,44.74898,-24.64549,78.49786,0.6934156,1.657346,-1.090343,-1.463532,14.31726,0.3620769,0.6702764,1.669257,-1.105229,-0.9454328,1.139024E-05,0,0.7243739,1.658263,-1.06082,0,-14.88067,1.249918,0.6994181,1.700735,-1.085156,-11.06246,21.11959,13.91769,0.6855395,1.743993,-1.089825,12.25067,-6.902483E-05,0,0.6716558,1.768384,-1.091133,8.168829,-5.049777E-05,0,0.7235305,1.661551,-1.050746,0,-3.971358E-06,0,0.6980229,1.707381,-1.061382,-15.44546,9.560599,11.04603,0.6874083,1.752994,-1.063618,21.83458,5.95743E-05,0,0.6699432,1.778489,-1.062513,14.5662,4.175615E-05,0,0.7233741,1.663661,-1.040055,3.069309,14.87368,-2.900701,0.6971391,1.70757,-1.036823,-30.7245,-1.928488,-4.735407,0.6969327,1.751362,-1.036816,21.90767,1.629346E-06,0,0.6862731,1.777515,-1.03698,14.61503,-2.305823E-06,0,0.7243525,1.663477,-1.030389,7.703191,29.67842,-7.04378,0.6991208,1.701335,-1.014924,-37.54706,-10.2196,-31.61231,0.7012616,1.736564,-1.011759,14.46082,7.061337E-06,0,0.6973834,1.758497,-1.011794,9.643368,3.799498E-06,0
2233,0.6531864,0.9270401,-1.226342,-0.01978234,0.1939438,1.783338,0.6430426,1.287683,-1.267778,0.9795874,3.09911,-2.123662,0.6331452,1.595941,-1.262031,10.88468,-8.281972,14.81104,0.5731409,0.9267683,-1.22385,0.1493534,-0.7402232,-3.070712,0.5801366,0.4997077,-1.223051,6.472236,-0.04218847,0.02797646,0.5827188,0.07422495,-1.270313,6.41961,-1.071271,-7.131354,0.7332319,0.9273119,-1.228834,-0.2438933,-1.382559,-0.1219466,0.7243201,0.5002893,-1.23048,5.593104,0.04124762,0,0.7151467,0.07448381,-1.273856,5.744842,-1.472967,-6.565726,0.5662374,1.40695,-1.253477,-11.74125,2.001893,-0.7753122,0.4370528,1.404067,-1.285303,-11.43914,15.61033,-52.95047,0.4011954,1.148595,-1.291548,10.58558,-7.580648E-05,-27.25648,0.705149,1.414558,-1.248448,-17.1209,11.06797,2.457423,0.829738,1.446306,-1.282792,77.1227,7.937808,-27.27512,0.932291,1.432343,-1.046406,106.9493,-8.757659E-05,-9.458955,0.3956041,0.8664318,-1.258442,8.648291,-11.83257,0.8978747,0.7374424,1.639073,-1.040092,-15.62712,-10.99672,-1.513361,0.4061352,0.855574,-1.227238,43.04546,-20.79654,85.96899,0.4380186,0.8369183,-1.213247,5.62584,33.81298,-3.137687,0.4486598,0.8115428,-1.201339,3.114767,-1.810527E-05,0,0.4045663,0.8465585,-1.236577,0,-14.88063,1.249762,0.4167166,0.8007484,-1.208781,20.51261,19.92422,-6.116031,0.4371335,0.7600459,-1.205298,20.65306,-2.873452E-05,0,0.4573393,0.7405682,-1.206631,13.777,-2.557508E-05,0,0.4024985,0.8421267,-1.246016,0,-1.500421E-06,0,0.4116794,0.7915369,-1.231166,13.28909,12.64245,-0.9354453,0.4272143,0.7473016,-1.231014,24.63353,2.330911E-06,0,0.4481395,0.7248449,-1.234769,16.43644,-7.564571E-06,0,0.4001085,0.8389704,-1.25617,3.069309,14.87364,-2.900633,0.4083084,0.7883862,-1.255305,7.809971,-2.051888,0,0.4213119,0.7465801,-1.254368,25.7205,2.174227E-08,0,0.440294,0.7257826,-1.256556,17.16306,1.311183E-06,0,0.3976508,0.8384612,-1.265557,7.703139,29.67834,-7.043725,0.4049999,0.7925106,-1.27754,5.629393,-12.22494,-9.575734,0.4151859,0.7586331,-1.27959,26.59972,3.456954E-05,0,0.4304626,0.7424555,-1.280592,17.75093,2.503277E-05,0,0.7273973,1.65058,-1.071223,44.75169,-24.58681,78.57007,0.6934521,1.657198,-1.090309,-1.375582,14.6474,0.3477423,0.670391,1.669399,-1.105082,-0.8875727,-6.492027E-06,0,0.7244202,1.657903,-1.060808,0,-14.88068,1.250075,0.6995898,1.700539,-1.084985,-11.18474,21.12074,13.98314,0.6859189,1.74388,-1.089488,12.78662,-3.925552E-05,0,0.6719304,1.76822,-1.090634,8.526385,-2.195379E-05,0,0.7235824,1.661154,-1.050722,0,-6.470688E-06,0,0.6982049,1.707096,-1.061186,-15.53619,9.540922,11.13289,0.6877881,1.752761,-1.063263,22.21589,-5.220778E-05,0,0.6702704,1.778214,-1.062017,14.82095,-4.31137E-05,0,0.7234282,1.663222,-1.040022,3.069309,14.87368,-2.900701,0.6973134,1.70719,-1.036626,-30.80709,-1.935863,-4.699696,0.6972903,1.750982,-1.036457,22.16173,1.37693E-05,0,0.6866241,1.777133,-1.036522,14.78472,5.885256E-06,0,0.7244028,1.662997,-1.030357,7.703165,29.67842,-7.043752,0.6992705,1.700864,-1.014751,-37.60671,-10.19846,-31.57079,0.7015453,1.73607,-1.011441,14.60909,-2.030688E-05,0,0.6976964,1.758008,-1.011403,9.742332,-1.773267E-05,0
2267,0.6525306,0.9270458,-1.226671,-0.04845664,0.1821768,1.685163,0.6424949,1.287712,-1.267842,0.91941,3.100339,-2.157763,0.6325593,1.595968,-1.261821,10.83098,-8.250995,14.82679,0.5724809,0.9267892,-1.224316,0.2193969,-0.7872377,-3.067204,0.579753,0.4997339,-1.223215,6.493047,-0.04266631,0.02797646,0.5826865,0.07423809,-1.270339,6.399266,-1.105251,-7.087563,0.7325803,0.9273023,-1.229026,-0.1384764,-1.324188,-0.09487279,0.7240415,0.5002704,-1.230132,5.708975,0.04170945,0,0.7152742,0.07448938,-1.27383,5.77913,-1.432572,-6.588922,0.5656776,1.406961,-1.253458,-11.76522,2.018277,-0.7773286,0.4365246,1.404146,-1.285418,-11.29806,15.51149,-52.72192,0.4006274,1.148686,-1.291897,10.52084,-8.97065E-05,-26.97078,0.7045858,1.414568,-1.248338,-17.18365,11.0447,2.538445,0.8291701,1.4463,-1.282714,76.69333,7.741643,-27.03337,0.9316205,1.429877,-1.046441,107.1424,-9.998434E-05,-9.710433,0.3945778,0.866494,-1.259119,8.710209,-11.89589,0.9091367,0.7380201,1.637757,-1.039518,-15.52002,-10.82987,-1.480019,0.4051017,0.8556233,-1.227917,43.04108,-20.80059,85.98372,0.4369754,0.8369522,-1.213924,5.637603,33.81694,-3.144542,0.4476022,0.8115685,-1.202021,3.121172,3.308704E-06,0,0.4035309,0.8466111,-1.237259,0,-14.88062,1.249918,0.4156629,0.8007886,-1.209475,20.507,19.92283,-6.11523,0.4360628,0.760077,-1.206,20.66743,-2.456538E-05,0,0.4562655,0.7405964,-1.207336,13.7866,-8.981234E-06,0,0.4014627,0.8421829,-1.246699,0,-1.013225E-07,0,0.4106252,0.7915856,-1.231864,13.27757,12.64512,-0.923233,0.4261365,0.747342,-1.231722,24.673,1.989915E-05,0,0.4470642,0.7248896,-1.23549,16.46283,1.587649E-05,0,0.3990728,0.8390304,-1.256854,3.069309,14.87364,-2.900701,0.4072559,0.7884433,-1.256004,7.811932,-2.053025,0,0.4202471,0.7466331,-1.255078,25.714,3.081529E-05,0,0.4392211,0.7258286,-1.257269,17.15874,2.197128E-05,0,0.396616,0.8385249,-1.266242,7.703139,29.67834,-7.043725,0.4039513,0.7925755,-1.278238,5.607661,-12.22022,-9.585173,0.4141135,0.7586915,-1.280298,26.65204,-4.70894E-05,0,0.4293936,0.7425172,-1.281302,17.78592,-3.332693E-05,0,0.7281389,1.649637,-1.070561,44.75684,-24.54164,78.68397,0.6942784,1.656622,-1.089668,-1.197303,15.16814,0.3134116,0.6713933,1.669345,-1.104274,-0.7702479,8.159819E-06,0,0.7251598,1.656865,-1.060081,0,-14.88068,1.249918,0.7006159,1.699869,-1.083895,-11.35858,21.1209,14.17675,0.687289,1.743358,-1.087992,13.65534,-0.0001578396,0,0.6731332,1.767614,-1.088808,9.105952,-0.000114479,0,0.7243019,1.660014,-1.049964,0,-5.561036E-06,0,0.6991783,1.706183,-1.060033,-15.64471,9.518389,11.2351,0.6890697,1.751935,-1.061687,22.72237,0.0001522269,0,0.6714998,1.777337,-1.060174,15.15932,9.836687E-05,0,0.7241198,1.661971,-1.039244,3.069309,14.87368,-2.900701,0.6982008,1.706025,-1.035477,-30.92241,-1.938533,-4.610402,0.6984715,1.749812,-1.034857,22.59751,1.125818E-05,0,0.6877822,1.775952,-1.034676,15.0759,5.027415E-06,0,0.7250594,1.66164,-1.029578,7.703165,29.67843,-7.043752,0.7000512,1.69946,-1.013663,-37.72005,-10.13857,-31.47231,0.7025548,1.734611,-1.009953,14.98994,9.715164E-06,0,0.6987153,1.75655,-1.009726,9.996487,2.174834E-06,0
2300,0.651949,0.9270494,-1.226964,-0.08156469,0.1912848,1.591516,0.6418975,1.287738,-1.267861,0.8609378,3.11834,-2.191246,0.6319409,1.595978,-1.261449,10.89748,-8.3456,14.85195,0.5718956,0.9267789,-1.22474,0.2927522,-0.8078559,-3.056142,0.5794021,0.4997285,-1.223334,6.519779,-0.05850703,0.03956468,0.5827587,0.07422611,-1.27037,6.385002,-1.1487,-7.039908,0.7320024,0.9273199,-1.229188,-0.03426402,-1.290965,-0.0656106,0.7238016,0.5002804,-1.229797,5.817801,0.04220459,0,0.7154015,0.07452419,-1.273809,5.812543,-1.393655,-6.600608,0.5650333,1.406947,-1.253395,-11.79172,2.044222,-0.7981939,0.4359134,1.404184,-1.285493,-11.07334,15.34179,-52.43107,0.4001415,1.148712,-1.292191,10.44399,-8.118655E-05,-26.62379,0.703936,1.414594,-1.248187,-17.26701,10.99337,2.665943,0.8285091,1.446281,-1.282644,75.85327,7.536635,-26.72577,0.9312457,1.425799,-1.046813,107.4007,-8.644248E-05,-10.13601,0.3937292,0.8664914,-1.25973,8.749855,-11.94781,0.9170658,0.7394741,1.635299,-1.038059,-15.55506,-10.77518,-1.475915,0.4042366,0.8556051,-1.228528,43.03883,-20.80773,86.00069,0.4360966,0.8369182,-1.214524,5.665588,33.81864,-3.16044,0.4467067,0.8115235,-1.20263,3.136501,-1.629635E-05,0,0.4026661,0.846597,-1.237873,0,-14.88064,1.249918,0.4147698,0.8007594,-1.210103,20.50412,19.92234,-6.111702,0.4351514,0.7600381,-1.206633,20.67847,-4.555245E-06,0,0.4553499,0.7405531,-1.20797,13.79398,-1.013451E-05,0,0.4006,0.842173,-1.247316,0,-4.112628E-06,0,0.4097375,0.7915668,-1.232496,13.27314,12.64456,-0.9110718,0.4252291,0.7473162,-1.232364,24.70204,1.49988E-05,0,0.4461582,0.7248662,-1.236137,16.48224,1.100822E-05,0,0.398213,0.8390253,-1.257474,3.069309,14.87364,-2.900768,0.4063767,0.7884348,-1.256639,7.814846,-2.055246,0,0.4193541,0.7466201,-1.255722,25.70138,4.327348E-05,0,0.4383179,0.7258062,-1.257911,17.15028,2.47534E-05,0,0.3957597,0.8385242,-1.266862,7.703139,29.67834,-7.04378,0.4030824,0.7925767,-1.278873,5.585881,-12.20931,-9.574851,0.4132191,0.7586858,-1.280946,26.70905,0.0001094244,0,0.4285032,0.7425156,-1.281955,17.82403,7.599009E-05,0,0.729896,1.647754,-1.068972,44.76644,-24.46842,78.71425,0.6961976,1.655372,-1.088123,-1.118026,15.90419,0.3064671,0.6736581,1.668894,-1.102547,-0.7165515,-3.47549E-06,0,0.7269236,1.654847,-1.058399,0,-14.88068,1.249918,0.702941,1.698451,-1.081687,-11.50891,21.13793,14.39964,0.6901669,1.742159,-1.085172,14.70451,6.568815E-05,0,0.675883,1.766351,-1.08554,9.805981,4.525402E-05,0,0.726035,1.657848,-1.048239,0,-6.935444E-06,0,0.7014202,1.70441,-1.057739,-15.823,9.486445,11.36092,0.6919053,1.750307,-1.05877,23.57486,0.0001789244,0,0.6742855,1.775649,-1.056874,15.72893,0.0001188908,0,0.7258072,1.65964,-1.037491,3.069245,14.87368,-2.900701,0.7002929,1.703882,-1.033194,-31.16444,-1.935802,-4.537255,0.7011678,1.747645,-1.031902,23.56996,2.34786E-05,0,0.6903967,1.773748,-1.031382,15.72567,8.983056E-06,0,0.726685,1.659151,-1.027827,7.703139,29.67842,-7.043752,0.7019478,1.696963,-1.011475,-37.92792,-10.04045,-31.41645,0.7049032,1.732011,-1.007169,15.72044,1.872503E-05,0,0.7010947,1.753951,-1.006697,10.48396,1.641535E-05,0
2333,0.6514186,0.9270353,-1.227307,-0.1083524,0.1801882,1.49161,0.6413565,1.28774,-1.267984,0.8120472,3.164006,-2.237034,0.6313689,1.595946,-1.261108,11.08209,-8.600943,14.87343,0.5713614,0.9267796,-1.225223,0.3976209,-0.8479279,-3.051526,0.5791004,0.4997357,-1.223229,6.617847,-0.0392327,0.03956468,0.5825745,0.07424927,-1.2704,6.404258,-1.15453,-6.997314,0.7314758,0.927291,-1.229391,0.05934703,-1.239766,0,0.7235923,0.5002451,-1.229505,5.92212,0.0382675,-0.01978234,0.7155023,0.074512,-1.273798,5.843618,-1.360229,-6.603459,0.5643844,1.406873,-1.253472,-11.82547,2.049479,-0.8383681,0.4353108,1.404047,-1.28575,-10.92162,15.26507,-52.22057,0.3997229,1.148555,-1.29267,10.42362,-8.249612E-05,-26.36348,0.7032769,1.414627,-1.248147,-17.41813,10.94699,2.817028,0.8277873,1.446332,-1.282815,74.45833,7.127474,-26.25842,0.9308754,1.418948,-1.047839,107.6706,-0.0001046811,-9.934978,0.3932433,0.8663186,-1.260362,8.735071,-11.94983,0.9159984,0.7421544,1.630995,-1.035055,-15.27937,-10.78599,-1.450774,0.4037236,0.8554144,-1.229157,43.03773,-20.81493,86.01299,0.4355652,0.8367108,-1.215134,5.699939,33.82157,-3.179893,0.4461546,0.8113026,-1.203251,3.155418,1.176317E-05,0,0.4021564,0.846411,-1.238508,0,-14.88062,1.250075,0.4142217,0.8005565,-1.210748,20.50132,19.92071,-6.113241,0.4345835,0.7598252,-1.20728,20.68996,4.194014E-05,0,0.4547784,0.7403362,-1.208611,13.80167,3.065618E-05,0,0.4000955,0.8419921,-1.247954,0,2.420194E-07,0,0.4092022,0.7913758,-1.23315,13.27055,12.64346,-0.899834,0.4246746,0.7471184,-1.233024,24.723,4.361413E-05,0,0.4456038,0.7246683,-1.236796,16.49627,3.915521E-05,0,0.3977146,0.8388497,-1.258115,3.069245,14.87364,-2.900701,0.4058577,0.7882556,-1.257297,7.814997,-2.057953,0,0.4188185,0.7464356,-1.256387,25.69736,1.203378E-05,0,0.4377746,0.725614,-1.258569,17.1476,1.158097E-05,0,0.395268,0.8383537,-1.267505,7.703165,29.67834,-7.043725,0.4025813,0.7924085,-1.279531,5.578156,-12.21863,-9.583347,0.4127026,0.7585131,-1.281605,26.72669,0.0001085529,0,0.4279844,0.7423401,-1.282605,17.83581,8.28886E-05,0,0.7326069,1.644059,-1.065725,44.69748,-24.41118,78.78971,0.698925,1.652372,-1.084614,-0.7372789,16.61463,0.2102893,0.6765653,1.666727,-1.098503,-0.4706381,1.302456E-06,0,0.7297337,1.651002,-1.055025,0,-14.88068,1.249918,0.7061044,1.695219,-1.077505,-11.50347,21.19555,14.61848,0.6937366,1.7391,-1.080171,15.56545,-1.277546E-05,0,0.6793364,1.763225,-1.07993,10.38052,-1.089986E-05,0,0.7289036,1.653839,-1.044814,0,-7.427416E-06,0,0.7047107,1.700788,-1.053456,-15.98573,9.461335,11.4075,0.695764,1.74681,-1.053708,24.69547,9.812132E-06,0,0.6779833,1.771989,-1.051229,16.47787,1.140087E-05,0,0.7287242,1.655453,-1.034037,3.069245,14.87368,-2.900701,0.7036498,1.699858,-1.02892,-31.56776,-1.928238,-4.47247,0.7052574,1.743574,-1.026909,25.29434,3.082837E-06,0,0.6941378,1.769517,-1.025936,16.87816,3.028276E-06,0,0.7296254,1.654793,-1.024384,7.703165,29.67842,-7.043752,0.705301,1.69256,-1.007324,-38.34231,-9.857494,-31.38362,0.7088734,1.727465,-1.002377,17.22113,-3.301095E-05,0,0.7049046,1.749371,-1.001687,11.48556,-1.666194E-05,0
2367,0.6508871,0.9270144,-1.227231,-0.1312212,0.1975407,1.386916,0.6406686,1.287728,-1.267712,0.7689767,3.226708,-2.270296,0.6306381,1.595893,-1.260366,11.3008,-8.93865,14.84175,0.5708263,0.926734,-1.225293,0.4524074,-0.8593571,-3.050499,0.5787845,0.4996953,-1.223051,6.675353,-0.04409015,0.04423466,0.5825704,0.07423255,-1.270412,6.429102,-1.188146,-6.950483,0.730948,0.9272949,-1.229168,0.09278741,-1.216384,0,0.7233729,0.5002433,-1.22922,5.965125,0.04325927,-0.02797646,0.7156685,0.07453007,-1.273771,5.872194,-1.317246,-6.61429,0.5635572,1.406766,-1.25315,-11.89647,2.07086,-0.8853652,0.4345441,1.403872,-1.285663,-10.48804,14.91568,-51.68061,0.3995688,1.148299,-1.292703,10.35689,-8.340097E-05,-25.76636,0.702438,1.414669,-1.247741,-17.62693,10.82725,2.962798,0.8268737,1.446254,-1.282783,72.28365,6.611681,-25.88963,0.9307353,1.408388,-1.04961,107.7753,-8.404101E-05,-9.250493,0.3930828,0.8660622,-1.260399,8.712171,-11.91971,0.9110718,0.7461467,1.623385,-1.028477,-15.20637,-10.72875,-1.436268,0.4035081,0.8551418,-1.229181,43.03509,-20.82093,86.02301,0.4353191,0.8364229,-1.215109,5.739995,33.8257,-3.202591,0.4458774,0.8110003,-1.203228,3.177429,-1.407291E-06,0,0.4019533,0.8461428,-1.238538,0,-14.88062,1.249918,0.4139577,0.8002731,-1.210777,20.50016,19.92051,-6.106824,0.4342996,0.7595333,-1.207291,20.69629,2.50894E-05,0,0.4544916,0.7400396,-1.208598,13.80591,1.355899E-05,0,0.3999065,0.8417283,-1.24799,0,-6.856599E-07,0,0.408972,0.7911029,-1.233191,13.26215,12.64331,-0.8844808,0.4244235,0.7468383,-1.233055,24.76237,-6.042324E-06,0,0.4453622,0.724394,-1.236809,16.52258,-1.654187E-05,0,0.3975412,0.8385909,-1.258155,3.069245,14.87364,-2.900768,0.4056662,0.7879938,-1.257344,7.810876,-2.059343,0,0.4186088,0.7461683,-1.256428,25.71526,1.49142E-05,0,0.4375666,0.7253458,-1.258589,17.15956,6.577406E-06,0,0.3951099,0.8380995,-1.26755,7.703165,29.67834,-7.043752,0.4024278,0.7921567,-1.279582,5.570211,-12.20949,-9.569716,0.4125358,0.7582575,-1.281659,26.75171,-5.205639E-06,0,0.4278184,0.7420844,-1.282644,17.85256,-9.297931E-06,0,0.7363915,1.637463,-1.058629,44.56851,-24.52456,79.06817,0.7026513,1.646925,-1.076862,1.186797,17.56752,-0.358274,0.6802341,1.662574,-1.089171,0.7540734,2.650821E-06,0,0.7337912,1.644151,-1.047699,0,-14.88067,1.249918,0.7106132,1.689374,-1.068591,-11.62758,21.19234,15.33169,0.6990589,1.733539,-1.069857,17.77786,2.502571E-06,0,0.6842592,1.757376,-1.068372,11.85719,-7.539069E-07,0,0.7331556,1.646715,-1.037402,0,-2.957562E-06,0,0.7096581,1.694289,-1.044379,-16.15389,9.441652,11.50556,0.7016396,1.740469,-1.043239,26.72788,0.0001235196,0,0.6835421,1.765277,-1.039594,17.83663,8.182001E-05,0,0.7331575,1.648028,-1.026583,3.069245,14.87368,-2.900701,0.7089302,1.69269,-1.019866,-31.97449,-1.895957,-4.222481,0.7116334,1.736281,-1.016664,28.04277,-7.54927E-07,0,0.6999198,1.76191,-1.014784,18.71602,3.149015E-06,0,0.7341842,1.647083,-1.016967,7.703139,29.67842,-7.043752,0.7107619,1.684762,-0.9985079,-39.12035,-9.4729,-31.28515,0.715514,1.719361,-0.9925141,20.43708,4.736892E-05,0,0.7110893,1.741166,-0.9914864,13.63276,3.712352E-05,0
2400,0.6504184,0.9269873,-1.226364,-0.1426525,0.199672,1.262226,0.6401788,1.287706,-1.26667,0.7173703,3.264728,-2.250554,0.6301869,1.595844,-1.258928,11.41197,-9.196427,14.72614,0.5703536,0.9267039,-1.2246,0.4270431,-0.8825561,-3.06318,0.5784893,0.4996673,-1.222627,6.696414,-0.05939768,0.04423466,0.5826504,0.07425731,-1.270429,6.487124,-1.234866,-6.897736,0.7304832,0.9272707,-1.228127,0.02797646,-1.181288,0.0656106,0.7231732,0.5002151,-1.228767,5.943859,0.04379052,-0.02797646,0.7158036,0.07454091,-1.273746,5.922814,-1.284441,-6.640891,0.5629941,1.40668,-1.251976,-12.05184,2.043953,-0.9272513,0.4340613,1.403669,-1.284796,-10.25001,14.74841,-51.44077,0.3996,1.14803,-1.291991,10.42013,-7.97981E-05,-25.47532,0.7018715,1.41467,-1.246609,-17.89844,10.6517,3.127563,0.8262045,1.445956,-1.282279,69.35567,5.971071,-25.90594,0.9310591,1.394252,-1.052229,107.4636,-9.675165E-05,-9.701622,0.3936021,0.8658158,-1.259394,8.607336,-11.81771,0.8924097,0.7511991,1.611414,-1.017097,-15.72385,-10.48247,-1.451448,0.4039624,0.8548846,-1.228159,43.03037,-20.82934,86.04305,0.4357392,0.8361567,-1.214022,5.80566,33.81736,-3.238759,0.4462708,0.8107216,-1.202145,3.214002,7.154473E-06,0,0.4024249,0.8458885,-1.237522,0,-14.88063,1.249762,0.4143649,0.8000087,-1.20975,20.49875,19.92226,-6.099212,0.434691,0.7592635,-1.206235,20.70706,2.72145E-05,0,0.4548845,0.7397693,-1.207511,13.81307,1.436507E-05,0,0.4003963,0.8414772,-1.246979,0,-2.004462E-06,0,0.4094228,0.7908459,-1.232176,13.24796,12.64418,-0.8720036,0.4248557,0.7465749,-1.232019,24.83142,-6.644293E-07,0,0.4458175,0.7241479,-1.235748,16.56874,-1.209948E-06,0,0.3980511,0.8383431,-1.25715,3.069245,14.87364,-2.900633,0.4061653,0.7877443,-1.256337,7.809167,-2.058749,0,0.4190973,0.7459158,-1.255407,25.73758,-2.767828E-06,0,0.4380627,0.7250972,-1.257538,17.17446,1.547275E-07,0,0.3956387,0.8378547,-1.26655,7.703165,29.67834,-7.043752,0.4029725,0.7919141,-1.27858,5.566727,-12.20267,-9.568648,0.413076,0.7580131,-1.28065,26.76836,2.025443E-05,0,0.4283611,0.7418409,-1.281611,17.86369,1.563843E-05,0,0.7416816,1.62766,-1.046217,44.41895,-24.37199,79.69267,0.7081212,1.63938,-1.063442,3.129065,19.46857,-1.043802,0.6863311,1.657361,-1.073482,1.966525,1.132657E-06,0,0.7393592,1.633718,-1.034865,0,-14.88069,1.250075,0.7174397,1.68085,-1.052667,-11.42089,21.08233,16.39242,0.7070855,1.725304,-1.051137,21.53901,5.613276E-06,0,0.6915112,1.748399,-1.047466,14.36877,-5.549352E-06,0,0.73887,1.635643,-1.024422,0,-8.928811E-06,0,0.7167947,1.68425,-1.028186,-16.03049,9.462166,11.86428,0.7101032,1.73047,-1.02405,29.92405,5.132979E-05,0,0.6914195,1.75444,-1.01834,19.97469,3.125428E-05,0,0.7389831,1.636268,-1.013542,3.069245,14.87368,-2.900701,0.7161791,1.681125,-1.003816,-31.561,-1.886357,-3.992038,0.7199234,1.724348,-0.9978599,30.43448,-1.086506E-05,0,0.707752,1.749579,-0.9942697,20.31633,-1.073238E-05,0,0.7400436,1.634686,-1.004014,7.703139,29.67843,-7.043752,0.7179075,1.67181,-0.9830176,-39.14082,-9.250168,-30.53923,0.7237938,1.705764,-0.9747668,23.0033,1.826286E-05,0,0.7191144,1.727423,-0.9725089,15.34702,5.784892E-06,0
2433,0.6499923,0.9269535,-1.226216,-0.1519511,0.2114096,1.129692,0.6398395,1.287681,-1.26632,0.6510199,3.251073,-2.159939,0.6300243,1.595813,-1.258242,11.4064,-9.273108,14.47876,0.5699236,0.9266539,-1.224638,0.4833549,-0.8944286,-3.078607,0.5782366,0.4996225,-1.222301,6.796734,-0.04071119,0.05233916,0.5824807,0.07425603,-1.27048,6.53984,-1.243549,-6.846074,0.7300609,0.9272531,-1.227794,0.03426402,-1.160309,0.1065312,0.7229949,0.5001934,-1.228471,5.975468,0.04435917,-0.02797646,0.7159393,0.07454282,-1.273723,5.952394,-1.259388,-6.678437,0.5627087,1.406659,-1.251377,-12.23209,1.941004,-0.9563395,0.4338322,1.403478,-1.284402,-9.968551,14.53197,-51.19772,0.4000889,1.147743,-1.291585,10.49897,-7.698791E-05,-25.24986,0.7015965,1.414608,-1.246221,-18.09469,10.29223,3.299958,0.8259513,1.445076,-1.282517,65.74796,5.410373,-26.55534,0.9316899,1.377012,-1.057179,106.4645,-0.0001021319,-11.47997,0.3948725,0.8655736,-1.258471,8.459209,-11.66751,0.8654715,0.7569938,1.594179,-1.001835,-16.77845,-9.778443,-1.445504,0.4051506,0.8546381,-1.227211,43.03231,-20.83855,86.0502,0.4368907,0.8359131,-1.212988,5.874197,33.80495,-3.276141,0.4473996,0.8104692,-1.201109,3.252391,-2.056208E-05,0,0.403638,0.8456433,-1.236579,0,-14.88063,1.249918,0.415506,0.7997597,-1.208782,20.49652,19.92108,-6.105155,0.4358229,0.7590142,-1.205218,20.72234,1.676895E-05,0,0.456025,0.7395257,-1.206444,13.82328,1.202602E-05,0,0.4016346,0.8412334,-1.246041,0,-3.456446E-06,0,0.4106235,0.7906002,-1.231223,13.2408,12.64382,-0.8663754,0.4260522,0.7463278,-1.23103,24.88333,-7.910768E-06,0,0.4470408,0.7239184,-1.234714,16.60343,-1.002729E-05,0,0.3993163,0.8381007,-1.25622,3.069245,14.87364,-2.900633,0.4074299,0.7875021,-1.255393,7.791201,-2.058512,0,0.4203478,0.7456699,-1.254432,25.81141,1.037511E-05,0,0.439339,0.7248707,-1.256522,17.22385,2.925646E-06,0,0.3969288,0.8376138,-1.265626,7.703165,29.67834,-7.043752,0.4042959,0.7916752,-1.277644,5.598847,-12.21113,-9.55977,0.4144249,0.7577803,-1.279689,26.68526,9.584735E-05,0,0.4296986,0.7415951,-1.280613,17.8081,5.50415E-05,0,0.7481694,1.613809,-1.029024,44.06853,-23.76305,79.81447,0.7150714,1.628979,-1.044346,3.227375,21.65932,-1.19239,0.6948137,1.649838,-1.051659,1.999586,4.637312E-06,0,0.7461198,1.618726,-1.017084,0,-14.88068,1.249918,0.7262523,1.668377,-1.029689,-9.690571,21.15077,16.64831,0.7165754,1.712563,-1.023395,23.62338,-5.906593E-05,0,0.7005997,1.734746,-1.016905,15.76136,-4.767151E-05,0,0.7457218,1.619554,-1.006493,0,-9.001469E-06,0,0.7257723,1.669192,-1.004982,-14.76415,9.802706,12.1145,0.7200857,1.71479,-0.9956747,32.30067,2.090025E-05,0,0.7009748,1.737524,-0.9870601,21.5657,3.478741E-06,0,0.7458695,1.61902,-0.9956084,3.069309,14.87368,-2.900633,0.7250388,1.663536,-0.9810769,-29.73467,-1.168772,-4.218398,0.7293137,1.705672,-0.9699424,32.18638,-5.979563E-06,0,0.7166749,1.730105,-0.9635469,21.48913,-1.09655E-05,0,0.746867,1.616394,-0.9863065,7.703165,29.67842,-7.043752,0.7263762,1.652006,-0.9613881,-38.08226,-9.055952,-29.68124,0.7331327,1.684647,-0.9493655,25.45085,-7.079747E-06,0,0.7281137,1.705894,-0.9449529,16.9828,-7.957773E-06,0
2467,0.6495658,0.9269196,-1.226021,-0.1607126,0.2230972,0.9877436,0.6395949,1.287659,-1.265912,0.5784457,3.204011,-2.001445,0.6299626,1.595801,-1.257581,11.30942,-9.136119,14.07958,0.5694935,0.9266039,-1.224641,0.5377761,-0.9063783,-3.096487,0.577981,0.4995781,-1.22195,6.8929,-0.04568014,0.05233916,0.582493,0.07425648,-1.270501,6.590409,-1.275921,-6.790354,0.729638,0.9272352,-1.2274,0.05233916,-1.137911,0.1506579,0.7228268,0.5001714,-1.228055,6.032345,0.04040742,-0.04423466,0.7160642,0.07455865,-1.273706,6.000348,-1.240173,-6.715044,0.562607,1.406685,-1.250625,-12.47369,1.847238,-0.9821809,0.4337816,1.403435,-1.283841,-9.687507,14.2959,-51.15195,0.4007702,1.147601,-1.290905,10.59186,-7.352531E-05,-25.25964,0.7015152,1.41451,-1.245842,-18.32389,9.778161,3.403235,0.8259147,1.443736,-1.282996,61.67249,4.907161,-27.78911,0.9323786,1.35749,-1.064324,104.6196,-8.838482E-05,-13.64878,0.3965313,0.865484,-1.25721,8.278607,-11.50414,0.8353283,0.763677,1.571041,-0.9825984,-18.76041,-8.609695,-1.424777,0.4067066,0.8545496,-1.225915,43.03457,-20.84989,86.04146,0.4384031,0.8358362,-1.21158,5.933461,33.80713,-3.309496,0.4488795,0.8103849,-1.199688,3.285093,-1.727514E-05,0,0.4052276,0.8455548,-1.235288,0,-14.88064,1.250075,0.4170123,0.7996728,-1.207454,20.48985,19.92144,-6.105123,0.437322,0.7589298,-1.203821,20.74514,-2.976974E-05,0.01978234,0.4575378,0.7394516,-1.204982,13.83853,-2.963112E-05,0,0.403257,0.8411448,-1.244758,0,-6.579548E-06,0,0.4122073,0.790513,-1.229911,13.22896,12.64494,-0.8641139,0.4276363,0.746241,-1.229666,24.95643,9.051782E-07,0,0.4486647,0.7238591,-1.233289,16.65229,-1.482671E-06,0,0.4009736,0.838012,-1.254944,3.069181,14.87364,-2.900701,0.4090957,0.787415,-1.254092,7.778141,-2.060982,0,0.4220106,0.7455831,-1.253085,25.8755,1.607517E-05,0,0.4410318,0.7248053,-1.255114,17.26669,1.272654E-05,0,0.3986178,0.8375248,-1.264358,7.703165,29.67834,-7.043725,0.4060355,0.7915883,-1.276353,5.580264,-12.206,-9.551046,0.4161679,0.7576926,-1.278367,26.73366,3.115331E-05,0,0.4314565,0.7415189,-1.279243,17.84046,3.029361E-05,0,0.7557768,1.59473,-1.006658,43.39285,-23.2115,80.01199,0.7235825,1.614211,-1.018675,3.488856,23.42258,-1.388185,0.7053893,1.637819,-1.02193,2.134142,1.633058E-06,0,0.7541736,1.598065,-0.9941177,0,-14.88067,1.249762,0.7372833,1.650081,-0.9993969,-6.909214,21.58394,16.25139,0.7284144,1.693027,-0.9866431,24.32405,1.432691E-05,0,0.7126377,1.714041,-0.9766961,16.2296,4.406081E-06,0,0.7539493,1.597446,-0.9835076,0,-1.24265E-06,0,0.7371385,1.647504,-0.9748074,-12.46861,10.45849,11.95413,0.7325739,1.691304,-0.9587168,34.25379,-1.830954E-05,0,0.7132668,1.712199,-0.9465976,22.87392,-9.709353E-06,0,0.7541885,1.595405,-0.9728044,3.069309,14.87368,-2.900701,0.7363297,1.638655,-0.9518937,-26.21149,0.6189078,-4.740038,0.7407597,1.678212,-0.9336362,33.48241,9.169447E-07,0,0.7276457,1.701069,-0.923477,22.35714,-8.278931E-06,0,0.7551277,1.591465,-0.9639723,7.703139,29.67841,-7.04378,0.7371746,1.624458,-0.9340026,-35.1315,-8.817183,-28.85775,0.744372,1.654805,-0.9171829,28.22865,1.707418E-05,0,0.738664,1.675115,-0.9100416,18.84035,1.567983E-05,0
2500,0.6491325,0.9268844,-1.225848,-0.1701742,0.2308501,0.8383681,0.6393956,1.287636,-1.265565,0.5203939,3.144509,-1.785641,0.6298889,1.5958,-1.257102,11.19086,-8.848212,13.53931,0.569057,0.9265583,-1.224677,0.5941319,-0.9218958,-3.118097,0.5777139,0.4995383,-1.221619,6.991481,-0.04168905,0.06255726,0.5824268,0.07426143,-1.27054,6.641984,-1.2965,-6.738863,0.7292081,0.9272105,-1.227019,0.06255726,-1.111186,0.1988102,0.7226536,0.5001426,-1.227686,6.076058,0.04545383,-0.03956468,0.7162582,0.07456052,-1.273674,6.040301,-1.212315,-6.74846,0.5625936,1.406733,-1.249894,-12.74625,1.802912,-1.014329,0.4338007,1.403547,-1.283242,-9.349268,13.97963,-51.22905,0.4015571,1.147609,-1.290047,10.62297,-7.971942E-05,-25.42444,0.7015271,1.414404,-1.245626,-18.51364,9.146887,3.337184,0.8260036,1.442085,-1.283695,57.32711,4.504109,-29.284,0.9325867,1.336581,-1.073696,101.8163,-7.470253E-05,-15.73966,0.3982449,0.8655296,-1.255934,8.10765,-11.38255,0.8091505,0.7718582,1.541772,-0.9605328,-20.95963,-7.127278,-1.319973,0.4083084,0.854601,-1.2246,43.03157,-20.85883,86.04436,0.4399574,0.835903,-1.210141,5.987823,33.798,-3.339179,0.450404,0.8104501,-1.198226,3.315466,-9.543199E-06,0,0.4068679,0.8456051,-1.233979,0,-14.88065,1.249918,0.4185679,0.7997293,-1.206098,20.48894,19.9219,-6.103421,0.43888,0.7589945,-1.202388,20.75319,-6.156423E-05,0,0.4591101,0.7395267,-1.203474,13.84386,-5.228718E-05,0,0.4049343,0.8411937,-1.243456,0,-9.752556E-06,0,0.4138501,0.7905664,-1.228573,13.21763,12.64868,-0.8446465,0.4292873,0.7462976,-1.228268,25.04691,-4.359555E-06,0,0.4503658,0.7239528,-1.231828,16.71276,-5.206447E-06,0,0.4026901,0.8380595,-1.25365,3.069309,14.87364,-2.900701,0.4108296,0.787466,-1.252765,7.752613,-2.064218,0,0.4237401,0.745634,-1.251701,25.98864,1.573798E-05,0,0.442809,0.7248935,-1.253662,17.34233,-7.676323E-07,0,0.4003695,0.837571,-1.263072,7.703165,29.67835,-7.043725,0.4078505,0.7916369,-1.275038,5.565318,-12.20299,-9.578012,0.4179953,0.7577426,-1.277013,26.77597,-2.28993E-05,0,0.4333015,0.7415823,-1.277826,17.86878,-1.891547E-05,0,0.7649235,1.5695,-0.9801685,42.54633,-22.91832,80.70567,0.7340552,1.593096,-0.9872937,5.318467,24.83528,-2.239133,0.7181541,1.618394,-0.9848263,3.216985,-7.172181E-06,0,0.7639239,1.570857,-0.9672026,0,-14.88068,1.249918,0.7505447,1.624013,-0.9634339,-3.779112,22.44163,15.98857,0.7428079,1.664158,-0.9430819,26.63438,-0.0001178604,0,0.726845,1.682547,-0.9290656,17.77409,-8.479405E-05,0,0.7639679,1.568543,-0.9568269,0,-6.165581E-06,0,0.7509409,1.617504,-0.9395849,-9.132175,11.5912,11.49442,0.7472724,1.657686,-0.9157088,36.87535,2.052076E-06,0,0.7274107,1.675336,-0.8998883,24.63112,2.934327E-06,0,0.7643778,1.564786,-0.9466046,3.069181,14.87367,-2.900701,0.75019,1.605133,-0.9183627,-21.026,2.972664,-5.525099,0.7540719,1.640098,-0.8922841,34.31448,1.541585E-05,0,0.7402954,1.660257,-0.8780902,22.91459,2.143599E-05,0,0.765299,1.559416,-0.9385592,7.703165,29.67841,-7.043752,0.750569,1.588202,-0.9030142,-29.31284,-8.539348,-27.86068,0.7569417,1.615114,-0.8808605,30.28145,1.898686E-05,0,0.7500593,1.633692,-0.8706836,20.21388,2.253429E-05,0
2533,0.6486868,0.9268697,-1.225722,-0.183454,0.234496,0.699975,0.6392167,1.287637,-1.265354,0.501241,3.075135,-1.50779,0.6298187,1.595825,-1.256912,11.14808,-8.475638,12.8833,0.5686088,0.9265388,-1.224745,0.6258884,-0.9411762,-3.135814,0.5774289,0.4995233,-1.221534,7.026186,-0.0419335,0.0656106,0.582398,0.07426232,-1.270567,6.658291,-1.319923,-6.687446,0.7287649,0.9272006,-1.2267,0.08392937,-1.078644,0.2406627,0.7224807,0.5001286,-1.227334,6.124871,0.04130455,-0.05233916,0.7163949,0.07457766,-1.273651,6.07938,-1.191844,-6.782551,0.5626408,1.406829,-1.249303,-13.04899,1.717636,-1.072832,0.4338636,1.403613,-1.282709,-9.223772,13.85625,-51.41059,0.4021644,1.147604,-1.289419,10.75173,-7.57322E-05,-25.66362,0.7016029,1.414326,-1.245706,-18.64664,8.478255,3.052552,0.8261484,1.440325,-1.284723,53.27346,4.184556,-30.82142,0.9319732,1.316755,-1.084418,97.89243,-0.000111102,-17.03204,0.3999473,0.8655779,-1.254781,7.928504,-11.24382,0.7815963,0.7814729,1.50772,-0.9373639,-22.94985,-5.111749,-1.038352,0.4099517,0.8546596,-1.223426,43.02594,-20.86113,86.05796,0.4415796,0.8359813,-1.208894,6.022035,33.77221,-3.356138,0.4520267,0.810536,-1.196964,3.335424,-4.754107E-06,0,0.4085365,0.8456616,-1.232806,0,-14.88062,1.249918,0.4202064,0.7997966,-1.204895,20.49068,19.9239,-6.093134,0.4405363,0.7590749,-1.201139,20.74826,2.38387E-05,0,0.4607788,0.7396178,-1.202182,13.8406,2.127273E-05,0,0.4066255,0.8412479,-1.242286,0,3.538E-06,0,0.4155414,0.790628,-1.227378,13.19272,12.64863,-0.8277984,0.4309873,0.7463626,-1.227029,25.19525,1.816766E-05,0,0.452132,0.724076,-1.230562,16.81195,2.235391E-05,0,0.4044046,0.8381109,-1.252485,3.069245,14.87364,-2.900768,0.4125736,0.7875226,-1.251576,7.731648,-2.067483,-0.04845664,0.4254932,0.7456944,-1.250474,26.11176,1.723482E-05,0,0.4446165,0.7250001,-1.252394,17.42464,1.528003E-05,0,0.4021041,0.8376197,-1.261912,7.703139,29.67834,-7.043725,0.4096386,0.7916887,-1.273855,5.553015,-12.20013,-9.584661,0.4198012,0.7577984,-1.275806,26.81297,0.0001489087,0,0.435126,0.7416539,-1.276584,17.89352,0.0001030017,0,0.7751687,1.538783,-0.9514292,41.75252,-22.728,81.30307,0.7457512,1.565139,-0.9520099,8.141359,25.36912,-3.507438,0.7319422,1.590122,-0.942839,4.901449,-6.189695E-06,0,0.7749956,1.537892,-0.9383858,0,-14.88067,1.249762,0.7651841,1.590177,-0.9246439,0.2762456,23.69387,15.19483,0.7582893,1.62541,-0.8964171,30.35606,0.0003187736,0,0.7415878,1.639276,-0.8785784,20.26383,0.0002348437,0,0.7754865,1.533794,-0.9285892,0,-4.425084E-06,0,0.7665325,1.579571,-0.9023507,-4.738715,13.15847,10.431,0.7633321,1.613966,-0.8706512,39.95506,5.891578E-06,0,0.7425972,1.626859,-0.8516746,26.6973,1.031652E-05,0,0.7762435,1.528285,-0.9192162,3.069181,14.87367,-2.900701,0.7662235,1.563721,-0.8835707,-15.15179,5.221186,-6.218391,0.7694246,1.592195,-0.850454,35.91337,3.113664E-05,0,0.7545911,1.608411,-0.8327161,23.98615,2.688329E-05,0,0.7772856,1.521546,-0.9122941,7.703191,29.67841,-7.043752,0.7664226,1.544363,-0.8714231,-21.47465,-8.014349,-26.89508,0.7710791,1.566518,-0.8441635,31.40049,-3.782557E-06,0,0.7628224,1.5825,-0.8310292,20.96295,7.977397E-07,0
2567,0.6481242,0.9268606,-1.225635,-0.1988102,0.2314435,0.5457222,0.6389595,1.287645,-1.26529,0.5263757,3.004116,-1.23337,0.6296715,1.595854,-1.257005,11.20978,-8.102638,12.19042,0.5680438,0.9265344,-1.224872,0.6467983,-0.9725773,-3.156721,0.5770643,0.4995236,-1.221599,7.028419,-0.04201652,0.06852804,0.5823536,0.07426229,-1.270598,6.653282,-1.346976,-6.641009,0.7282047,0.9271867,-1.226397,0.1027921,-1.030734,0.2776587,0.7222542,0.50011,-1.22703,6.161952,0.041537,-0.05934703,0.7165918,0.07458311,-1.273621,6.112151,-1.156136,-6.816617,0.5626138,1.406946,-1.248957,-13.32176,1.676264,-1.138148,0.4338344,1.403779,-1.282359,-9.131509,13.72769,-51.69769,0.4026081,1.147708,-1.288906,10.83111,-7.922509E-05,-26.00087,0.701601,1.414267,-1.246028,-18.70045,7.81286,2.620175,0.8262438,1.438559,-1.285827,49.58864,4.062499,-32.30124,0.9306976,1.299062,-1.09551,92.78729,-0.0001127999,-18.18398,0.4013543,0.8657168,-1.253937,7.7849,-11.15882,0.7618184,0.7927265,1.468782,-0.9141207,-25.50066,-3.659031,-0.828271,0.4113216,0.8548142,-1.222564,43.02628,-20.86272,86.07422,0.4429441,0.8361675,-1.207981,6.056507,33.77645,-3.375857,0.4533934,0.810729,-1.196038,3.354271,-9.555896E-06,0,0.4099282,0.8458129,-1.231944,0,-14.88065,1.249762,0.4215964,0.7999644,-1.204006,20.48726,19.92671,-6.081121,0.4419533,0.7592598,-1.200211,20.75823,5.082361E-06,0,0.4622156,0.7398216,-1.201224,13.84726,1.780405E-06,0,0.4080351,0.8413953,-1.241426,0,-1.148827E-05,0,0.4169729,0.7907866,-1.226494,13.17786,12.64992,-0.7959845,0.4324458,0.7465309,-1.22611,25.36704,2.82136E-05,0,0.4536709,0.7243196,-1.229635,16.92678,1.874852E-05,0,0.4058322,0.8382542,-1.251627,3.069245,14.87364,-2.900633,0.4140438,0.7876732,-1.250695,7.702477,-2.063178,-0.05233916,0.4269767,0.7458499,-1.249564,26.30547,1.749058E-05,0,0.4461783,0.7252267,-1.251467,17.55415,1.015971E-05,0,0.4035461,0.8377589,-1.261058,7.703165,29.67835,-7.043752,0.4111384,0.7918319,-1.27298,5.543443,-12.19009,-9.551376,0.421327,0.7579483,-1.274913,26.85253,0.0001590278,0,0.4366752,0.7418252,-1.275673,17.91997,0.0001124505,0,0.7874691,1.502107,-0.9221378,41.24965,-22.54674,82.43247,0.7601135,1.529818,-0.9154947,12.49509,25.58763,-5.467087,0.7488975,1.552537,-0.8994647,7.503155,-8.041314E-06,0,0.7882169,1.49897,-0.9094666,0,-14.88067,1.249918,0.7829729,1.54851,-0.8862908,6.411786,25.26743,13.33774,0.7763987,1.576872,-0.8511047,36.80661,-0.0001384605,0,0.757896,1.584201,-0.8312714,24.58502,-9.352891E-05,0,0.7891676,1.49321,-0.9005828,0,-6.07529E-06,0,0.7852812,1.53413,-0.866311,1.789363,14.95516,7.882394,0.7817801,1.560915,-0.8279908,48.67747,-7.807494E-06,0,0.7578745,1.566727,-0.8092552,32.56174,-1.001523E-05,0,0.7902574,1.486121,-0.8923762,3.069245,14.87368,-2.900701,0.7853274,1.515293,-0.850526,-7.872303,6.870793,-5.962265,0.7874984,1.53625,-0.8121357,43.39687,-6.67016E-06,0,0.7691457,1.547078,-0.7936003,29.00901,-1.335266E-05,0,0.7913647,1.478235,-0.8868088,7.703165,29.67841,-7.043752,0.7851469,1.494133,-0.8418905,-13.04473,-7.165823,-24.85277,0.7882737,1.510451,-0.8105921,36.72857,-8.204931E-07,0,0.7774115,1.523293,-0.7959911,24.5327,2.148052E-06,-0.02797646
2600,0.647439,0.9268621,-1.225609,-0.2130625,0.2218616,0.4238235,0.6386027,1.287664,-1.265397,0.5921526,2.925126,-0.9577706,0.6294978,1.595888,-1.257372,11.38877,-7.768371,11.501,0.5673571,0.9265499,-1.225017,0.6513204,-1.018329,-3.16601,0.5766373,0.4995441,-1.221805,6.997371,-0.03689732,0.07401875,0.5822647,0.07426819,-1.270638,6.629985,-1.377815,-6.610464,0.7275209,0.9271744,-1.2262,0.1219466,-0.9674054,0.2993615,0.7219702,0.5000923,-1.226826,6.18729,0.04162623,-0.06852804,0.7167858,0.07457903,-1.273597,6.134626,-1.110741,-6.838564,0.5625057,1.407097,-1.248867,-13.5521,1.667667,-1.222373,0.4336967,1.404048,-1.282166,-9.087526,13.63326,-52.11037,0.4027942,1.147931,-1.288465,10.90199,-8.13301E-05,-26.45639,0.7015156,1.414223,-1.246613,-18.67692,7.172088,2.173759,0.8262773,1.436818,-1.287034,46.10406,4.187129,-33.84115,0.9291462,1.283505,-1.106746,86.79571,-9.729556E-05,-21.36191,0.4024416,0.8659736,-1.253209,7.672608,-11.09773,0.7465102,0.8052287,1.424492,-0.893415,-27.16664,-3.424807,-0.8277984,0.4124071,0.8550937,-1.221827,43.02703,-20.85949,86.08852,0.4440446,0.8364874,-1.207225,6.065724,33.80502,-3.383503,0.454503,0.8110594,-1.195268,3.358238,-1.636472E-05,0,0.4110281,0.8460874,-1.231205,0,-14.88063,1.249762,0.4227359,0.8002623,-1.203245,20.47963,19.92947,-6.073443,0.4431319,0.7595795,-1.199426,20.78921,8.65201E-06,0,0.4634238,0.7401717,-1.200428,13.86792,9.096039E-06,0,0.4091445,0.8416643,-1.240686,0,-3.300298E-06,0,0.4181331,0.7910711,-1.225731,13.17165,12.65224,-0.7687222,0.4336512,0.7468315,-1.225324,25.5942,-1.875872E-05,0,0.4549817,0.7247248,-1.22887,17.07863,-2.629047E-05,0,0.4069497,0.838517,-1.250887,3.069245,14.87364,-2.900701,0.4152185,0.7879456,-1.249933,7.66493,-2.064306,-0.08392937,0.4281718,0.7461295,-1.248773,26.611,1.477775E-05,0,0.4474923,0.7256179,-1.250679,17.75847,1.244653E-05,0,0.4046685,0.8380156,-1.260319,7.703139,29.67834,-7.043725,0.4123184,0.7920929,-1.272221,5.459985,-12.17299,-9.536278,0.4224972,0.7582056,-1.27414,27.08336,6.094899E-05,0,0.4379056,0.7421397,-1.274892,18.07433,3.998262E-05,0,0.8019347,1.458967,-0.8951787,41.18516,-22.00138,83.39407,0.776939,1.486478,-0.8818113,15.96542,26.50822,-7.276723,0.7686659,1.505465,-0.8601325,9.502246,-8.550161E-06,0,0.8030965,1.453592,-0.8833163,0,-14.88069,1.249918,0.8025276,1.498458,-0.8516058,15.81577,26.9298,8.795802,0.7934592,1.517783,-0.8112332,38.95472,0.0003508215,0,0.7731028,1.519581,-0.7919508,26.02592,0.0002623449,0,0.804085,1.4463,-0.8756446,0,-1.872248E-05,0,0.80482,1.480648,-0.8346102,13.8299,16.90733,3.315761,0.7959965,1.497518,-0.7917656,53.37409,-7.182741E-07,0,0.7687097,1.497566,-0.7772155,35.72832,-1.39169E-06,0,0.8050844,1.437815,-0.8688779,3.069309,14.87367,-2.900768,0.8043336,1.459341,-0.8223719,4.014004,7.617965,-5.745934,0.8009468,1.472114,-0.7806214,47.90627,1.141986E-05,0,0.7786055,1.477977,-0.7643697,32.0424,2.240351E-05,0,0.8059123,1.429013,-0.8648448,7.703165,29.67841,-7.04378,0.8030979,1.437034,-0.8175499,-1.958947,-6.347569,-22.00869,0.8021712,1.446803,-0.7835007,40.46528,1.410165E-05,0,0.7882556,1.456401,-0.7689975,27.03979,4.565059E-06,0
2633,0.6482475,0.9268804,-1.22572,-0.2264194,0.2080065,0.3426407,0.6397661,1.287699,-1.265663,0.6658786,2.831322,-0.7044336,0.6309622,1.595938,-1.257901,11.5958,-7.481339,10.87095,0.5681647,0.9265878,-1.225241,0.6552143,-0.9701322,-3.165824,0.5769758,0.4995717,-1.222087,6.952768,-0.04087231,0.0656106,0.5822607,0.07426089,-1.270654,6.597131,-1.32394,-6.624245,0.7283303,0.927173,-1.226198,0.1398823,-0.997557,0.3090104,0.722451,0.5000951,-1.226799,6.190489,0.04100196,-0.0656106,0.716991,0.07458523,-1.273569,6.137853,-1.158228,-6.815667,0.5639437,1.407285,-1.248978,-13.74011,1.639797,-1.301459,0.4350939,1.40434,-1.282128,-9.145421,13.65392,-52.65342,0.4043202,1.1482,-1.288101,10.96383,-7.160855E-05,-27.00018,0.7029738,1.41418,-1.247346,-18.57133,6.58839,1.838986,0.8278899,1.435173,-1.288153,42.76183,4.381013,-35.44866,0.9285201,1.269737,-1.11758,80.08403,-9.230751E-05,-24.90161,0.4047464,0.8662721,-1.252607,7.602381,-11.06381,0.7370135,0.8196504,1.375063,-0.8771697,-27.88972,-2.836046,-0.7041557,0.4147564,0.8554214,-1.22123,43.02892,-20.85637,86.10843,0.4464336,0.8368645,-1.206651,6.082507,33.84328,-3.396267,0.4569185,0.8114485,-1.194692,3.366157,-5.535274E-05,0,0.4133805,0.8464085,-1.230602,0,-14.88066,1.249762,0.4251761,0.8006133,-1.202629,20.47186,19.93093,-6.075606,0.4456248,0.7599571,-1.198808,20.83093,-1.936463E-05,0,0.4659525,0.7405876,-1.199825,13.89579,-1.488748E-05,0,0.4114936,0.8419781,-1.240079,0,-1.612045E-05,0,0.4205641,0.7914045,-1.225107,13.17775,12.65318,-0.7446731,0.4361457,0.7471873,-1.224695,25.88326,-5.193021E-06,0,0.4576075,0.7252172,-1.228297,17.27189,-1.583309E-05,0,0.4092933,0.8388227,-1.250276,3.069245,14.87364,-2.900701,0.4176305,0.7882629,-1.249304,7.658577,-2.06623,-0.1046783,0.4306364,0.7464634,-1.248134,26.95907,-2.075727E-05,0,0.4501016,0.7260925,-1.250076,17.99122,-2.82135E-05,0,0.4070038,0.8383135,-1.259705,7.703139,29.67836,-7.043752,0.4147036,0.792395,-1.271591,5.377459,-12.15075,-9.480583,0.4248766,0.7585059,-1.27351,27.33981,0.0001117831,0,0.4403544,0.7425078,-1.274281,18.24585,6.771782E-05,0,0.8183464,1.409359,-0.8722152,41.3996,-21.2418,83.83538,0.7954966,1.434613,-0.8522027,18.60577,27.59464,-8.863327,0.7898579,1.448198,-0.8260763,10.9542,-9.81406E-06,0,0.8197306,1.401763,-0.8616635,0,-14.88069,1.250075,0.8233095,1.439705,-0.8220855,25.13917,27.8996,4.225634,0.8111994,1.44882,-0.7790051,38.69542,0.0004890494,-0.01978234,0.7895373,1.44623,-0.7612999,25.85195,0.0003708145,0,0.8206341,1.393098,-0.8555721,0,-1.596712E-05,0,0.8253143,1.418881,-0.8089086,28.00202,17.7813,-1.846526,0.8090217,1.424823,-0.7653497,51.91477,2.321127E-06,0,0.7799092,1.421973,-0.7553191,34.74369,-4.224874E-07,0,0.8214353,1.383436,-0.8505935,3.069245,14.87367,-2.900701,0.8241195,1.395678,-0.8008976,18.99676,7.20161,-6.906432,0.8122241,1.400149,-0.7589901,47.1125,2.492626E-05,0,0.7871378,1.402966,-0.7463266,31.50804,2.337783E-05,0,0.8219205,1.373996,-0.8483448,7.703165,29.67841,-7.043752,0.8217758,1.372951,-0.8003037,10.44318,-6.085176,-19.95073,0.8154167,1.37617,-0.765593,42.17631,3.361692E-05,0,0.7989196,1.383276,-0.7524233,28.18888,2.169767E-05,0
2667,0.6487066,0.9268818,-1.225872,-0.2414744,0.1970323,0.3165179,0.640543,1.287719,-1.265949,0.7354187,2.733327,-0.5059038,0.63212,1.595972,-1.258441,11.77545,-7.266998,10.32655,0.5686235,0.9266045,-1.22543,0.6807005,-0.94539,-3.144169,0.5771673,0.4995836,-1.222196,6.952317,-0.03998139,0.0656106,0.5822228,0.07426089,-1.270683,6.587493,-1.293242,-6.674648,0.7287897,0.9271591,-1.226314,0.1619255,-1.00353,0.2973941,0.7227845,0.500083,-1.22686,6.188937,0.03550332,-0.06255726,0.7171893,0.07456744,-1.273562,6.136288,-1.178879,-6.75726,0.5649878,1.407461,-1.24917,-13.90493,1.6044,-1.378424,0.4361162,1.404613,-1.282243,-9.195136,13.69943,-53.16102,0.4053746,1.148461,-1.287841,11.00797,-7.36131E-05,-27.34889,0.7040347,1.414114,-1.248025,-18.34537,5.971133,1.653274,0.829224,1.433428,-1.288823,39.58942,4.562397,-37.02128,0.9264891,1.257362,-1.127173,72.72926,-0.0001166914,-25.54627,0.4063702,0.8665669,-1.252091,7.590265,-11.05001,0.7354187,0.8335393,1.321719,-0.866478,-29.58038,-2.297966,-0.6065179,0.4165007,0.8557523,-1.22074,43.0302,-20.86008,86.15556,0.448252,0.8372504,-1.206252,6.157242,33.87988,-3.441508,0.4587924,0.8118428,-1.194324,3.405996,-7.697344E-06,0,0.4151052,0.8467309,-1.2301,0,-14.88063,1.249918,0.4270566,0.8009717,-1.202135,20.45263,19.93485,-6.075994,0.4475596,0.7603396,-1.19835,20.93794,2.680803E-05,0,0.4679376,0.7410266,-1.199435,13.96728,9.23947E-06,0,0.4131923,0.8422911,-1.239568,0,-1.941318E-06,0,0.422381,0.7917406,-1.22459,13.17066,12.6579,-0.6818494,0.438017,0.7475423,-1.2242,26.4826,2.277636E-05,0,0.4597034,0.7258205,-1.22796,17.67261,1.955709E-05,0,0.4109618,0.8391253,-1.249755,3.069309,14.87364,-2.900633,0.4193699,0.7885774,-1.248775,7.649449,-2.050304,-0.1186941,0.4324268,0.7467932,-1.247629,27.58165,4.641137E-05,0,0.452122,0.7266558,-1.249685,18.40758,4.526194E-05,0,0.408641,0.8386062,-1.259176,7.703165,29.67834,-7.04378,0.4163622,0.7926894,-1.271055,5.252625,-12.1307,-9.453987,0.4265007,0.7587907,-1.272986,27.75069,1.962341E-05,0,0.4420773,0.742891,-1.273801,18.52065,8.986824E-06,0,0.8334447,1.354669,-0.8556748,41.70308,-20.89003,86.77935,0.812839,1.37604,-0.8296157,26.83615,27.47429,-13.1382,0.8103913,1.381799,-0.8002938,15.75314,-1.87356E-06,0,0.8355892,1.345371,-0.8467366,0,-14.88067,1.249762,0.8435081,1.375956,-0.8017852,35.28428,27.40431,-0.4519747,0.8287936,1.375681,-0.7585524,41.47804,-0.01037316,0,0.8055773,1.368884,-0.744261,27.71988,-0.007718397,0,0.8368359,1.335785,-0.8423129,0,-2.440302E-06,0,0.8462085,1.353171,-0.7925735,42.2878,16.89886,-7.093152,0.8237838,1.349976,-0.7515239,52.61655,4.092886E-05,0,0.7935075,1.345645,-0.7469567,35.21711,3.287394E-05,0,0.8378597,1.325409,-0.8391411,3.069309,14.87367,-2.900701,0.8452116,1.328948,-0.788543,34.94222,6.056754,-6.741075,0.825711,1.326724,-0.7493957,46.42141,3.185053E-05,0,0.7987454,1.327275,-0.7410183,31.04297,2.303804E-05,0,0.8383318,1.315719,-0.8385815,7.703191,29.67841,-7.043752,0.8424237,1.306471,-0.7916051,25.15626,-5.354495,-17.17624,0.8304183,1.304182,-0.7583445,42.84582,6.322709E-05,0,0.8117375,1.30928,-0.7473381,28.6387,7.484043E-05,0
2700,0.648572,0.9268779,-1.226217,-0.2586879,0.1922918,0.3134116,0.6407277,1.287735,-1.266367,0.7853427,2.620124,-0.3499859,0.6327824,1.596006,-1.259064,11.88372,-7.077622,9.878862,0.568489,0.9266072,-1.225779,0.7346201,-0.9565961,-3.126499,0.5770829,0.4995894,-1.22227,6.982329,-0.03942731,0.06255726,0.5821888,0.07426161,-1.270707,6.577483,-1.305866,-6.741394,0.7286551,0.9271486,-1.226655,0.2130625,-0.9757627,0.2873554,0.7228236,0.5000699,-1.226953,6.207441,0.03524848,-0.06852804,0.7174096,0.07453993,-1.273546,6.131621,-1.151946,-6.686566,0.565459,1.407645,-1.249504,-14.07349,1.538293,-1.434496,0.4365927,1.40487,-1.282605,-9.28218,13.79987,-53.64952,0.4057779,1.148719,-1.287842,11.06409,-8.46125E-05,-27.44318,0.7045215,1.41402,-1.248742,-17.98754,5.344171,1.566106,0.8300942,1.431622,-1.289134,36.70024,4.702655,-38.54924,0.9230493,1.24639,-1.135384,64.85927,-0.0001146925,-26.47382,0.4072223,0.866867,-1.251777,7.622231,-11.05239,0.7383398,0.8463615,1.266234,-0.8624955,-30.08971,-2.386837,-0.6413296,0.4175831,0.8560989,-1.220486,43.0357,-20.86782,86.194,0.449459,0.8376577,-1.206195,6.238536,33.92489,-3.491269,0.4600933,0.8122598,-1.19433,3.449066,2.227236E-06,0,0.4161343,0.8470656,-1.229827,0,-14.88062,1.249918,0.4283367,0.8013517,-1.201896,20.41824,19.94381,-6.075541,0.4488931,0.7607378,-1.198205,21.12895,-2.100316E-05,0,0.4693365,0.741503,-1.199438,14.09486,-6.094788E-06,0,0.4141615,0.8426132,-1.239276,0,2.312079E-06,0,0.4235175,0.7920905,-1.224308,13.25225,12.68513,-0.633656,0.4392636,0.7479306,-1.224021,27.15738,8.759034E-06,0,0.4612082,0.7265175,-1.228044,18.12385,4.188755E-06,0,0.4118645,0.8394337,-1.249444,3.069309,14.87364,-2.900768,0.4203431,0.7888975,-1.248469,7.819465,-2.01286,-0.1065312,0.4335758,0.7471659,-1.247424,28.07466,-2.718899E-06,0,0.4535019,0.7272784,-1.249678,18.73736,-1.246242E-05,0,0.4094793,0.8389016,-1.258849,7.703165,29.67834,-7.04378,0.4171761,0.7929818,-1.270732,5.171839,-12.09962,-9.32915,0.4272946,0.7590798,-1.272708,28.1409,7.345897E-05,0,0.4429704,0.7432843,-1.273641,18.78165,5.947235E-05,0,0.8473464,1.296966,-0.8464632,41.9196,-19.03531,88.69564,0.8285908,1.312585,-0.8154044,32.6635,26.47765,-15.95146,0.8285996,1.31029,-0.7855102,19.28126,-5.277326E-06,0,0.8499965,1.286329,-0.8393369,0,-14.8807,1.249918,0.8612736,1.309133,-0.7906377,44.89656,25.96633,-4.62745,0.8431746,1.300526,-0.749601,40.62915,-0.0002806595,0,0.8190811,1.291369,-0.7384173,27.14981,-0.0002047383,0,0.8514408,1.276149,-0.8366386,0,-1.941782E-05,0,0.8643558,1.285148,-0.7854882,54.31017,15.2099,-10.73148,0.8366323,1.274954,-0.749079,51.80239,-2.227864E-05,0,0.8059735,1.270918,-0.7489301,34.66789,-1.780995E-05,0,0.8525695,1.265393,-0.8352863,3.069245,14.87367,-2.900768,0.8633822,1.260591,-0.7854187,48.07329,4.807692,-6.66618,0.8378254,1.25331,-0.7506113,44.05498,7.793909E-07,0,0.8100505,1.25318,-0.7454959,29.45137,1.415279E-05,0,0.8529772,1.255744,-0.8363543,7.703165,29.67841,-7.04378,0.8601575,1.238919,-0.79192,36.36051,-4.395679,-15.1167,0.8439881,1.232004,-0.7611569,41.76037,2.464254E-06,0,0.8242242,1.235703,-0.7515756,27.90948,1.851308E-06,0
2733,0.64837,0.9268776,-1.226713,-0.2733977,0.1894754,0.3000144,0.640875,1.287754,-1.266899,0.8180492,2.495595,-0.2548778,0.6334813,1.596044,-1.259736,11.94883,-6.9179,9.534278,0.5682868,0.9266108,-1.226295,0.8055148,-0.9704214,-3.11395,0.5769641,0.4995983,-1.222366,7.028614,-0.03895124,0.0656106,0.5821525,0.07426304,-1.270728,6.563157,-1.322107,-6.801408,0.7284532,0.9271445,-1.227131,0.2733977,-0.9470336,0.2797648,0.7228167,0.5000629,-1.227094,6.229007,0.03978416,-0.07401875,0.7176465,0.07451105,-1.273514,6.117826,-1.117728,-6.625399,0.5658969,1.40784,-1.249993,-14.22243,1.459642,-1.471932,0.4370613,1.405143,-1.283219,-9.377145,13.92605,-54.13409,0.4060894,1.149003,-1.28807,11.13905,-7.624453E-05,-27.34638,0.7049741,1.41391,-1.249458,-17.4881,4.691064,1.551795,0.8310592,1.429736,-1.288979,33.86805,5.117071,-40.31131,0.9197524,1.236769,-1.142392,56.81445,-0.000118854,-27.75222,0.4079199,0.8672096,-1.25157,7.682168,-11.06457,0.7449358,0.8584195,1.210403,-0.8661922,-30.57429,-2.00492,-0.5482264,0.4185925,0.8565035,-1.220362,43.03946,-20.87411,86.23865,0.4506268,0.8381269,-1.206345,6.33639,33.95201,-3.548783,0.4613918,0.8127444,-1.194565,3.502019,4.138339E-06,0,0.4170652,0.8474537,-1.229674,0,-14.88063,1.249918,0.4295892,0.8017987,-1.201789,20.37674,19.96315,-6.074315,0.4501978,0.7611994,-1.198232,21.40773,2.24397E-05,0,0.4707237,0.7420673,-1.199674,14.28108,1.883949E-05,0,0.4150075,0.8429839,-1.239097,0,-2.051448E-06,0,0.424567,0.7924961,-1.22414,13.56102,12.72368,-0.6664661,0.4405788,0.748431,-1.224042,27.55566,1.531023E-05,0,0.4627427,0.7273056,-1.228372,18.3902,2.173767E-05,0,0.4126172,0.8397855,-1.249238,3.069245,14.87364,-2.900566,0.4211655,0.789261,-1.248264,8.164237,-1.938966,-0.08622923,0.4346906,0.7476193,-1.247394,28.53929,2.772084E-05,0,0.4548794,0.7280322,-1.249923,19.04816,1.829018E-05,0,0.4101428,0.8392356,-1.258618,7.703139,29.67834,-7.043752,0.4177807,0.7933062,-1.270502,5.153546,-12.11203,-9.263699,0.4279115,0.7594098,-1.272512,28.4638,0.0001117053,0,0.4436811,0.7437161,-1.273574,18.99764,7.099043E-05,0,0.860543,1.237927,-0.8452066,42.30209,-16.23482,88.62449,0.8436366,1.245928,-0.810414,33.62545,26.1722,-16.34799,0.8455969,1.236797,-0.7819235,19.8922,-1.487103E-06,0,0.8636144,1.226244,-0.8402033,0,-14.88065,1.249918,0.8780999,1.240422,-0.789135,50.68855,24.91224,-8.563757,0.8588745,1.224303,-0.7509744,40.56512,0.0001069401,0,0.8342649,1.213976,-0.7421913,27.10683,0.0001066326,0,0.8651969,1.215763,-0.8393964,0,4.143826E-06,0,0.8814301,1.215934,-0.7884004,61.49533,14.01128,-13.33995,0.8515059,1.199952,-0.7560388,54.36658,9.404289E-05,0,0.820838,1.197787,-0.7593653,36.39836,7.012739E-05,0,0.8663754,1.204945,-0.8399911,3.069245,14.87368,-2.900768,0.880382,1.191724,-0.7924963,56.55115,4.267711,-6.349991,0.8519021,1.17979,-0.7614446,45.08947,0.0001057354,0,0.8237599,1.17995,-0.7590745,30.14697,9.679745E-05,0,0.8666811,1.195626,-0.8427281,7.703139,29.67841,-7.043752,0.8766712,1.171467,-0.8024094,43.27406,-3.421192,-13.5414,0.8586729,1.160031,-0.7741092,43.46997,5.18606E-05,0,0.8382837,1.162982,-0.7656435,29.05815,4.133979E-05,0
2767,0.6481593,0.9268881,-1.227289,-0.2839303,0.1876415,0.2579304,0.6410269,1.287781,-1.267452,0.8235324,2.371771,-0.2315465,0.6342023,1.596086,-1.260289,11.99304,-6.801364,9.318568,0.5680758,0.9266241,-1.226929,0.8720036,-0.9829392,-3.109861,0.5768307,0.4996172,-1.222582,7.060581,-0.03396295,0.06852804,0.5820863,0.07426256,-1.270766,6.535911,-1.332804,-6.839683,0.7282428,0.9271522,-1.227649,0.3363003,-0.9188181,0.2853053,0.7228037,0.5000683,-1.227228,6.261718,0.03483671,-0.07661668,0.7178208,0.07449889,-1.273508,6.105347,-1.093887,-6.582758,0.5663155,1.408031,-1.250531,-14.33809,1.340714,-1.478961,0.4375341,1.405333,-1.283967,-9.540895,14.16933,-54.66725,0.4062781,1.149218,-1.288308,11.23368,-8.423842E-05,-27.25162,0.7054057,1.4138,-1.250048,-16.88218,4.055388,1.594218,0.8320874,1.427918,-1.288288,30.60651,5.593664,-42.58223,0.9157122,1.226753,-1.149976,48.52842,-0.0001139949,-29.48222,0.4084373,0.8675081,-1.251185,7.754663,-11.0781,0.7530347,0.8684234,1.151212,-0.880161,-30.29858,-2.741435,-0.7423044,0.4194334,0.8568839,-1.220061,43.04462,-20.87516,86.29587,0.451629,0.8385775,-1.206325,6.431449,33.98586,-3.605543,0.4625236,0.8132172,-1.194617,3.552973,5.66662E-06,0,0.4178236,0.8478116,-1.229338,0,-14.88063,1.249918,0.4306779,0.8022332,-1.201478,20.37713,19.98913,-6.10069,0.4513602,0.7616599,-1.198054,21.66245,1.304634E-05,0,0.4719674,0.7426327,-1.199709,14.45121,1.806521E-05,0,0.415677,0.8433184,-1.23873,0,-2.772445E-06,0,0.4254432,0.7928751,-1.223756,14.11142,12.7809,-0.7654059,0.4418805,0.7489671,-1.223909,27.57097,1.786885E-05,0,0.4642005,0.7280689,-1.22853,18.40045,4.886337E-06,0,0.4131891,0.8400947,-1.248839,3.069245,14.87364,-2.900701,0.4218047,0.7895822,-1.247837,8.739073,-1.835143,-0.04423466,0.4357739,0.7480832,-1.247191,28.61902,1.174412E-05,0,0.4561611,0.7287406,-1.249996,19.10149,5.7948E-06,0,0.4106218,0.839521,-1.258193,7.703139,29.67834,-7.043752,0.4181933,0.7935737,-1.27005,5.20398,-12.13202,-9.149997,0.4283732,0.7596931,-1.272079,28.76663,6.456054E-05,0,0.444246,0.7441137,-1.273275,19.20025,4.281868E-05,0,0.8713779,1.174924,-0.855032,42.69198,-13.88474,88.57427,0.855774,1.175283,-0.8187448,33.40027,26.13083,-16.19373,0.8590207,1.160716,-0.7927417,19.77012,-5.112998E-06,0,0.8747028,1.162609,-0.8521608,0,-14.88067,1.250075,0.891369,1.168332,-0.8001195,54.04508,24.63914,-11.00036,0.8718352,1.145638,-0.7656358,40.37486,2.08958E-05,0,0.8470433,1.134343,-0.7587652,26.9791,-9.663519E-06,0,0.8763525,1.152155,-0.8531625,0,-2.068249E-06,0,0.894806,1.144093,-0.8035783,65.62567,13.23386,-14.86647,0.863831,1.123441,-0.775079,55.83561,1.88763E-05,0,0.8332786,1.123254,-0.779853,37.39069,1.132508E-05,0,0.877538,1.141595,-0.8555838,3.069245,14.87367,-2.900633,0.8936561,1.120878,-0.8115638,62.06168,3.921428,-5.860065,0.8634237,1.105128,-0.7840749,45.1481,2.03055E-05,0,0.8352072,1.105731,-0.7830299,30.18639,2.199155E-05,0,0.877753,1.132859,-0.8598313,7.703165,29.67841,-7.043752,0.8895783,1.102494,-0.8245156,48.82895,-2.739082,-12.31416,0.8699156,1.087445,-0.7991675,42.91781,2.08349E-05,0,0.8492342,1.089534,-0.7911668,28.68708,3.118835E-05,0
2800,0.6479358,0.926899,-1.227831,-0.2940859,0.1876047,0.1876719,0.641118,1.287807,-1.267908,0.8050289,2.271038,-0.3032579,0.6347366,1.59612,-1.260627,12.01009,-6.708765,9.235397,0.5678519,0.9266354,-1.22757,0.9423231,-0.9937182,-3.110616,0.5766805,0.499635,-1.222763,7.100781,-0.03384791,0.06852804,0.5820553,0.07426417,-1.270791,6.515236,-1.344486,-6.850657,0.7280197,0.9271625,-1.228092,0.3946573,-0.8935645,0.2934199,0.7227668,0.5000768,-1.22732,6.292796,0.03485024,-0.08156469,0.7180182,0.07449183,-1.273481,6.09204,-1.068937,-6.566891,0.5665947,1.40818,-1.251037,-14.4219,1.228724,-1.469404,0.437905,1.405458,-1.284821,-9.646894,14.41094,-55.12271,0.4063269,1.149373,-1.288552,11.32456,-7.630689E-05,-27.143,0.705694,1.413706,-1.250376,-16.17791,3.419672,1.619067,0.8330547,1.42619,-1.286891,27.24784,5.89282,-44.85732,0.910275,1.216612,-1.157644,39.96933,-0.0001137549,-31.05784,0.4086616,0.8677711,-1.250627,7.837293,-11.09766,0.7625886,0.8771421,1.092602,-0.9041343,-29.67288,-3.302869,-0.8751395,0.4199122,0.8572491,-1.21956,43.04683,-20.87469,86.33345,0.4522346,0.839017,-1.206024,6.498088,34.00883,-3.645132,0.4632352,0.8136901,-1.194342,3.588778,-1.981426E-05,0,0.4182394,0.8481482,-1.228797,0,-14.88065,1.249918,0.4313596,0.8026646,-1.200906,20.44523,20.01764,-6.150297,0.4521438,0.762136,-1.19757,21.79789,-3.508244E-05,0,0.4728135,0.7431906,-1.199376,14.54169,-4.682348E-05,0,0.4160241,0.8436254,-1.238159,0,-1.184183E-05,0,0.4259607,0.793236,-1.223116,14.75232,12.84202,-0.8809339,0.4428763,0.7495114,-1.223489,27.38891,-3.285628E-06,0,0.465317,0.7287931,-1.228331,18.27868,-1.144472E-05,0,0.4134607,0.8403696,-1.248239,3.069181,14.87364,-2.900701,0.4221373,0.7898692,-1.247158,9.429151,-1.724028,0,0.43662,0.7485439,-1.246711,28.37988,4.904246E-06,0,0.4571385,0.7293711,-1.249717,18.94152,-1.081447E-05,0,0.4108209,0.839766,-1.257571,7.703165,29.67835,-7.043752,0.418348,0.7937922,-1.269353,5.405481,-12.16901,-9.034181,0.4286663,0.7599523,-1.271362,28.82657,4.887261E-05,0,0.4446161,0.7444589,-1.272648,19.24035,1.106219E-05,0,0.8807467,1.11168,-0.8754022,43.02411,-12.23744,88.90976,0.866314,1.104399,-0.8393597,33.09471,26.10443,-16.00183,0.8707281,1.085213,-0.8167471,19.59865,-2.658871E-06,0,0.8843127,1.099114,-0.8748166,0,-14.88069,1.249918,0.9028057,1.096077,-0.8231679,55.94738,24.46953,-12.06766,0.8836412,1.067403,-0.7932315,39.9897,2.130667E-05,0,0.8589745,1.05497,-0.7880911,26.72054,3.019155E-06,0,0.8860422,1.08902,-0.8776648,0,-1.139151E-05,0,0.9063864,1.072859,-0.8308771,67.48689,13.07724,-15.53052,0.8756154,1.047443,-0.8062744,56.07916,-2.874109E-05,0,0.8450313,1.048291,-0.810765,37.55528,-2.671461E-05,0,0.8872571,1.079057,-0.881913,3.069181,14.87368,-2.900701,0.9052065,1.051351,-0.8427091,64.84723,3.788706,-5.250947,0.8746215,1.031506,-0.8184506,44.55854,-1.154301E-05,0,0.8464023,1.031903,-0.8173773,29.78992,-1.275706E-05,0,0.8874149,1.071187,-0.8876107,7.703165,29.67841,-7.043725,0.9008649,1.035404,-0.8584954,51.67492,-2.301755,-11.17003,0.8808226,1.016558,-0.8361626,41.85366,-2.470408E-05,0,0.8601149,1.017086,-0.8279768,27.97213,-1.626719E-05,0
2833,0.6477031,0.9269054,-1.22834,-0.3058279,0.1950454,0.06255726,0.6411827,1.287828,-1.268281,0.7697397,2.180555,-0.4821389,0.6351522,1.596149,-1.260818,11.98463,-6.603939,9.260856,0.5676188,0.9266323,-1.228256,1.030406,-0.9970391,-3.137375,0.5765128,0.4996403,-1.222866,7.168314,-0.03387244,0.07132626,0.5820158,0.07426271,-1.270819,6.507678,-1.350623,-6.829552,0.7277873,0.9271784,-1.228425,0.4519747,-0.8773702,0.3226406,0.7227045,0.5000914,-1.227335,6.3293,0.03493618,-0.08622923,0.7182055,0.07449862,-1.273448,6.083635,-1.051068,-6.588803,0.5667917,1.408303,-1.251554,-14.50319,1.11661,-1.450639,0.4382579,1.405543,-1.285924,-9.702312,14.63653,-55.49679,0.4063509,1.14949,-1.289045,11.40791,-8.407213E-05,-26.92726,0.7058966,1.413615,-1.250453,-15.40141,2.915339,1.54826,0.8339721,1.424804,-1.284823,24.22999,5.889825,-46.41354,0.9041129,1.207319,-1.164944,31.49728,-0.0001310185,-31.31973,0.408693,0.8680105,-1.250226,7.926498,-11.13256,0.7737964,0.8863118,1.040521,-0.9355876,-27.29616,-2.574469,-0.6249498,0.4201509,0.8576047,-1.219195,43.04642,-20.87889,86.36494,0.4525737,0.8394462,-1.205802,6.578974,33.99714,-3.689819,0.4636734,0.8141598,-1.194126,3.633888,-1.455781E-05,0,0.4184264,0.8484705,-1.22839,0,-14.88063,1.249762,0.4317617,0.8030938,-1.200428,20.55744,20.04283,-6.215521,0.4526595,0.7626196,-1.197142,21.85375,-4.110165E-05,0,0.4733764,0.7437362,-1.199054,14.57901,-2.781429E-05,0,0.4161548,0.8439137,-1.237722,0,-2.517237E-06,0,0.4262283,0.7935844,-1.222569,15.37464,12.87895,-1.033061,0.4435993,0.7500403,-1.223101,27.13078,1.068719E-05,0,0.4661341,0.729459,-1.228088,18.10605,7.305107E-06,0,0.4135295,0.8406212,-1.247774,3.069309,14.87364,-2.900701,0.4222537,0.7901316,-1.246575,10.09911,-1.665032,-0.01978234,0.4372289,0.7489812,-1.24625,28.02433,3.793024E-05,0,0.4578385,0.7299255,-1.249375,18.70369,3.140751E-05,0,0.4108304,0.8399833,-1.257087,7.703139,29.67834,-7.043752,0.4183191,0.7939751,-1.268759,5.731897,-12.21939,-8.890924,0.4288425,0.7601957,-1.270722,28.65382,6.543943E-05,0,0.4448363,0.7447531,-1.27207,19.12478,4.479902E-05,0,0.889783,1.053872,-0.9037731,43.21043,-11.15163,89.28831,0.8756912,1.038928,-0.8700321,33.05569,26.40933,-16.14357,0.880901,1.015711,-0.8517898,19.51967,1.578441E-06,0,0.893584,1.041495,-0.9055957,0,-14.88068,1.249762,0.9125218,1.029083,-0.8555347,56.97105,24.32321,-12.21392,0.8934776,0.9949641,-0.8318943,38.93683,5.414072E-05,0,0.8691361,0.9812033,-0.8291443,26.0139,4.633279E-05,0,0.8954773,1.032159,-0.9103139,0,-1.014605E-05,0,0.9164705,1.007823,-0.867522,68.48254,13.06231,-15.34881,0.8857975,0.9778561,-0.8485662,54.62883,1.514821E-05,0,0.8551642,0.9785691,-0.8527333,36.57544,-3.490221E-06,0,0.896843,1.023208,-0.9163795,3.069245,14.87368,-2.900701,0.9155967,0.9889283,-0.8832139,66.20985,3.91454,-4.604535,0.8848246,0.9647096,-0.8636113,42.55132,-2.11771E-05,0,0.856619,0.9638796,-0.8624351,28.44082,-2.785701E-05,0,0.8971023,1.016566,-0.9234669,7.703191,29.67842,-7.04378,0.9114295,0.9761814,-0.901721,53.18322,-2.083004,-10.28432,0.8911294,0.9534944,-0.8835871,39.36413,2.531044E-05,0,0.8704598,0.951539,-0.8755222,26.30068,2.515028E-05,0
2867,0.6475022,0.9269008,-1.2285,-0.3202056,0.2058883,-0.1519511,0.6413437,1.28784,-1.268231,0.7099674,2.08349,-0.7818466,0.6356293,1.596174,-1.260525,11.87464,-6.451072,9.375908,0.5674182,0.9266142,-1.228715,1.111355,-0.9941335,-3.205829,0.5763411,0.4996298,-1.222797,7.250983,-0.03400493,0.07912937,0.5819752,0.07426465,-1.270846,6.525011,-1.348576,-6.762483,0.7275862,0.9271874,-1.228285,0.4541341,-0.8687149,0.3815487,0.722636,0.5000985,-1.227304,6.313575,0.03504318,-0.08846933,0.718398,0.0745019,-1.273407,6.074993,-1.044415,-6.662414,0.5670616,1.408416,-1.251745,-14.58472,0.9988672,-1.404442,0.4387608,1.405633,-1.286973,-9.778452,14.8792,-55.86287,0.4064636,1.149624,-1.289591,11.5213,-7.849574E-05,-26.66125,0.7061672,1.4135,-1.249908,-14.54527,2.536099,1.315517,0.8349984,1.423686,-1.281667,20.81224,6.075864,-46.90015,0.8986848,1.198031,-1.173897,24.17956,-0.000116858,-30.87761,0.4087514,0.8682787,-1.249805,7.997872,-11.17047,0.7835966,0.8955297,0.9962303,-0.9738727,-23.41122,-0.7786456,-0.1607126,0.42037,0.8579968,-1.218793,43.04511,-20.87863,86.41664,0.4528678,0.8399037,-1.205493,6.654609,33.98187,-3.730982,0.4640419,0.814661,-1.193793,3.676315,-2.254654E-05,0,0.4186036,0.8488268,-1.227944,0,-14.88066,1.249918,0.4321009,0.8035633,-1.199876,20.70572,20.08091,-6.260998,0.4531112,0.7631451,-1.196619,21.85586,-1.211393E-06,0,0.4738603,0.7443053,-1.198611,14.58042,-1.542372E-05,0,0.4162873,0.8442333,-1.237247,0,-1.64257E-05,0,0.4264608,0.7939669,-1.221953,15.93677,12.90417,-1.148077,0.4442305,0.7505853,-1.222584,26.95684,-2.772907E-05,0,0.4668656,0.7301421,-1.227683,17.98976,-3.524476E-05,0,0.4136131,0.8409011,-1.247273,3.069245,14.87364,-2.900633,0.4223672,0.7904205,-1.245925,10.66911,-1.602436,0,0.4377472,0.7494191,-1.245676,27.72642,1.104251E-05,0,0.4584303,0.7304571,-1.248884,18.50443,-4.432726E-06,0,0.4108675,0.8402265,-1.25657,7.703165,29.67836,-7.043725,0.4183194,0.7941774,-1.268103,6.089883,-12.26963,-8.815056,0.4290569,0.7604617,-1.269999,28.41323,-1.223939E-05,0,0.4450815,0.7450529,-1.271371,18.96381,-2.555483E-05,0,0.8985702,1.002944,-0.9399881,43.09348,-10.38005,89.42884,0.8841338,0.9811457,-0.9103771,33.04517,26.44483,-16.15654,0.8892936,0.9546351,-0.8973584,19.50699,-3.545666E-06,0,0.9023946,0.9911703,-0.9441974,0,-14.88066,1.249918,0.9206507,0.9689498,-0.8973811,57.01421,24.39126,-11.62795,0.9012862,0.9308224,-0.8813505,38.22324,-4.05848E-06,0,0.8771091,0.9165127,-0.8817076,25.53515,-9.916444E-06,0,0.9043509,0.9829604,-0.9506611,0,3.319881E-06,0,0.9247599,0.9505032,-0.9133229,68.40733,13.13745,-14.50408,0.89389,0.9173779,-0.9011613,52.50187,1.503315E-05,0,0.8632518,0.9177539,-0.905337,35.13973,6.914851E-06,0,0.905798,0.9753984,-0.9583749,3.069309,14.87368,-2.900701,0.9240974,0.9351293,-0.9324853,66.17171,4.11467,-4.089452,0.8930892,0.9074739,-0.918651,39.98055,1.488287E-05,0,0.864952,0.9052439,-0.9176719,26.71441,5.597674E-09,0,0.9061528,0.9703065,-0.9666429,7.703139,29.67841,-7.043752,0.9201806,0.9263505,-0.9532205,53.31764,-2.132273,-9.54559,0.8995723,0.9006132,-0.9402389,36.50331,9.401947E-06,0,0.8790091,0.8960946,-0.9329703,24.38166,7.035881E-06,0
2900,0.6473129,0.9269062,-1.228099,-0.3363003,0.2143729,-0.4387946,0.6416105,1.287865,-1.267533,0.6205508,1.973035,-1.148418,0.636238,1.596217,-1.259518,11.66133,-6.256505,9.493803,0.5672311,0.9266102,-1.228715,1.12657,-0.9893066,-3.306952,0.5761386,0.4996259,-1.222768,7.268387,-0.02181805,0.07401875,0.5818349,0.0742735,-1.270922,6.544516,-1.331103,-6.655551,0.7273947,0.9272022,-1.227483,0.4005627,-0.8618193,0.4685547,0.7225455,0.5001113,-1.227054,6.267008,0.03519043,-0.09065409,0.7185729,0.07453394,-1.273358,6.090785,-1.049663,-6.779572,0.5674471,1.408549,-1.251308,-14.66626,0.9011406,-1.311346,0.4394256,1.40584,-1.287544,-9.903236,15.12854,-56.27188,0.4066103,1.149894,-1.289807,11.71375,-7.785101E-05,-26.47116,0.7065471,1.413371,-1.24857,-13.77071,2.352773,0.9909081,0.8360349,1.422983,-1.277732,17.4496,6.068762,-45.78823,0.8939829,1.189576,-1.184169,18.26419,-0.0001297297,-27.9453,0.4089461,0.8687083,-1.24891,8.035118,-11.18056,0.7875819,0.9038723,0.9615526,-1.014904,-18.68824,2.478216,0.4068635,0.4206707,0.8585542,-1.217896,43.04911,-20.87232,86.44843,0.4532207,0.8405256,-1.204636,6.716971,33.9729,-3.765305,0.4644467,0.8153264,-1.192892,3.711038,-1.062641E-05,0,0.4188776,0.8493472,-1.227004,0,-14.88064,1.249918,0.4324842,0.8042008,-1.198801,20.89119,20.12164,-6.312488,0.4536181,0.7638469,-1.195546,21.78525,1.771849E-05,0,0.4743878,0.7450339,-1.197576,14.53324,1.511459E-05,0,0.4165324,0.8447159,-1.236281,0,-8.077968E-06,0,0.4267749,0.7945145,-1.220821,16.43876,12.93245,-1.236064,0.444895,0.7512789,-1.221504,26.66972,2.40386E-05,0,0.4675782,0.7309014,-1.226652,17.79775,2.265338E-05,0,0.4138263,0.8413428,-1.246285,3.069245,14.87364,-2.900701,0.4226037,0.7908711,-1.244764,11.1541,-1.54929,0,0.4383246,0.7499991,-1.244538,27.42021,4.096171E-05,0,0.4590549,0.7310945,-1.24778,18.29961,3.192285E-05,0,0.4110504,0.8406301,-1.25557,7.703165,29.67834,-7.04378,0.4184813,0.794538,-1.266944,6.447132,-12.31431,-8.727827,0.4294317,0.7608861,-1.268754,28.12282,8.288417E-05,0,0.4454736,0.7454952,-1.270123,18.76958,5.774272E-05,0,0.9058369,0.960981,-0.9802881,42.871,-9.841394,89.26621,0.8905138,0.9333405,-0.9565905,33.06958,26.59302,-16.2504,0.8953452,0.9046041,-0.9495333,19.49336,1.753208E-06,0,0.9097417,0.9503084,-0.9867537,0,-14.88067,1.250075,0.9263571,0.9185639,-0.9451001,56.80198,24.52099,-11.01574,0.9064694,0.8780666,-0.9380211,37.32125,7.081444E-05,0,0.8825294,0.8639218,-0.9420496,24.93014,5.407864E-05,0,0.9118696,0.9436135,-0.9947324,0,-9.359119E-07,0,0.9308982,0.903822,-0.9644226,68.08256,13.39727,-13.95256,0.8997363,0.8690131,-0.9604971,49.90261,5.131346E-06,0,0.8691907,0.8689877,-0.9653182,33.3871,-4.392472E-06,0,0.9135324,0.9378199,-1.003813,3.069309,14.87368,-2.900701,0.9307898,0.8928136,-0.9863952,65.74712,4.351627,-3.986934,0.8994567,0.862957,-0.9797208,37.01057,2.264301E-05,0,0.8714587,0.8592504,-0.97977,24.72178,2.152041E-05,0,0.9141331,0.9345699,-1.01295,7.703139,29.67842,-7.043752,0.9275106,0.8886203,-1.008622,53.11967,-2.138798,-9.094054,0.906468,0.860897,-1.001969,33.77021,3.259238E-05,0,0.8859593,0.8540952,-0.9965627,22.54994,2.684846E-05,0
2933,0.6470424,0.9269163,-1.22793,-0.3577275,0.2133911,-0.7727842,0.641929,1.287899,-1.266987,0.5082192,1.837503,-1.513749,0.6369887,1.596275,-1.258617,11.37518,-6.002601,9.526894,0.5669655,0.9266248,-1.229012,1.148759,-0.9981396,-3.425941,0.5758799,0.4996413,-1.223013,7.236601,-0.03444881,0.07661668,0.5818914,0.07426268,-1.270896,6.512436,-1.340794,-6.518937,0.7271193,0.9272078,-1.226847,0.3794918,-0.8415311,0.5767518,0.7223992,0.5001152,-1.226767,6.259025,0.0226643,-0.09487279,0.7186454,0.07456696,-1.273357,6.115294,-1.070698,-6.925321,0.5679405,1.408719,-1.250974,-14.76179,0.8252946,-1.192061,0.4402128,1.406208,-1.288246,-10.06865,15.36577,-56.7091,0.4067539,1.150344,-1.290355,11.99824,-8.058822E-05,-26.4414,0.707031,1.413214,-1.247336,-13.15528,2.259493,0.6364292,0.8370354,1.422395,-1.274251,14.30991,6.05683,-43.28641,0.8905559,1.182533,-1.19556,13.98995,-0.0001262153,-22.20702,0.4093144,0.8693399,-1.248242,8.025878,-11.16187,0.7855918,0.9105623,0.9365904,-1.054652,-12.9086,7.218651,0.8175707,0.421067,0.8593171,-1.217195,43.05895,-20.87028,86.45506,0.4536387,0.8413607,-1.203891,6.772973,33.97878,-3.797462,0.4648861,0.8162045,-1.192076,3.741725,-7.464404E-06,0,0.4192712,0.8500723,-1.226265,0,-14.88062,1.250075,0.4329195,0.8050469,-1.197889,21.07156,20.15548,-6.387642,0.4541708,0.7647596,-1.194574,21.70466,1.631576E-05,0,0.4749657,0.7459718,-1.196579,14.47945,9.293801E-06,0,0.4169211,0.8454024,-1.235521,0,-8.918683E-09,0,0.427198,0.7952687,-1.219865,16.80245,12.95018,-1.317004,0.4455803,0.7521433,-1.220506,26.47145,2.464484E-05,0,0.4683151,0.7318161,-1.225625,17.66515,2.136809E-05,0,0.414209,0.8419875,-1.24551,3.069245,14.87364,-2.900701,0.4230103,0.7915263,-1.243791,11.52593,-1.501082,-0.01978234,0.4389967,0.7507577,-1.24352,27.20473,4.145873E-06,0,0.4597773,0.7319042,-1.246738,18.15552,5.608887E-06,0,0.4114264,0.8412358,-1.254789,7.703139,29.67834,-7.043752,0.4188696,0.7951013,-1.265982,6.749071,-12.34095,-8.643679,0.4300066,0.761505,-1.267682,27.88986,1.682983E-05,0,0.4460708,0.7461337,-1.26901,18.61374,8.825848E-06,0,0.9105072,0.9284421,-1.020946,42.50515,-9.539815,88.97586,0.8937008,0.8965341,-1.004828,33.25673,26.67286,-16.40361,0.8979462,0.86686,-1.004239,19.58577,-2.220858E-06,0,0.9146315,0.919335,-1.029373,0,-14.88066,1.250075,0.9283584,0.8788555,-0.9948504,56.61838,24.53966,-10.30464,0.9076343,0.838268,-0.9978214,35.38306,0.000451643,0,0.8842312,0.8250408,-1.005992,23.63071,0.0003243154,0,0.9171252,0.9144849,-1.038498,0,7.061267E-07,0,0.933807,0.8685616,-1.01666,68.06476,13.46902,-13.40383,0.9020183,0.8345435,-1.022173,45.50229,3.789828E-05,0,0.871791,0.8339722,-1.028673,30.42462,2.603733E-05,0,0.919231,0.9107663,-1.048524,3.069245,14.87368,-2.900701,0.9348199,0.8626095,-1.040483,65.7778,4.507908,-4.253213,0.9027401,0.8328565,-1.042317,32.07103,3.436004E-05,0,0.8750835,0.8275892,-1.044553,21.4119,2.240102E-05,0,0.9203154,0.9095697,-1.058105,7.703139,29.6784,-7.04378,0.9327776,0.8634452,-1.063231,53.50537,-2.196574,-8.940263,0.9108153,0.8356448,-1.063889,29.47475,3.916512E-05,0,0.8904278,0.8269804,-1.061571,19.67405,1.995496E-05,0
2967,0.6467778,0.9269307,-1.227511,-0.3881583,0.2041804,-1.124135,0.6423448,1.287944,-1.266169,0.4005627,1.68348,-1.833764,0.6379412,1.596345,-1.257475,11.09326,-5.733618,9.402995,0.566709,0.926656,-1.229084,1.138836,-1.012815,-3.550768,0.5756124,0.4996688,-1.223342,7.166753,-0.02189795,0.07661668,0.5817549,0.07426327,-1.270969,6.482287,-1.3228,-6.378489,0.7268466,0.9272053,-1.225938,0.3522151,-0.8136349,0.6918207,0.722253,0.5001115,-1.226322,6.249714,0.02279814,-0.09487279,0.7188175,0.07460344,-1.273302,6.15189,-1.0838,-7.07762,0.5685867,1.408927,-1.250321,-14.86305,0.798763,-1.082636,0.441132,1.40677,-1.288537,-10.23789,15.53606,-57.15602,0.4069845,1.150997,-1.290748,12.335,-8.960994E-05,-26.66623,0.707666,1.413045,-1.245895,-12.81872,2.285161,0.3615361,0.8379899,1.422007,-1.271296,11.73949,5.785977,-40.50267,0.8877077,1.177307,-1.206176,11.04282,-0.0001042608,-15.52656,0.4099279,0.8701628,-1.247541,7.952606,-11.15737,0.7780834,0.9139357,0.919624,-1.089322,-7.329514,11.91248,0.7654059,0.421591,0.8602743,-1.216418,43.06624,-20.8643,86.45908,0.454135,0.8423929,-1.202946,6.801984,33.99292,-3.815261,0.4653565,0.8172842,-1.191006,3.757131,-1.694065E-05,0,0.4198283,0.8509914,-1.225455,0,-14.88064,1.250075,0.4334154,0.8060908,-1.196853,21.21704,20.19028,-6.441594,0.4547551,0.7658632,-1.193384,21.6695,-3.072656E-05,0,0.4755888,0.7471077,-1.195286,14.45594,-1.125807E-05,0.01978234,0.4175093,0.8462821,-1.234699,0,-7.979315E-06,0,0.4277668,0.7962192,-1.218806,17.0691,12.95244,-1.384374,0.4463568,0.7531809,-1.219293,26.36411,8.76201E-06,0,0.4691671,0.732907,-1.224286,17.59339,9.316768E-07,0,0.4148298,0.8428247,-1.244682,3.069245,14.87364,-2.900768,0.4236547,0.7923762,-1.242729,11.80993,-1.460638,0,0.4398513,0.7516917,-1.242328,27.06276,1.462616E-05,0,0.4606918,0.7328869,-1.245441,18.06057,1.311723E-05,0,0.412076,0.8420333,-1.253966,7.703139,29.67835,-7.043752,0.4195799,0.7958577,-1.264947,7.025432,-12.35896,-8.599277,0.4308987,0.7623148,-1.266495,27.65508,-2.230257E-05,0,0.4469848,0.7469576,-1.267716,18.45668,-1.69871E-05,0,0.9115768,0.904942,-1.057996,42.0024,-9.328524,88.65496,0.893473,0.8708419,-1.049641,33.49892,26.42163,-16.4102,0.897223,0.8415901,-1.055044,19.77232,1.117663E-06,0,0.9160468,0.8975646,-1.067822,0,-14.88067,1.249918,0.926746,0.8506089,-1.041374,56.32375,24.48907,-9.657587,0.9055717,0.8119988,-1.053481,33.51076,-0.0002177515,0,0.8829064,0.8004649,-1.065426,22.37615,-0.0001527694,0,0.9190187,0.8945484,-1.077573,0,3.29854E-06,0,0.9333644,0.8446876,-1.064449,68.02128,13.4051,-12.93889,0.9013203,0.8134604,-1.078455,41.04163,1.450747E-05,0,0.8716588,0.8127907,-1.087174,27.4268,7.005678E-06,0,0.9216834,0.8928319,-1.088,3.069245,14.87369,-2.900768,0.9357712,0.8435622,-1.088881,65.77513,4.502998,-4.841286,0.9032892,0.8158129,-1.098505,27.20396,-1.119548E-05,0,0.8761957,0.809636,-1.103546,18.155,-1.666206E-05,0,0.9233506,0.8935302,-1.097547,7.703191,29.67843,-7.04378,0.9351958,0.8489699,-1.11108,53.84358,-2.45277,-9.504584,0.9126104,0.8226618,-1.118388,25.68502,4.532114E-05,0,0.892477,0.8131887,-1.119392,17.13934,2.213603E-05,0
3000,0.6464524,0.9269601,-1.227005,-0.427501,0.1851829,-1.454949,0.6428055,1.288011,-1.265256,0.3019647,1.497892,-2.073488,0.6391366,1.596432,-1.256241,10.87468,-5.47403,9.148385,0.5663939,0.9267165,-1.22904,1.089483,-1.038339,-3.665434,0.5753052,0.4997216,-1.223912,7.008687,-0.02162087,0.07401875,0.5817025,0.07425854,-1.270988,6.410593,-1.318563,-6.24733,0.7265109,0.9272036,-1.22497,0.3256589,-0.7713391,0.7977034,0.7220814,0.5001088,-1.225872,6.233727,0.02282146,-0.09891172,0.7189909,0.07464167,-1.273244,6.18919,-1.092204,-7.218007,0.56937,1.409201,-1.249495,-14.96346,0.756634,-0.9975998,0.4421403,1.407426,-1.288474,-10.4448,15.68262,-57.58156,0.4073716,1.15174,-1.291013,12.67337,-9.136814E-05,-27.05017,0.708442,1.412864,-1.244478,-12.68811,2.411441,0.1701742,0.8389364,1.421748,-1.269016,9.280485,5.622391,-39.82482,0.8855906,1.173531,-1.216078,9.321162,-0.0001017849,-10.59231,0.4108267,0.8710374,-1.246999,7.828748,-11.19581,0.7687222,0.9134107,0.9079878,-1.118837,-3.157155,14.94877,0.414487,0.42234,0.8612813,-1.215778,43.07066,-20.85296,86.47722,0.4548301,0.8434745,-1.202079,6.820529,34.00114,-3.826485,0.4660052,0.8184168,-1.189989,3.766968,-4.735698E-06,0,0.4206291,0.8519611,-1.224787,0,-14.88063,1.250075,0.4341027,0.8071846,-1.195937,21.33868,20.22246,-6.458861,0.4555146,0.7670133,-1.192266,21.67695,-4.078463E-05,0,0.4763975,0.7482995,-1.194033,14.46089,-3.534909E-05,0,0.4183597,0.8472134,-1.234024,0,-7.46132E-06,0,0.4285713,0.7972215,-1.217879,17.30291,12.96153,-1.414162,0.4473494,0.7542632,-1.218175,26.25343,1.203624E-05,0,0.470232,0.7340308,-1.223003,17.51936,6.491083E-06,0,0.4157328,0.8437143,-1.244005,3.069309,14.87364,-2.900633,0.424582,0.7932802,-1.241807,12.01383,-1.426164,-0.01978234,0.4409379,0.7526615,-1.241228,26.99925,-3.010771E-06,0,0.4618471,0.7339087,-1.24419,18.0181,-2.832374E-06,0,0.4130263,0.8428839,-1.253301,7.703165,29.67834,-7.043752,0.4206166,0.7966701,-1.264059,7.22325,-12.34886,-8.565592,0.4320757,0.7631677,-1.265443,27.54917,-4.563413E-05,0,0.4482002,0.7478409,-1.266534,18.38585,-3.718745E-05,0,0.9087035,0.8888075,-1.090333,41.54782,-9.183817,88.13049,0.8898005,0.8541732,-1.088461,33.56978,26.37769,-16.4279,0.8935672,0.8260654,-1.098192,19.82138,2.385749E-06,0,0.9137027,0.8828838,-1.100863,0,-14.88067,1.249918,0.9218167,0.8322021,-1.081259,56.22305,24.43119,-9.647567,0.9008873,0.7963953,-1.100377,31.81259,7.385655E-05,0,0.8791883,0.7865895,-1.115291,21.23888,5.085664E-05,0,0.9172746,0.8812981,-1.110749,0,5.843807E-06,0,0.9298761,0.8296626,-1.104494,67.71793,13.35511,-12.98521,0.898453,0.8015786,-1.125038,37.76338,-2.489137E-05,0,0.8695675,0.801157,-1.13607,25.22668,-2.789146E-05,0,0.9206071,0.8811072,-1.121124,3.069245,14.8737,-2.900701,0.9339048,0.8321795,-1.128607,65.27507,4.46787,-5.774584,0.9019222,0.8067746,-1.144401,24.2567,2.110843E-05,0,0.875533,0.8005026,-1.152268,16.1846,1.565742E-05,0,0.9229252,0.883196,-1.130326,7.703191,29.67844,-7.043752,0.9349162,0.8408938,-1.149712,53.67962,-2.688779,-10.45975,0.9125101,0.8164826,-1.162269,23.80599,-0.0001415332,0,0.8926904,0.8070927,-1.166156,15.88338,-0.0001007816,0
3033,0.6460552,0.9270044,-1.226445,-0.4706381,0.1588689,-1.731445,0.6431472,1.288092,-1.26427,0.2007689,1.326317,-2.216732,0.6402255,1.596526,-1.254891,10.69331,-5.286132,8.815323,0.5660074,0.9268023,-1.228867,0.9909081,-1.073627,-3.751289,0.5749676,0.4997975,-1.224751,6.761148,-0.02121551,0.07661668,0.5816529,0.07424876,-1.271006,6.302167,-1.319054,-6.143663,0.7261031,0.9272065,-1.224024,0.3000144,-0.7150638,0.873573,0.7218917,0.5001109,-1.225458,6.21104,0.02283798,-0.09891172,0.7191786,0.07468113,-1.273187,6.22419,-1.091175,-7.329862,0.570034,1.409472,-1.248472,-15.03817,0.7363863,-0.9293592,0.4429498,1.408101,-1.287939,-10.65813,15.79171,-58.01358,0.4076886,1.152488,-1.290954,12.97014,-8.363211E-05,-27.47041,0.7091031,1.41271,-1.243099,-12.73854,2.569568,0.03426402,0.8396392,1.421615,-1.267407,6.624955,5.815172,-43.02303,0.8840554,1.170914,-1.225372,8.807966,-0.0001006588,-8.807653,0.4117673,0.871856,-1.246546,7.684595,-11.29429,0.7610474,0.9087874,0.9000503,-1.143128,-0.386643,15.85528,0.05233916,0.4231738,0.8622224,-1.215248,43.07506,-20.83516,86.49445,0.4556298,0.8444868,-1.201376,6.8163,34.01854,-3.825871,0.4667724,0.8194787,-1.189155,3.763796,-1.9563E-05,0,0.4215032,0.8528683,-1.224229,0,-14.88065,1.250075,0.4349064,0.8082075,-1.195168,21.47684,20.24519,-6.492533,0.4564115,0.768101,-1.191337,21.62668,-2.817322E-05,0,0.4773323,0.7494191,-1.192992,14.42733,-2.708174E-05,0,0.4192715,0.8480852,-1.233457,0,-1.439903E-05,0,0.4294633,0.7981604,-1.217093,17.49873,12.97049,-1.42409,0.4484071,0.7552741,-1.217228,26.10901,1.108292E-05,0,0.4713334,0.7350593,-1.22192,17.42279,1.421052E-07,0,0.4166839,0.8445479,-1.243435,3.069245,14.87364,-2.900768,0.4255649,0.7941292,-1.241021,12.19932,-1.404287,0,0.442074,0.7535751,-1.240287,26.85389,-5.908993E-06,0,0.4630182,0.7348416,-1.243122,17.92088,-1.330797E-06,0,0.4140122,0.8436817,-1.252737,7.703165,29.67835,-7.04378,0.4216785,0.7974353,-1.263299,7.434267,-12.34733,-8.501219,0.4332872,0.763979,-1.264544,27.35486,8.748128E-05,0,0.4494296,0.7486642,-1.265535,18.25591,5.734713E-05,0,0.9013532,0.8783911,-1.117088,41.10509,-9.094887,87.65529,0.8819875,0.8440924,-1.120077,33.37408,26.18785,-16.20955,0.8860564,0.8169757,-1.132203,19.74437,-3.987571E-06,0,0.9071077,0.87336,-1.127696,0,-14.88066,1.249918,0.9126123,0.8208548,-1.112474,56.13558,24.37226,-9.696088,0.8927072,0.7875338,-1.136539,30.47745,6.017776E-06,0,0.8723767,0.7791055,-1.154005,20.34506,-2.794574E-06,0,0.9114662,0.8726226,-1.137364,0,-1.295008E-06,0,0.9225438,0.8203126,-1.135109,66.86561,13.2258,-12.70852,0.892748,0.7945606,-1.160549,35.40172,0.0001713822,0,0.865076,0.7943214,-1.174351,23.6432,0.0001226564,0,0.915653,0.8733259,-1.147401,3.069245,14.87367,-2.900701,0.9286263,0.8249915,-1.158457,64.14107,4.30843,-6.339205,0.8981144,0.8013327,-1.179121,22.62147,2.728362E-05,0,0.8727329,0.7952222,-1.189894,15.09188,1.338079E-05,0,0.9187728,0.8762138,-1.156139,7.703165,29.6784,-7.043725,0.9315647,0.835633,-1.178469,53.11926,-3.046437,-11.33348,0.9100801,0.8128053,-1.19499,22.7465,1.222935E-05,0,0.8907779,0.8037558,-1.201442,15.17544,8.457005E-06,0
3067,0.6455483,0.9270456,-1.225858,-0.5173771,0.1330893,-1.902178,0.6432273,1.28817,-1.263242,0.09891172,1.184178,-2.24411,0.6409827,1.596609,-1.253465,10.5485,-5.171381,8.472247,0.5655079,0.9268838,-1.228518,0.8897746,-1.116757,-3.781754,0.5745996,0.4998728,-1.225468,6.523688,-0.02088347,0.07132626,0.5815979,0.07425407,-1.271028,6.209841,-1.33024,-6.090044,0.7255887,0.9272075,-1.223198,0.2790645,-0.6485926,0.9149297,0.7216793,0.5001111,-1.225133,6.181774,0.02315956,-0.1083524,0.7193701,0.0747101,-1.273139,6.254356,-1.072011,-7.377196,0.5704075,1.409702,-1.247263,-15.0548,0.7280014,-0.8782644,0.4433512,1.408698,-1.28683,-10.90143,15.92304,-58.51562,0.4077201,1.153141,-1.290282,13.15429,-7.974739E-05,-28.19628,0.7094816,1.412586,-1.241817,-12.92465,2.78723,-0.0656106,0.8399382,1.421712,-1.266468,3.784652,6.49359,-49.91965,0.8829725,1.16941,-1.233568,9.209167,-0.0001163956,-10.85001,0.4123943,0.8724928,-1.246036,7.523448,-11.46764,0.7564052,0.9009229,0.8948388,-1.162637,1.066979,15.68161,-0.1467098,0.4236536,0.862962,-1.214654,43.07775,-20.82196,86.5151,0.4560581,0.845294,-1.200577,6.827283,34.04135,-3.834358,0.4671513,0.8203261,-1.188229,3.768891,-3.431038E-06,0,0.4220364,0.8535799,-1.223616,0,-14.88063,1.250075,0.4353358,0.8090173,-1.194356,21.60956,20.26746,-6.519178,0.4569307,0.768975,-1.190363,21.5316,-4.281218E-05,0,0.4778786,0.750312,-1.191882,14.3638,-3.070156E-05,0,0.4198551,0.8487677,-1.23284,0,-3.607861E-06,0,0.4300112,0.7989007,-1.216279,17.64561,12.97634,-1.459515,0.4490933,0.7560756,-1.21624,25.97181,2.789302E-05,0,0.472062,0.7358703,-1.220763,17.33109,1.139525E-05,0,0.4173205,0.8451986,-1.242821,3.069245,14.87364,-2.900701,0.4262358,0.7947955,-1.240214,12.32263,-1.382568,0.01978234,0.4428593,0.7542914,-1.239318,26.75256,3.029801E-06,0,0.4638391,0.7355761,-1.242006,17.85312,-3.068543E-06,0,0.4146959,0.8443025,-1.252133,7.703165,29.67834,-7.043752,0.4224573,0.7980325,-1.262521,7.59936,-12.34043,-8.462019,0.4341948,0.7646163,-1.263631,27.22802,5.268742E-05,0,0.4503641,0.749323,-1.264507,18.17106,3.468685E-05,0,0.8908458,0.8719948,-1.138573,40.75741,-9.013209,87.47325,0.8712122,0.8383373,-1.145059,33.19777,25.96505,-15.9859,0.8756565,0.8118338,-1.158353,19.68388,-2.851762E-06,0,0.8973459,0.8673968,-1.148944,0,-14.88066,1.249918,0.9003459,0.814001,-1.136347,55.76235,24.27104,-9.626023,0.8818301,0.7824172,-1.163647,29.84046,1.468112E-05,0,0.8629436,0.7750714,-1.183109,19.91876,1.060943E-05,0,0.9024764,0.8670716,-1.158249,0,-2.286325E-06,0,0.9121132,0.814429,-1.158087,65.49251,12.9417,-12.32862,0.884372,0.7899927,-1.186922,33.99217,2.608961E-05,0,0.8580978,0.7898706,-1.203229,22.69863,1.334409E-05,0,0.9074999,0.8682095,-1.167854,3.069309,14.87367,-2.900768,0.9202262,0.8202145,-1.180553,62.59101,3.946285,-6.546254,0.8916224,0.7975613,-1.204768,21.95629,3.466482E-05,0,0.8673768,0.7916952,-1.218011,14.6475,1.890176E-05,0,0.9114028,0.8714858,-1.176127,7.703114,29.6784,-7.043752,0.9250671,0.8318552,-1.199617,52.14447,-3.691867,-12.01004,0.904892,0.8100091,-1.218887,22.34871,-1.045555E-05,0,0.8862174,0.8013012,-1.227345,14.90966,-8.262711E-06,0
3100,0.6466696,0.9270244,-1.225421,-0.5921526,0.1189503,-1.928844,0.6447259,1.288201,-1.262286,0,1.068019,-2.14521,0.6430677,1.596635,-1.252084,10.48695,-5.091208,8.133808,0.5666304,0.9268861,-1.228118,0.9191971,-1.049242,-3.748835,0.5751032,0.4998601,-1.22542,6.486187,-0.01993367,0.05934703,0.5815378,0.07424039,-1.271053,6.222079,-1.240693,-6.124167,0.7267088,0.9271627,-1.222724,0.3292442,-0.6963684,0.9318824,0.7223247,0.5000719,-1.224859,6.187638,0.0230981,-0.1101434,0.7195503,0.0747011,-1.273108,6.289243,-1.141043,-7.305463,0.5721807,1.409855,-1.245988,-15.02305,0.6945591,-0.8490367,0.4450334,1.409093,-1.285267,-11.20089,16.12759,-59.07867,0.4091687,1.153574,-1.28901,13.17317,-8.084183E-05,-29.01334,0.7112696,1.412448,-1.240778,-13.1567,3.044259,-0.1136409,0.8415592,1.421943,-1.266161,1.231941,7.308819,-56.48985,0.8835455,1.168635,-1.24042,9.922043,-0.0001115528,-13.97058,0.4142372,0.8728077,-1.245559,7.41148,-11.72675,0.7618184,0.8942428,0.8915882,-1.17818,1.29392,14.98823,-0.1701742,0.4254284,0.86335,-1.21413,43.08023,-20.80721,86.53753,0.457817,0.8457374,-1.199948,6.824812,34.0711,-3.835838,0.4688892,0.8207999,-1.18752,3.76624,-2.637622E-05,0,0.4238425,0.8539487,-1.223077,0,-14.88065,1.249918,0.4371134,0.8094571,-1.193697,21.71333,20.28476,-6.518727,0.4587943,0.7694697,-1.18962,21.4548,-6.250884E-05,0,0.479764,0.7508258,-1.191072,14.31252,-4.400238E-05,0,0.4216887,0.8491161,-1.232298,0,-1.210005E-05,0,0.431853,0.799292,-1.215613,17.73963,12.9817,-1.469537,0.4510394,0.7565137,-1.215473,25.87625,8.843764E-07,0,0.4740357,0.7363197,-1.219905,17.26721,-8.307878E-06,0,0.4191823,0.8455248,-1.242278,3.069309,14.87364,-2.900701,0.4281406,0.7951358,-1.239549,12.39389,-1.378727,0.02797646,0.4448498,0.7546694,-1.238549,26.70115,3.413955E-06,0,0.46586,0.7359765,-1.241153,17.81873,-1.72606E-06,0,0.4165815,0.8446078,-1.251595,7.703165,29.67835,-7.04378,0.4244139,0.7983249,-1.261872,7.711772,-12.3299,-8.422474,0.4362488,0.7649407,-1.262905,27.18546,9.813563E-06,0,0.452452,0.7496802,-1.263723,18.14262,3.917584E-06,0,0.8823068,0.8683792,-1.155347,40.24977,-8.984079,87.95087,0.8626238,0.8351699,-1.163719,33.30609,24.50961,-15.24654,0.8669679,0.8089955,-1.177681,20.00924,3.50591E-06,0,0.8892926,0.8638974,-1.16545,0,-14.88067,1.249918,0.8904106,0.8101441,-1.15413,55.77687,24.20148,-6.748286,0.872772,0.7796993,-1.183244,27.52258,-2.359325E-05,0,0.8557183,0.772375,-1.204338,18.36809,-2.18718E-05,0,0.894942,0.8636903,-1.174452,0,3.160398E-06,0,0.9034165,0.8108524,-1.175145,64.20895,12.53237,-10.50629,0.8771542,0.7868716,-1.205696,31.03396,7.990143E-06,0,0.8524376,0.7857692,-1.224247,20.71757,-3.394316E-06,0,0.9005336,0.8649554,-1.183721,3.069181,14.87369,-2.900633,0.9129324,0.8170176,-1.196949,60.7692,3.351644,-7.283676,0.8859465,0.7943982,-1.222985,22.93842,7.915252E-06,0,0.8623208,0.7888638,-1.237436,15.30366,-5.722275E-06,0,0.9049761,0.8683498,-1.191668,7.703139,29.67843,-7.043725,0.9191127,0.8290236,-1.215389,50.73378,-4.540389,-12.49337,0.9001558,0.8073452,-1.236036,23.61097,2.789769E-05,0,0.8817521,0.7990076,-1.245411,15.75309,1.559342E-05,0
3133,0.6480777,0.926998,-1.224977,-0.6655847,0.08916601,-1.796023,0.6464674,1.288225,-1.261348,-0.07912937,0.9490651,-1.882008,0.6454147,1.596647,-1.250674,10.52875,-4.990912,7.780613,0.5680324,0.9269026,-1.227488,0.932722,-0.9834148,-3.682276,0.5758061,0.4998605,-1.22527,6.444698,-0.01881895,0.04423466,0.5814908,0.07424814,-1.271071,6.242589,-1.150218,-6.279134,0.7281229,0.9270934,-1.222465,0.3339648,-0.7418696,0.9102123,0.7231819,0.5000116,-1.225108,6.085375,0.02266594,-0.1083524,0.7197472,0.07461727,-1.273107,6.27448,-1.199599,-7.11516,0.5742506,1.410005,-1.244544,-14.98396,0.5670557,-0.8418618,0.4468983,1.409267,-1.283154,-11.54847,16.40521,-59.53503,0.410958,1.15376,-1.287078,13.02248,-9.096732E-05,-29.71592,0.713367,1.412304,-1.239969,-13.36079,3.368799,-0.1282043,0.8434109,1.422316,-1.266393,0.2556444,7.103378,-58.61448,0.8841579,1.168336,-1.245789,10.56915,-0.0001180579,-15.03252,0.4160656,0.8727913,-1.244964,7.377116,-12.04708,0.7793398,0.8901823,0.8901758,-1.18805,-4.551522,11.99447,0.4780633,0.4272897,0.8633681,-1.213537,43.08038,-20.78754,86.54111,0.4597044,0.8457847,-1.199378,6.764512,34.09551,-3.804159,0.4707932,0.8208697,-1.186919,3.731926,-1.01004E-05,0,0.4257037,0.8539582,-1.222475,0,-14.88066,1.249918,0.4390327,0.809501,-1.193069,21.81307,20.29149,-6.522125,0.4608046,0.7695606,-1.189017,21.34233,-6.746258E-05,0,0.4817775,0.7509211,-1.190479,14.23737,-5.245277E-05,0,0.423546,0.8491163,-1.231689,0,-1.407659E-05,0,0.4337621,0.7993138,-1.214972,17.80376,12.98814,-1.467805,0.4530232,0.756569,-1.214836,25.76718,-2.901512E-06,0,0.476014,0.7363691,-1.21927,17.19429,-1.976616E-05,0,0.4210342,0.8455148,-1.241664,3.069309,14.87364,-2.900768,0.4300334,0.795135,-1.238902,12.45291,-1.373782,0.02797646,0.4468139,0.7546983,-1.237897,26.62351,1.145407E-05,0,0.4678301,0.7360123,-1.240502,17.76684,1.136238E-05,0,0.4184266,0.8445882,-1.250979,7.703165,29.67835,-7.043725,0.4262861,0.7983029,-1.261224,7.872502,-12.35056,-8.447595,0.4382378,0.7649599,-1.262243,26.96889,6.25964E-06,0,0.4544368,0.7496944,-1.263052,17.9978,2.510543E-07,0,0.8788559,0.8683857,-1.163568,40.35064,-8.854411,88.31027,0.8607072,0.83382,-1.169585,33.43916,24.31309,-15.2102,0.8663674,0.8068466,-1.181388,20.12203,-4.404806E-06,0,0.8861871,0.8634108,-1.173183,0,-14.88066,1.249762,0.8893668,0.8108393,-1.157533,54.97853,23.75563,-5.232855,0.8735116,0.7769958,-1.18378,28.04677,1.26497E-05,0,0.8571873,0.7672115,-1.204449,18.71866,-1.693035E-06,0,0.8919865,0.8627237,-1.182066,0,4.826052E-08,0,0.9026732,0.8104146,-1.178367,61.77173,11.9532,-10.61628,0.8787088,0.7813488,-1.206278,31.62761,-1.752619E-05,0,0.8542843,0.7766619,-1.224656,21.11501,-1.068038E-05,0,0.8976709,0.863479,-1.191334,3.069245,14.87367,-2.900701,0.9122778,0.8152106,-1.200475,59.95809,2.996212,-7.506684,0.8869816,0.7888889,-1.224661,22.03354,3.62489E-05,0,0.8641194,0.7803855,-1.238896,14.69913,2.114167E-05,0,0.9020967,0.8664114,-1.199472,7.703139,29.67841,-7.04378,0.9182509,0.82595,-1.219745,50.67301,-4.974253,-13.33783,0.9005162,0.8017407,-1.238587,23.46445,-0.0002178398,0,0.8826361,0.7916982,-1.247279,15.65515,-0.0001502788,0
3167,0.6475548,0.9270898,-1.225096,-0.6740565,0.06414252,-1.458845,0.6461776,1.288324,-1.261183,-0.1780411,0.8086844,-1.442522,0.6458119,1.596724,-1.249913,10.64784,-4.822658,7.359728,0.5674961,0.9270241,-1.227136,0.707759,-1.036617,-3.56046,0.5755646,0.4999819,-1.226688,6.017443,-0.01879733,0.04845664,0.5814844,0.07422274,-1.271072,6.040756,-1.210536,-6.561364,0.7276136,0.9271554,-1.223057,0.3292442,-0.6579283,0.783097,0.7231262,0.5000688,-1.225749,6.002569,0.005702103,-0.1101434,0.7198423,0.07461068,-1.273189,6.232626,-1.116214,-6.833945,0.5743891,1.410252,-1.243631,-14.96736,0.44337,-0.828271,0.4467337,1.409597,-1.281228,-11.6532,16.40812,-59.70892,0.410927,1.154075,-1.285339,12.79706,-8.213762E-05,-30.14603,0.7135417,1.412205,-1.240121,-13.52577,3.66865,-0.1008706,0.843272,1.422639,-1.267889,1.269029,5.759324,-56.8504,0.8823487,1.168281,-1.248761,10.53258,-9.937328E-05,-12.94008,0.4158995,0.8728861,-1.244703,7.379004,-12.34498,0.7994187,0.8881586,0.8900796,-1.191202,-6.674648,10.40313,0.6081289,0.4272185,0.8634617,-1.21331,43.07834,-20.76755,86.56534,0.4596808,0.8458794,-1.199259,6.72167,34.11621,-3.781857,0.4708019,0.8209694,-1.18682,3.707395,-1.157377E-05,0,0.4256099,0.8540527,-1.222245,0,-14.88063,1.249918,0.4390407,0.8095955,-1.192886,21.89646,20.28895,-6.523328,0.460889,0.7696871,-1.188931,21.2166,-1.829038E-05,0,0.4818481,0.7510371,-1.190456,14.1534,-1.6697E-05,0,0.4234272,0.8492116,-1.231454,0,-4.488548E-06,0,0.4337101,0.79941,-1.214775,17.84778,12.98877,-1.462997,0.4530168,0.7566857,-1.214715,25.67814,2.33176E-05,0,0.4759859,0.7364758,-1.219216,17.13473,1.995738E-05,0,0.4208877,0.8456109,-1.241422,3.069245,14.87364,-2.900701,0.4299133,0.7952339,-1.238694,12.49713,-1.380514,0.04845664,0.4467429,0.7548162,-1.237748,26.54935,2.859732E-05,0,0.4677487,0.7361271,-1.240416,17.71724,3.038936E-05,0,0.4182534,0.8446848,-1.250729,7.703165,29.67834,-7.043752,0.4260999,0.7984041,-1.261005,7.982443,-12.36206,-8.462367,0.4381235,0.7650883,-1.262069,26.81235,2.350425E-05,0,0.4543129,0.749815,-1.262922,17.8931,1.595086E-05,0,0.8772194,0.869184,-1.165782,40.65496,-8.610533,87.90136,0.8594806,0.8342081,-1.170514,32.63368,24.98319,-15.13389,0.8654433,0.8067517,-1.180979,19.53184,1.014096E-06,0,0.8845963,0.8639131,-1.175203,0,-14.88066,1.249918,0.8885879,0.8121034,-1.157353,54.93164,23.4893,-4.82288,0.8730103,0.7769113,-1.18194,28.02553,-5.565269E-07,0,0.8567623,0.7660026,-1.2021,18.70448,-8.020936E-06,0,0.8903808,0.8629346,-1.184068,0,6.85951E-07,0,0.9018419,0.8109896,-1.178195,60.33928,11.87607,-9.78225,0.8788615,0.7795721,-1.204329,32.82825,-1.47147E-05,0,0.8544899,0.7736756,-1.222427,21.91899,-1.804813E-05,0,0.8960281,0.8633791,-1.193379,3.069245,14.87368,-2.900768,0.9113146,0.8149838,-1.200518,59.2899,3.085708,-7.835264,0.8867233,0.7869537,-1.223481,22.69518,8.722131E-06,0,0.8639275,0.7774929,-1.23721,15.14115,4.784645E-06,0,0.9003882,0.8660281,-1.201649,7.703139,29.67841,-7.04378,0.9170771,0.8249829,-1.220245,50.74186,-4.953402,-13.74154,0.899615,0.7997717,-1.237997,23.41762,-9.296244E-05,0,0.8818538,0.789088,-1.246151,15.62388,-5.938063E-05,0
3200,0.646659,0.9270964,-1.225358,-0.6249498,0.0486493,-1.002492,0.6453403,1.288299,-1.261351,-0.2846186,0.6904213,-0.9425307,0.6455592,1.596668,-1.249406,10.81112,-4.660543,6.935595,0.5665866,0.9270437,-1.22676,0.5954478,-1.11958,-3.409385,0.5752158,0.5000122,-1.226833,5.929595,-0.01990522,0.04845664,0.5814928,0.07424319,-1.271074,6.004822,-1.309659,-6.923649,0.7267315,0.9271491,-1.223956,0.2712421,-0.5588737,0.5503638,0.7228931,0.5000561,-1.226659,5.877766,0.00559154,-0.1083524,0.7200721,0.07449397,-1.273187,6.144238,-0.97848,-6.541069,0.5739561,1.410341,-1.242962,-14.93594,0.4209581,-0.7937689,0.4459564,1.409958,-1.279374,-11.53814,16.17331,-59.7832,0.4103163,1.154414,-1.283601,12.56264,-8.381709E-05,-30.33027,0.7131378,1.412007,-1.240664,-13.67823,3.762247,0,0.8425478,1.422445,-1.269887,2.602937,4.754233,-53.99951,0.8806472,1.168055,-1.249277,10.16955,-0.000108831,-10.92883,0.4150996,0.8730248,-1.244352,7.415821,-12.58344,0.8190054,0.8888626,0.8904324,-1.189265,-5.657487,10.58951,0.5248867,0.4266228,0.8635716,-1.213042,43.07644,-20.74313,86.59224,0.4591767,0.8459672,-1.199234,6.667533,34.13804,-3.753324,0.4703656,0.8210504,-1.186868,3.676635,-2.198106E-05,0,0.4249564,0.8541709,-1.221976,0,-14.88063,1.249762,0.4385792,0.8096867,-1.192746,21.95965,20.29218,-6.515838,0.4604902,0.7697929,-1.188996,21.10933,1.496445E-05,0,0.4814222,0.7511258,-1.190674,14.08175,6.748252E-06,0,0.422714,0.8493382,-1.231175,0,-3.655383E-06,0,0.4331066,0.7995214,-1.21461,17.88784,12.99335,-1.459515,0.4524404,0.7568095,-1.214731,25.58401,7.198643E-06,0,0.4753608,0.7365816,-1.219395,17.0718,1.433524E-06,0,0.4201098,0.8457468,-1.24113,3.069245,14.87364,-2.900768,0.4291544,0.7953675,-1.238508,12.53127,-1.376473,0.0656106,0.4460136,0.7549587,-1.237719,26.46177,5.042815E-07,0,0.4669845,0.7362529,-1.240539,17.65868,5.033296E-06,0,0.4174149,0.8448292,-1.25042,7.703139,29.67834,-7.043752,0.4251958,0.7985584,-1.26079,8.065674,-12.36109,-8.406067,0.4372595,0.7652611,-1.261972,26.68145,-1.152801E-05,0,0.4534295,0.7499751,-1.262957,17.80557,-1.102394E-05,0,0.8783683,0.8695851,-1.163619,40.81054,-8.511889,87.49171,0.8601033,0.834845,-1.168078,32.08723,25.27807,-14.98835,0.8654002,0.8073019,-1.178673,19.16094,4.50605E-06,0,0.8854455,0.8642631,-1.173239,0,-14.88067,1.250075,0.8893639,0.8123703,-1.155616,54.65975,23.26839,-5.228659,0.87277,0.7772604,-1.179649,28.4156,-5.740823E-05,0,0.8557093,0.7666106,-1.199269,18.96542,-4.038411E-05,0,0.8909892,0.8632482,-1.182253,0,3.823197E-06,0,0.9020643,0.8111743,-1.176795,59.00565,11.82198,-9.452823,0.8787134,0.7792794,-1.202006,34.50043,1.744736E-06,0,0.8537067,0.7738496,-1.219369,23.03919,6.480485E-06,0,0.896399,0.8636586,-1.191705,3.069309,14.87369,-2.900701,0.910999,0.8151282,-1.199346,58.70369,3.092652,-8.255355,0.8858501,0.7870911,-1.221688,23.73525,3.657579E-05,0,0.8624683,0.7780459,-1.234692,15.83611,2.806489E-05,0,0.9005715,0.866284,-1.200078,7.703165,29.67843,-7.04378,0.9163535,0.825118,-1.219193,50.17813,-4.936459,-14.06336,0.8984718,0.7999414,-1.236571,25.6538,0.0006964377,0,0.8800201,0.7898676,-1.24393,17.11848,0.0004768629,0
3233,0.6460016,0.9270856,-1.225976,-0.564406,0.064638,-0.5274898,0.6444412,1.288248,-1.26192,-0.3881583,0.637216,-0.4929749,0.6449898,1.596584,-1.249315,10.95939,-4.609677,6.601351,0.5659203,0.9270025,-1.226714,0.5678623,-1.160678,-3.242987,0.5750147,0.4999807,-1.226606,5.994367,-0.002857276,0.05233916,0.5813665,0.07424212,-1.271129,6.026297,-1.37595,-7.290354,0.7260829,0.9271687,-1.225238,0.2719625,-0.5049633,0.2920831,0.7227818,0.5000685,-1.227452,5.834924,0.005532965,-0.1101434,0.7203295,0.07441717,-1.273178,6.068697,-0.8443255,-6.253008,0.5733122,1.410321,-1.242761,-14.88872,0.4175333,-0.7478197,0.4450012,1.410103,-1.278062,-11.51055,16.08828,-59.88949,0.4093882,1.154555,-1.282277,12.39085,-7.605569E-05,-30.25335,0.7125091,1.411861,-1.241553,-13.7894,3.768241,0.2668786,0.8416349,1.42225,-1.272024,3.709929,4.218491,-52.59729,0.8795756,1.168113,-1.248249,9.758,-9.961934E-05,-10.23234,0.4140405,0.8730222,-1.244058,7.49753,-12.71787,0.8367326,0.8901869,0.8912359,-1.185244,-3.90886,11.02305,0.3774237,0.4259257,0.8635195,-1.212899,43.07419,-20.72675,86.59882,0.4586355,0.8458833,-1.199505,6.635544,34.14249,-3.735597,0.4699602,0.8209487,-1.1873,3.658751,-6.814771E-06,0,0.4241545,0.8541327,-1.221826,0,-14.88062,1.249918,0.4381106,0.8096021,-1.192826,22.01139,20.29441,-6.5202,0.4600882,0.7697147,-1.189413,20.99765,2.321001E-05,0,0.4809767,0.7510245,-1.191356,14.00715,2.461226E-05,0,0.4218047,0.8493146,-1.231006,0,9.033505E-07,0,0.432383,0.7994712,-1.21464,17.90623,12.99584,-1.467805,0.4517205,0.7567627,-1.215059,25.50977,1.639253E-05,0,0.4745646,0.7365171,-1.220012,17.02218,1.39286E-05,0,0.4190845,0.8457387,-1.240936,3.069245,14.87364,-2.900633,0.4281529,0.7953546,-1.238497,12.5369,-1.370177,0.07401875,0.4450178,0.7549439,-1.237972,26.42377,-5.006895E-07,0,0.4659411,0.7362279,-1.241065,17.63326,-1.495786E-05,0,0.4162818,0.8448358,-1.250196,7.703165,29.67834,-7.043752,0.423936,0.7985803,-1.260727,8.154636,-12.3708,-8.417553,0.4360317,0.7653021,-1.262105,26.50691,0.0001082316,0,0.4521642,0.7499913,-1.263296,17.68885,7.911598E-05,0,0.8798431,0.8703231,-1.15959,40.92288,-8.505246,87.16199,0.8607878,0.8360093,-1.164043,31.81932,25.58524,-15.00068,0.8653218,0.808456,-1.17496,18.95144,8.95415E-06,0,0.8866177,0.8649708,-1.169409,0,-14.88067,1.250075,0.8899353,0.8128363,-1.152386,54.50161,23.12556,-6.216404,0.8721697,0.7782033,-1.176273,29.00578,-4.833724E-05,0,0.8542123,0.7682368,-1.195447,19.36024,-4.155967E-05,0,0.8919525,0.8639466,-1.178547,0,6.018895E-06,0,0.9021668,0.8116242,-1.173839,58.33276,11.83167,-9.675932,0.8780373,0.7800354,-1.198699,36.97667,-7.851311E-05,0,0.8522389,0.7761395,-1.215299,24.69905,-5.804031E-05,0,0.8971707,0.8643543,-1.188106,3.069245,14.8737,-2.900701,0.9107015,0.8156443,-1.196532,58.55122,2.990488,-8.180118,0.8846214,0.7881991,-1.218539,25.09854,2.779349E-05,0,0.8605384,0.7802311,-1.230955,16.74727,5.79418E-06,0,0.9012159,0.8669882,-1.196539,7.703165,29.67845,-7.043808,0.9158263,0.8257371,-1.216387,50.37505,-4.937661,-14.14917,0.8970208,0.8011431,-1.233624,26.37775,0.001863008,0,0.8780469,0.7917383,-1.240526,17.6025,0.00128453,0
3267,0.6454337,0.9270485,-1.226794,-0.518133,0.09028722,-0.1866263,0.6434759,1.288178,-1.26269,-0.4710537,0.6642129,-0.1713202,0.6440253,1.596493,-1.249652,10.96855,-4.695201,6.458709,0.5653495,0.9269246,-1.227056,0.6528208,-1.184939,-3.098067,0.5748393,0.4999127,-1.226023,6.196314,-0.02287504,0.06255726,0.5815026,0.07423928,-1.271119,6.091396,-1.460627,-7.545794,0.7255179,0.9271724,-1.226532,0.302612,-0.4698047,0.07912937,0.7226814,0.5000662,-1.228149,5.820495,0.005649306,-0.1119058,0.7205947,0.07433817,-1.273175,6.002831,-0.7190781,-6.052362,0.5723929,1.410187,-1.242965,-14.85184,0.4659455,-0.7228051,0.4438642,1.410064,-1.277464,-11.48539,16.08262,-59.93745,0.40815,1.154529,-1.281625,12.34889,-7.731889E-05,-29.904,0.7115935,1.411798,-1.242532,-13.7945,3.685744,0.4909863,0.8405533,1.422105,-1.273725,4.018977,4.256114,-53.00041,0.8789837,1.168242,-1.2479,9.871236,-0.0001043192,-11.78253,0.4128411,0.8729438,-1.243798,7.596984,-12.69551,0.8464977,0.8896859,0.8919695,-1.182308,-2.162475,11.38973,0.2148914,0.4251429,0.8633776,-1.212821,43.07414,-20.71493,86.59222,0.4580277,0.8457064,-1.19991,6.609811,34.14101,-3.720891,0.4695128,0.8207483,-1.187905,3.644648,-1.930292E-05,0,0.4232504,0.8540089,-1.221742,0,-14.88064,1.249762,0.4375889,0.8094189,-1.193021,22.06181,20.29331,-6.528286,0.4596342,0.769537,-1.190001,20.85618,-4.639229E-05,0,0.4804635,0.7508149,-1.192248,13.91266,-3.245533E-05,0,0.4207767,0.8492093,-1.230899,0,-8.675816E-06,0,0.431567,0.7993321,-1.214776,17.92992,13.00284,-1.472596,0.4509045,0.7566288,-1.215553,25.39949,2.071711E-05,0,0.473648,0.7363546,-1.220841,16.94846,5.658963E-06,0,0.4179227,0.8456535,-1.240799,3.069309,14.87364,-2.900701,0.4270156,0.7952636,-1.238582,12.531,-1.373562,0.07132626,0.4438769,0.7548485,-1.238361,26.39665,2.07027E-05,0,0.4647444,0.7361245,-1.241766,17.61511,7.272691E-06,0,0.4149956,0.8447695,-1.250022,7.703139,29.67835,-7.04378,0.4225006,0.7985341,-1.260747,8.213628,-12.38416,-8.454589,0.4346063,0.7652698,-1.262353,26.37735,0.0001469721,0,0.4507009,0.7499393,-1.26378,17.60225,0.0001117027,0,0.8793256,0.8710985,-1.156626,40.99774,-8.515139,86.65674,0.8591624,0.8374118,-1.160987,31.43426,25.98972,-14.99441,0.8626406,0.8098142,-1.172176,18.65739,-6.495708E-06,0,0.8857235,0.8656565,-1.166646,0,-14.88067,1.249918,0.8879318,0.8132788,-1.150199,54.59133,23.06585,-7.075624,0.8685858,0.7794483,-1.174009,28.90119,-0.0001153999,0,0.8497849,0.7701531,-1.192705,19.29029,-7.541596E-05,0,0.8908213,0.8645745,-1.175912,0,1.15413E-06,0,0.8996412,0.8119388,-1.171934,58.71578,11.76445,-9.399755,0.8738554,0.7815202,-1.196591,36.41547,4.739516E-05,0,0.8476674,0.7784621,-1.21275,24.32279,4.106812E-05,0,0.895834,0.8649313,-1.185583,3.069245,14.87368,-2.900701,0.9077777,0.8159457,-1.194776,59.09243,2.80144,-8.279486,0.8801066,0.7897409,-1.216347,24.52022,3.799585E-05,0,0.855518,0.7825522,-1.228237,16.36073,2.309063E-05,0,0.8997632,0.8675352,-1.19408,7.703139,29.67841,-7.04378,0.9127432,0.8260905,-1.214645,50.94518,-5.042712,-14.22206,0.8925693,0.8023968,-1.231594,25.96979,-0.001164575,0,0.8731529,0.7936455,-1.238114,17.32973,-0.0008050462,0
3300,0.6454013,0.9269912,-1.227968,-0.4747775,0.1255433,0,0.6429804,1.288088,-1.263836,-0.5421248,0.74361,0,0.6432921,1.5964,-1.250585,10.80201,-4.854408,6.483829,0.5653167,0.9268158,-1.227975,0.8711056,-1.160124,-2.960352,0.5748997,0.4998149,-1.225021,6.596031,-0.02354533,0.0656106,0.5814649,0.0742524,-1.271166,6.231965,-1.466992,-7.662344,0.7254859,0.9271666,-1.227962,0.3471792,-0.487945,-0.03956468,0.7227841,0.5000576,-1.228908,5.80674,0.00561342,-0.1101434,0.7207839,0.0742484,-1.273163,5.920497,-0.6484092,-5.917649,0.5717924,1.409973,-1.243724,-14.84877,0.4738737,-0.7181882,0.4431455,1.409727,-1.277779,-11.49031,16.17883,-59.79245,0.4073167,1.154209,-1.281946,12.4505,-8.518151E-05,-28.84182,0.7109913,1.41178,-1.243762,-13.74916,3.584699,0.5858405,0.8398721,1.422073,-1.275284,4.016833,4.398325,-54.79832,0.8784707,1.168336,-1.248483,10.28419,-0.0001115275,-13.85157,0.412296,0.8726665,-1.243833,7.745521,-12.54135,0.8522572,0.8869109,0.8923786,-1.181258,-1.260364,11.47628,0.1251145,0.4252276,0.8630404,-1.213132,43.07593,-20.70868,86.57539,0.4583691,0.8453426,-1.200934,6.589993,34.12543,-3.70824,0.4701049,0.8203649,-1.189216,3.634373,-1.222183E-05,0,0.4231528,0.853689,-1.222031,0,-14.88064,1.250075,0.4380728,0.8090436,-1.193694,22.09362,20.29295,-6.521283,0.4601914,0.7691652,-1.191214,20.75654,-4.484254E-05,0,0.480948,0.7504218,-1.193912,13.84612,-3.328696E-05,0,0.4204922,0.8489071,-1.231145,0,-7.679151E-06,0,0.4316071,0.7989988,-1.215341,17.94976,13.00535,-1.477902,0.450935,0.7563027,-1.216603,25.2949,1.510219E-05,0,0.4735374,0.7360042,-1.22238,16.87855,1.601976E-05,0,0.4174364,0.8453704,-1.240991,3.069309,14.87364,-2.900701,0.4265702,0.7949762,-1.239057,12.53575,-1.376102,0.06255726,0.4434341,0.7545621,-1.239258,26.33215,1.570659E-05,0,0.4642095,0.735823,-1.243113,17.57202,1.257986E-05,0,0.4143214,0.8445041,-1.250153,7.703139,29.67834,-7.04378,0.4216034,0.7982894,-1.261119,8.233611,-12.38375,-8.489777,0.433683,0.7650322,-1.263039,26.33313,-1.134031E-06,0,0.4497381,0.7496971,-1.264818,17.57265,-3.146724E-06,0,0.8761857,0.871677,-1.155589,40.9746,-8.512877,86.34216,0.8552719,0.8384513,-1.159952,31.00474,26.11494,-14.81718,0.8580059,0.8107642,-1.171127,18.38645,-3.972357E-06,0,0.8824223,0.8661197,-1.165648,0,-14.88066,1.249918,0.8835242,0.8136631,-1.149342,54.60971,23.02797,-7.58222,0.8633082,0.7803426,-1.173148,28.80073,-2.126717E-05,0,0.8441575,0.7714643,-1.191691,19.22308,-1.626556E-05,0,0.8874592,0.8649485,-1.174936,0,-1.809517E-07,0,0.8951176,0.8121189,-1.171125,58.84325,11.71138,-9.44217,0.868481,0.7824193,-1.195754,35.79421,0.0006184466,0,0.8422143,0.7797288,-1.21185,23.90626,0.0004404775,0,0.8924416,0.8652186,-1.184625,3.069245,14.87368,-2.900768,0.9032542,0.816003,-1.193988,59.48072,2.676135,-7.986672,0.8746936,0.7906779,-1.215451,23.7471,-1.556672E-05,0,0.8499826,0.7839193,-1.227338,15.84403,-1.87025E-05,0,0.8963954,0.8677564,-1.193131,7.703191,29.67841,-7.04378,0.9083688,0.8260863,-1.21385,51.56727,-5.187071,-14.2654,0.8872896,0.8030923,-1.23066,25.13327,-0.0001238598,0,0.8676944,0.7947297,-1.237156,16.77053,-8.451059E-05,0
3333,0.6454093,0.9269955,-1.228969,-0.4463111,0.1498476,0.01978234,0.6426029,1.28807,-1.264801,-0.5951191,0.8491268,0.1083524,0.6425241,1.596387,-1.251484,10.57036,-5.025079,6.602954,0.5653248,0.9267858,-1.22894,1.000538,-1.129541,-2.845788,0.5748643,0.4997936,-1.224815,6.783939,-0.004064992,0.06852804,0.5812439,0.07425275,-1.271185,6.271073,-1.424263,-7.651373,0.7254937,0.9272052,-1.228999,0.3986039,-0.5125136,-0.1046783,0.7227913,0.5000952,-1.229352,5.822987,0.005693144,-0.1119058,0.7208222,0.0742372,-1.273135,5.868421,-0.6140385,-5.886996,0.5712189,1.409804,-1.244472,-14.86503,0.4560023,-0.7362165,0.4425319,1.409308,-1.278373,-11.32415,16.16335,-59.41588,0.4067944,1.153776,-1.282451,12.57787,-8.992134E-05,-27.6891,0.7104139,1.41187,-1.244716,-13.72339,3.555769,0.5682068,0.8392476,1.422363,-1.276365,4.14482,4.199646,-56.39633,0.877319,1.168551,-1.249514,10.71961,-0.0001204278,-14.82528,0.4121042,0.8723443,-1.243575,7.881224,-12.34323,0.8534044,0.8826816,0.8926785,-1.181629,-1.248195,11.42349,0.1235407,0.4255154,0.8626912,-1.213089,43.07545,-20.70101,86.55542,0.4588472,0.8449867,-1.201431,6.571637,34.09785,-3.695228,0.4707842,0.8200051,-1.189927,3.625581,-2.356552E-05,0,0.4233043,0.853348,-1.221964,0,-14.88064,1.249762,0.4386751,0.8086784,-1.193908,22.10907,20.29274,-6.515507,0.4608481,0.7688078,-1.191818,20.72636,-2.669038E-05,0,0.4815592,0.7500663,-1.194857,13.82596,-2.799762E-05,0,0.420503,0.8485744,-1.23104,0,-5.065571E-06,0,0.431875,0.7986534,-1.215461,17.94692,13.00688,-1.482925,0.4511888,0.7559624,-1.217067,25.26193,1.473121E-05,0,0.4736923,0.7356611,-1.223209,16.8565,1.220191E-05,0,0.4172949,0.8450467,-1.24084,3.069245,14.87364,-2.900633,0.4264698,0.7946529,-1.2391,12.54031,-1.37804,0.02797646,0.4433417,0.7542449,-1.239603,26.28398,-2.617835E-05,0,0.4640485,0.7354999,-1.243786,17.53979,-2.900157E-05,0,0.4140376,0.8441887,-1.249954,7.703191,29.67834,-7.043752,0.4211588,0.7979867,-1.261078,8.260823,-12.3868,-8.564284,0.4332303,0.7647402,-1.263221,26.25942,-3.839078E-05,0,0.4492483,0.7493974,-1.265251,17.52337,-2.887892E-05,0,0.8714707,0.8721467,-1.156031,40.91509,-8.522939,86.11907,0.8503414,0.8390754,-1.160526,30.64088,26.07673,-14.595,0.852844,0.811296,-1.171525,18.18156,-3.90542E-06,0,0.8777754,0.8665055,-1.166,0,-14.88068,1.249918,0.8782168,0.8140881,-1.149537,54.59425,22.98315,-7.741795,0.8579648,0.7808719,-1.173458,28.7666,1.375205E-05,0,0.8389221,0.7720844,-1.192155,19.20024,4.678833E-06,0,0.8829105,0.8652628,-1.175225,0,3.782438E-06,0,0.8900514,0.8123783,-1.171178,58.97545,11.62062,-8.979142,0.8633381,0.7829185,-1.19601,35.17109,3.297043E-05,0,0.8373533,0.7801957,-1.212553,23.48863,2.495517E-05,0,0.8880088,0.8654609,-1.184856,3.069245,14.8737,-2.900768,0.8984907,0.8161244,-1.193954,59.77134,2.532035,-7.574425,0.8697736,0.7911347,-1.2156,22.79088,-4.943979E-06,0,0.8452744,0.784289,-1.22787,15.20508,-3.605972E-06,0,0.8920849,0.8679389,-1.193321,7.703165,29.67845,-7.04378,0.9039286,0.8261048,-1.213783,52.23617,-5.420789,-14.42807,0.8824951,0.8034514,-1.230607,23.71806,-6.849994E-05,0,0.8630343,0.7950097,-1.237398,15.82462,-5.285444E-05,0
3367,0.6462939,0.9270253,-1.229694,-0.4233615,0.1515011,-0.06852804,0.6432719,1.288081,-1.265511,-0.6327289,0.9519743,0.1101434,0.6427646,1.596403,-1.252153,10.39449,-5.157725,6.715599,0.5662096,0.9268142,-1.229792,1.05462,-1.055599,-2.784669,0.5751978,0.4998161,-1.225078,6.834576,-0.02333629,0.06255726,0.5812883,0.07424966,-1.271252,6.25962,-1.341205,-7.578414,0.7263783,0.9272363,-1.229595,0.4068635,-0.5799133,-0.1440177,0.7231809,0.5001296,-1.229726,5.801674,0.02468163,-0.1065312,0.7209585,0.07423365,-1.273127,5.821001,-0.6387634,-5.934948,0.571669,1.409673,-1.245104,-14.89108,0.4023861,-0.7682129,0.4430006,1.408845,-1.279069,-11.136,16.17628,-58.984,0.4073545,1.153297,-1.28294,12.76514,-7.982329E-05,-26.74594,0.7108602,1.411989,-1.245343,-13.71463,3.568066,0.4833549,0.8396783,1.422762,-1.276961,4.626434,3.548893,-55.82675,0.8766516,1.168733,-1.250645,10.98983,-0.0001184796,-12.82728,0.4130875,0.8720446,-1.242845,7.978359,-12.11349,0.8476528,0.8802673,0.8930063,-1.182052,-1.833657,11.59734,0.1866263,0.426788,0.8624047,-1.212484,43.07164,-20.69837,86.51441,0.4602357,0.8447181,-1.201135,6.54847,34.02989,-3.675623,0.4723261,0.8197562,-1.189748,3.615684,-1.541936E-05,0,0.4244993,0.8530586,-1.221336,0,-14.88064,1.249918,0.4401561,0.8084029,-1.193416,22.10604,20.29196,-6.51975,0.4623683,0.7685442,-1.191525,20.75132,-2.168201E-05,0,0.4830674,0.7498217,-1.194757,13.84265,-1.942162E-05,0,0.4216161,0.8482817,-1.230385,0,-5.577243E-06,0,0.4331607,0.79837,-1.214903,17.93129,13.00725,-1.485299,0.452472,0.7556845,-1.216677,25.28347,1.539985E-05,0,0.4749309,0.7353972,-1.223024,16.87089,3.537026E-06,0,0.4183186,0.8447504,-1.240154,3.069245,14.87364,-2.900701,0.4275373,0.794362,-1.23849,12.53808,-1.381426,0,0.4444255,0.7539629,-1.23914,26.26952,4.026699E-05,0,0.4651002,0.7352235,-1.243502,17.53012,3.376632E-05,0,0.4149768,0.8438889,-1.249237,7.703139,29.67834,-7.043752,0.4220196,0.7976887,-1.260418,8.225715,-12.38045,-8.580483,0.4340688,0.7644411,-1.262666,26.34333,0.0001003558,0,0.4500887,0.7491205,-1.264843,17.57946,6.968209E-05,0,0.8686559,0.8724732,-1.156635,40.82945,-8.56958,85.92663,0.8480017,0.8391443,-1.161426,30.33034,25.92155,-14.34614,0.850896,0.8113132,-1.172196,18.02673,-1.131109E-05,0,0.8752524,0.8668529,-1.166425,0,-14.88066,1.249918,0.8758264,0.8145144,-1.149717,54.52924,22.88745,-7.772107,0.8564498,0.7809566,-1.173885,28.853,-2.876035E-05,0,0.8379017,0.7719071,-1.192951,19.25803,-1.394049E-05,0,0.8806181,0.8656223,-1.17552,0,-5.622506E-08,0,0.8881897,0.8128309,-1.171063,58.97022,11.47658,-8.451058,0.8623017,0.7829767,-1.196295,34.9838,-4.243131E-05,0,0.8368191,0.7798548,-1.213534,23.3631,-2.907615E-05,0,0.885942,0.8658303,-1.185027,3.069245,14.87368,-2.900701,0.8971312,0.8165634,-1.193648,59.80621,2.431839,-7.282436,0.8691394,0.7911906,-1.215793,22.31926,1.930402E-05,0,0.8450947,0.7838621,-1.228669,14.88999,8.920507E-06,0,0.8901936,0.8683128,-1.193404,7.703165,29.67841,-7.043725,0.9029397,0.8265125,-1.213388,52.5691,-5.659951,-14.85006,0.8819467,0.8036379,-1.230466,22.82953,2.727046E-05,0,0.8628331,0.7947584,-1.237672,15.23091,1.969247E-05,0
3400,0.6482003,0.927052,-1.229941,-0.3966355,0.1453725,-0.2193969,0.6450765,1.288087,-1.265791,-0.6575991,1.037672,0.05233916,0.6441665,1.596411,-1.252403,10.27479,-5.229068,6.760133,0.5681164,0.926851,-1.230249,1.061647,-0.9205199,-2.765554,0.5760314,0.4998348,-1.225263,6.850542,-0.02233922,0.04845664,0.5811911,0.07424033,-1.271292,6.260779,-1.162233,-7.493446,0.7282842,0.9272531,-1.229632,0.3499859,-0.7095466,-0.1643245,0.7240686,0.5001553,-1.229998,5.727895,0.02374051,-0.09065409,0.7209476,0.07423288,-1.273082,5.775568,-0.7623612,-6.010956,0.5732723,1.409564,-1.245403,-14.9175,0.41097,-0.7999081,0.4446557,1.408581,-1.279559,-10.62243,15.85968,-58.58327,0.4094602,1.152963,-1.282892,12.80392,-8.957871E-05,-26.00697,0.71246,1.412086,-1.245498,-13.71,3.571429,0.3758652,0.8412963,1.423073,-1.276967,5.17165,2.970782,-54.08271,0.8774509,1.168904,-1.250863,10.98654,-0.0001138822,-9.93066,0.415426,0.8718781,-1.241672,8.059514,-11.96299,0.845804,0.8813524,0.8933784,-1.181483,-2.31046,11.85735,0.2390311,0.4292644,0.8622834,-1.211358,43.07072,-20.6974,86.45023,0.462773,0.8446329,-1.200134,6.518756,33.9567,-3.652001,0.4749677,0.8197042,-1.188786,3.602447,-1.28779E-05,0,0.4269441,0.8529253,-1.22019,0,-14.88064,1.249918,0.4427531,0.8083133,-1.192286,22.10153,20.29016,-6.538431,0.4649997,0.7684716,-1.190441,20.78692,-5.796728E-05,0,0.4857084,0.749772,-1.193743,13.86638,-3.967404E-05,0,0.4240252,0.8481359,-1.22922,0,-7.569514E-06,0,0.435672,0.7982504,-1.213731,17.91601,13.00542,-1.495671,0.4549964,0.755572,-1.215531,25.31799,7.176915E-06,0,0.4774499,0.7353016,-1.221952,16.89396,1.745208E-05,0,0.420688,0.8445908,-1.238971,3.069309,14.87364,-2.900633,0.4299496,0.7942109,-1.237288,12.52861,-1.382966,-0.03426402,0.4468576,0.7538204,-1.237961,26.28321,2.080358E-05,0,0.4675292,0.7350925,-1.242387,17.53927,9.742977E-06,-0.01978234,0.4173076,0.8437163,-1.248039,7.703191,29.67834,-7.04378,0.4243348,0.7975081,-1.259196,8.204395,-12.3603,-8.5784,0.436383,0.7642616,-1.261466,26.41126,2.042954E-06,0,0.4524154,0.7489625,-1.263702,17.6249,-3.167975E-06,0,0.8695801,0.8727381,-1.156227,40.76526,-8.69169,85.93257,0.849529,0.8390709,-1.161212,30.33836,25.8174,-14.29905,0.8530008,0.8112432,-1.171818,18.04864,4.310295E-06,0,0.8764454,0.8671934,-1.165875,0,-14.88068,1.249918,0.8775067,0.8149155,-1.149002,54.44014,22.7066,-7.661396,0.8590283,0.7809478,-1.1733,28.97302,-2.246361E-05,0,0.8409297,0.7715825,-1.192643,19.33834,-2.42416E-05,0,0.8819999,0.8660209,-1.174863,0,4.703842E-06,0,0.8902946,0.8133644,-1.170105,58.90048,11.27045,-7.97708,0.865274,0.7829828,-1.195582,34.99052,1.100518E-05,0,0.8402014,0.7794174,-1.213329,23.36762,6.579972E-06,0,0.8874983,0.8662849,-1.184269,3.069245,14.8737,-2.900701,0.8996021,0.8171728,-1.19253,59.63063,2.333236,-7.205139,0.8724781,0.79119,-1.215045,22.07226,-1.603608E-05,0,0.8488633,0.7832634,-1.228354,14.725,-1.288402E-05,0,0.8918685,0.8688098,-1.192572,7.703165,29.67845,-7.043725,0.9056283,0.8271565,-1.212186,52.75346,-5.872818,-15.24955,0.8851923,0.8039305,-1.229465,22.11226,-0.0001209222,0,0.8664517,0.7945374,-1.236992,14.7517,-9.751036E-05,0
3433,0.6487426,0.9270743,-1.230152,-0.3593647,0.1405883,-0.393167,0.6456435,1.288084,-1.266082,-0.6786853,1.079583,-0.05233916,0.6444902,1.596411,-1.252661,10.18107,-5.226461,6.742791,0.56866,0.9268813,-1.230703,1.044927,-0.8749688,-2.767394,0.5761766,0.4998598,-1.225549,6.839482,-0.02158519,0.04423466,0.5810905,0.07423636,-1.271336,6.244159,-1.070765,-7.395207,0.7288252,0.9272674,-1.229601,0.2846186,-0.7488965,-0.1370561,0.7242761,0.5001733,-1.230202,5.66282,0.02323501,-0.08392937,0.7209243,0.07422721,-1.273034,5.735315,-0.8048179,-6.076316,0.5737147,1.409501,-1.245781,-14.91987,0.4171271,-0.8199606,0.4451649,1.408455,-1.280186,-10.46732,15.83546,-58.41743,0.4099112,1.152843,-1.283339,13.07313,-7.787247E-05,-25.56496,0.7129005,1.412122,-1.245612,-13.71743,3.53161,0.3064671,0.8417915,1.423121,-1.276853,5.41537,2.908518,-52.84044,0.878058,1.169006,-1.250383,10.74052,-0.0001194129,-8.941515,0.4165365,0.8719739,-1.240771,8.050106,-11.76866,0.8308656,0.8836825,0.8935539,-1.180829,-2.403466,12.03675,0.2533378,0.4304819,0.8624394,-1.210488,43.07314,-20.69437,86.4157,0.4640396,0.8448286,-1.199347,6.494677,33.93668,-3.636527,0.4762999,0.819931,-1.188002,3.589924,-3.512897E-05,0,0.428138,0.8530648,-1.219296,0,-14.88066,1.250075,0.4440677,0.8085102,-1.191368,22.09409,20.28625,-6.560138,0.4663424,0.7686841,-1.189525,20.8287,-7.089457E-05,0,0.4870637,0.7500054,-1.192866,13.89431,-6.566157E-05,0,0.425192,0.8482582,-1.228308,0,-1.981878E-05,0,0.4369214,0.7984064,-1.212773,17.9043,13.00297,-1.510772,0.4562595,0.7557335,-1.214559,25.35003,-2.03058E-05,0,0.4787125,0.7354752,-1.221019,16.9154,-1.65042E-05,0,0.4218246,0.8446945,-1.238041,3.069245,14.87364,-2.900701,0.431123,0.7943233,-1.236304,12.52128,-1.383774,-0.02797646,0.4480491,0.7539401,-1.236961,26.2956,-1.931562E-05,0,0.4687191,0.7352194,-1.241425,17.54756,-2.630866E-05,0,0.4184145,0.8438024,-1.247096,7.703165,29.67836,-7.043752,0.4254332,0.7975796,-1.258198,8.207841,-12.36145,-8.586776,0.4374965,0.7643375,-1.260452,26.41556,-2.988805E-05,0,0.4535331,0.7490466,-1.262714,17.62777,-3.224499E-05,0,0.8721876,0.8727881,-1.155548,40.72417,-8.87119,86.02541,0.8523623,0.8389633,-1.160366,30.5723,25.76027,-14.39923,0.8560318,0.8111793,-1.17102,18.19459,-3.734274E-07,0,0.8790579,0.8673114,-1.165231,0,-14.88066,1.249918,0.8806225,0.8150249,-1.148424,54.34431,22.48487,-7.766297,0.8622256,0.7808776,-1.172532,29.06504,-8.836882E-06,0,0.8440273,0.771382,-1.191717,19.3999,-1.211373E-05,0,0.8845841,0.8661951,-1.174244,0,2.022927E-07,0,0.8933341,0.8136038,-1.169583,58.73903,11.02763,-8.091482,0.8684111,0.7829214,-1.194794,35.27017,-0.0001213572,0,0.8431892,0.7792118,-1.212297,23.55502,-9.12699E-05,0,0.8900406,0.8665154,-1.183673,3.069245,14.87368,-2.900701,0.9025155,0.8175147,-1.192042,59.18443,2.230327,-7.46327,0.8757023,0.7910566,-1.214375,22.42698,4.292787E-05,0,0.8520703,0.7828714,-1.227495,14.96194,1.999268E-05,0,0.8943549,0.8690858,-1.191991,7.703165,29.67841,-7.04378,0.9083765,0.8275701,-1.211712,52.66954,-5.998514,-15.42906,0.8880821,0.8041303,-1.228868,21.9931,-0.0001410321,0,0.8694212,0.794502,-1.236295,14.6721,-0.0001081041,0
3467,0.6490938,0.9270836,-1.23007,-0.3189811,0.1442335,-0.5664824,0.6460823,1.288066,-1.266131,-0.6849989,1.086101,-0.2046302,0.6448299,1.596397,-1.252709,10.13609,-5.181084,6.674912,0.5690132,0.9268864,-1.230864,1.022782,-0.8347369,-2.774529,0.576235,0.4998618,-1.225558,6.860041,-0.02130827,0.04423466,0.5809953,0.0742375,-1.271354,6.258242,-0.9960007,-7.300116,0.7291744,0.9272808,-1.229277,0.1897456,-0.7827902,-0.07912937,0.7244005,0.50019,-1.230294,5.589248,0.02258889,-0.08156469,0.7208948,0.07423171,-1.272992,5.710554,-0.8398886,-6.108847,0.5740913,1.409475,-1.245996,-14.90128,0.4437181,-0.8393012,0.4456186,1.408485,-1.28069,-10.03352,15.51933,-58.2673,0.410686,1.152822,-1.28333,13.02175,-8.060112E-05,-25.43806,0.7132759,1.412107,-1.245468,-13.73614,3.461146,0.3051875,0.8422487,1.422959,-1.276421,5.055166,3.42005,-52.66858,0.8795913,1.168995,-1.249997,10.7218,-0.0001012569,-9.783015,0.4172349,0.8720477,-1.240133,8.074699,-11.75441,0.8325126,0.8864899,0.8935519,-1.180522,-2.058045,12.12098,0.2176059,0.4310883,0.8625752,-1.209788,43.07626,-20.69296,86.4049,0.4646206,0.8450036,-1.19851,6.484464,33.94231,-3.631355,0.4768572,0.820133,-1.18708,3.584083,-3.627399E-05,0,0.4287776,0.8531835,-1.218586,0,-14.88065,1.250075,0.4446417,0.8086877,-1.190528,22.08231,20.28342,-6.594069,0.4669263,0.7688745,-1.188535,20.88022,-1.57016E-06,0,0.4876827,0.7502173,-1.191777,13.9287,-7.06858E-06,0,0.4258631,0.8483591,-1.227599,0,-1.130881E-05,0,0.4375696,0.7985417,-1.211937,17.89253,13.00055,-1.521228,0.4569293,0.7558728,-1.213579,25.38096,-3.429854E-05,0,0.4794215,0.7356235,-1.21993,16.93608,-3.562865E-05,0,0.4225288,0.8447761,-1.237337,3.069309,14.87364,-2.900768,0.4318488,0.7944131,-1.235479,12.51188,-1.385868,-0.02797646,0.4487929,0.7540356,-1.236006,26.31662,1.762217E-05,0,0.4694911,0.7353225,-1.24037,17.56163,3.266075E-06,0,0.4191483,0.8438659,-1.246401,7.703191,29.67835,-7.043752,0.4262274,0.7976271,-1.257398,8.221895,-12.36392,-8.575583,0.4383239,0.7643905,-1.259554,26.38661,9.746489E-05,0,0.4543717,0.7491001,-1.261737,17.60842,5.977445E-05,0,0.8753023,0.8727207,-1.155157,40.7194,-9.047439,86.12498,0.8552347,0.8390016,-1.159705,30.85321,25.87005,-14.60937,0.8587233,0.8112504,-1.170505,18.33993,2.897205E-06,0,0.8820055,0.8672605,-1.164966,0,-14.88067,1.249918,0.8836325,0.8148979,-1.148403,54.23004,22.27464,-8.13943,0.8646667,0.7808554,-1.172217,29.20613,1.996941E-05,0,0.8460045,0.7715096,-1.191026,19.4943,1.480035E-05,0,0.8873907,0.8661625,-1.174065,0,2.137036E-06,0,0.8960177,0.8135207,-1.169758,58.65958,10.84871,-8.583252,0.8705531,0.7829679,-1.194582,35.40118,0.0002014704,0,0.8449224,0.7794063,-1.211513,23.64283,0.000131041,0,0.8927054,0.8665031,-1.183574,3.069245,14.87369,-2.900701,0.904873,0.8174937,-1.192336,58.69181,2.187677,-7.403772,0.8778632,0.7909371,-1.214312,23.10698,2.614086E-05,0,0.8539518,0.7829633,-1.227052,15.4163,2.195537E-05,0,0.8969028,0.8690932,-1.191946,7.703139,29.67843,-7.04378,0.9104729,0.8276114,-1.21205,52.4896,-6.042633,-15.38762,0.8899157,0.8042374,-1.228982,22.20247,3.443486E-05,0,0.871099,0.7947074,-1.236138,14.81197,2.527054E-05,0
3500,0.6494534,0.9270734,-1.22997,-0.2825486,0.1554395,-0.7295417,0.6464906,1.288032,-1.266205,-0.6696879,1.094141,-0.3674413,0.6451288,1.596366,-1.252851,10.14189,-5.13622,6.568592,0.5693755,0.9268612,-1.230991,1.037598,-0.7888535,-2.782701,0.5763155,0.499837,-1.225286,6.945429,-0.002050094,0.02797646,0.5807658,0.07423496,-1.271319,6.300954,-0.904642,-7.217272,0.7295313,0.9272856,-1.228949,0.1027921,-0.8204516,0,0.7245646,0.5001981,-1.230358,5.523432,0.02215054,-0.07401875,0.7209301,0.07423073,-1.272956,5.691577,-0.8723412,-6.134881,0.5744296,1.409437,-1.246301,-14.88537,0.4391792,-0.8602557,0.4460468,1.408415,-1.281325,-9.951077,15.51247,-58.34782,0.411185,1.15274,-1.28368,13.08102,-7.754122E-05,-25.77553,0.713612,1.412085,-1.245377,-13.7579,3.453454,0.324455,0.842661,1.422926,-1.276015,4.795506,3.660195,-52.58552,0.8805327,1.169017,-1.249817,10.56483,-0.000120327,-10.49732,0.4179612,0.8720597,-1.239909,8.008297,-11.72109,0.8232948,0.8884813,0.8933897,-1.18119,-1.520327,11.95017,0.1582588,0.4316017,0.8626471,-1.209449,43.08138,-20.68832,86.39759,0.4650651,0.8451172,-1.197905,6.471842,33.9562,-3.625473,0.4772311,0.8202726,-1.186343,3.576591,-1.659851E-05,0,0.4293606,0.8532393,-1.218248,0,-14.88062,1.249918,0.4450509,0.8088011,-1.190002,22.07654,20.27908,-6.629068,0.4673446,0.7690052,-1.187776,20.91119,-2.347168E-05,0,0.4881462,0.7503675,-1.190834,13.94943,-1.789112E-05,0,0.4265143,0.8483979,-1.227274,0,-2.285703E-07,0,0.4381397,0.7986144,-1.211444,17.8829,12.99778,-1.529055,0.457533,0.7559531,-1.212869,25.40536,1.308982E-05,0,0.4800894,0.7357146,-1.219024,16.95239,1.191614E-05,0,0.4232525,0.8447964,-1.237029,3.069245,14.87364,-2.900701,0.4325914,0.7944427,-1.235019,12.50875,-1.389,-0.03426402,0.4495635,0.7540749,-1.235354,26.31808,-1.897947E-06,0,0.470305,0.7353679,-1.239534,17.5626,-5.758518E-06,0,0.4199379,0.8438687,-1.246116,7.703165,29.67834,-7.043725,0.4271259,0.7976162,-1.256983,8.253047,-12.36738,-8.559949,0.4392766,0.7643906,-1.258999,26.30898,8.508342E-06,0,0.4553369,0.7490939,-1.261042,17.55652,4.676559E-06,0,0.8773817,0.8725323,-1.155808,40.68623,-9.192928,86.22446,0.8569561,0.8390087,-1.160204,31.07929,25.91825,-14.7594,0.8601568,0.8112799,-1.171149,18.46335,-7.784802E-09,0,0.883935,0.8670626,-1.165712,0,-14.88066,1.249918,0.8852869,0.8146089,-1.149415,54.17384,22.1257,-8.490678,0.8657159,0.7808113,-1.173088,29.24533,1.577265E-05,0,0.8466749,0.7716981,-1.19163,19.52053,9.502359E-06,0,0.8892151,0.8659627,-1.174873,0,-7.027969E-07,0,0.8974358,0.8132293,-1.170905,58.66459,10.75575,-9.154871,0.8714046,0.7830073,-1.195545,35.42413,7.114616E-06,0,0.8454543,0.7797135,-1.212038,23.65821,-9.719309E-06,0,0.8944327,0.866304,-1.184435,3.069245,14.87368,-2.900701,0.9060881,0.8172356,-1.193556,58.35775,2.148989,-7.343688,0.8787793,0.7908168,-1.215328,23.65438,-5.388935E-06,0,0.8546159,0.7831948,-1.227804,15.78208,3.615777E-06,0,0.8985643,0.8688986,-1.192838,7.703165,29.67841,-7.043752,0.9115678,0.8274002,-1.21328,52.38748,-6.0874,-15.21721,0.8906776,0.8042328,-1.230088,22.30472,6.597996E-05,0,0.871703,0.7949031,-1.237089,14.88025,3.971487E-05,0
3533,0.649886,0.9270566,-1.229862,-0.2486604,0.1702621,-0.8908735,0.6469705,1.287994,-1.2663,-0.6382713,1.097225,-0.5267473,0.6455197,1.596334,-1.253087,10.16165,-5.083717,6.448227,0.5698112,0.9268241,-1.231108,1.066612,-0.735706,-2.802886,0.5764402,0.4998016,-1.224929,7.064192,-0.02047546,0.02797646,0.5808152,0.07424426,-1.271381,6.364856,-0.8485085,-7.142349,0.7299607,0.9272891,-1.228616,0.02797646,-0.8609553,0.03426402,0.7248088,0.5002049,-1.23032,5.484872,0.02187853,-0.07132626,0.7210627,0.07423908,-1.272923,5.685824,-0.9044972,-6.174952,0.5748519,1.409407,-1.246656,-14.88952,0.3898539,-0.8835954,0.4465709,1.408251,-1.282047,-10.12421,15.71281,-58.4944,0.4116427,1.152585,-1.284408,13.19636,-8.374964E-05,-25.95048,0.714031,1.412059,-1.245346,-13.77566,3.466751,0.3165179,0.8431527,1.422919,-1.27567,4.628127,3.651948,-52.19041,0.8808953,1.168922,-1.250145,10.50539,-0.0001071627,-10.95228,0.418747,0.8719746,-1.240241,7.955,-11.7129,0.8173313,0.8890808,0.8931048,-1.182314,-1.442929,11.76227,0.1467098,0.4323016,0.8626169,-1.209726,43.08673,-20.68803,86.39601,0.4657441,0.8451307,-1.198056,6.48035,33.96477,-3.631139,0.4778911,0.8203093,-1.186425,3.580859,-8.122018E-06,0,0.430094,0.8531944,-1.218518,0,-14.88062,1.249918,0.4457304,0.8088093,-1.190159,22.07415,20.27776,-6.642456,0.4680449,0.7690325,-1.187804,20.93049,-5.141997E-05,0,0.4888752,0.7504122,-1.190773,13.9623,-4.663106E-05,0,0.4272786,0.8483377,-1.227545,0,6.065746E-08,0,0.4388918,0.7985861,-1.211607,17.87602,12.99583,-1.529183,0.4583161,0.7559349,-1.212906,25.42143,1.706844E-06,0.01978234,0.4809093,0.7357076,-1.218963,16.96314,6.966749E-06,0,0.4240492,0.8447194,-1.237305,3.069245,14.87364,-2.900633,0.4334182,0.7943755,-1.235193,12.50629,-1.392085,-0.03956468,0.4504194,0.7540192,-1.235413,26.31632,3.576295E-05,0,0.4711865,0.7353199,-1.239499,17.56142,2.1522E-05,0,0.4207629,0.8437759,-1.246401,7.703139,29.67834,-7.043752,0.4280173,0.7975127,-1.257178,8.244954,-12.36033,-8.557104,0.4401925,0.7642911,-1.25911,26.33576,0.0001155845,0,0.4562744,0.7490082,-1.261085,17.5744,7.310838E-05,0,0.8781809,0.8722935,-1.156808,40.6425,-9.300261,86.25644,0.8575327,0.8388668,-1.160891,31.17427,25.9592,-14.83318,0.8604997,0.8111163,-1.171847,18.5116,5.445705E-06,0,0.8845889,0.866795,-1.166791,0,-14.88067,1.249918,0.8858755,0.8143295,-1.150526,54.10117,22.0424,-8.719833,0.8658373,0.7805985,-1.173901,29.37842,-4.623604E-05,0,0.8464544,0.7716081,-1.192146,19.60957,-3.312772E-05,0,0.8897543,0.8656723,-1.176014,0,3.203605E-06,0,0.8977612,0.8128976,-1.172159,58.70286,10.70989,-9.558125,0.8712503,0.7828314,-1.196477,35.46134,0.0002209557,0,0.8450118,0.7796786,-1.212535,23.68316,0.0001623224,0,0.8948595,0.8659912,-1.185638,3.069309,14.87369,-2.900633,0.9061633,0.8168691,-1.194911,58.19342,2.086264,-7.348976,0.8785308,0.7904856,-1.216313,23.99629,1.14974E-06,0,0.8541347,0.7830544,-1.228448,16.01056,-4.310114E-06,0,0.8989037,0.8685684,-1.194088,7.703165,29.67843,-7.043752,0.9114583,0.8270135,-1.214695,52.34946,-6.147137,-15.06136,0.8902656,0.8039249,-1.23123,22.29013,-0.0001758699,0,0.8711703,0.7946811,-1.238014,14.87053,-0.000124668,0
3567,0.6503299,0.9270467,-1.229632,-0.2220564,0.1812339,-1.036843,0.6474792,1.287967,-1.266247,-0.6081289,1.09523,-0.6590852,0.6459728,1.596316,-1.253197,10.15368,-5.033446,6.363562,0.5702587,0.926799,-1.231082,1.077745,-0.6870065,-2.827778,0.5765846,0.4997762,-1.224613,7.144711,-0.0201481,0,0.5807472,0.07425106,-1.271378,6.413467,-0.783922,-7.087121,0.7304012,0.9272943,-1.228182,-0.03426402,-0.8997732,0.06852804,0.7250506,0.500214,-1.230217,5.449926,0.02184681,-0.0656106,0.7211822,0.07425597,-1.272887,5.687926,-0.9380685,-6.22044,0.5753227,1.409394,-1.246828,-14.90821,0.375916,-0.8967844,0.4471357,1.408196,-1.282557,-10.20606,15.75897,-58.57688,0.412292,1.15252,-1.285064,13.27547,-7.957478E-05,-26.08488,0.7144988,1.412038,-1.245199,-13.79959,3.507945,0.2790645,0.8436705,1.422971,-1.275282,4.608405,3.462097,-51.47235,0.8809454,1.168828,-1.250536,10.53818,-0.0001009832,-10.84161,0.4197102,0.8719444,-1.240731,7.889065,-11.73387,0.8118062,0.8889502,0.8929138,-1.18308,-1.761698,11.60569,0.1791368,0.4331606,0.8626329,-1.210155,43.09022,-20.68722,86.41158,0.4665742,0.8451858,-1.198345,6.505507,33.97597,-3.646314,0.4786916,0.8203822,-1.186645,3.594285,-5.784939E-06,0,0.4309917,0.8531983,-1.218944,0,-14.88063,1.250075,0.4465567,0.8088583,-1.190475,22.07582,20.27931,-6.642663,0.4688913,0.7691005,-1.187993,20.94589,-4.673514E-05,0,0.4897499,0.7504972,-1.190868,13.97257,-2.924418E-05,0,0.4282126,0.8483288,-1.227975,0,-5.317636E-06,0,0.4398032,0.7986046,-1.211935,17.86875,12.99333,-1.527134,0.4592587,0.7559639,-1.213109,25.43472,1.964549E-05,0,0.4818904,0.7357484,-1.219059,16.97203,6.235312E-06,0,0.4250211,0.8446965,-1.237743,3.069309,14.87364,-2.900768,0.4344183,0.7943619,-1.235536,12.50997,-1.391987,-0.03426402,0.4514514,0.7540186,-1.235647,26.29712,3.779326E-05,0,0.4722414,0.7353235,-1.239635,17.54861,3.060907E-05,0,0.4217685,0.8437399,-1.246849,7.703191,29.67834,-7.043725,0.4290949,0.797469,-1.257544,8.251549,-12.35217,-8.565156,0.4413032,0.7642552,-1.259399,26.32484,3.661559E-05,0,0.4574015,0.7489799,-1.261298,17.56711,1.895829E-05,0,0.8782911,0.8721946,-1.157398,40.58973,-9.380787,86.26939,0.8576385,0.8387266,-1.161104,31.18108,25.94735,-14.83096,0.860527,0.8109207,-1.171939,18.51758,2.605679E-06,0,0.8846149,0.8666617,-1.167415,0,-14.88068,1.250075,0.8860838,0.814261,-1.150958,54.0526,21.98788,-8.858207,0.8658528,0.7803992,-1.173975,29.50978,-8.013719E-05,0,0.8462604,0.7713588,-1.19197,19.69747,-5.282924E-05,0,0.8896996,0.8655066,-1.176679,0,5.043248E-06,0,0.8977793,0.8127531,-1.17269,58.73939,10.68725,-9.829754,0.8710495,0.7825931,-1.196649,35.54162,0.0003036789,0,0.8446162,0.7793985,-1.212376,23.73697,0.0002096718,0,0.8947195,0.8657915,-1.186349,3.069309,14.8737,-2.900701,0.9059776,0.8166416,-1.19553,58.10868,2.001511,-7.298799,0.878194,0.790089,-1.216524,24.2598,2.963272E-06,0,0.8536508,0.7826647,-1.228362,16.18668,3.326718E-06,0,0.8986872,0.8683385,-1.194845,7.703165,29.67846,-7.043808,0.9110905,0.8267123,-1.215399,52.36163,-6.222338,-15.00934,0.8897544,0.8035293,-1.231615,22.13634,5.062049E-06,0,0.8706312,0.7942019,-1.238203,14.76778,2.794108E-06,0
