Timestamp,Pelvis_position_x,Pelvis_position_y,Pelvis_position_z,Pelvis_extension,Pelvis_lateral_flexion_rotation,Pelvis_axial_rotation,Chest_position_x,Chest_position_y,Chest_position_z,Thorax_extension,Thorax_lateral_flexion_rotation,Thorax_axial_rotation,Head_position_x,Head_position_y,Head_position_z,Neck_flexion,Neck_left-ward_tilt,Neck_right-ward_rotation,LeftUpperLeg_position_x,LeftUpperLeg_position_y,LeftUpperLeg_position_z,LeftHip_flexion,LeftHip_adduction,LeftHip_external_rotation,LeftLowerLeg_position_x,LeftLowerLeg_position_y,LeftLowerLeg_position_z,LeftKnee_flexion,LeftKnee_adduction,LeftKnee_external_rotation,LeftFoot_position_x,LeftFoot_position_y,LeftFoot_position_z,LeftAnkle_dorsiflexion,LeftAnkle_inversion,LeftAnkle_internal_rotation,RightUpperLeg_position_x,RightUpperLeg_position_y,RightUpperLeg_position_z,RightHip_flexion,RightHip_adduction,RightHip_external_rotation,RightLowerLeg_position_x,RightLowerLeg_position_y,RightLowerLeg_position_z,RightKnee_flexion,RightKnee_adduction,RightKnee_external_rotation,RightFoot_position_x,RightFoot_position_y,RightFoot_position_z,RightAnkle_dorsiflexion,RightAnkle_inversion,RightAnkle_internal_rotation,LeftShoulder_position_x,LeftShoulder_position_y,LeftShoulder_position_z,LeftScapula_protraction,LeftScapula_medial_rotation,LeftScapula_posterior_tilt,LeftUpperArm_position_x,LeftUpperArm_position_y,LeftUpperArm_position_z,LeftShoulder_flexion,LeftShoulder_abduction,LeftShoulder_external_rotation,LeftForeArm_position_x,LeftForeArm_position_y,LeftForeArm_position_z,LeftElbow_flexion,LeftElbow_abduction,LeftElbow_pronation,RightShoulder_position_x,RightShoulder_position_y,RightShoulder_position_z,RightScapula_protraction,RightScapula_medial_rotation,RightScapula_posterior_tilt,RightUpperArm_position_x,RightUpperArm_position_y,RightUpperArm_position_z,RightShoulder_flexion,RightShoulder_abduction,RightShoulder_external_rotation,RightForeArm_position_x,RightForeArm_position_y,RightForeArm_position_z,RightElbow_flexion,RightElbow_abduction,RightElbow_pronation,LeftHand_position_x,LeftHand_position_y,LeftHand_position_z,LeftWrist_flexion,LeftWrist_adduction,LeftWrist_pronation,RightHand_position_x,RightHand_position_y,RightHand_position_z,RightWrist_flexion,RightWrist_adduction,RightWrist_pronation,LeftDigit1MetaCarpal_position_x,LeftDigit1MetaCarpal_position_y,LeftDigit1MetaCarpal_position_z,LeftDigit1Carpometacarpal_flexion,LeftDigit1Carpometacarpal_ulnarDeviation,LeftDigit1Carpometacarpal_pronation,LeftDigit1ProximalPhalangx_position_x,LeftDigit1ProximalPhalangx_position_y,LeftDigit1ProximalPhalangx_position_z,LeftDigit1Metacarpophalangeal_flexion,LeftDigit1Metacarpophalangeal_ulnarDeviation,LeftDigit1Metacarpophalangeal_pronation,LeftDigit1DistalPhalanx_position_x,LeftDigit1DistalPhalanx_position_y,LeftDigit1DistalPhalanx_position_z,LeftDigit1Interphalangeal_flexion,LeftDigit1Interphalangeal_ulnarDeviation,LeftDigit1Interphalangeal_pronation,LeftDigit2MetaCarpal_position_x,LeftDigit2MetaCarpal_position_y,LeftDigit2MetaCarpal_position_z,LeftDigit2Carpometacarpal_flexion,LeftDigit2Carpometacarpal_ulnarDeviation,LeftDigit2Carpometacarpal_pronation,LeftDigit2ProximalPhalangx_position_x,LeftDigit2ProximalPhalangx_position_y,LeftDigit2ProximalPhalangx_position_z,LeftDigit2Metacarpophalangeal_flexion,LeftDigit2Metacarpophalangeal_ulnarDeviation,LeftDigit2Metacarpophalangeal_pronation,LeftDigit2IntermediatePhalanx_position_x,LeftDigit2IntermediatePhalanx_position_y,LeftDigit2IntermediatePhalanx_position_z,LeftDigit2ProximalInterphalangeal_flexion,LeftDigit2ProximalInterphalangeal_ulnarDeviation,LeftDigit2ProximalInterphalangeal_pronation,LeftDigit2DistalPhalanx_position_x,LeftDigit2DistalPhalanx_position_y,LeftDigit2DistalPhalanx_position_z,LeftDigit2DistalInterphalangeal_flexion,LeftDigit2DistalInterphalangeal_ulnarDeviation,LeftDigit2DistalInterphalangeal_pronation,LeftDigit3MetaCarpal_position_x,LeftDigit3MetaCarpal_position_y,LeftDigit3MetaCarpal_position_z,LeftDigit3Carpometacarpal_flexion,LeftDigit3Carpometacarpal_ulnarDeviation,LeftDigit3Carpometacarpal_pronation,LeftDigit3ProximalPhalangx_position_x,LeftDigit3ProximalPhalangx_position_y,LeftDigit3ProximalPhalangx_position_z,LeftDigit3Metacarpophalangeal_flexion,LeftDigit3Metacarpophalangeal_ulnarDeviation,LeftDigit3Metacarpophalangeal_pronation,LeftDigit3IntermediatePhalanx_position_x,LeftDigit3IntermediatePhalanx_position_y,LeftDigit3IntermediatePhalanx_position_z,LeftDigit3ProximalInterphalangeal_flexion,LeftDigit3ProximalInterphalangeal_ulnarDeviation,LeftDigit3ProximalInterphalangeal_pronation,LeftDigit3DistalPhalanx_position_x,LeftDigit3DistalPhalanx_position_y,LeftDigit3DistalPhalanx_position_z,LeftDigit3DistalInterphalangeal_flexion,LeftDigit3DistalInterphalangeal_ulnarDeviation,LeftDigit3DistalInterphalangeal_pronation,LeftDigit4MetaCarpal_position_x,LeftDigit4MetaCarpal_position_y,LeftDigit4MetaCarpal_position_z,LeftDigit4Carpometacarpal_flexion,LeftDigit4Carpometacarpal_ulnarDeviation,LeftDigit4Carpometacarpal_pronation,LeftDigit4ProximalPhalangx_position_x,LeftDigit4ProximalPhalangx_position_y,LeftDigit4ProximalPhalangx_position_z,LeftDigit4Metacarpophalangeal_flexion,LeftDigit4Metacarpophalangeal_ulnarDeviation,LeftDigit4Metacarpophalangeal_pronation,LeftDigit4IntermediatePhalanx_position_x,LeftDigit4IntermediatePhalanx_position_y,LeftDigit4IntermediatePhalanx_position_z,LeftDigit4ProximalInterphalangeal_flexion,LeftDigit4ProximalInterphalangeal_ulnarDeviation,LeftDigit4ProximalInterphalangeal_pronation,LeftDigit4DistalPhalanx_position_x,LeftDigit4DistalPhalanx_position_y,LeftDigit4DistalPhalanx_position_z,LeftDigit4DistalInterphalangeal_flexion,LeftDigit4DistalInterphalangeal_ulnarDeviation,LeftDigit4DistalInterphalangeal_pronation,LeftDigit5MetaCarpal_position_x,LeftDigit5MetaCarpal_position_y,LeftDigit5MetaCarpal_position_z,LeftDigit5Carpometacarpal_flexion,LeftDigit5Carpometacarpal_ulnarDeviation,LeftDigit5Carpometacarpal_pronation,LeftDigit5ProximalPhalangx_position_x,LeftDigit5ProximalPhalangx_position_y,LeftDigit5ProximalPhalangx_position_z,LeftDigit5Metacarpophalangeal_flexion,LeftDigit5Metacarpophalangeal_ulnarDeviation,LeftDigit5Metacarpophalangeal_pronation,LeftDigit5IntermediatePhalanx_position_x,LeftDigit5IntermediatePhalanx_position_y,LeftDigit5IntermediatePhalanx_position_z,LeftDigit5ProximalInterphalangeal_flexion,LeftDigit5ProximalInterphalangeal_ulnarDeviation,LeftDigit5ProximalInterphalangeal_pronation,LeftDigit5DistalPhalanx_position_x,LeftDigit5DistalPhalanx_position_y,LeftDigit5DistalPhalanx_position_z,LeftDigit5DistalInterphalangeal_flexion,LeftDigit5DistalInterphalangeal_ulnarDeviation,LeftDigit5DistalInterphalangeal_pronation,RightDigit1MetaCarpal_position_x,RightDigit1MetaCarpal_position_y,RightDigit1MetaCarpal_position_z,RightDigit1Carpometacarpal_flexion,RightDigit1Carpometacarpal_ulnarDeviation,RightDigit1Carpometacarpal_pronation,RightDigit1ProximalPhalangx_position_x,RightDigit1ProximalPhalangx_position_y,RightDigit1ProximalPhalangx_position_z,RightDigit1Metacarpophalangeal_flexion,RightDigit1Metacarpophalangeal_ulnarDeviation,RightDigit1Metacarpophalangeal_pronation,RightDigit1DistalPhalanx_position_x,RightDigit1DistalPhalanx_position_y,RightDigit1DistalPhalanx_position_z,RightDigit1Interphalangeal_flexion,RightDigit1Interphalangeal_ulnarDeviation,RightDigit1Interphalangeal_pronation,RightDigit2MetaCarpal_position_x,RightDigit2MetaCarpal_position_y,RightDigit2MetaCarpal_position_z,RightDigit2Carpometacarpal_flexion,RightDigit2Carpometacarpal_ulnarDeviation,RightDigit2Carpometacarpal_pronation,RightDigit2ProximalPhalangx_position_x,RightDigit2ProximalPhalangx_position_y,RightDigit2ProximalPhalangx_position_z,RightDigit2Metacarpophalangeal_flexion,RightDigit2Metacarpophalangeal_ulnarDeviation,RightDigit2Metacarpophalangeal_pronation,RightDigit2IntermediatePhalanx_position_x,RightDigit2IntermediatePhalanx_position_y,RightDigit2IntermediatePhalanx_position_z,RightDigit2ProximalInterphalangeal_flexion,RightDigit2ProximalInterphalangeal_ulnarDeviation,RightDigit2ProximalInterphalangeal_pronation,RightDigit2DistalPhalanx_position_x,RightDigit2DistalPhalanx_position_y,RightDigit2DistalPhalanx_position_z,RightDigit2DistalInterphalangeal_flexion,RightDigit2DistalInterphalangeal_ulnarDeviation,RightDigit2DistalInterphalangeal_pronation,RightDigit3MetaCarpal_position_x,RightDigit3MetaCarpal_position_y,RightDigit3MetaCarpal_position_z,RightDigit3Carpometacarpal_flexion,RightDigit3Carpometacarpal_ulnarDeviation,RightDigit3Carpometacarpal_pronation,RightDigit3ProximalPhalangx_position_x,RightDigit3ProximalPhalangx_position_y,RightDigit3ProximalPhalangx_position_z,RightDigit3Metacarpophalangeal_flexion,RightDigit3Metacarpophalangeal_ulnarDeviation,RightDigit3Metacarpophalangeal_pronation,RightDigit3IntermediatePhalanx_position_x,RightDigit3IntermediatePhalanx_position_y,RightDigit3IntermediatePhalanx_position_z,RightDigit3ProximalInterphalangeal_flexion,RightDigit3ProximalInterphalangeal_ulnarDeviation,RightDigit3ProximalInterphalangeal_pronation,RightDigit3DistalPhalanx_position_x,RightDigit3DistalPhalanx_position_y,RightDigit3DistalPhalanx_position_z,RightDigit3DistalInterphalangeal_flexion,RightDigit3DistalInterphalangeal_ulnarDeviation,RightDigit3DistalInterphalangeal_pronation,RightDigit4MetaCarpal_position_x,RightDigit4MetaCarpal_position_y,RightDigit4MetaCarpal_position_z,RightDigit4Carpometacarpal_flexion,RightDigit4Carpometacarpal_ulnarDeviation,RightDigit4Carpometacarpal_pronation,RightDigit4ProximalPhalangx_position_x,RightDigit4ProximalPhalangx_position_y,RightDigit4ProximalPhalangx_position_z,RightDigit4Metacarpophalangeal_flexion,RightDigit4Metacarpophalangeal_ulnarDeviation,RightDigit4Metacarpophalangeal_pronation,RightDigit4IntermediatePhalanx_position_x,RightDigit4IntermediatePhalanx_position_y,RightDigit4IntermediatePhalanx_position_z,RightDigit4ProximalInterphalangeal_flexion,RightDigit4ProximalInterphalangeal_ulnarDeviation,RightDigit4ProximalInterphalangeal_pronation,RightDigit4DistalPhalanx_position_x,RightDigit4DistalPhalanx_position_y,RightDigit4DistalPhalanx_position_z,RightDigit4DistalInterphalangeal_flexion,RightDigit4DistalInterphalangeal_ulnarDeviation,RightDigit4DistalInterphalangeal_pronation,RightDigit5MetaCarpal_position_x,RightDigit5MetaCarpal_position_y,RightDigit5MetaCarpal_position_z,RightDigit5Carpometacarpal_flexion,RightDigit5Carpometacarpal_ulnarDeviation,RightDigit5Carpometacarpal_pronation,RightDigit5ProximalPhalangx_position_x,RightDigit5ProximalPhalangx_position_y,RightDigit5ProximalPhalangx_position_z,RightDigit5Metacarpophalangeal_flexion,RightDigit5Metacarpophalangeal_ulnarDeviation,RightDigit5Metacarpophalangeal_pronation,RightDigit5IntermediatePhalanx_position_x,RightDigit5IntermediatePhalanx_position_y,RightDigit5IntermediatePhalanx_position_z,RightDigit5ProximalInterphalangeal_flexion,RightDigit5ProximalInterphalangeal_ulnarDeviation,RightDigit5ProximalInterphalangeal_pronation,RightDigit5DistalPhalanx_position_x,RightDigit5DistalPhalanx_position_y,RightDigit5DistalPhalanx_position_z,RightDigit5DistalInterphalangeal_flexion,RightDigit5DistalInterphalangeal_ulnarDeviation,RightDigit5DistalInterphalangeal_pronation
0,0.8770938,0.9267283,-1.43331,0.4454334,0.7085338,0.03956468,0.8731875,1.287197,-1.473406,-0.2130625,0.4844445,1.625701,0.8706015,1.595948,-1.46593,6.67597,0.1344495,0.9932752,0.7970152,0.9257385,-1.433245,-0.03956468,0.3659702,-1.958048,0.7995688,0.4986382,-1.430219,8.051642,-0.001460203,0,0.7994038,0.07432899,-1.487119,7.783438,-0.6082014,-8.433985,0.9571724,0.9277182,-1.433374,-1.752677,-2.682322,2.031918,0.9424497,0.5009639,-1.443091,4.654547,-0.0004872734,0,0.9270868,0.07544628,-1.487528,5.74965,-2.509372,-6.678408,0.8031099,1.409514,-1.452052,-15.73318,-0.1513327,0.7300779,0.6740532,1.408192,-1.484494,-5.342288,12.93164,-41.60623,0.6305872,1.153902,-1.478348,12.41387,-6.078246E-05,-19.46174,0.9422596,1.410705,-1.455997,-15.58241,1.536717,-1.340859,1.069301,1.415495,-1.495336,-5.289613,11.6728,-48.23867,1.114012,1.161381,-1.499517,11.59919,-0.0001090744,-15.06883,0.6121225,0.8769084,-1.41771,3.525812,-6.905943,0.2121421,1.132889,0.8813123,-1.455375,6.74628,-8.136225,0.4801054,0.618287,0.8659963,-1.385377,44.08889,-13.80858,93.97533,0.6466487,0.8417875,-1.372342,16.01601,37.14061,-9.832375,0.6502436,0.8134959,-1.36309,8.47227,-2.232625E-06,0,0.6163342,0.8569052,-1.394569,0,-14.88062,1.249918,0.6196383,0.8110285,-1.364516,31.37379,22.66829,-9.561497,0.6400681,0.7702016,-1.363306,23.42808,-4.140427E-06,0,0.6612002,0.7518623,-1.365861,15.63085,-4.289316E-06,0,0.614522,0.852416,-1.404033,0,-9.52168E-07,0,0.6153857,0.8016859,-1.387009,32.94364,12.84555,-6.060066,0.6386748,0.761032,-1.388742,29.10386,4.477175E-05,0,0.6647875,0.7450107,-1.39295,19.42588,4.575241E-05,0,0.6126284,0.8492042,-1.414274,3.069245,14.87364,-2.900633,0.613757,0.7980536,-1.41126,30.22971,0.2311246,-4.8408,0.6364051,0.7605854,-1.412218,28.71402,3.633494E-05,0,0.6607944,0.746414,-1.413621,19.16504,3.36845E-05,0,0.6109609,0.8486534,-1.423831,7.703139,29.67834,-7.043752,0.6130126,0.8016934,-1.433812,21.06611,-10.79146,-2.458139,0.6275159,0.7693943,-1.435246,30.54463,-5.86302E-05,0,0.645694,0.7565304,-1.435663,20.39004,-4.492957E-05,0,1.121767,0.8687829,-1.425014,37.41436,-13.48246,78.72984,1.094153,0.8419635,-1.416151,19.81574,31.06,-10.53155,1.088329,0.8125579,-1.415585,11.25888,-5.417102E-06,0,1.1248,0.8601725,-1.434375,0,-14.88068,1.250075,1.115903,0.812788,-1.408024,25.01242,27.23277,1.958647,1.099749,0.7703661,-1.413033,21.87399,6.797124E-06,0,1.082473,0.7498688,-1.42145,14.59252,2.443624E-06,0,1.127857,0.8561739,-1.443738,0,-4.911462E-06,0,1.123151,0.8046105,-1.430203,27.259,15.44376,-2.232217,1.103696,0.7626605,-1.437937,28.82553,-5.367251E-05,0,1.080224,0.745075,-1.447742,19.23965,-3.985806E-05,0,1.131143,0.8534916,-1.453777,3.069245,14.87368,-2.900768,1.128216,0.8023248,-1.454143,22.69738,3.401151,-7.700541,1.110452,0.7629982,-1.461599,31.71607,-5.897846E-06,0,1.087411,0.7477747,-1.467515,21.17424,1.1691E-06,0,1.134176,0.8534331,-1.463008,7.703165,29.67842,-7.043752,1.132351,0.8072284,-1.476079,18.36998,-10.03069,-20.42347,1.118911,0.7749539,-1.481855,25.33774,7.154439E-06,0,1.10256,0.7598787,-1.483072,16.90719,7.909801E-06,-0.01978234
33,0.8770795,0.9267008,-1.433347,0.4528397,0.7091349,0.02797646,0.8731643,1.287164,-1.473527,-0.1928145,0.4888291,1.620879,0.8705554,1.595919,-1.466178,6.662031,0.1322052,1.010075,0.7970009,0.9257101,-1.433292,0,0.3646474,-1.968514,0.799569,0.4986114,-1.430054,8.10312,-0.00191619,0,0.7994045,0.0743252,-1.487125,7.807534,-0.6091156,-8.431795,0.9571581,0.9276916,-1.433403,-1.778943,-2.685024,2.032784,0.9424211,0.5009411,-1.443262,4.617492,-0.0004863316,0,0.9270566,0.07540959,-1.487566,5.728716,-2.510807,-6.687739,0.8030756,1.409483,-1.452224,-15.73037,-0.1682433,0.721179,0.6740205,1.408101,-1.48467,-5.362278,12.96006,-41.62723,0.6305761,1.153808,-1.478458,12.41232,-6.689768E-05,-19.26721,0.9422255,1.410684,-1.456158,-15.57854,1.53851,-1.34523,1.069272,1.415473,-1.495479,-5.277263,11.66109,-48.20815,1.113991,1.161359,-1.49958,11.61006,-0.0001243041,-15.47362,0.6121508,0.8768243,-1.417765,3.531527,-6.920732,0.2139789,1.132867,0.8813136,-1.455293,6.651779,-8.129446,0.4727124,0.6184295,0.8659149,-1.385454,44.09651,-13.81476,93.97857,0.6468303,0.8416989,-1.372518,16.0256,37.12209,-9.834353,0.650457,0.8134075,-1.363278,8.479383,-5.947669E-06,0,0.6164378,0.8568232,-1.394637,0,-14.88063,1.250075,0.6198292,0.8109504,-1.364587,31.37472,22.6501,-9.553722,0.6402482,0.7701165,-1.363433,23.42061,1.456799E-05,0,0.6613616,0.7517653,-1.366057,15.62588,4.803602E-06,0,0.6145881,0.8523331,-1.404093,0,-2.645653E-06,0,0.6154883,0.8016058,-1.387063,32.94501,12.8323,-6.096768,0.6387535,0.7609413,-1.388865,29.10468,2.769927E-05,0,0.6648463,0.7449082,-1.393152,19.42643,1.834817E-05,0,0.6126549,0.8491204,-1.414327,3.069245,14.87364,-2.900768,0.6137677,0.7979698,-1.411307,30.22529,0.2322143,-4.828036,0.6363895,0.7604877,-1.412342,28.75093,5.139634E-07,0,0.6607738,0.746317,-1.413837,19.18974,4.599408E-06,0,0.6109516,0.8485687,-1.423877,7.703165,29.67835,-7.043752,0.6129416,0.8016058,-1.433856,21.07347,-10.78434,-2.50374,0.6274265,0.7693007,-1.435344,30.53374,0.0001769547,0,0.6455952,0.7564256,-1.435819,20.38275,0.0001168174,0,1.121983,0.8688218,-1.42483,37.42322,-13.48232,78.71742,1.094445,0.8420073,-1.41572,19.79214,31.06809,-10.52065,1.088634,0.8126011,-1.415063,11.24463,-2.883068E-05,0,1.124948,0.8601997,-1.434201,0,-14.88069,1.249918,1.116272,0.8128482,-1.407718,25.01556,27.23352,1.991446,1.100096,0.7704138,-1.412546,21.85784,-6.035258E-05,0,1.082772,0.7498928,-1.420805,14.58172,-3.496225E-05,0,1.127935,0.8561893,-1.443582,0,-9.707311E-06,0,1.123353,0.8046429,-1.42994,27.29772,15.44667,-2.227916,1.103833,0.762688,-1.437482,28.76122,-1.354777E-05,0,1.080304,0.7450675,-1.447084,19.19665,-1.938176E-05,0,1.131145,0.8534945,-1.453643,3.069245,14.87368,-2.900768,1.128235,0.8023261,-1.453915,22.89171,3.380828,-7.78974,1.110298,0.7630465,-1.461203,31.30679,1.318301E-05,0,1.087274,0.7477158,-1.466902,20.90021,4.39575E-06,0,1.134107,0.8534244,-1.462897,7.703191,29.67843,-7.043752,1.1322,0.8072009,-1.475889,18.42415,-10.06545,-20.46083,1.118696,0.7749243,-1.4815,25.21273,1.073646E-05,0,1.10236,0.7598209,-1.482566,16.82363,1.271251E-06,0
67,0.8770554,0.9266599,-1.433396,0.4652019,0.711908,0.01978234,0.873133,1.287115,-1.473684,-0.1678588,0.491216,1.615194,0.8704991,1.595873,-1.466484,6.640123,0.1435693,1.017987,0.7969769,0.9256651,-1.433359,0,0.3633485,-1.989775,0.7995754,0.4985697,-1.429747,8.194841,-0.001514925,0.01978234,0.7994061,0.07432482,-1.487125,7.84938,-0.6130233,-8.433728,0.9571339,0.9276547,-1.433432,-1.956447,-2.603075,2.034709,0.9430302,0.5009131,-1.444527,4.317835,-0.0001637981,0,0.9283817,0.0752542,-1.487838,5.580053,-2.419235,-6.698376,0.8030372,1.40944,-1.452439,-15.73331,-0.170545,0.7129927,0.6739872,1.408033,-1.484904,-5.368122,12.95982,-41.65011,0.6305894,1.153734,-1.478631,12.41767,-6.159559E-05,-19.16306,0.9421872,1.410644,-1.456359,-15.56502,1.53928,-1.348862,1.069247,1.415424,-1.495639,-5.267489,11.65839,-48.18195,1.113991,1.161312,-1.49962,11.62497,-8.900381E-05,-15.33978,0.6122411,0.8767626,-1.417857,3.528143,-6.915249,0.2121421,1.132861,0.8812979,-1.455135,6.634214,-8.132942,0.4718838,0.6185822,0.8658543,-1.385558,44.09922,-13.81851,93.99607,0.6470044,0.8416348,-1.372675,16.05312,37.11814,-9.850916,0.6506426,0.8133418,-1.363445,8.494263,-1.250397E-05,0,0.6165698,0.8567623,-1.394736,0,-14.88065,1.249762,0.6200107,0.8108909,-1.36469,31.36784,22.64674,-9.515498,0.6404191,0.7700508,-1.363569,23.43495,-2.049888E-05,0,0.6615242,0.7516967,-1.366239,15.63545,-1.184463E-05,0,0.6147001,0.852272,-1.404188,0,-9.992859E-06,0,0.6156225,0.8015457,-1.387156,32.93962,12.83503,-6.054046,0.6388702,0.7608731,-1.389002,29.13328,1.570485E-05,0,0.6649541,0.7448432,-1.393354,19.44556,4.531748E-06,0,0.6127455,0.849059,-1.414418,3.069245,14.87364,-2.900768,0.6138522,0.7979083,-1.411397,30.22232,0.2314867,-4.826615,0.636461,0.7604195,-1.412473,28.77121,3.763772E-06,0,0.6608432,0.7462503,-1.414017,19.20331,-1.146482E-06,0,0.6110228,0.8485069,-1.423964,7.703191,29.67836,-7.043725,0.6129815,0.8015428,-1.433944,21.06977,-10.78488,-2.537673,0.6274537,0.7692332,-1.435457,30.54515,-4.961402E-05,0,0.64562,0.7563558,-1.435961,20.3904,-3.576793E-05,0,1.121919,0.8688211,-1.424688,37.42653,-13.48995,78.69881,1.094374,0.8420001,-1.415615,19.80734,31.06522,-10.52837,1.088575,0.8125916,-1.414959,11.25351,-2.168112E-05,0,1.124908,0.8601941,-1.434047,0,-14.88069,1.249918,1.116204,0.812856,-1.407548,25.0125,27.23124,1.950537,1.100064,0.770408,-1.412379,21.86732,3.853373E-06,0,1.082764,0.749874,-1.420655,14.58808,-6.632006E-06,0,1.127918,0.856179,-1.443418,0,-8.97183E-06,0,1.123338,0.8046394,-1.42975,27.29868,15.44365,-2.225368,1.103857,0.762668,-1.437302,28.78479,0.0001345692,0,1.080353,0.7450376,-1.446945,19.21237,8.465259E-05,0,1.131152,0.853479,-1.45347,3.069309,14.87368,-2.900633,1.128273,0.8023087,-1.453712,22.92039,3.373203,-7.790899,1.110355,0.7630227,-1.461011,31.25148,-4.847435E-07,0,1.087359,0.7476634,-1.466748,20.86321,-2.871105E-06,0,1.134134,0.8534042,-1.462717,7.703165,29.67843,-7.043752,1.132283,0.8071705,-1.475682,18.42262,-10.06642,-20.48329,1.118811,0.7748814,-1.481298,25.2231,-1.254162E-05,0,1.102485,0.7597691,-1.482384,16.83055,-7.212543E-06,0
100,0.8770546,0.9266232,-1.433442,0.477244,0.718513,0,0.8731158,1.287069,-1.473818,-0.1519511,0.4927375,1.631469,0.8704627,1.59583,-1.466712,6.636372,0.1578349,0.9915005,0.7969762,0.925619,-1.433429,0.06852804,0.3653769,-2.026227,0.7996088,0.4985279,-1.429357,8.309031,-0.00159802,0.02797646,0.7994238,0.07433549,-1.487121,7.900651,-0.6201369,-8.443107,0.9571331,0.9276274,-1.433455,-2.195974,-2.479864,2.05195,0.9440001,0.5009025,-1.44625,3.925756,-0.005773177,-0.02797646,0.9303777,0.0750874,-1.488343,5.399678,-2.282956,-6.697292,0.8030227,1.409398,-1.452589,-15.76077,-0.1842863,0.7055438,0.6739793,1.407947,-1.485079,-5.367829,12.96478,-41.66198,0.6306399,1.15364,-1.478736,12.41489,-6.750756E-05,-19.05656,0.9421717,1.410606,-1.45655,-15.51485,1.526217,-1.347991,1.069255,1.415347,-1.495757,-5.295537,11.71003,-48.13781,1.114134,1.161258,-1.499649,11.68646,-0.0001193672,-15.20775,0.6123492,0.8766788,-1.417897,3.527977,-6.911816,0.2130625,1.132991,0.8812993,-1.454808,6.635869,-8.116635,0.4710537,0.6187468,0.8657709,-1.385609,44.10119,-13.81696,94.01093,0.6471882,0.8415467,-1.372778,16.07123,37.12119,-9.863065,0.650834,0.8132522,-1.363555,8.50339,-1.174815E-05,0,0.6167158,0.8566788,-1.394783,0,-14.88062,1.250075,0.620202,0.8108084,-1.36474,31.36826,22.64441,-9.506259,0.640605,0.7699647,-1.363653,23.42373,-1.634899E-05,0,0.6616981,0.7516022,-1.36636,15.62794,-1.418328E-05,0,0.614828,0.8521884,-1.404232,0,3.480001E-07,0,0.6157709,0.8014628,-1.387198,32.94425,12.83511,-6.045946,0.6390099,0.7607872,-1.389086,29.11845,-5.449486E-06,0,0.6650792,0.7447467,-1.393486,19.43565,-5.240456E-06,0,0.6128541,0.8489752,-1.414457,3.069245,14.87364,-2.900768,0.6139559,0.7978245,-1.411435,30.22268,0.2302813,-4.838048,0.6365554,0.7603313,-1.41255,28.77795,2.291396E-05,0,0.6609338,0.7461601,-1.414134,19.20781,2.45122E-05,0,0.6111141,0.8484231,-1.424001,7.703165,29.67834,-7.043752,0.613045,0.8014579,-1.433981,21.05993,-10.78805,-2.540911,0.6275023,0.7691429,-1.435517,30.5726,0.0001734876,0,0.6456691,0.7562673,-1.436052,20.40876,0.0001167298,0,1.121984,0.8688436,-1.424375,37.43136,-13.49845,78.71896,1.094425,0.8420241,-1.41534,19.85395,31.07969,-10.55896,1.088646,0.8126117,-1.414684,11.27796,-1.064603E-05,0,1.124998,0.86021,-1.43372,0,-14.88068,1.249918,1.116251,0.8128906,-1.407203,24.99499,27.23196,1.960944,1.100149,0.7704279,-1.41203,21.92397,-6.535012E-05,0,1.082865,0.7498938,-1.420339,14.62592,-4.834511E-05,0,1.128031,0.8561882,-1.443081,0,-9.376904E-06,0,1.123439,0.8046583,-1.429381,27.31408,15.44802,-2.21302,1.103984,0.7626784,-1.436951,28.75948,9.008686E-05,0,1.080514,0.7450262,-1.446639,19.19547,5.583439E-05,0,1.131289,0.8534811,-1.453123,3.069245,14.87368,-2.900701,1.128431,0.8023095,-1.45333,22.95572,3.372534,-7.785959,1.110521,0.7630224,-1.460643,31.16763,-5.460971E-07,0,1.087559,0.7476298,-1.466424,20.80707,-7.013136E-06,0,1.134293,0.8533997,-1.462364,7.703139,29.67843,-7.04378,1.13249,0.8071545,-1.475294,18.43038,-10.0719,-20.47289,1.119038,0.7748572,-1.480912,25.21414,1.767924E-05,0,1.10272,0.7597378,-1.482023,16.82455,7.24905E-06,0
133,0.8775116,0.9265795,-1.434024,0.4833549,0.7245771,-0.02797646,0.8734965,1.28702,-1.474507,-0.1203313,0.5221873,1.642229,0.8707117,1.59578,-1.467514,6.697936,0.1328728,0.9655032,0.7974333,0.9255664,-1.43406,0.1897456,0.3964828,-2.081025,0.7998784,0.4984843,-1.42903,8.481699,-0.001396706,0,0.799439,0.07433668,-1.48712,7.943963,-0.5963076,-8.453544,0.9575899,0.9275926,-1.433988,-2.19062,-2.486945,2.118032,0.9444591,0.5008653,-1.446708,3.868119,0.0002089881,0,0.9308825,0.07499921,-1.488298,5.329067,-2.269823,-6.668122,0.8033444,1.409325,-1.453333,-15.802,-0.1660507,0.6815624,0.6743187,1.407832,-1.48589,-5.324432,12.9533,-41.64286,0.631043,1.153518,-1.479409,12.40688,-6.031193E-05,-18.88957,0.9424921,1.410602,-1.45732,-15.44533,1.465451,-1.361569,1.069618,1.415246,-1.4964,-5.443269,11.89156,-47.90694,1.114959,1.161241,-1.500472,12.01767,-0.0001122385,-14.87487,0.6127551,0.8765875,-1.418429,3.539667,-6.894394,0.2112177,1.13358,0.8814724,-1.454368,6.677233,-8.100388,0.4731261,0.6192134,0.8656793,-1.386153,44.10502,-13.81569,94.0107,0.6476753,0.8414491,-1.373379,16.07119,37.13223,-9.865497,0.6513278,0.8131538,-1.364161,8.502144,-1.112098E-05,0,0.6171619,0.8565874,-1.395322,0,-14.88063,1.250075,0.6206948,0.8107174,-1.365285,31.37925,22.63874,-9.530504,0.6410971,0.7698724,-1.364235,23.38015,2.359764E-06,0,0.6621715,0.751493,-1.366973,15.59881,-1.263931E-05,0,0.6152542,0.852097,-1.404767,0,-2.0501E-06,0,0.6162168,0.801372,-1.387733,32.94801,12.83059,-6.045978,0.6394445,0.7606918,-1.389662,29.10477,7.437277E-06,0,0.6654986,0.7446398,-1.39411,19.4265,2.517625E-06,0,0.6132593,0.8488839,-1.414989,3.069309,14.87364,-2.900633,0.614353,0.797733,-1.411967,30.22884,0.22818,-4.855872,0.6369442,0.7602361,-1.413123,28.7633,3.433252E-05,0,0.661314,0.7460547,-1.41475,19.19803,3.102808E-05,0,0.6115003,0.8483318,-1.424529,7.703191,29.67834,-7.043725,0.6133986,0.8013657,-1.434511,21.07005,-10.79305,-2.518394,0.6278498,0.769049,-1.436071,30.55157,0.0001363525,0,0.6460096,0.7561651,-1.436643,20.39468,0.0001017598,0,1.122443,0.8691406,-1.423932,37.4418,-13.51883,78.76476,1.09482,0.842388,-1.414895,19.98098,31.11496,-10.64124,1.089041,0.8129768,-1.41418,11.34498,-2.439069E-05,0,1.125487,0.8604694,-1.433233,0,-14.88069,1.249918,1.116597,0.8132576,-1.406571,24.99853,27.2239,1.933607,1.100473,0.7707914,-1.411297,21.91647,-2.635787E-05,0,1.083202,0.7502395,-1.419588,14.62093,-2.483535E-05,0,1.128554,0.8564098,-1.442567,0,-1.146346E-05,0,1.123865,0.8049356,-1.42869,27.32726,15.44006,-2.184805,1.104394,0.762948,-1.436176,28.72772,0.0001317199,0,1.080955,0.7452698,-1.445891,19.1742,8.447401E-05,0,1.131848,0.8536621,-1.452585,3.069245,14.87368,-2.900768,1.128949,0.8024924,-1.45261,23.04579,3.35367,-7.822703,1.110972,0.7632221,-1.459849,30.86668,1.435445E-05,0,1.088075,0.7477394,-1.465649,20.60558,1.576401E-06,0,1.134889,0.8535434,-1.461813,7.703191,29.67843,-7.043808,1.133098,0.8072512,-1.474576,18.47434,-10.0949,-20.45409,1.119614,0.7749532,-1.480115,25.09695,9.621046E-06,0,1.103307,0.7598242,-1.481239,16.74621,6.569559E-06,0
167,0.8779371,0.9265305,-1.434497,0.4751895,0.7184219,-0.08622923,0.873823,1.286976,-1.475096,-0.06255726,0.582591,1.652327,0.8707677,1.595733,-1.468282,6.826479,0.07995805,0.9369085,0.7978587,0.9255254,-1.43461,0.3109043,0.4154926,-2.138539,0.8001135,0.4984528,-1.428751,8.630376,-0.001215552,0,0.7994427,0.07434344,-1.487119,7.979023,-0.5733477,-8.443851,0.9580154,0.9275356,-1.434384,-2.044018,-2.506258,2.21982,0.9447095,0.5007848,-1.446093,4.107705,-0.003800524,0,0.9308418,0.07500413,-1.488454,5.438407,-2.294507,-6.630666,0.8035456,1.409227,-1.454028,-15.87795,-0.08018035,0.6355062,0.6745567,1.407766,-1.486733,-5.227085,12.90083,-41.62788,0.6313146,1.153451,-1.480055,12.40427,-7.814549E-05,-18.64537,0.9426911,1.410647,-1.458041,-15.37695,1.404816,-1.355375,1.069857,1.415246,-1.496997,-5.508012,11.97862,-46.506,1.116122,1.161423,-1.50187,13.2162,-9.358186E-05,-13.58411,0.6129779,0.8765789,-1.418829,3.565681,-6.858866,0.2139789,1.133862,0.8824427,-1.450895,6.686009,-8.114834,0.4747775,0.6195201,0.8656684,-1.38657,44.10834,-13.8154,94.00716,0.6480078,0.8414271,-1.373875,16.06893,37.13676,-9.865098,0.651673,0.8131303,-1.364667,8.50041,-1.241718E-06,0,0.6174394,0.8565773,-1.395734,0,-14.88061,1.249918,0.6210346,0.8107063,-1.365705,31.39565,22.63173,-9.524893,0.6414335,0.7698581,-1.364712,23.313,3.193174E-05,0,0.6624768,0.7514508,-1.3675,15.55394,2.052615E-05,0,0.6155037,0.8520876,-1.405173,0,5.868772E-06,0,0.6164907,0.8013625,-1.388141,32.96724,12.82345,-6.027208,0.6397092,0.7606801,-1.390132,29.03654,2.093429E-05,0,0.66573,0.7445937,-1.394651,19.38082,1.205524E-05,0,0.6134793,0.8488752,-1.415389,3.069245,14.87364,-2.900701,0.6145586,0.7977238,-1.412369,30.23453,0.2225326,-4.873109,0.6371343,0.7602193,-1.413584,28.73627,3.129793E-05,0,0.6614885,0.7460183,-1.41527,19.17994,1.515619E-05,0,0.6116937,0.8483236,-1.424924,7.703139,29.67833,-7.043752,0.6135438,0.8013564,-1.434911,21.11715,-10.78804,-2.518317,0.6280023,0.7690451,-1.436514,30.43388,0.0002557042,0,0.6461385,0.7561306,-1.437138,20.31591,0.0001871427,0,1.122625,0.8706788,-1.420272,37.39749,-13.59112,79.04939,1.094916,0.8441769,-1.41077,20.53817,30.87415,-10.88235,1.089026,0.8147985,-1.409706,11.68823,-1.6013E-05,0,1.125662,0.861837,-1.429412,0,-14.88068,1.249762,1.116573,0.8151258,-1.401948,25.02761,27.21952,2.066112,1.100313,0.7726395,-1.405972,21.82209,2.274229E-05,0,1.083029,0.751972,-1.413944,14.55786,1.116948E-05,0,1.128735,0.8576056,-1.438668,0,-5.351079E-06,0,1.123863,0.8063964,-1.423902,27.35774,15.41931,-2.194993,1.104253,0.7643542,-1.430689,28.62572,0.0001242638,0,1.080797,0.7465477,-1.440123,19.10599,7.398528E-05,0,1.132042,0.8546731,-1.44863,3.069181,14.87368,-2.900633,1.128988,0.8035198,-1.447765,23.27959,3.28404,-8.01163,1.110738,0.7642604,-1.454351,30.03027,1.465135E-05,0,1.087959,0.7484992,-1.459859,20.04577,4.765372E-06,0,1.135101,0.8543839,-1.457848,7.703139,29.67842,-7.043752,1.133196,0.807881,-1.469802,18.63823,-10.22058,-20.52773,1.119522,0.7755662,-1.474742,24.5815,2.559672E-05,0,1.103259,0.7603733,-1.47563,16.40168,9.358711E-06,0
200,0.8781651,0.9264657,-1.434761,0.4476244,0.6892531,-0.1440177,0.8740748,1.28693,-1.475482,0.01978234,0.6294122,1.680046,0.8708037,1.595686,-1.468976,6.976736,0.0501814,0.8886743,0.7980864,0.9255008,-1.434956,0.4059006,0.4002707,-2.181578,0.800233,0.4984348,-1.428602,8.717422,-0.001187943,0,0.7994496,0.07434666,-1.487121,7.996816,-0.5624967,-8.4148,0.9582438,0.9274307,-1.434566,-1.832162,-2.488452,2.318662,0.9448655,0.5006472,-1.444923,4.431068,0.0002305211,0,0.930849,0.07497749,-1.488337,5.587599,-2.302831,-6.607349,0.8037077,1.409155,-1.454559,-15.96779,0.0261338,0.5661368,0.6747527,1.407788,-1.487401,-5.126482,12.8228,-41.62157,0.6315228,1.153476,-1.480552,12.42831,-6.645002E-05,-18.23637,0.94285,1.410682,-1.458641,-15.37794,1.284566,-1.34712,1.070002,1.41505,-1.497669,-5.496116,12.08747,-43.26822,1.117827,1.161558,-1.50439,16.03856,-0.000104801,-11.34031,0.6131887,0.8766751,-1.419001,3.614926,-6.825984,0.2158,1.133896,0.884917,-1.441503,7.225286,-8.239112,0.5215207,0.6199162,0.8657632,-1.386781,44.11165,-13.81627,94.00632,0.6484669,0.8415087,-1.374254,16.06947,37.13839,-9.865795,0.6521719,0.8132105,-1.365066,8.500549,8.19899E-07,0,0.6177761,0.8566726,-1.395932,0,-14.88062,1.250075,0.621524,0.8108017,-1.365922,31.41718,22.62074,-9.529266,0.6419219,0.7699504,-1.365046,23.22395,1.490101E-05,0,0.6629186,0.751507,-1.367946,15.49444,4.568369E-06,0,0.615782,0.8521833,-1.405359,0,1.684272E-06,0,0.616842,0.8014588,-1.388329,32.9865,12.81313,-6.051229,0.6400408,0.7607719,-1.390453,28.96625,4.238772E-06,0,0.6660139,0.7446483,-1.395111,19.33381,1.610841E-06,0,0.6136951,0.8489714,-1.415563,3.069245,14.87364,-2.900701,0.6147641,0.7978197,-1.412545,30.2466,0.215708,-4.882066,0.63732,0.7603076,-1.413888,28.69806,3.726002E-06,0,0.6616499,0.7460821,-1.415712,19.15438,7.312626E-06,0,0.6118528,0.8484201,-1.425087,7.703165,29.67834,-7.043752,0.6136175,0.8014513,-1.435081,21.10424,-10.79105,-2.494106,0.6280413,0.7691286,-1.436765,30.46386,-5.092256E-05,0,0.6461703,0.7562097,-1.4375,20.33599,-2.967709E-05,0,1.122722,0.8746738,-1.410315,37.29711,-13.73162,79.58589,1.094678,0.8491053,-1.399353,21.66902,30.23217,-11.31289,1.088182,0.8199055,-1.39733,12.40868,-4.556653E-06,0,1.125527,0.865397,-1.419091,0,-14.88068,1.249918,1.115871,0.8200709,-1.389577,25.09285,27.22838,2.221847,1.098813,0.7777592,-1.391675,21.60699,-0.0001223329,0,1.081169,0.757021,-1.398607,14.41419,-9.590755E-05,0,1.128447,0.86072,-1.42818,0,-3.328279E-06,0,1.122818,0.8102832,-1.411193,27.43032,15.41473,-2.326751,1.10238,0.7683667,-1.416033,28.35309,0.0001427974,0,1.078583,0.7505028,-1.424451,18.92361,9.777466E-05,0,1.131616,0.8573062,-1.438033,3.069181,14.87368,-2.900701,1.127687,0.8062985,-1.43495,23.64366,3.206666,-8.488064,1.108451,0.7672476,-1.439721,28.687,1.559114E-05,0,1.085603,0.7512677,-1.444216,19.14696,5.185145E-06,0,1.13459,0.8565691,-1.447254,7.703165,29.67842,-7.043752,1.131779,0.8096381,-1.457186,19.00644,-10.37548,-20.74878,1.117288,0.7774787,-1.460566,23.47763,1.056538E-05,0,1.100947,0.7623437,-1.460685,15.66395,8.928039E-06,0
233,0.8783284,0.9263929,-1.435038,0.4063823,0.6430374,-0.1619255,0.874428,1.286888,-1.475874,0.1186941,0.6268287,1.764029,0.8711646,1.595647,-1.469787,7.106553,0.07363433,0.7868362,0.7982491,0.9254925,-1.435258,0.4821389,0.3638296,-2.189727,0.8003203,0.4984302,-1.428642,8.748755,-0.001179365,0,0.7994651,0.07433823,-1.487133,7.992838,-0.5541774,-8.391407,0.9584078,0.9272933,-1.434817,-1.575077,-2.44643,2.375122,0.9449979,0.500475,-1.443573,4.833875,0.0002500198,0,0.930821,0.07495517,-1.488382,5.790616,-2.312583,-6.590945,0.8040971,1.409152,-1.455064,-16.03723,0.1433784,0.4776538,0.6751311,1.408006,-1.487871,-5.035594,12.70759,-41.67003,0.6318586,1.153705,-1.480879,12.49924,-7.557023E-05,-17.88189,0.9432334,1.410666,-1.459353,-15.52008,1.259484,-1.345521,1.070232,1.414898,-1.498891,-5.518995,12.57471,-39.4424,1.121339,1.162116,-1.507821,20.86299,-8.472882E-05,-10.41843,0.613703,0.8769882,-1.418899,3.64309,-6.786749,0.2158,1.135922,0.8910404,-1.423865,7.913015,-8.519753,0.5901666,0.6206584,0.866082,-1.386725,44.11344,-13.81704,94.00322,0.6492854,0.8418145,-1.374399,16.06624,37.14286,-9.864719,0.6530389,0.813517,-1.365228,8.498355,-9.167346E-06,0,0.6184459,0.8569899,-1.395857,0,-14.88063,1.250075,0.622384,0.8111259,-1.365861,31.41902,22.61872,-9.517543,0.642764,0.770263,-1.36512,23.19688,-3.26528E-05,0,0.6637196,0.7517963,-1.368165,15.47637,-3.225589E-05,0,0.6163803,0.8524989,-1.405268,0,-4.614694E-06,0,0.6175328,0.801779,-1.388231,32.98019,12.81108,-6.059193,0.6406866,0.7610747,-1.390507,28.98214,7.566885E-06,0,0.6666185,0.7449383,-1.395347,19.34443,1.480059E-05,0,0.6142172,0.8492852,-1.415455,3.069309,14.87364,-2.900768,0.6152762,0.7981337,-1.41243,30.26086,0.2093864,-4.879777,0.6378082,0.760613,-1.413922,28.64764,1.152888E-05,0,0.6621066,0.7463566,-1.415917,19.12068,7.202187E-06,0,0.612305,0.8487322,-1.424966,7.703139,29.67834,-7.043752,0.6139675,0.8017592,-1.434958,21.11715,-10.79566,-2.522666,0.6283658,0.76943,-1.436734,30.42653,2.195141E-05,0,0.6464754,0.7564914,-1.43759,20.31099,8.516568E-06,0,1.125651,0.8836647,-1.391576,37.26308,-13.84454,80.11778,1.09737,0.859934,-1.377526,22.98951,29.57489,-11.8267,1.090051,0.831157,-1.373374,13.2455,-3.973362E-05,0,1.127876,0.8736355,-1.399664,0,-14.88069,1.249762,1.118116,0.8311259,-1.36625,24.98596,27.22204,2.33045,1.09992,0.7892856,-1.364266,22.0484,7.940144E-05,0,1.081387,0.7686976,-1.368969,14.70905,4.07056E-05,0,1.130327,0.8681609,-1.408441,0,-1.291724E-05,0,1.123986,0.8194364,-1.387231,27.33384,15.36928,-2.557955,1.10231,0.7778684,-1.387871,28.6442,-2.068378E-05,0,1.07766,0.7602057,-1.393925,19.11835,-1.842208E-05,0,1.133034,0.8638763,-1.418089,3.069245,14.87368,-2.900701,1.127854,0.8134189,-1.410743,23.75412,3.215386,-8.958703,1.107344,0.7747388,-1.411684,27.84545,-1.417402E-05,0,1.084108,0.7588419,-1.413929,18.58402,-2.302191E-05,0,1.13564,0.8623149,-1.427319,7.703165,29.67842,-7.043725,1.131201,0.8148439,-1.433307,19.08769,-10.45646,-21.02967,1.115685,0.7829872,-1.433516,22.98556,-1.182929E-05,0,1.099059,0.7682656,-1.431802,15.33515,-1.162869E-05,0
267,0.8783946,0.9263332,-1.435421,0.3626169,0.595671,-0.09278741,0.8746927,1.28686,-1.476341,0.2112177,0.6001024,1.906699,0.8715863,1.595626,-1.470677,7.183622,0.08418898,0.6504185,0.7983143,0.9254998,-1.435546,0.5535544,0.3180904,-2.154496,0.8003768,0.4984406,-1.428723,8.768088,-0.001134047,0,0.7994689,0.07434002,-1.48715,7.987041,-0.5482593,-8.410504,0.9584749,0.9271666,-1.435297,-1.341734,-2.394612,2.362066,0.9450817,0.5003207,-1.442617,5.162853,0.0002364079,0,0.9307973,0.0749121,-1.488437,5.947683,-2.31174,-6.555982,0.8044716,1.409192,-1.455556,-16.00972,0.2750788,0.4025119,0.6754061,1.408359,-1.487979,-4.973663,12.59698,-41.84131,0.6319935,1.154089,-1.480725,12.58591,-6.681272E-05,-17.86089,0.9435974,1.410632,-1.460193,-15.84002,1.356596,-1.353786,1.070268,1.414959,-1.500762,-5.597307,13.85963,-36.11342,1.127938,1.163656,-1.511313,27.76078,-0.000108298,-10.69551,0.614214,0.8774565,-1.418263,3.62747,-6.736545,0.2130625,1.142658,0.9040257,-1.396777,7.554995,-9.237069,0.6110179,0.6213669,0.8665635,-1.386128,44.116,-13.81829,94.00107,0.6500601,0.8422893,-1.37397,16.06144,37.14762,-9.862765,0.6538568,0.8139952,-1.364806,8.495257,-5.566227E-06,0,0.6190923,0.8574678,-1.395241,0,-14.88063,1.249918,0.6231964,0.8116173,-1.365246,31.41529,22.61373,-9.518761,0.6435596,0.7707442,-1.364608,23.18645,-1.250955E-05,0,0.6644831,0.752261,-1.367771,15.46941,4.890849E-06,0,0.6169649,0.852973,-1.404637,0,-1.163101E-06,0,0.6181993,0.8022614,-1.38758,32.96992,12.80712,-6.012456,0.6413121,0.7615406,-1.389976,29.00862,1.08481E-05,0,0.6672071,0.7453955,-1.394982,19.36214,1.343675E-05,0,0.6147359,0.849755,-1.414808,3.069245,14.87364,-2.900701,0.6157881,0.7986047,-1.411763,30.26583,0.2042812,-4.872385,0.6382952,0.7610739,-1.413374,28.61392,2.003363E-05,0,0.6625664,0.746792,-1.415514,19.0981,1.25257E-05,0,0.6127635,0.8491981,-1.424306,7.703139,29.67834,-7.043725,0.6143392,0.8022191,-1.434284,21.14052,-10.79804,-2.514272,0.6287226,0.7698874,-1.436134,30.3625,0.0002214843,0,0.6468107,0.7569263,-1.437097,20.26813,0.0001603893,0,1.133877,0.9010989,-1.363358,37.52589,-13.76163,80.13452,1.105935,0.8799318,-1.34515,23.64878,29.87749,-12.30576,1.098621,0.8519535,-1.337235,13.57716,-3.457104E-06,0,1.135604,0.8900643,-1.370156,0,-14.88068,1.249918,1.127018,0.8524472,-1.33104,25.0748,27.27559,2.147945,1.108465,0.8115356,-1.322814,22.09384,0.0004432056,0,1.089473,0.7908599,-1.323945,14.73942,0.000299655,0,1.137572,0.8834511,-1.378243,0,-9.252672E-06,0,1.131746,0.8380234,-1.350557,27.38852,15.37397,-2.886901,1.109594,0.7971117,-1.344757,28.52,1.235719E-05,0,1.084491,0.7792189,-1.347206,19.03526,2.038984E-05,0,1.139765,0.8778995,-1.387362,3.069245,14.87368,-2.900768,1.134413,0.8289258,-1.373231,23.56484,3.463275,-9.259243,1.113638,0.7906957,-1.368275,27.78163,9.084672E-06,0,1.090235,0.7749137,-1.367332,18.54135,1.434729E-05,0,1.141906,0.8751038,-1.396418,7.703165,29.67841,-7.043725,1.136683,0.8273384,-1.395918,18.90584,-10.2873,-21.26465,1.120949,0.7959245,-1.391311,23.28732,7.518876E-06,0,1.104252,0.7818555,-1.386911,15.53679,9.717159E-06,0
300,0.878396,0.9262941,-1.436037,0.3380413,0.5597791,0.08156469,0.8747471,1.286838,-1.47698,0.2533378,0.5855592,2.099284,0.8717704,1.595605,-1.471477,7.256311,0.06115861,0.5066768,0.7983151,0.9255124,-1.435921,0.6097356,0.2766929,-2.080461,0.8004317,0.4984575,-1.428852,8.784406,-0.00102787,0,0.7994598,0.07433927,-1.487151,7.972354,-0.5468726,-8.491534,0.9584768,0.9270758,-1.436154,-1.130212,-2.347503,2.281733,0.9451396,0.5002059,-1.442029,5.441145,0.0002763906,0,0.9307716,0.07486778,-1.488473,6.053593,-2.303714,-6.486187,0.8046287,1.409205,-1.456054,-15.88121,0.3562051,0.3774237,0.6753825,1.408571,-1.487754,-4.994654,12.61238,-42.16219,0.6317294,1.154356,-1.480025,12.63371,-7.381408E-05,-18.15617,0.9437386,1.410604,-1.46116,-16.25185,1.531731,-1.280236,1.069961,1.415266,-1.503064,-5.380992,15.82688,-33.56466,1.13762,1.166448,-1.513184,35.933,-9.893487E-05,-10.49693,0.6144166,0.8777811,-1.417177,3.600598,-6.712303,0.2112177,1.154524,0.9262874,-1.362252,6.774045,-9.930456,0.5888388,0.6217647,0.8669077,-1.38508,44.12164,-13.81662,93.98255,0.6505284,0.8426358,-1.373085,16.03465,37.1724,-9.851275,0.6543687,0.8143484,-1.363919,8.478435,-1.517903E-05,0,0.6194315,0.8578065,-1.394172,0,-14.88063,1.249918,0.6237085,0.8119751,-1.364173,31.42439,22.61022,-9.501439,0.6440709,0.7711002,-1.363633,23.12602,-3.792399E-05,0,0.6649535,0.7525902,-1.366908,15.42901,-3.122166E-05,0,0.6172451,0.853306,-1.403552,0,-2.578272E-06,0,0.6185713,0.8026055,-1.386469,32.96557,12.80473,-5.994105,0.641656,0.7618755,-1.388977,29.0035,-4.306379E-06,0,0.6675122,0.7457157,-1.394133,19.35871,-2.117874E-05,0,0.6149525,0.8500818,-1.413707,3.069309,14.87364,-2.900701,0.61601,0.7989331,-1.410634,30.26122,0.1979008,-4.869288,0.6384947,0.7613938,-1.412353,28.60987,2.474183E-05,0,0.6627467,0.7471006,-1.414631,19.09537,1.339671E-05,0,0.6129214,0.849519,-1.423192,7.703191,29.67835,-7.04378,0.6144232,0.8025329,-1.433148,21.10874,-10.79968,-2.514038,0.6287689,0.7701883,-1.435062,30.43233,3.906998E-06,0,0.646856,0.7572339,-1.436129,20.31488,-8.189819E-06,0,1.146498,0.92869,-1.328603,37.73934,-13.52692,79.8812,1.11909,0.9104415,-1.306782,23.51572,29.81632,-12.20836,1.112112,0.8840088,-1.294471,13.5105,-2.329252E-05,0,1.148199,0.9167215,-1.333584,0,-14.88069,1.249762,1.140873,0.8857977,-1.288764,25.40034,27.35642,1.657766,1.122788,0.8466061,-1.273844,21.46764,8.724719E-05,0,1.104092,0.825815,-1.271084,14.32109,3.822696E-05,0,1.150065,0.9089124,-1.340552,0,-1.294459E-05,0,1.145337,0.8684676,-1.305824,27.61043,15.45856,-3.339589,1.123644,0.8288733,-1.293182,27.92966,-1.27064E-05,0,1.098786,0.8105166,-1.292005,18.64035,-1.614976E-05,0,1.152122,0.9019874,-1.348712,3.069245,14.87367,-2.900701,1.147615,0.8558734,-1.326805,23.54113,3.749463,-9.568175,1.127432,0.8186886,-1.315507,27.30783,1.421982E-05,0,1.104386,0.8028672,-1.311481,18.22446,8.199396E-06,0,1.154099,0.8977922,-1.357251,7.703165,29.67841,-7.043725,1.149413,0.8506872,-1.348991,19.01976,-10.05655,-21.43701,1.134076,0.8202801,-1.339202,23.0703,-4.174316E-06,0,1.117665,0.8069043,-1.332284,15.39179,-1.539045E-05,0
333,0.8783859,0.9262925,-1.436846,0.3454843,0.5387753,0.343781,0.8746597,1.28683,-1.477789,0.2430897,0.5756156,2.350603,0.8718091,1.59559,-1.472106,7.390934,0.02566198,0.3856296,0.7983061,0.9255424,-1.436361,0.6199199,0.2449874,-1.977046,0.8005239,0.4984903,-1.42915,8.763135,-0.0008630885,0,0.7994741,0.07433024,-1.487142,7.93036,-0.5528408,-8.632583,0.9584657,0.9270426,-1.437332,-0.9835745,-2.313846,2.151041,0.945191,0.5001556,-1.441981,5.617159,0.0003038955,0,0.930739,0.07482919,-1.488506,6.087694,-2.292475,-6.380917,0.8046573,1.409208,-1.456539,-15.70711,0.3749906,0.3946573,0.6751791,1.408647,-1.487279,-4.955194,12.64245,-42.25231,0.6313197,1.154489,-1.478886,12.66676,-5.500905E-05,-18.13607,0.9437437,1.410581,-1.462255,-16.64682,1.652827,-1.063856,1.069477,1.415498,-1.505579,-4.515749,18.28774,-31.36587,1.149952,1.170406,-1.512226,44.91634,-8.515015E-05,-10.79133,0.6143554,0.8780266,-1.415451,3.641531,-6.669955,0.2112177,1.170159,0.9600297,-1.322288,6.491385,-9.906947,0.5630175,0.6220067,0.8671717,-1.383418,44.12816,-13.80975,93.953,0.6508778,0.8428974,-1.371689,15.97591,37.22771,-9.826213,0.6547791,0.8146183,-1.362523,8.441339,-2.782606E-06,0,0.6195831,0.8580654,-1.392482,0,-14.88063,1.250075,0.6241304,0.8122522,-1.362494,31.43883,22.60722,-9.478386,0.6444912,0.7713746,-1.362126,23.0308,-1.512883E-05,0,0.665309,0.7528244,-1.365581,15.36539,-1.081671E-05,0,0.6173053,0.8535595,-1.401837,0,-2.085384E-07,0,0.6187763,0.8028698,-1.384734,32.97874,12.80369,-5.979993,0.6418295,0.7621346,-1.387439,28.92879,-6.637475E-06,0,0.6676115,0.7459331,-1.39283,19.30875,-6.800208E-06,0,0.6149143,0.8503294,-1.411968,3.069245,14.87364,-2.900633,0.6159822,0.7991824,-1.408871,30.25714,0.1961174,-4.860429,0.6384331,0.7616319,-1.410779,28.60569,3.236338E-06,0,0.6626547,0.7473246,-1.41328,19.09258,-3.930272E-06,0,0.6127922,0.8497611,-1.421433,7.703139,29.67834,-7.043697,0.614181,0.8027679,-1.431371,21.09946,-10.78541,-2.466169,0.6284899,0.7704145,-1.43341,30.45282,0.0001437285,0,0.6465631,0.7574567,-1.434655,20.32859,0.0001016493,0,1.16237,0.9681107,-1.289478,38.00687,-13.34338,79.79209,1.135278,0.9535037,-1.264719,23.65524,29.98861,-12.34966,1.128768,0.9294072,-1.248109,13.56495,-2.031556E-05,0,1.164204,0.955484,-1.292335,0,-14.8807,1.249762,1.157685,0.9326836,-1.242772,25.59451,27.39427,1.366303,1.140187,0.8964242,-1.221214,21.09286,-0.0001522325,0,1.121868,0.8761644,-1.214626,14.07077,-0.0001144632,0,1.166126,0.9466124,-1.297867,0,-2.191171E-05,0,1.162262,0.9127237,-1.256627,27.69654,15.50293,-3.631948,1.1412,0.8756291,-1.237171,27.67969,-6.780803E-05,0,1.116658,0.8574065,-1.232492,18.47317,-6.432704E-05,0,1.168217,0.9384078,-1.30473,3.069181,14.87367,-2.900768,1.164553,0.8967221,-1.275139,23.3612,3.90504,-9.732498,1.145143,0.8616923,-1.257421,27.12925,-2.612908E-05,0,1.122474,0.8463729,-1.250419,18.10502,-2.66201E-05,0,1.170185,0.9328253,-1.312435,7.703191,29.67841,-7.043752,1.166247,0.8878015,-1.296113,19.12099,-9.924367,-21.48974,1.151381,0.8593303,-1.281146,22.73205,-7.964382E-06,0,1.135282,0.8470396,-1.27188,15.16577,-1.631135E-05,0
367,0.8783172,0.9263428,-1.437731,0.3891652,0.5373104,0.6693957,0.8744051,1.286848,-1.478795,0.2298502,0.5637878,2.619876,0.8716799,1.595593,-1.472796,7.650219,0.008284592,0.3420692,0.7982415,0.9255982,-1.43679,0.5804718,0.2287414,-1.841857,0.8005924,0.4985476,-1.429537,8.71429,-0.000736687,0,0.7994732,0.07433122,-1.487115,7.870382,-0.5645931,-8.801518,0.958393,0.9270874,-1.438672,-0.9851648,-2.30075,1.996452,0.9451641,0.5001946,-1.442909,5.551991,0.0002807583,0,0.9306539,0.07477298,-1.488536,5.999629,-2.275407,-6.247926,0.8045311,1.409238,-1.457194,-15.52712,0.3545246,0.3941611,0.6748158,1.408666,-1.486917,-4.876484,12.67176,-42.26869,0.6308696,1.154548,-1.477786,12.61052,-5.934136E-05,-17.58886,0.9435894,1.410581,-1.463563,-16.97325,1.810841,-0.7179157,1.068852,1.415839,-1.508189,-2.56323,20.8915,-29.40374,1.164443,1.176148,-1.507182,54.00257,-0.0001008211,-12.44413,0.6141086,0.8781456,-1.414035,3.756662,-6.708239,0.220287,1.187571,1.006521,-1.280389,4.931176,-9.1694,0.3956476,0.6223173,0.8672903,-1.38214,44.12403,-13.80259,93.94984,0.6513614,0.8429798,-1.370924,15.91715,37.23397,-9.790247,0.6553929,0.8147051,-1.361802,8.409874,-1.751777E-05,0,0.6197212,0.8581844,-1.391157,0,-14.88063,1.249918,0.6247471,0.8123741,-1.361241,31.44514,22.59508,-9.485041,0.6450693,0.7714756,-1.361218,22.96597,-9.687938E-06,0,0.6657844,0.7528793,-1.365024,15.32207,-1.642277E-05,0,0.6172712,0.8536786,-1.400468,0,-2.524199E-06,0,0.6189855,0.802992,-1.383379,32.97894,12.80136,-5.959602,0.6419378,0.7622281,-1.386481,28.89253,-9.784128E-06,0,0.6675891,0.7459767,-1.392327,19.28449,-1.582209E-05,0,0.6146957,0.8504487,-1.410554,3.069245,14.87364,-2.900633,0.6157563,0.7993013,-1.407461,30.25864,0.1965992,-4.836063,0.6381246,0.7617233,-1.409759,28.59179,8.048327E-06,0,0.6622764,0.7473803,-1.412693,19.08326,-3.513342E-06,0,0.6124043,0.8498803,-1.419979,7.703165,29.67835,-7.043752,0.6135582,0.8028826,-1.429927,21.12196,-10.78796,-2.479782,0.6278015,0.7705167,-1.43221,30.39069,9.421229E-05,0,0.6458248,0.7575235,-1.43377,20.28701,5.334361E-05,0,1.180413,1.020368,-1.249414,38.30717,-13.14769,79.35314,1.154268,1.009883,-1.221721,23.32882,30.48415,-12.34076,1.148939,0.9891011,-1.200778,13.3102,-1.179511E-05,0,1.182536,1.007477,-1.249941,0,-14.88068,1.250075,1.177981,0.9941299,-1.196838,25.77999,27.40266,0.9715644,1.162004,0.9620893,-1.168487,20.556,3.389949E-05,0,1.144557,0.9429809,-1.157537,13.7122,2.401765E-05,0,1.184569,0.9977804,-1.253795,0,-1.185747E-05,0,1.182771,0.9720581,-1.206898,27.82953,15.52654,-3.968916,1.163226,0.9387299,-1.180339,27.15767,5.015958E-05,0,1.139463,0.9210646,-1.171423,18.12403,2.644201E-05,0,1.186717,0.9884959,-1.259083,3.069309,14.87367,-2.900768,1.185039,0.9529557,-1.222194,23.08512,4.033485,-9.84049,1.167331,0.9212719,-1.197693,27.08949,3.309807E-05,0,1.145409,0.9068864,-1.187199,18.07845,2.180571E-05,0,1.188644,0.9816276,-1.26568,7.703165,29.67841,-7.043752,1.186442,0.9403379,-1.241198,19.01374,-9.732292,-21.61619,1.172872,0.914705,-1.22084,22.83664,1.328811E-05,0,1.157392,0.9039367,-1.208987,15.23566,1.717944E-05,0
400,0.8782067,0.9263945,-1.438694,0.4493696,0.5574141,1.001906,0.8740147,1.286854,-1.480006,0.2414744,0.5558643,2.848538,0.8713807,1.595584,-1.4738,7.937164,-0.0004774629,0.4025119,0.798138,0.9256265,-1.437288,0.5503638,0.2310288,-1.680279,0.800643,0.4985808,-1.429804,8.708247,-0.0006201275,0,0.7994843,0.07432595,-1.487096,7.82792,-0.5729267,-8.954557,0.9582754,0.9271624,-1.440101,-1.097536,-2.308845,1.84536,0.94508,0.5002716,-1.444624,5.291391,0.0002205295,0,0.9305616,0.07467616,-1.488598,5.822718,-2.24917,-6.110162,0.8042463,1.40926,-1.458156,-15.35931,0.3423877,0.3609945,0.6743286,1.408673,-1.486981,-4.755552,12.66353,-42.16673,0.6303533,1.154585,-1.477187,12.54563,-6.477099E-05,-16.48874,0.9432784,1.41058,-1.465079,-17.23462,1.951797,-0.2907402,1.068143,1.416131,-1.510774,0.4284154,23.6195,-27.53158,1.180622,1.184202,-1.498602,63.10285,-8.944837E-05,-13.05974,0.6136685,0.8782455,-1.413145,3.932534,-6.768127,0.23239,1.203883,1.065961,-1.241268,3.511288,-7.958859,0.2438933,0.6226331,0.8673687,-1.381462,44.1222,-13.80411,93.96304,0.6518915,0.8429958,-1.370962,15.90462,37.20865,-9.776741,0.656099,0.814715,-1.361938,8.406208,-1.101515E-05,0,0.6197979,0.8582695,-1.390413,0,-14.88061,1.249918,0.6254591,0.8124446,-1.360634,31.43913,22.57648,-9.495872,0.6456937,0.7715054,-1.361097,22.92607,4.358689E-05,0,0.6662619,0.7528529,-1.365393,15.29539,3.725624E-05,0,0.6171111,0.8537701,-1.399662,0,5.768136E-06,0,0.6191374,0.8030776,-1.382625,32.97451,12.77972,-5.957233,0.6419254,0.7622669,-1.386274,28.87063,3.755894E-05,0,0.6673884,0.7459525,-1.392735,19.26983,4.110734E-05,0,0.6142828,0.850547,-1.409682,3.069245,14.87364,-2.900701,0.6153118,0.7993971,-1.406621,30.25836,0.1901453,-4.821498,0.6375394,0.7617729,-1.409464,28.57733,1.098337E-05,0,0.6615784,0.7473738,-1.412989,19.07359,1.650583E-05,0,0.61176,0.8499846,-1.419049,7.703139,29.67833,-7.043752,0.6125715,0.802986,-1.429025,21.13933,-10.79771,-2.484986,0.6266971,0.7705948,-1.431655,30.33652,6.174829E-05,0,0.6446416,0.7575524,-1.433652,20.25076,4.484023E-05,0,1.196023,1.085112,-1.213448,38.43911,-13.06722,79.0332,1.17035,1.078799,-1.184098,23.19355,30.34521,-12.21411,1.165867,1.062104,-1.1596,13.25381,6.22272E-06,0,1.198785,1.072478,-1.21152,0,-14.88064,1.249918,1.194862,1.069331,-1.156808,25.95833,27.37065,0.5630175,1.180361,1.04256,-1.122769,19.87868,-5.172628E-05,0,1.164017,1.025122,-1.107996,13.25986,-3.386508E-05,0,1.201301,1.062335,-1.213467,0,5.806202E-06,0,1.20075,1.046004,-1.162505,27.97335,15.52735,-4.359951,1.182773,1.01745,-1.129953,26.50732,-0.001042072,0,1.160055,1.000663,-1.117367,17.68914,-0.00073063,0,1.203912,1.052326,-1.216902,3.069245,14.87368,-2.900768,1.203977,1.024462,-1.173886,22.92676,4.059251,-10.0534,1.187963,0.9972012,-1.143587,26.48693,-1.399052E-05,0,1.167022,0.983902,-1.130086,17.67549,-1.045642E-05,0,1.206183,1.044425,-1.222082,7.703191,29.67841,-7.04378,1.20602,1.008526,-1.190141,19.00535,-9.653552,-21.88415,1.193737,0.9865902,-1.165169,22.6355,-1.46871E-06,0,1.178871,0.9774957,-1.151298,15.10127,-8.793795E-06,0
433,0.8781247,0.9264296,-1.43979,0.5135812,0.5957449,1.296941,0.8735937,1.28684,-1.481398,0.2668786,0.5550321,2.990812,0.8709878,1.595558,-1.475111,8.170775,0.0008074846,0.5524929,0.7980648,0.9256134,-1.43797,0.5671728,0.2566439,-1.511161,0.8006887,0.4985797,-1.429869,8.781565,-0.0003937032,0,0.7994776,0.07431433,-1.487083,7.818261,-0.5610824,-9.066225,0.9581845,0.9272457,-1.44161,-1.248665,-2.338401,1.713608,0.9449885,0.5003611,-1.446687,4.948072,0.0001693451,0,0.9304831,0.07456332,-1.488661,5.597272,-2.21935,-5.986513,0.8038829,1.409258,-1.459432,-15.2053,0.3325348,0.3232465,0.6738179,1.408639,-1.487585,-4.686172,12.69196,-42.08252,0.6297479,1.154586,-1.477301,12.56016,-7.016293E-05,-15.48686,0.9428973,1.410571,-1.466702,-17.46615,2.113917,0.2065338,1.067445,1.416469,-1.51321,4.65846,26.3614,-25.73807,1.19823,1.195647,-1.486316,72.02683,-0.0001159824,-13.29939,0.6131968,0.8783495,-1.412783,4.045979,-6.782861,0.2390311,1.216688,1.137925,-1.2087,2.797364,-6.592186,0.1607126,0.6228077,0.8674562,-1.381296,44.12383,-13.80715,93.94665,0.6522242,0.8430148,-1.371415,15.87671,37.19886,-9.756831,0.6565639,0.8147282,-1.362472,8.392694,-8.748571E-06,0,0.6197601,0.8583624,-1.390183,0,-14.88065,1.249918,0.6259421,0.8125289,-1.36052,31.40955,22.56024,-9.532773,0.6460515,0.7715345,-1.361382,22.96441,-3.813128E-05,0,0.6664882,0.7528386,-1.366097,15.32104,-3.428784E-05,0,0.6168659,0.8538681,-1.399372,0,-7.834939E-06,0,0.6191303,0.8031737,-1.382369,32.96387,12.7544,-5.978781,0.6417366,0.7623051,-1.386472,28.88403,3.568393E-06,0,0.6670234,0.7459311,-1.393453,19.27879,-1.201034E-05,0,0.6138167,0.8506502,-1.409328,3.069181,14.87365,-2.900701,0.6147852,0.7994984,-1.406278,30.25876,0.1800701,-4.817515,0.6368569,0.7618199,-1.409578,28.56587,5.993766E-06,0,0.660778,0.7473568,-1.413608,19.06593,-2.223665E-06,0,0.6110936,0.8500925,-1.418638,7.703139,29.67836,-7.043752,0.611577,0.8030902,-1.42862,21.11932,-10.80672,-2.525225,0.6255536,0.7706589,-1.431535,30.37947,0.000162554,0,0.6434259,0.757579,-1.433901,20.27949,9.591518E-05,0,1.206935,1.161664,-1.18538,38.55868,-13.0539,78.88596,1.180888,1.159612,-1.155754,23.28363,30.26554,-12.2373,1.176708,1.147757,-1.128534,13.31583,-1.616451E-06,0,1.210423,1.149875,-1.180928,0,-14.88068,1.249918,1.205275,1.157416,-1.126748,26.13295,27.33743,0.2697954,1.191462,1.137027,-1.088287,19.03416,-4.585678E-05,0,1.176046,1.121941,-1.070283,12.69593,-3.837821E-05,0,1.213611,1.139735,-1.180772,0,-5.650506E-06,0,1.212743,1.13386,-1.127585,28.11261,15.50318,-4.650548,1.195624,1.11122,-1.090269,25.71349,-0.0001257495,0,1.173863,1.09584,-1.074578,17.1584,-0.0001026294,0,1.216925,1.129438,-1.182101,3.069181,14.87368,-2.900633,1.217592,1.110747,-1.134384,22.59697,4.022706,-10.1941,1.202727,1.089104,-1.099336,26.04839,3.269645E-07,0,1.18255,1.077369,-1.083437,17.38228,-1.479613E-05,0,1.219815,1.120832,-1.185565,7.703139,29.67841,-7.043752,1.22104,1.092066,-1.147093,18.88759,-9.57742,-22.21189,1.209566,1.07473,-1.118398,22.68196,-1.490358E-06,0,1.194967,1.067627,-1.103149,15.13231,-1.130892E-05,0
467,0.8779933,0.9264838,-1.441126,0.5767518,0.6486386,1.49711,0.8731112,1.286844,-1.483014,0.2873554,0.5631287,2.997938,0.8704744,1.595554,-1.476687,8.328622,-0.01182137,0.7793398,0.7979411,0.9255986,-1.439024,0.6296288,0.3011895,-1.366017,0.8006545,0.4985845,-1.429972,8.896491,-6.229509E-05,0,0.7994252,0.07430589,-1.487087,7.812786,-0.5231038,-9.111754,0.9580456,0.927369,-1.443227,-1.347991,-2.380353,1.613254,0.9448807,0.5004859,-1.448503,4.680735,0.0001057083,0,0.9304431,0.0745132,-1.488687,5.382776,-2.193107,-5.918278,0.8033859,1.40926,-1.461083,-15.04752,0.3708141,0.3039024,0.6732401,1.408703,-1.488861,-4.644309,12.70346,-42.06838,0.6289943,1.154693,-1.478276,12.72166,-6.965981E-05,-14.89697,0.9423993,1.41059,-1.468371,-17.69968,2.371646,0.8084246,1.066722,1.417083,-1.515398,9.31667,28.48998,-24.20742,1.213659,1.209158,-1.473358,80.31245,-6.70687E-05,-13.14798,0.6128142,0.8786495,-1.412845,4.059701,-6.704474,0.2382111,1.220292,1.211936,-1.189296,2.129919,-5.856494,0.1101434,0.6228153,0.8677737,-1.381473,44.12953,-13.81204,93.92107,0.6523152,0.8432918,-1.371947,15.86669,37.19223,-9.74903,0.6567268,0.8150069,-1.363034,8.388177,-1.418528E-05,0,0.6196346,0.8586756,-1.390308,0,-14.88062,1.249918,0.6261173,0.8128642,-1.360676,31.38473,22.54563,-9.561271,0.6461287,0.7718264,-1.361734,23.01152,7.512717E-06,0,0.6664802,0.7530984,-1.366684,15.35251,4.281936E-06,0,0.6166121,0.8541764,-1.399453,0,3.345823E-06,0.01978234,0.619003,0.8034971,-1.382424,32.94163,12.73775,-5.979469,0.6414685,0.7625744,-1.386754,28.95128,1.198459E-05,0,0.6666467,0.7461669,-1.394042,19.32378,1.826058E-05,0,0.6134271,0.8509529,-1.409365,3.069245,14.87364,-2.900768,0.614339,0.7998029,-1.406269,30.25818,0.1696889,-4.820686,0.6362964,0.7620791,-1.409805,28.5636,4.276141E-05,0,0.6601359,0.7475653,-1.414126,19.06442,2.60496E-05,0,0.6105815,0.8503898,-1.418639,7.703165,29.67833,-7.043752,0.6108459,0.8033755,-1.428571,21.08974,-10.81933,-2.529794,0.6247069,0.770907,-1.431622,30.44869,-1.872812E-05,0,0.6425319,0.7578031,-1.434202,20.32583,-1.185019E-05,0,1.208013,1.239071,-1.171535,38.63545,-13.06789,78.80801,1.180946,1.241051,-1.142833,23.37644,30.11658,-12.23714,1.176372,1.234516,-1.113932,13.3893,5.102433E-06,0,1.212108,1.228707,-1.164696,0,-14.88067,1.249918,1.204266,1.246543,-1.113323,26.29982,27.29473,0.2007689,1.190206,1.23327,-1.071949,17.9908,-1.958896E-05,0,1.175391,1.221174,-1.051367,11.99935,-3.110064E-05,0,1.215968,1.21907,-1.162405,0,-2.409071E-06,0,1.21334,1.223922,-1.109173,28.2191,15.41402,-4.675584,1.196191,1.208035,-1.068532,24.57608,-0.000130529,0,1.175219,1.194637,-1.050176,16.39809,-0.0001141425,0,1.220023,1.208992,-1.161531,3.069245,14.87367,-2.900768,1.220017,1.200341,-1.111015,22.17345,3.877928,-10.21182,1.205482,1.185291,-1.072545,25.39014,-1.746566E-05,0,1.18585,1.175566,-1.054723,16.94223,-4.403456E-05,0,1.223627,1.200106,-1.163102,7.703139,29.67841,-7.04378,1.225236,1.179804,-1.119579,18.83693,-9.547871,-22.40619,1.213839,1.167749,-1.088267,22.48804,-3.974111E-05,0,1.199223,1.162765,-1.072216,15.00276,-5.17261E-05,0
500,0.8778384,0.926526,-1.442598,0.640108,0.7076123,1.581277,0.872588,1.286836,-1.484731,0.2934199,0.5992539,2.854785,0.8698183,1.595537,-1.478317,8.456285,-0.1034374,1.090022,0.7977903,0.925562,-1.440377,0.7364823,0.3572141,-1.249605,0.8005546,0.4985773,-1.430045,9.058875,0.0003494751,0,0.7993519,0.07428929,-1.48709,7.816579,-0.4554496,-9.073461,0.9578866,0.9274899,-1.444819,-1.408894,-2.433353,1.550912,0.9447395,0.5006055,-1.450039,4.482269,5.526903E-05,0,0.9303825,0.07448843,-1.488692,5.185687,-2.183916,-5.9247,0.8027294,1.409208,-1.462983,-14.84559,0.3943768,0.309643,0.6725553,1.408621,-1.490628,-4.66325,12.78347,-42.15738,0.6281285,1.154654,-1.479792,12.9447,-7.438387E-05,-14.75509,0.9417596,1.410627,-1.469924,-17.92589,2.761549,1.510125,1.065962,1.418096,-1.517123,14.06314,29.76221,-23.00613,1.225681,1.223614,-1.460052,87.67399,-9.16128E-05,-12.48148,0.6124796,0.8788445,-1.413252,4.000027,-6.599332,0.2298502,1.214673,1.280881,-1.181947,1.37487,-5.936139,0.07132626,0.6226364,0.8680296,-1.38191,44.13672,-13.82,93.91105,0.6521682,0.8435478,-1.372482,15.89134,37.19263,-9.764768,0.6566021,0.8152757,-1.36354,8.401019,-6.596685E-06,0,0.619401,0.8589147,-1.390708,0,-14.88063,1.250075,0.6259992,0.8131636,-1.361008,31.35377,22.54121,-9.554544,0.6459525,0.7720975,-1.362064,23.09054,-3.985114E-05,0,0.6662774,0.7533593,-1.367084,15.40532,-3.079907E-05,0,0.6163262,0.8543979,-1.399827,0,-1.653569E-06,0,0.6187616,0.8037546,-1.382696,32.90353,12.72615,-5.956444,0.6411476,0.7627888,-1.387032,29.07227,3.549105E-05,0,0.6662953,0.7463813,-1.394425,19.40473,1.96905E-05,0,0.613086,0.8511552,-1.409714,3.069245,14.87364,-2.900701,0.6139683,0.8000115,-1.406508,30.25622,0.1556368,-4.830064,0.6358745,0.7622598,-1.410066,28.56333,2.915928E-05,0,0.6596792,0.7477145,-1.414472,19.06424,2.345448E-05,0,0.6101909,0.8505741,-1.418971,7.703139,29.67834,-7.043752,0.6103606,0.8035375,-1.4288,21.07055,-10.83141,-2.551519,0.6241668,0.7710449,-1.431842,30.49338,0.0001181843,0,0.6419731,0.7579271,-1.434479,20.35573,7.423875E-05,0,1.199635,1.309925,-1.170424,38.65271,-13.05433,78.77103,1.171085,1.31536,-1.14367,23.29371,29.81814,-12.08372,1.16538,1.314256,-1.114257,13.38446,5.556753E-06,0,1.204103,1.301469,-1.161508,0,-14.88068,1.249918,1.192455,1.328403,-1.115057,26.20588,27.18787,0.3397734,1.177304,1.322581,-1.072369,17.24123,-5.434749E-05,0,1.162576,1.313901,-1.050072,11.49898,-5.004281E-05,0,1.208513,1.292809,-1.157199,0,-1.096771E-05,0,1.202884,1.307833,-1.106143,28.00356,15.21557,-4.468307,1.184921,1.299186,-1.063709,23.68356,-3.444889E-05,0,1.164344,1.288311,-1.043347,15.80157,-1.325256E-05,0,1.213221,1.283454,-1.154183,3.069309,14.87368,-2.900768,1.211293,1.284957,-1.102989,21.48417,3.599718,-9.98239,1.196293,1.277079,-1.062608,24.77061,-3.809607E-05,0,1.176897,1.269744,-1.043434,16.52809,-2.869469E-05,0,1.217518,1.274747,-1.153815,7.703139,29.67841,-7.043752,1.218372,1.263613,-1.107077,18.73363,-9.581681,-22.59647,1.206348,1.257139,-1.074379,22.22944,1.085967E-05,0,1.191434,1.254302,-1.058081,14.82998,-9.32057E-07,0
533,0.8776257,0.9265482,-1.443881,0.7044336,0.7666599,1.546616,0.8719516,1.286806,-1.486254,0.2947506,0.6869813,2.561014,0.8688743,1.595495,-1.479726,8.591532,-0.3309244,1.507271,0.7975773,0.9255037,-1.441706,0.8568369,0.4176182,-1.163148,0.8003523,0.498555,-1.429984,9.253722,0.0006943561,0,0.7992342,0.07427597,-1.487099,7.841173,-0.3707741,-8.943427,0.9576741,0.9275928,-1.446055,-1.473659,-2.490549,1.533528,0.9445338,0.5007082,-1.451275,4.315975,-9.421521E-06,0,0.9302762,0.07447764,-1.488695,5.023168,-2.192129,-6.013271,0.8017921,1.409068,-1.464861,-14.58117,0.4532049,0.329838,0.6716323,1.408418,-1.492571,-4.663671,12.85317,-42.30639,0.627126,1.154477,-1.481436,13.1248,-5.775356E-05,-14.93489,0.9408537,1.410704,-1.47109,-18.11944,3.304338,2.31283,1.065049,1.419622,-1.518056,19.29156,30.36185,-21.93558,1.235371,1.240239,-1.444554,93.98738,-8.946065E-05,-12.09871,0.6119823,0.8788818,-1.4139,3.891488,-6.517694,0.2220564,1.203456,1.345683,-1.182627,0.3700944,-4.594064,0,0.622106,0.8681534,-1.382517,44.14001,-13.82843,93.89784,0.6516254,0.8436964,-1.372988,15.90881,37.19766,-9.776943,0.6560425,0.8154461,-1.363968,8.409594,-2.177653E-06,0,0.6188774,0.8590144,-1.391293,0,-14.88064,1.249762,0.6254365,0.813346,-1.361457,31.30783,22.54508,-9.528647,0.6453555,0.7722596,-1.362362,23.21193,1.509876E-05,0,0.6657038,0.7535312,-1.367323,15.48641,8.195973E-06,0,0.6158106,0.8544725,-1.400402,0,-7.605861E-06,0,0.6182184,0.8038772,-1.383126,32.9001,12.71402,-5.963153,0.6406019,0.7628947,-1.387314,29.08528,1.072271E-05,0,0.6657588,0.7464669,-1.39463,19.41343,9.521411E-06,0,0.6125794,0.8512025,-1.410283,3.069309,14.87364,-2.900701,0.6134478,0.8000678,-1.406932,30.25493,0.1390365,-4.843471,0.635352,0.762302,-1.410349,28.55634,2.962241E-05,0,0.6591583,0.7477368,-1.414679,19.05957,2.332991E-05,0,0.6096933,0.8505958,-1.419542,7.703139,29.67835,-7.04378,0.6098629,0.8035316,-1.429237,21.08035,-10.83428,-2.559332,0.6236709,0.7710299,-1.432173,30.47293,-2.777947E-05,0,0.6414748,0.7578975,-1.434753,20.34203,-1.990046E-05,0,1.186224,1.375165,-1.176601,38.70442,-13.0385,78.72021,1.156446,1.383058,-1.151875,23.15322,29.72914,-11.97299,1.149699,1.386548,-1.122871,13.31721,-2.141825E-06,0,1.190898,1.368661,-1.166267,0,-14.88068,1.249762,1.175949,1.4022,-1.125396,25.78432,26.98596,0.7517344,1.159785,1.402985,-1.08269,16.87227,-1.361372E-05,0,1.145002,1.397513,-1.059431,11.2527,-2.669912E-05,0,1.195689,1.361174,-1.160437,0,-8.819587E-06,0,1.18733,1.38419,-1.11285,27.41905,14.87856,-4.022484,1.168617,1.38214,-1.069911,22.97854,-7.511435E-05,0,1.148341,1.373931,-1.048053,15.33045,-5.992774E-05,0,1.200867,1.352805,-1.155754,3.069245,14.87368,-2.900701,1.197044,1.3628,-1.105631,20.42279,3.208209,-9.458997,1.181656,1.361525,-1.064652,24.52185,2.541499E-05,0,1.162429,1.356567,-1.044568,16.36182,2.188495E-06,0,1.205688,1.344598,-1.153799,7.703139,29.67841,-7.043752,1.205591,1.341604,-1.10584,18.38233,-9.612571,-22.53408,1.193029,1.340046,-1.072744,22.37266,5.34304E-05,0,1.177803,1.339037,-1.056518,14.92567,2.581319E-05,0
567,0.8774829,0.926541,-1.444726,0.7694854,0.8187329,1.40235,0.871327,1.286744,-1.487366,0.3045456,0.8347389,2.125228,0.8677437,1.595418,-1.480748,8.748958,-0.7182392,2.055475,0.7974303,0.9254234,-1.442751,0.9763861,0.4781068,-1.112939,0.800148,0.4985143,-1.429653,9.483693,0.001059806,0,0.7991304,0.07428178,-1.487113,7.903011,-0.2825812,-8.738354,0.9575355,0.9276586,-1.446702,-1.593359,-2.553489,1.568603,0.9443185,0.500782,-1.452365,4.111851,-8.135552E-05,0.02797646,0.9301192,0.07445666,-1.488711,4.889163,-2.221214,-6.164243,0.8006873,1.408824,-1.466517,-14.25412,0.4959725,0.3505445,0.6705814,1.407931,-1.494473,-4.662242,12.94933,-42.38805,0.6261795,1.153986,-1.483032,13.196,-6.347612E-05,-14.93317,0.9397874,1.410823,-1.471691,-18.27266,4.000458,3.172805,1.064069,1.421672,-1.518019,24.53026,30.67045,-20.92035,1.243315,1.259084,-1.428431,99.37466,-7.663932E-05,-11.42855,0.6113154,0.8785321,-1.41486,3.830014,-6.522406,0.2185032,1.188748,1.40375,-1.190026,0.2281412,-4.994199,0,0.621427,0.8678896,-1.383444,44.14466,-13.83471,93.88178,0.6509472,0.8434653,-1.373834,15.91434,37.20223,-9.781487,0.6553635,0.8152386,-1.364741,8.411999,-1.852302E-06,0,0.6182029,0.8587266,-1.392196,0,-14.88063,1.250075,0.6247538,0.8131398,-1.362234,31.2922,22.53913,-9.515725,0.6446706,0.7720497,-1.363009,23.25003,-6.698212E-05,0,0.6650308,0.7533191,-1.367914,15.51184,-5.277236E-05,0,0.6151403,0.8541597,-1.401294,0,-2.144073E-06,0,0.6175456,0.8036117,-1.383881,32.90323,12.70478,-5.971038,0.6399397,0.7626224,-1.387943,29.07565,8.840122E-06,0,0.6651018,0.7461751,-1.395197,19.40699,4.356024E-06,0,0.6119136,0.8508628,-1.411168,3.069245,14.87364,-2.900701,0.6127853,0.7997375,-1.407678,30.25282,0.1303824,-4.846139,0.6346948,0.7619643,-1.410977,28.55915,1.130272E-05,0,0.6585055,0.7473902,-1.415254,19.06144,3.038139E-06,0,0.6090314,0.8502307,-1.420426,7.703139,29.67834,-7.043697,0.6092094,0.8031404,-1.429994,21.08235,-10.8369,-2.532191,0.623023,0.7706326,-1.432835,30.46897,-1.126237E-05,0,0.6408283,0.7574945,-1.435376,20.33938,-1.396087E-05,0,1.169076,1.432307,-1.190132,38.7329,-13.01934,78.71239,1.137384,1.44187,-1.16858,23.01157,29.62449,-11.85657,1.128611,1.449781,-1.141023,13.25125,-4.154413E-07,0,1.173594,1.428107,-1.178604,0,-14.88069,1.250075,1.153835,1.466891,-1.145075,25.149,26.65564,1.208528,1.13524,1.474266,-1.10402,16.52379,-4.087667E-05,0,1.119653,1.472161,-1.080738,11.02012,-3.700181E-05,0,1.178568,1.422169,-1.171323,0,-1.604698E-05,0,1.165742,1.452338,-1.129021,26.4998,14.39143,-3.349833,1.14493,1.45705,-1.087274,22.35452,-1.254748E-05,0,1.124304,1.451786,-1.064843,14.91354,-1.341394E-05,0,1.184058,1.415198,-1.164995,3.069245,14.87367,-2.900633,1.176553,1.433405,-1.117678,19.2014,2.588655,-8.776821,1.159343,1.438952,-1.077793,24.00283,-5.322124E-06,0,1.139748,1.43659,-1.057592,16.01495,-4.200783E-06,0,1.189342,1.407881,-1.161395,7.703139,29.67841,-7.043725,1.186626,1.413274,-1.113723,17.94187,-9.787987,-22.26353,1.172441,1.416694,-1.081432,22.33657,-3.829833E-05,0,1.156489,1.417359,-1.065902,14.90157,-2.14119E-05,0
600,0.8774112,0.9264719,-1.44516,0.8315719,0.8621675,1.198283,0.8707285,1.286621,-1.488065,0.3183671,1.027115,1.584985,0.866487,1.595275,-1.481372,8.901503,-1.221719,2.711011,0.7973531,0.9252915,-1.443468,1.104821,0.5328014,-1.107475,0.7999804,0.4984276,-1.428954,9.78653,-0.007124545,0,0.7991044,0.07431063,-1.487263,8.029963,-0.2199793,-8.510686,0.9574694,0.9276522,-1.446852,-1.729748,-2.616742,1.641156,0.9441237,0.5007882,-1.453127,3.931837,-0.0001404307,0,0.9299283,0.0744015,-1.488747,4.812796,-2.263867,-6.343101,0.79948,1.40846,-1.467893,-13.89477,0.5811899,0.3753442,0.6694646,1.407322,-1.496258,-4.620248,12.98362,-42.37955,0.6253173,1.153341,-1.484635,13.17066,-5.46047E-05,-14.97785,0.938615,1.410933,-1.471757,-18.39355,4.774643,3.99699,1.063032,1.423991,-1.517141,29.4628,31.12917,-19.8056,1.250175,1.279532,-1.413702,104.2513,-7.064822E-05,-11.11347,0.6104804,0.8779353,-1.416261,3.75108,-6.569625,0.2148914,1.172323,1.454153,-1.203489,0.2967354,-5.914563,0,0.6204544,0.8673611,-1.384778,44.15015,-13.83816,93.86198,0.6499366,0.8429636,-1.374985,15.91303,37.22266,-9.785145,0.654309,0.8147554,-1.365813,8.40901,-6.472672E-06,0,0.6172696,0.8581791,-1.393525,0,-14.88062,1.249918,0.6236922,0.8126572,-1.363436,31.28322,22.53381,-9.493057,0.6436127,0.771566,-1.364028,23.26616,-1.629528E-05,0,0.6639981,0.7528297,-1.368805,15.52264,-5.095965E-06,0,0.6142475,0.8535924,-1.402626,0,6.41674E-07,0,0.6165802,0.803082,-1.385094,32.91405,12.6864,-5.976748,0.6390082,0.7620922,-1.388959,29.03408,3.726635E-06,0,0.6641986,0.7456192,-1.396055,19.37917,-9.141823E-07,0,0.6110646,0.850274,-1.412507,3.069245,14.87364,-2.900701,0.6119251,0.7991564,-1.408904,30.25899,0.1219283,-4.843915,0.6338575,0.761381,-1.41202,28.53714,1.576866E-05,0,0.6576848,0.7467937,-1.416157,19.04672,1.761437E-05,0,0.6082233,0.8496218,-1.421776,7.703139,29.67834,-7.043752,0.6084472,0.8025112,-1.431242,21.10434,-10.83474,-2.497949,0.6222878,0.770004,-1.433955,30.41469,-3.970788E-05,0,0.6400969,0.7568521,-1.436396,20.30306,-1.538646E-05,0,1.150646,1.480554,-1.209455,38.71548,-13.02736,78.76958,1.116998,1.490863,-1.191513,23.06539,29.28265,-11.76522,1.105768,1.502333,-1.16619,13.32861,5.94292E-06,0,1.154699,1.478704,-1.197162,0,-14.88068,1.249918,1.129983,1.520689,-1.171762,24.39694,26.22669,1.586836,1.108296,1.533752,-1.133753,15.98224,-3.360188E-05,0,1.0915,1.534838,-1.111255,10.65867,-3.881616E-05,0,1.159611,1.474483,-1.188732,0,-1.102962E-05,0,1.141858,1.510028,-1.152877,25.29255,13.7757,-2.654685,1.118297,1.520843,-1.113813,21.83577,-1.956175E-05,0,1.096869,1.518508,-1.091639,14.567,-1.385191E-05,0,1.165176,1.469134,-1.181038,3.069245,14.87368,-2.900701,1.153273,1.494194,-1.137944,17.67041,1.776785,-8.051058,1.133595,1.50601,-1.100649,23.50219,2.711232E-05,0,1.113285,1.506235,-1.081025,15.68038,6.66834E-06,0,1.17074,1.46298,-1.17598,7.703114,29.67842,-7.043752,1.164525,1.475905,-1.130117,17.2673,-10.25908,-22.00612,1.148212,1.483873,-1.099687,22.09679,-3.408637E-05,0,1.131408,1.486022,-1.085226,14.74139,-4.322886E-05,0
633,0.8773791,0.9263731,-1.445228,0.8858072,0.8974365,0.9745807,0.8701232,1.286471,-1.488375,0.3345502,1.253642,0.9638805,0.865078,1.595101,-1.481639,9.02221,-1.784941,3.435985,0.7973158,0.9251401,-1.443846,1.214343,0.5776213,-1.146371,0.7998531,0.4983185,-1.428123,10.04399,0.001653059,0,0.7989885,0.07429993,-1.487143,8.135208,-0.1656534,-8.305768,0.9574425,0.927606,-1.446609,-1.810024,-2.671875,1.7328,0.9439871,0.5007493,-1.453146,3.900535,-0.000190121,0,0.9297587,0.0743663,-1.488797,4.845735,-2.309502,-6.524469,0.7981722,1.408024,-1.468985,-13.52022,0.6271255,0.4044518,0.6682836,1.40647,-1.497906,-4.644098,13.07599,-42.28086,0.6244898,1.152426,-1.486321,13.09489,-6.21374E-05,-14.80556,0.9373298,1.411056,-1.471345,-18.5372,5.627162,4.669506,1.061854,1.426575,-1.515648,34.18018,31.60889,-18.68495,1.25545,1.300732,-1.400431,108.6122,-7.043617E-05,-10.92292,0.6095091,0.8769884,-1.418108,3.70581,-6.669866,0.2158,1.15472,1.496355,-1.220631,0.3716771,-6.922183,0,0.6193796,0.8664618,-1.386576,44.15336,-13.84311,93.86157,0.6488321,0.842083,-1.376647,15.92752,37.2415,-9.798498,0.6531661,0.8138872,-1.36742,8.414496,-6.563327E-06,0,0.6162239,0.8572665,-1.39532,0,-14.88063,1.250075,0.6225489,0.8117899,-1.365142,31.26182,22.53397,-9.459454,0.6424608,0.7706926,-1.365598,23.32735,-4.428907E-05,0,0.662873,0.7519643,-1.370291,15.56357,-3.896805E-05,0,0.613232,0.8526661,-1.404424,0,-2.758396E-06,0,0.6155086,0.8021821,-1.386809,32.91013,12.68222,-5.945112,0.6379495,0.7611864,-1.390534,29.04438,-8.893678E-06,0,0.6631637,0.7447063,-1.397529,19.3861,-6.290991E-07,0,0.6100817,0.8493328,-1.414311,3.069245,14.87364,-2.900701,0.6109321,0.7982206,-1.410628,30.26018,0.1152923,-4.835293,0.632878,0.7604423,-1.413611,28.51908,5.780112E-06,0,0.6567153,0.7458429,-1.417645,19.03463,2.858534E-06,0,0.607271,0.8486666,-1.423588,7.703139,29.67835,-7.043725,0.6075276,0.8015418,-1.432982,21.13489,-10.84246,-2.490651,0.6213957,0.7690384,-1.435599,30.33527,4.075069E-05,0,0.6392021,0.7558681,-1.437959,20.2499,1.788931E-05,0,1.131587,1.519675,-1.231745,38.71095,-12.97176,78.72173,1.096212,1.529764,-1.217352,22.756,29.05666,-11.51475,1.08244,1.543934,-1.194803,13.18236,-9.304003E-06,0,1.134974,1.520044,-1.219122,0,-14.88068,1.250075,1.105677,1.563208,-1.201879,23.5036,25.76322,2.033458,1.080762,1.58071,-1.16784,15.07951,3.201894E-05,0,1.062636,1.584658,-1.146738,10.05622,2.677794E-05,0,1.139637,1.517566,-1.209895,0,-7.803843E-06,0,1.117077,1.55654,-1.180977,23.93518,13.1263,-1.810997,1.090567,1.572299,-1.145664,21.36245,-1.354947E-05,0,1.06813,1.572553,-1.124385,14.25082,-1.035765E-05,0,1.145078,1.513919,-1.201185,3.069245,14.87368,-2.900701,1.128649,1.54414,-1.163192,15.9821,0.9240113,-7.261419,1.106284,1.561127,-1.129592,23.46221,0.0001508066,0,1.084998,1.563467,-1.111178,15.65366,0.000106206,0,1.150746,1.509079,-1.194951,7.703139,29.67841,-7.043752,1.140693,1.528234,-1.152043,16.28461,-10.76861,-21.6695,1.122186,1.539962,-1.124194,22.35728,0.000317199,0,1.104433,1.54316,-1.111128,14.9154,0.000227322,0
667,0.8774883,0.9262992,-1.445112,0.9272513,0.93727,0.7697397,0.8695542,1.286351,-1.488504,0.3695653,1.508854,0.3268584,0.8635366,1.594954,-1.481832,9.125977,-2.337966,4.138531,0.7974215,0.9250069,-1.444015,1.288008,0.6302873,-1.223333,0.7998377,0.4982167,-1.427443,10.26311,-0.01362901,0,0.7990793,0.07430834,-1.487251,8.246716,-0.1596817,-8.148446,0.9575551,0.9275914,-1.44621,-1.847374,-2.73328,1.817362,0.943982,0.5007391,-1.452781,3.964621,0.01618156,0,0.9297974,0.07439828,-1.48895,4.942011,-2.341842,-6.692986,0.796844,1.407584,-1.469958,-13.19227,0.7370758,0.4356619,0.6671167,1.405688,-1.499574,-4.660478,13.07323,-42.13603,0.6238492,1.151541,-1.488275,12.99004,-7.226616E-05,-14.27076,0.9360041,1.411244,-1.470778,-18.71517,6.493475,5.131333,1.060553,1.429301,-1.514037,38.7977,32.05309,-17.67653,1.259048,1.322211,-1.388648,112.1915,-0.0001027342,-10.92169,0.6087313,0.8759896,-1.420554,3.711407,-6.836519,0.2220564,1.137473,1.53085,-1.238875,0.6299395,-8.067038,0.04845664,0.6186394,0.8654939,-1.389024,44.1581,-13.85108,93.8748,0.64811,0.841134,-1.379102,15.97376,37.25783,-9.831534,0.6524475,0.8129435,-1.36986,8.436801,-6.472067E-06,0,0.6154754,0.85629,-1.397755,0,-14.88063,1.250075,0.6218423,0.8108426,-1.367542,31.25463,22.53525,-9.414631,0.6417562,0.7697461,-1.36798,23.35757,-9.242686E-06,0,0.66217,0.7510238,-1.37269,15.58373,-2.282326E-06,0,0.6124739,0.8516806,-1.406851,0,-2.072241E-06,0,0.6147791,0.8012134,-1.389192,32.89991,12.67435,-5.961805,0.6372189,0.7602152,-1.392895,29.06893,8.916521E-06,0,0.6624349,0.7437407,-1.399897,19.40251,1.494329E-05,0,0.609313,0.8483376,-1.416731,3.069245,14.87364,-2.900701,0.6101762,0.797229,-1.413002,30.26652,0.1084346,-4.825357,0.6321305,0.7594544,-1.41597,28.4881,3.38679E-05,0,0.6559598,0.7448452,-1.420017,19.01391,2.875984E-05,0,0.6064918,0.8476623,-1.426005,7.703139,29.67834,-7.04378,0.6067458,0.8005289,-1.435356,21.13852,-10.85819,-2.470609,0.6206199,0.7680261,-1.437948,30.31788,-5.331843E-05,0,0.638423,0.7548525,-1.440315,20.23827,-3.980783E-05,0,1.113446,1.550539,-1.254287,38.72872,-12.9231,78.75299,1.076621,1.559597,-1.243231,22.55091,28.95304,-11.36623,1.060423,1.575514,-1.223655,13.07866,1.194949E-07,0,1.116013,1.552873,-1.241681,0,-14.88069,1.250075,1.082671,1.595483,-1.232119,22.335,25.29747,2.931312,1.054624,1.616157,-1.202596,14.96677,-6.676366E-06,0,1.035026,1.62203,-1.183338,9.980992,-6.357187E-06,0,1.120265,1.552039,-1.231973,0,-1.075364E-05,0,1.093213,1.592619,-1.209938,22.49926,12.42939,-0.7200928,1.063698,1.611971,-1.179075,20.78883,-3.394491E-05,0,1.04014,1.614364,-1.159186,13.86769,-1.488536E-05,0,1.125409,1.550043,-1.222574,3.069245,14.87367,-2.900768,1.104532,1.58369,-1.190035,14.32047,-0.008496201,-6.401563,1.079337,1.60449,-1.160876,23.29709,7.112955E-05,0,1.056995,1.608472,-1.144064,15.54332,4.880418E-05,0,1.131016,1.546554,-1.215447,7.703165,29.67842,-7.043752,1.116983,1.570442,-1.176185,15.11343,-11.441,-21.31652,1.096233,1.585047,-1.15145,22.64486,-1.291265E-05,0,1.077556,1.588894,-1.139941,15.10755,-2.190927E-05,0
700,0.8776648,0.9262391,-1.444941,0.9575664,0.964808,0.5885065,0.8690882,1.286251,-1.488616,0.4365593,1.761509,-0.2594432,0.8620663,1.594823,-1.482139,9.259519,-2.834921,4.74875,0.7975956,0.9249046,-1.444096,1.343192,0.670893,-1.325742,0.7998878,0.4981385,-1.426898,10.41845,-0.0152059,0,0.7990877,0.07430571,-1.487239,8.319728,-0.1620612,-8.043763,0.957734,0.9275736,-1.445785,-1.892482,-2.786661,1.885644,0.9440075,0.5007288,-1.452528,3.981183,0.01659281,0,0.9297251,0.07441643,-1.488993,5.000456,-2.392606,-6.841431,0.7956505,1.407172,-1.470922,-12.92908,0.8690556,0.4579955,0.6660961,1.404976,-1.501265,-4.747719,13.06367,-42.03363,0.6233779,1.150714,-1.490476,12.89798,-5.915681E-05,-14.27623,0.9347939,1.411456,-1.470324,-18.92968,7.325789,5.430041,1.059259,1.431938,-1.512735,43.27864,32.44665,-17.01545,1.261116,1.343666,-1.378376,114.8826,-8.366865E-05,-10.77209,0.6082125,0.8749932,-1.423457,3.587687,-6.954407,0.2176059,1.121078,1.558699,-1.25634,0.9189842,-9.114057,0.07132626,0.6178663,0.864515,-1.391842,44.16425,-13.85959,93.88628,0.6472656,0.840174,-1.381666,16.0373,37.27581,-9.875916,0.6515216,0.8119823,-1.37239,8.46798,-7.228766E-06,0,0.6147763,0.8553061,-1.400594,0,-14.88063,1.249762,0.6209102,0.8098745,-1.37031,31.25934,22.53315,-9.408804,0.6408427,0.7687855,-1.370568,23.35313,5.534323E-06,0,0.6612995,0.7500672,-1.375103,15.58078,6.759461E-06,0,0.6118505,0.8506917,-1.409713,0,7.130985E-07,0,0.6140266,0.8002333,-1.392012,32.90443,12.67069,-5.941616,0.6365122,0.7592422,-1.395513,29.05144,-8.055454E-06,0,0.6617847,0.7427661,-1.402303,19.3908,-2.042253E-06,0,0.6087713,0.8473431,-1.419617,3.069309,14.87364,-2.900701,0.6096193,0.7962365,-1.415857,30.27691,0.1022818,-4.813447,0.6316161,0.7584715,-1.418627,28.43899,-3.247081E-06,0,0.6554724,0.7438515,-1.42247,18.98106,-2.57784E-06,0,0.6060261,0.8466628,-1.428913,7.703139,29.67834,-7.043752,0.6063704,0.7995251,-1.43824,21.13835,-10.86535,-2.493714,0.6202753,0.7670253,-1.4407,30.31067,0.0001255908,0,0.6381001,0.7538535,-1.442909,20.23345,9.018884E-05,0,1.096543,1.574539,-1.275038,38.73286,-12.8782,78.7458,1.058652,1.581982,-1.266719,22.37162,28.81302,-11.21998,1.0403,1.598757,-1.249963,12.9942,-1.821727E-06,0,1.098283,1.578528,-1.262709,0,-14.88067,1.249918,1.06155,1.619285,-1.259814,21.34669,24.89108,3.576755,1.030694,1.641707,-1.234698,14.39246,-1.86401E-06,0,1.009794,1.648988,-1.217388,9.597798,-3.13479E-06,0,1.102075,1.57917,-1.252799,0,-2.06886E-06,0,1.071107,1.619865,-1.237019,21.05732,11.79016,0.3232465,1.038929,1.641477,-1.210644,20.30385,1.361579E-05,0,1.014324,1.645409,-1.19233,13.54379,1.420951E-05,0,1.106855,1.578693,-1.243015,3.069245,14.87367,-2.900768,1.081988,1.614232,-1.215714,12.83035,-0.867205,-5.677614,1.054193,1.637417,-1.191064,23.09813,0.0001237253,0,1.030881,1.642455,-1.175937,15.41039,8.438031E-05,0,1.112319,1.576507,-1.235284,7.703165,29.67841,-7.043752,1.094614,1.603698,-1.199841,13.91716,-12.01713,-21.02348,1.07187,1.620193,-1.178248,23.15635,0.0001238446,0,1.052389,1.624199,-1.168221,15.44928,9.15602E-05,0
733,0.8779061,0.9261905,-1.444698,0.9849661,0.9805858,0.4379019,0.8687193,1.286162,-1.488689,0.5196414,2.009816,-0.7470343,0.8606794,1.594699,-1.482454,9.435131,-3.276119,5.225472,0.7978355,0.9248307,-1.444062,1.357971,0.700501,-1.438174,0.799999,0.4980763,-1.426561,10.50266,-0.0161684,0,0.7991106,0.07428983,-1.487226,8.360272,-0.1835125,-7.984631,0.9579768,0.9275503,-1.445334,-1.930365,-2.831217,1.934922,0.94407,0.5007133,-1.452204,4.007852,0.01787843,0,0.9296607,0.07443342,-1.488997,5.042322,-2.435844,-6.961339,0.7946029,1.406779,-1.471761,-12.73866,0.9812284,0.4788812,0.6652126,1.404237,-1.50277,-4.919124,13.09548,-41.91557,0.6230428,1.149855,-1.492675,12.8212,-7.137931E-05,-14.31697,0.9337161,1.411677,-1.46999,-19.06326,8.023376,5.600282,1.058087,1.434251,-1.511607,47.32356,32.82526,-16.56486,1.261814,1.363401,-1.369951,117.0263,-8.711885E-05,-10.64754,0.6078852,0.8739278,-1.42651,3.456891,-7.073441,0.2121421,1.106015,1.580206,-1.272661,1.150801,-10.1146,0.09891172,0.6172748,0.8634527,-1.394815,44.17117,-13.86765,93.90853,0.6466004,0.8391294,-1.384387,16.10978,37.30962,-9.929572,0.6507663,0.8109322,-1.375087,8.501958,-1.39583E-05,0,0.6142631,0.8542428,-1.403593,0,-14.88063,1.249762,0.6201589,0.8088129,-1.373259,31.27564,22.52845,-9.411248,0.640121,0.7677376,-1.373352,23.3068,-5.345057E-05,0,0.6606147,0.7490171,-1.377709,15.54983,-4.069763E-05,0,0.6114167,0.8496274,-1.412737,0,-2.173423E-06,0,0.6134638,0.7991694,-1.395019,32.92153,12.66879,-5.912778,0.6360068,0.7581945,-1.398334,28.98718,1.504475E-05,0,0.661328,0.7417068,-1.404911,19.34779,1.316487E-05,0,0.608423,0.8462779,-1.422667,3.069181,14.87364,-2.900768,0.6092606,0.7951715,-1.418901,30.28298,0.0972247,-4.80526,0.6313008,0.7574185,-1.421482,28.39894,1.961665E-05,0,0.6551866,0.7427945,-1.425121,18.95427,1.803899E-05,0,0.6057571,0.8455967,-1.431985,7.703165,29.67834,-7.04378,0.6062004,0.7984595,-1.44131,21.15541,-10.86761,-2.482149,0.620149,0.7659697,-1.443653,30.25853,8.957842E-05,0,0.6379893,0.7527944,-1.445711,20.19856,6.159817E-05,0,1.081397,1.592345,-1.293854,38.70632,-12.85578,78.94112,1.042771,1.598004,-1.287826,22.50512,28.47417,-11.17385,1.022581,1.614998,-1.273595,13.11485,-6.317551E-06,0,1.082312,1.597678,-1.281951,0,-14.88067,1.249918,1.042949,1.635906,-1.284764,20.40015,24.54436,4.241455,1.009691,1.659164,-1.26382,13.85324,1.378168E-05,0,0.9876282,1.667364,-1.248477,9.237993,1.00514E-05,0,1.085598,1.599582,-1.272022,0,-1.615927E-06,0,1.051396,1.639456,-1.2618,19.64016,11.22805,1.383808,1.016934,1.662383,-1.239781,19.98336,-6.594468E-05,0,0.9913509,1.667379,-1.223142,13.32978,-3.863477E-05,0,1.089945,1.600431,-1.262064,3.069245,14.87367,-2.900701,1.061628,1.636777,-1.239616,11.3243,-1.556291,-4.951239,1.031651,1.661403,-1.219302,23.13721,2.734952E-05,0,1.00747,1.667053,-1.205848,15.43649,1.34354E-05,0,1.095179,1.599422,-1.253939,7.703139,29.67841,-7.043752,1.074164,1.628801,-1.222249,12.89739,-12.51391,-20.66588,1.049628,1.646401,-1.203705,23.22228,3.983127E-05,0,1.029531,1.650394,-1.194971,15.49333,3.741759E-05,0
767,0.8781655,0.9261438,-1.444349,1.01317,0.9864388,0.332791,0.8684237,1.286075,-1.488619,0.5878411,2.240237,-1.122045,0.859418,1.594575,-1.482574,9.585193,-3.649346,5.583564,0.798094,0.9247736,-1.443859,1.346829,0.7197396,-1.539006,0.8001387,0.4980234,-1.426241,10.56409,-0.03024856,0,0.7992289,0.07428595,-1.487247,8.398775,-0.2328105,-7.960181,0.9582371,0.9275141,-1.444839,-1.982384,-2.864035,1.964832,0.9441529,0.5006865,-1.451926,4.009269,0.03809307,0,0.9297553,0.07442626,-1.488951,5.037812,-2.438607,-7.035504,0.7937072,1.406404,-1.472289,-12.60789,1.100113,0.5132,0.6644541,1.40358,-1.503841,-5.135913,13.15825,-42.0756,0.622788,1.149094,-1.494287,12.67496,-5.914572E-05,-14.48346,0.9327847,1.411872,-1.469619,-19.22824,8.621284,5.684204,1.056969,1.436273,-1.510763,50.7218,33.05145,-16.41573,1.261398,1.380397,-1.363531,118.7461,-8.928606E-05,-10.60603,0.6077409,0.8728853,-1.429283,3.346558,-7.24988,0.2121421,1.092464,1.595614,-1.28681,1.584368,-10.84667,0.1493534,0.6169831,0.8623999,-1.397548,44.17358,-13.87605,93.92818,0.646272,0.8380899,-1.386987,16.17182,37.3196,-9.971353,0.650395,0.8098848,-1.377692,8.533247,-9.112188E-06,0,0.6140183,0.8531926,-1.406345,0,-14.88065,1.249762,0.6197907,0.8077512,-1.376005,31.28255,22.52742,-9.416218,0.6397778,0.7666879,-1.376023,23.28469,-3.497523E-05,0,0.6602972,0.7479742,-1.380286,15.53503,-2.775984E-05,0,0.6112182,0.8485802,-1.415505,0,-8.666023E-06,0,0.6132051,0.7981148,-1.397801,32.92399,12.67028,-5.876832,0.6357854,0.7571533,-1.401028,28.96799,1.957912E-06,0,0.6611386,0.7406728,-1.4075,19.33495,-7.086901E-06,0,0.608274,0.8452339,-1.42545,3.069245,14.87365,-2.900701,0.6091189,0.7941262,-1.421705,30.28263,0.09450058,-4.789661,0.6311904,0.7563853,-1.424196,28.36765,-1.54583E-05,0,0.6550925,0.7417615,-1.427727,18.93335,-2.713247E-05,0,0.6056533,0.8445557,-1.434782,7.703165,29.67836,-7.04378,0.606165,0.7974232,-1.444127,21.13425,-10.86852,-2.470688,0.6201293,0.7649363,-1.446416,30.29804,3.670187E-05,0,0.6379899,0.7517768,-1.448397,20.22497,2.087877E-05,0,1.068007,1.604515,-1.309724,38.73755,-12.83225,79.08615,1.02891,1.608203,-1.305456,22.73511,28.39282,-11.26883,1.007245,1.624945,-1.293239,13.2579,-1.905211E-06,0,1.068145,1.610805,-1.298263,0,-14.88068,1.250075,1.026727,1.646183,-1.305454,19.56906,24.28514,4.840679,0.9914626,1.669363,-1.287996,13.28195,4.538991E-06,0,0.9684122,1.677939,-1.274411,8.856831,2.302673E-06,0,1.070927,1.613677,-1.288413,0,-1.011894E-05,0,1.034058,1.652027,-1.282576,18.27897,10.73907,2.429708,0.9976919,1.675327,-1.264334,19.55916,-5.661962E-05,0,0.9712697,1.680934,-1.249277,13.04647,-4.38768E-05,0,1.07483,1.615567,-1.278414,3.069309,14.87367,-2.900701,1.043568,1.651724,-1.259917,9.890838,-2.118899,-4.409,1.011778,1.676859,-1.243323,23.2086,5.092905E-05,0,0.9868588,1.682675,-1.231372,15.4842,4.058392E-05,0,1.079797,1.61552,-1.270063,7.703165,29.67842,-7.043725,1.055875,1.645918,-1.241554,11.71822,-12.91315,-20.34028,1.029887,1.663993,-1.225631,23.59668,4.287345E-05,0,1.009282,1.667673,-1.218014,15.74349,3.431561E-05,0
800,0.8785513,0.9261097,-1.443993,1.04605,0.9990062,0.2690692,0.8682919,1.285998,-1.488491,0.6311808,2.434582,-1.391986,0.8584533,1.594465,-1.482578,9.66005,-3.935081,5.854744,0.7984796,0.9247205,-1.443592,1.322786,0.7502669,-1.622809,0.8003783,0.4979722,-1.425912,10.61754,-0.04009855,-0.02797646,0.7993579,0.07428351,-1.487254,8.435846,-0.2794759,-7.96171,0.958623,0.9274988,-1.444394,-2.041239,-2.886152,1.988299,0.9444818,0.5006768,-1.451696,4.001544,-0.0007762919,0,0.9297599,0.07444033,-1.488868,5.014775,-2.47015,-7.062943,0.7930863,1.406078,-1.472579,-12.50558,1.167774,0.5702693,0.6639317,1.402949,-1.504503,-5.346834,13.17168,-42.00693,0.6228961,1.148335,-1.495673,12.52473,-7.750174E-05,-14.34885,0.9321303,1.412027,-1.469263,-19.28337,9.059355,5.718032,1.05619,1.437828,-1.509923,53.51667,33.24564,-16.54398,1.260383,1.394649,-1.358161,120.2226,-8.391429E-05,-10.59988,0.6079442,0.8718179,-1.431969,3.268184,-7.453528,0.2130625,1.080219,1.606207,-1.298769,1.955247,-11.31588,0.1928145,0.617121,0.8613116,-1.400222,44.1749,-13.88263,93.93871,0.6463992,0.8370101,-1.389611,16.22139,37.32852,-10.00498,0.6505049,0.8087946,-1.38034,8.558137,-1.129201E-05,0,0.6141801,0.85211,-1.409033,0,-14.88063,1.250075,0.6199072,0.8066472,-1.378716,31.28091,22.52787,-9.425001,0.639913,0.7655931,-1.378721,23.28473,-2.00051E-05,0,0.6604509,0.7468924,-1.382953,15.53507,-1.369587E-06,0,0.6114026,0.8475034,-1.418202,0,-3.212264E-06,0,0.6133747,0.797025,-1.400534,32.92049,12.67675,-5.855916,0.6359774,0.7560749,-1.403748,28.97243,3.902499E-05,0,0.6613505,0.739611,-1.410184,19.33794,4.317322E-05,0,0.6084821,0.8441637,-1.428157,3.069309,14.87364,-2.900701,0.6093433,0.7930534,-1.42445,30.27364,0.09764484,-4.777621,0.6314321,0.7553215,-1.426922,28.36957,1.919885E-05,0,0.6553466,0.7407088,-1.430416,18.93464,1.577572E-05,0,0.6058823,0.8434917,-1.437495,7.703165,29.67834,-7.043752,0.6064374,0.7963668,-1.446876,21.13245,-10.86914,-2.499593,0.6204215,0.763888,-1.449159,30.28794,2.618064E-05,0,0.6382905,0.7507348,-1.451105,20.21823,2.454734E-05,0,1.056116,1.612379,-1.322924,38.74999,-12.78503,79.35286,1.016762,1.614214,-1.320046,23.04563,28.23491,-11.37925,0.9938965,1.630459,-1.309454,13.45763,1.226977E-05,0,1.055544,1.619349,-1.311877,0,-14.88068,1.249918,1.012616,1.651952,-1.322507,18.79001,24.10438,5.356904,0.9757451,1.67465,-1.307979,12.89012,-7.009265E-05,0,0.9518691,1.683259,-1.295928,8.595417,-5.180552E-05,0,1.057842,1.622958,-1.302145,0,-6.231293E-06,0,1.018863,1.659555,-1.299825,17.02348,10.3345,3.364354,0.9809667,1.682736,-1.284835,19.36714,-6.451306E-06,0,0.9538181,1.688554,-1.27122,12.91827,-8.390412E-06,0,1.061304,1.625656,-1.292169,3.069245,14.87367,-2.900768,1.027611,1.661135,-1.276913,8.578377,-2.497881,-3.994785,0.9943881,1.686286,-1.263445,23.73751,2.376841E-05,0,0.9688294,1.69183,-1.252784,15.83761,1.843527E-05,0,1.065984,1.626381,-1.283685,7.703139,29.67842,-7.043752,1.039579,1.65712,-1.25786,10.56021,-13.1809,-20.10153,1.012429,1.675313,-1.244164,24.30929,7.149123E-06,-0.02797646,0.9914047,1.678477,-1.237527,16.21974,5.794865E-06,0
833,0.8790561,0.9261184,-1.443676,1.069177,0.9996384,0.2332305,0.8683813,1.285975,-1.488304,0.6498165,2.600249,-1.564605,0.8578262,1.594413,-1.482438,9.691281,-4.159222,6.041437,0.7989842,0.9247276,-1.443323,1.271032,0.757482,-1.701804,0.8008264,0.4979701,-1.425859,10.5916,2.681667E-05,0,0.7993954,0.07428405,-1.487211,8.430164,-0.2888202,-7.995319,0.959128,0.9275092,-1.444029,-2.083563,-2.940652,2.014603,0.9445932,0.500703,-1.451485,4.002425,0.03839069,0,0.9297738,0.07448497,-1.488828,4.999241,-2.461362,-7.058525,0.7927778,1.405837,-1.47264,-12.45755,1.267092,0.6398023,0.6636959,1.402555,-1.504841,-5.521445,13.14459,-41.9979,0.6231709,1.147837,-1.496665,12.34811,-6.175462E-05,-14.24041,0.9317932,1.412193,-1.46891,-19.33495,9.38039,5.746582,1.055715,1.439077,-1.50929,55.65039,33.22883,-16.82678,1.258977,1.405585,-1.353877,121.5597,-7.389803E-05,-10.49199,0.6082172,0.8710035,-1.434351,3.221242,-7.675464,0.2158,1.069735,1.612678,-1.308681,2.087223,-11.68719,0.2139789,0.6173726,0.8604687,-1.402607,44.17295,-13.88242,93.94591,0.6466514,0.8361678,-1.391997,16.23116,37.32902,-10.01129,0.6507585,0.8079437,-1.382752,8.563184,-9.231925E-06,0,0.6144427,0.8512748,-1.41143,0,-14.88061,1.249918,0.6201642,0.8057835,-1.381155,31.28967,22.53224,-9.372826,0.6401904,0.7647394,-1.381192,23.25214,-7.869398E-05,0,0.6607278,0.7460403,-1.385434,15.51329,-4.911955E-05,0,0.6116747,0.8466765,-1.420606,0,4.0062E-06,0,0.6136535,0.7961808,-1.402988,32.93745,12.6795,-5.86157,0.636286,0.7552495,-1.406232,28.90417,8.73003E-06,0,0.661657,0.7387791,-1.412659,19.2923,1.829918E-05,0,0.6087636,0.8433456,-1.430566,3.069245,14.87364,-2.900768,0.6096433,0.7922319,-1.426911,30.26408,0.0972391,-4.785856,0.631744,0.7545082,-1.429402,28.37301,2.105117E-05,0,0.6556664,0.7399066,-1.432889,18.93694,1.831192E-05,0,0.6061718,0.8426821,-1.439908,7.703114,29.67833,-7.043752,0.6067543,0.795567,-1.449336,21.14832,-10.87218,-2.439757,0.6207628,0.7631003,-1.45164,30.23605,0.0001167266,0,0.6386298,0.7499456,-1.453595,20.18351,7.946075E-05,0,1.046131,1.616648,-1.333773,38.76965,-12.70779,79.59533,1.00667,1.616953,-1.332031,23.31429,28.08635,-11.46953,0.982883,1.632693,-1.322792,13.63233,-1.029631E-05,0,1.044944,1.624113,-1.323104,0,-14.88067,1.249762,1.001051,1.654313,-1.336526,18.20793,24.041,5.809642,0.9629718,1.676429,-1.32442,12.40774,-8.211478E-05,0,0.9384605,1.685028,-1.313711,8.273578,-5.715225E-05,0,1.0468,1.628281,-1.313503,0,-1.604989E-06,0,1.0063,1.66326,-1.314083,15.93937,10.05955,4.304479,0.9672735,1.686191,-1.301866,19.00319,1.66972E-05,0,0.9395567,1.692244,-1.289561,12.67527,7.221819E-06,0,1.049849,1.631602,-1.30358,3.069309,14.87368,-2.900701,1.014287,1.666315,-1.291042,7.655169,-2.709321,-3.657198,0.9799448,1.691206,-1.280146,23.6188,3.844422E-05,0,0.9539278,1.696659,-1.270606,15.75829,2.101596E-05,0,1.05424,1.632935,-1.295015,7.703165,29.67842,-7.043752,1.025835,1.663736,-1.271488,9.723221,-13.29768,-19.83809,0.9977641,1.681833,-1.25965,24.74148,3.981814E-06,0,0.9764452,1.684546,-1.253798,16.5086,-3.751403E-06,0
867,0.8794205,0.9262052,-1.443339,1.07611,0.9853078,0.2185032,0.8684537,1.286045,-1.488039,0.6688108,2.735745,-1.649363,0.8573278,1.594455,-1.482199,9.755219,-4.349155,6.156382,0.7993482,0.924834,-1.443008,1.169021,0.7612272,-1.774868,0.8010505,0.4980474,-1.426255,10.44035,-0.0004248139,0,0.7994423,0.07430217,-1.487192,8.366682,-0.3244467,-8.041298,0.9594929,0.9275763,-1.44367,-2.137349,-2.927963,2.033651,0.9449483,0.5007768,-1.451483,3.947345,-0.0004950312,0,0.9298422,0.07456321,-1.488762,4.950487,-2.469666,-7.02934,0.7925424,1.40573,-1.472516,-12.43002,1.31623,0.6864257,0.663497,1.402247,-1.504842,-5.748798,13.20103,-41.97101,0.6233196,1.147452,-1.497365,12.22773,-6.078392E-05,-14.15656,0.9315367,1.412418,-1.468587,-19.31247,9.597301,5.748934,1.055365,1.440081,-1.508726,57.19768,33.13618,-17.2118,1.257391,1.413751,-1.35035,122.7219,-9.002741E-05,-10.5819,0.6083798,0.8703433,-1.436285,3.191936,-7.857445,0.2185032,1.060951,1.616236,-1.316378,2.074242,-11.95787,0.2167048,0.6175369,0.859773,-1.404553,44.16935,-13.88016,93.96033,0.6468233,0.8354689,-1.393971,16.23806,37.3339,-10.01679,0.6509356,0.8072352,-1.384758,8.566234,-4.229334E-06,0,0.6146116,0.8505888,-1.413388,0,-14.88062,1.250075,0.6203496,0.8050624,-1.383168,31.29606,22.53705,-9.338941,0.6403949,0.7640277,-1.383261,23.23127,-3.021082E-06,0,0.6609326,0.7453353,-1.38753,15.49934,1.253027E-06,0,0.6118462,0.8460007,-1.42257,0,-1.492775E-06,0,0.6138447,0.795484,-1.405014,32.94024,12.68243,-5.850557,0.6364954,0.754567,-1.408311,28.87842,1.994773E-05,0,0.6618664,0.7381042,-1.414757,19.27504,3.274668E-06,0,0.6089374,0.842681,-1.432534,3.069245,14.87364,-2.900768,0.6098382,0.7915632,-1.428942,30.24977,0.104956,-4.7784,0.6319445,0.7538459,-1.431482,28.39344,1.640257E-05,0,0.6558738,0.7392609,-1.434989,18.95059,8.002649E-06,0,0.6063467,0.842028,-1.441877,7.703139,29.67834,-7.043752,0.6069497,0.7949249,-1.451364,21.14884,-10.86697,-2.411839,0.620972,0.7624671,-1.45371,30.22153,0.0001467586,0,0.6388408,0.7493181,-1.455687,20.17378,0.0001028847,0,1.037969,1.61859,-1.342239,38.80555,-12.57088,79.79424,0.9984847,1.617682,-1.34151,23.39084,27.94024,-11.45698,0.9739626,1.632919,-1.33342,13.69595,7.79686E-06,0,1.036239,1.626367,-1.331872,0,-14.88069,1.250075,0.9918215,1.654656,-1.347544,17.71595,24.02505,6.132357,0.9528357,1.676201,-1.337465,11.89335,-7.669861E-05,0,0.9278157,1.684765,-1.327974,7.930459,-5.691667E-05,0,1.037685,1.630914,-1.322372,0,-1.337794E-05,0,0.9961354,1.664519,-1.325286,15.02079,9.858353,5.104267,0.9562719,1.687138,-1.315415,18.75488,-4.451015E-05,0,0.9280747,1.693291,-1.304309,12.50948,-2.342435E-05,0,1.040339,1.634665,-1.312489,3.069245,14.87368,-2.900701,1.003353,1.668605,-1.302152,6.840829,-2.799439,-3.284676,0.96821,1.69321,-1.29336,23.87438,-1.716969E-05,0,0.9418095,1.698399,-1.284775,15.92908,-2.432096E-05,0,1.044436,1.636426,-1.303856,7.703191,29.67843,-7.043725,1.014406,1.667062,-1.282207,9.125245,-13.35372,-19.59938,0.9855938,1.684933,-1.271906,24.90836,2.720172E-05,0,0.9640554,1.687289,-1.266744,16.62016,1.302707E-05,0
900,0.8797001,0.9263677,-1.442886,1.077927,0.9740102,0.2167048,0.868413,1.286193,-1.487619,0.6801254,2.871905,-1.688644,0.8567241,1.594574,-1.481755,9.830053,-4.543015,6.245447,0.7996275,0.9250123,-1.442557,0.9983841,0.7649308,-1.833657,0.8012134,0.4981779,-1.427058,10.16117,-0.001094198,0,0.7994877,0.07431573,-1.487173,8.249645,-0.3565662,-8.089323,0.9597726,0.9277231,-1.443215,-2.220525,-2.928468,2.031918,0.9451377,0.5009382,-1.451632,3.834358,-0.0004097881,0,0.9299748,0.07470605,-1.488675,4.866833,-2.440676,-6.995632,0.7922063,1.4057,-1.472165,-12.41464,1.32894,0.7173703,0.6631814,1.401933,-1.504541,-5.991881,13.33976,-41.88541,0.6231986,1.147089,-1.497744,12.22019,-6.04256E-05,-13.97906,0.9311817,1.41272,-1.468145,-19.25482,9.74617,5.710554,1.054938,1.441013,-1.508068,58.32212,32.99234,-17.56657,1.255695,1.419803,-1.347328,123.7679,-8.043757E-05,-10.83129,0.6083644,0.8698156,-1.437387,3.196105,-7.927677,0.2211734,1.053612,1.617997,-1.32234,2.128724,-11.99322,0.2238118,0.6175727,0.8592013,-1.405685,44.16687,-13.87411,93.97157,0.6468841,0.8348917,-1.395186,16.23223,37.34885,-10.01644,0.6510142,0.8066469,-1.386015,8.56144,-4.34262E-06,0,0.6146387,0.8500292,-1.414529,0,-14.88061,1.249918,0.6204418,0.8044596,-1.384387,31.30042,22.54289,-9.311605,0.640506,0.7634345,-1.384578,23.21994,-2.838209E-05,0,0.6610408,0.7447537,-1.388911,15.49174,-2.164661E-05,0,0.6118621,0.8454538,-1.423714,0,3.309099E-06,0,0.6139094,0.7949114,-1.406239,32.94255,12.69222,-5.864244,0.6365725,0.7540097,-1.409638,28.84227,-6.282498E-06,0,0.6619321,0.7375525,-1.416144,19.25085,-2.023053E-06,0,0.6089402,0.8421479,-1.43368,3.069245,14.87364,-2.900701,0.6098698,0.7910251,-1.430167,30.24655,0.1113247,-4.773314,0.6319865,0.7533204,-1.4328,28.38388,1.176357E-05,0,0.6559135,0.738746,-1.436368,18.94419,7.276254E-06,0,0.6063362,0.8415079,-1.443019,7.703165,29.67833,-7.043752,0.6069471,0.7944195,-1.452579,21.16331,-10.86917,-2.412813,0.620989,0.7619753,-1.454995,30.16849,-3.774302E-05,0,0.6388521,0.7488254,-1.457016,20.13828,-1.869084E-05,0,1.031226,1.619228,-1.348795,38.86371,-12.42912,79.84769,0.9917713,1.617314,-1.348901,23.35576,27.87395,-11.41394,0.9666764,1.632044,-1.341678,13.68441,1.17731E-05,0,1.029043,1.627167,-1.338638,0,-14.88067,1.250075,0.9843227,1.65397,-1.355974,17.32316,24.05819,6.336792,0.9446625,1.674937,-1.347423,11.16662,-0.000123897,0,0.9192669,1.683499,-1.338985,7.44574,-8.042757E-05,0,1.030136,1.631942,-1.329204,0,-3.668858E-06,0,0.987831,1.664393,-1.33383,14.21743,9.714486,5.722281,0.947367,1.686666,-1.325787,18.35194,-0.0001013929,0,0.918797,1.692917,-1.315739,12.24046,-7.306288E-05,0,1.032448,1.635961,-1.31934,3.069309,14.87368,-2.900701,0.9943664,1.669134,-1.310618,6.229762,-2.839273,-3.08756,0.9586108,1.693364,-1.303394,23.82342,2.819705E-05,0,0.9319228,1.698357,-1.29562,15.89505,2.422468E-05,0,1.036284,1.638003,-1.310649,7.703191,29.67842,-7.04378,1.004957,1.668284,-1.290382,8.588171,-13.3194,-19.36405,0.9756003,1.685889,-1.281224,25.08616,1.470759E-05,0,0.953905,1.687913,-1.276607,16.73902,-4.04636E-06,0
933,0.8801117,0.9265218,-1.442991,1.082455,0.9462067,0.23239,0.8686338,1.286336,-1.487716,0.6720214,2.9801,-1.69489,0.8564919,1.594692,-1.481762,9.870199,-4.685588,6.313482,0.8000385,0.9252057,-1.442642,0.8717791,0.7627357,-1.871999,0.8014319,0.4983386,-1.428053,9.908755,-0.02021579,0,0.7996546,0.07434157,-1.487209,8.117208,-0.3815554,-8.133156,0.9601849,0.927838,-1.443339,-2.282934,-2.922011,2.011686,0.9453847,0.5010674,-1.452183,3.695864,0.01925835,0,0.9302449,0.07478279,-1.488626,4.74198,-2.402596,-6.965227,0.7922001,1.405697,-1.472251,-12.41071,1.346301,0.7449358,0.6631818,1.401731,-1.50463,-6.116127,13.41292,-41.74837,0.6233568,1.14685,-1.498275,12.17817,-6.439658E-05,-13.69607,0.9311616,1.412979,-1.468219,-19.27191,9.875151,5.677579,1.054792,1.441802,-1.508152,59.12551,32.58754,-17.89263,1.254044,1.423598,-1.345187,124.6354,-9.2393E-05,-10.6866,0.6084716,0.8694512,-1.438512,3.257023,-7.972789,0.2272819,1.047997,1.618445,-1.327224,1.775088,-12.21012,0.1887116,0.6177724,0.8587844,-1.406855,44.16306,-13.87057,93.97501,0.6471222,0.8344671,-1.396482,16.21666,37.35598,-10.00813,0.6512871,0.8062096,-1.387365,8.55249,-7.653133E-06,0,0.6148183,0.8496268,-1.415708,0,-14.88062,1.250075,0.6207259,0.8040059,-1.385664,31.31211,22.54379,-9.325252,0.640815,0.7629937,-1.385988,23.17986,-4.088638E-05,0,0.661338,0.74432,-1.390407,15.46499,-2.893054E-05,0,0.6120184,0.8450665,-1.424893,0,-1.78705E-06,0,0.6141377,0.7944939,-1.407514,32.96326,12.70134,-5.868621,0.6368206,0.7536159,-1.411063,28.74343,2.325504E-06,0,0.6621472,0.7371456,-1.417663,19.1847,-2.559713E-06,0,0.6090706,0.8417771,-1.434857,3.069245,14.87364,-2.900701,0.6100338,0.7906486,-1.431438,30.2433,0.1197738,-4.767606,0.6321571,0.7529575,-1.434205,28.36391,2.243303E-05,0,0.6560742,0.7383906,-1.437869,18.93083,1.829379E-05,0,0.606441,0.8411527,-1.44419,7.703165,29.67834,-7.043725,0.6070475,0.7940819,-1.453835,21.14449,-10.85884,-2.458538,0.6210866,0.7616442,-1.456353,30.1925,3.774738E-05,0,0.6389518,0.7485078,-1.458443,20.15436,2.454505E-05,0,1.026203,1.618802,-1.354194,38.89989,-12.304,80.05185,0.9867887,1.616326,-1.355055,23.47887,27.67572,-11.40643,0.9613315,1.630797,-1.348618,13.78194,-6.242713E-06,0,1.023678,1.626917,-1.344258,0,-14.88068,1.249918,0.9789922,1.652704,-1.363153,16.92202,24.13212,6.553259,0.9389713,1.673522,-1.356039,10.44555,-0.0001442088,0,0.9133517,1.682348,-1.348611,6.964777,-9.823335E-05,0,1.02449,1.631903,-1.334904,0,-6.159615E-06,0,0.9818502,1.663633,-1.34116,13.44326,9.620004,6.329269,0.9411139,1.685966,-1.334839,18.08039,-0.0001261579,0,0.9122915,1.692538,-1.325764,12.05916,-8.035799E-05,0,1.026521,1.636158,-1.325078,3.069309,14.87368,-2.900768,0.9877896,1.668949,-1.317912,5.692232,-2.822649,-2.934516,0.9517412,1.693135,-1.312142,24.09625,3.143202E-05,0,0.9248392,1.698033,-1.305077,16.07738,1.58362E-05,0,1.030129,1.638435,-1.316349,7.703165,29.67842,-7.04378,0.9979289,1.668673,-1.297431,8.176276,-13.25604,-19.20641,0.9682476,1.686255,-1.289337,25.21714,1.963103E-06,0,0.9464411,1.688159,-1.28522,16.82654,6.136558E-06,0
967,0.8805848,0.9266197,-1.443235,1.08354,0.9367433,0.2438933,0.8689366,1.286428,-1.487867,0.6355062,3.054801,-1.684815,0.8564786,1.594765,-1.481717,9.866115,-4.776454,6.364548,0.8005115,0.9253171,-1.442869,0.8055148,0.7838314,-1.901457,0.8016765,0.498433,-1.428764,9.74907,-0.01955262,0,0.7996579,0.07433954,-1.487216,8.022771,-0.363051,-8.170247,0.9606581,0.9279223,-1.443601,-2.34435,-2.940041,1.991839,0.9456474,0.5011685,-1.452887,3.536624,0.01388759,0,0.9303045,0.07482824,-1.488588,4.621266,-2.402965,-6.944385,0.7923505,1.405679,-1.472313,-12.43933,1.350752,0.7808449,0.6633472,1.401576,-1.504735,-6.120197,13.43437,-41.60247,0.6236445,1.146673,-1.498516,12.10664,-6.639932E-05,-13.33763,0.9313032,1.413139,-1.468302,-19.18195,9.921956,5.643787,1.054927,1.442261,-1.50804,59.65293,32.37988,-18.20773,1.252963,1.426162,-1.343379,125.4188,-9.546093E-05,-10.49293,0.6085693,0.8692045,-1.439125,3.363306,-7.979127,0.234068,1.043682,1.617973,-1.331007,1.342026,-12.40255,0.1440177,0.617987,0.8584813,-1.407521,44.15914,-13.86944,93.97665,0.6473812,0.8341539,-1.397298,16.20791,37.34747,-10.0006,0.6515928,0.805882,-1.388248,8.548906,-1.06663E-05,0,0.615005,0.8493393,-1.416381,0,-14.88063,1.249918,0.6210372,0.8036638,-1.386445,31.32225,22.54456,-9.339403,0.6411462,0.762663,-1.386923,23.14298,-2.558226E-05,0,0.661653,0.743996,-1.391444,15.44033,-1.78034E-05,0,0.6121741,0.8447954,-1.425565,0,-2.80244E-06,0,0.6143749,0.7941908,-1.408289,32.97622,12.70752,-5.886364,0.637067,0.7533327,-1.412006,28.66618,1.700114E-05,0,0.6623593,0.7368554,-1.418719,19.13304,1.026339E-05,0,0.6091921,0.8415237,-1.435524,3.069245,14.87364,-2.900701,0.6101874,0.7903891,-1.432206,30.229,0.1242389,-4.766579,0.6323054,0.7527063,-1.435124,28.37337,-8.925649E-06,0,0.6562134,0.7381536,-1.438902,18.93718,-4.666318E-06,0,0.6065295,0.8409159,-1.444849,7.703114,29.67834,-7.043752,0.60712,0.7938638,-1.454586,21.11938,-10.85298,-2.481991,0.6211483,0.7614304,-1.457217,30.2352,8.127021E-05,0,0.6390154,0.7483106,-1.459393,20.18292,5.443962E-05,0,1.02241,1.617639,-1.358391,38.99319,-12.15832,80.10707,0.9830433,1.614722,-1.359846,23.41905,27.72026,-11.39114,0.9573326,1.629043,-1.35412,13.74139,-1.345972E-06,0,1.019612,1.625897,-1.348648,0,-14.88068,1.249762,0.9750409,1.650888,-1.36884,16.26681,24.2039,6.88752,0.934857,1.671805,-1.363059,9.808327,-0.0001311566,0,0.9091137,1.681005,-1.356573,6.53978,-8.23938E-05,0,1.020193,1.631051,-1.339368,0,-6.875443E-06,0,0.9773632,1.662223,-1.346989,12.77192,9.549917,6.850027,0.9364803,1.684653,-1.342129,17.44991,7.616322E-06,0,0.9074925,1.69172,-1.334003,11.63828,3.004424E-06,0,1.02199,1.635495,-1.329581,3.069245,14.87368,-2.900768,0.9827987,1.667999,-1.323728,5.405445,-2.716108,-2.774246,0.9465314,1.692098,-1.319076,23.76997,2.749052E-05,0,0.9195045,1.697145,-1.312618,15.85932,1.732259E-05,0,1.025406,1.63796,-1.320825,7.703165,29.67843,-7.043752,0.992543,1.668181,-1.303055,7.98291,-13.14886,-19.08704,0.962606,1.685699,-1.295807,24.89007,6.018417E-06,0,0.9407343,1.687647,-1.292075,16.60793,3.685713E-06,0
1000,0.8810299,0.926676,-1.44346,1.083359,0.9198672,0.2398483,0.8693054,1.286482,-1.487969,0.589503,3.107236,-1.678181,0.8566372,1.594804,-1.481568,9.864779,-4.852663,6.400246,0.8009562,0.9253969,-1.4431,0.7641266,0.7972811,-1.923968,0.8018935,0.4985022,-1.429303,9.629536,-0.01532293,0,0.7996268,0.07433039,-1.487175,7.946038,-0.3288901,-8.186379,0.9611036,0.9279552,-1.44382,-2.402407,-2.95146,1.986526,0.9458812,0.5012185,-1.453541,3.386106,-0.0004107238,0,0.930266,0.07483089,-1.488551,4.521861,-2.417114,-6.929879,0.7926124,1.40565,-1.47231,-12.44749,1.333688,0.814213,0.6636147,1.401416,-1.504737,-6.208831,13.58421,-41.50865,0.6236441,1.14655,-1.498715,12.22178,-6.653855E-05,-13.11801,0.9315587,1.413235,-1.468311,-19.08003,9.929461,5.612028,1.055216,1.442524,-1.507818,60.01749,32.20388,-18.43386,1.252194,1.427649,-1.341779,126.1926,-8.913813E-05,-10.5622,0.6084765,0.8691549,-1.439006,3.470513,-7.843873,0.2373883,1.0404,1.61694,-1.334339,1.2738,-12.31884,0.1370561,0.6179866,0.8583779,-1.407449,44.15861,-13.86842,93.97678,0.647415,0.8340387,-1.397353,16.20385,37.3324,-9.994637,0.6516663,0.8057524,-1.388367,8.548515,-3.57652E-06,0,0.6149814,0.8492509,-1.416316,0,-14.88064,1.250075,0.6211093,0.8035239,-1.386478,31.32194,22.54922,-9.356917,0.6412243,0.7625277,-1.387089,23.13912,1.657259E-06,0,0.6617214,0.743872,-1.3917,15.43776,4.558361E-06,0,0.6121255,0.8447226,-1.4255,0,-6.782727E-06,0,0.614387,0.7940879,-1.40832,32.98133,12.71536,-5.908433,0.6370783,0.7532429,-1.412181,28.60314,4.338064E-06,0,0.6623402,0.7367567,-1.418986,19.09088,-2.917147E-06,0,0.6091159,0.8414679,-1.435456,3.069309,14.87364,-2.900768,0.6101322,0.7903278,-1.432231,30.21486,0.1290361,-4.770564,0.6322407,0.7526496,-1.43528,28.38065,-1.317166E-05,0,0.6561392,0.7381062,-1.439152,18.94201,-1.836078E-05,0,0.6064269,0.840876,-1.444774,7.703191,29.67835,-7.043752,0.6070003,0.7938414,-1.454597,21.13055,-10.8497,-2.471243,0.6210343,0.7614188,-1.457328,30.18665,5.402978E-05,0,0.6388892,0.7482953,-1.459581,20.15045,4.48566E-05,0,1.019559,1.616172,-1.362043,39.05803,-12.05314,80.09737,0.9802487,1.612812,-1.363996,23.42783,27.6736,-11.37859,0.954302,1.626873,-1.358704,13.75264,-3.410443E-06,0,1.016523,1.624473,-1.352408,0,-14.88067,1.249762,0.9720058,1.64883,-1.373474,15.46916,24.24212,7.301916,0.9317234,1.669823,-1.368751,9.624247,3.87494E-05,0,0.9058745,1.679179,-1.362943,6.416983,2.654453E-05,0,1.016905,1.629702,-1.343161,0,-1.084317E-06,0,0.9738699,1.660354,-1.351678,11.92701,9.455438,7.438963,0.9329286,1.682901,-1.347991,17.17394,-1.570485E-05,0,0.9038188,1.69027,-1.340603,11.45406,-1.199593E-05,0,1.018504,1.634239,-1.333381,3.069245,14.87367,-2.900768,0.9788837,1.666363,-1.328381,5.046244,-2.593409,-2.645305,0.9424521,1.690348,-1.324487,23.43836,2.021306E-05,0,0.915336,1.695499,-1.318503,15.63774,1.442393E-05,0,1.021758,1.636806,-1.324593,7.703165,29.67841,-7.043725,0.9883052,1.666805,-1.307563,7.602613,-13.00067,-19.05356,0.9582015,1.684265,-1.300889,24.88227,7.903326E-06,0,0.9362748,1.686159,-1.297464,16.60274,-5.72002E-06,0
1033,0.8814182,0.9267252,-1.443652,1.083178,0.8994745,0.2158,0.8697121,1.286532,-1.488047,0.5467969,3.134844,-1.684234,0.8569296,1.594844,-1.481424,9.854568,-4.889709,6.406646,0.8013439,0.925474,-1.443326,0.7279305,0.8060265,-1.934012,0.8020606,0.4985701,-1.429803,9.529122,-0.01937486,0,0.7996502,0.07433543,-1.487206,7.88471,-0.2967524,-8.168059,0.9614925,0.9279764,-1.443978,-2.456706,-2.975802,1.995962,0.9459425,0.5012612,-1.454113,3.253414,0.05296291,0,0.9304408,0.07482409,-1.488566,4.445498,-2.388568,-6.929822,0.7929599,1.405652,-1.472307,-12.45755,1.348863,0.8448781,0.6639721,1.401415,-1.504773,-5.98612,13.4695,-41.07545,0.6240247,1.146551,-1.498529,12.17147,-5.410854E-05,-12.5628,0.9319021,1.4133,-1.468288,-19.01035,9.92529,5.576611,1.055599,1.442673,-1.507608,60.2863,32.10207,-18.63455,1.25181,1.42871,-1.340585,126.9659,-7.981465E-05,-10.44764,0.6083348,0.8692387,-1.438569,3.635504,-7.75264,0.2462884,1.037783,1.615596,-1.337531,1.040799,-12.34401,0.1101434,0.6179053,0.8584157,-1.407045,44.15569,-13.86784,93.9682,0.6473533,0.8340625,-1.39704,16.19068,37.30432,-9.979947,0.6516379,0.8057644,-1.388108,8.544862,-5.196513E-06,0,0.614884,0.8493017,-1.41592,0,-14.88062,1.249918,0.6210717,0.803531,-1.386162,31.31227,22.55227,-9.382174,0.6411819,0.762534,-1.38687,23.1681,-8.926936E-05,0,0.6616791,0.7438946,-1.391546,15.45712,-6.947956E-05,0,0.6120111,0.8447868,-1.425105,0,-4.899589E-07,0,0.6143088,0.7941269,-1.408005,32.96361,12.72127,-5.916158,0.6369829,0.7532821,-1.411968,28.61496,1.68531E-05,0,0.6622317,0.7368053,-1.418844,19.09878,1.352019E-05,0,0.6089829,0.8415467,-1.43506,3.069245,14.87364,-2.900701,0.610009,0.7904019,-1.431913,30.20345,0.1350835,-4.773068,0.6321061,0.7527252,-1.435063,28.39173,1.017115E-06,0,0.6559978,0.738189,-1.439002,18.94944,5.456992E-06,0,0.6062763,0.8409683,-1.444375,7.703139,29.67834,-7.043725,0.6068346,0.7939483,-1.454268,21.11324,-10.85294,-2.480334,0.6208565,0.7615266,-1.45707,30.2107,0.0001631641,0,0.63871,0.7484099,-1.459374,20.16655,0.000114384,0,1.017333,1.614358,-1.365508,39.12702,-11.97495,80.21978,0.9780791,1.610638,-1.367894,23.60679,27.67826,-11.4753,0.95198,1.624569,-1.363026,13.85575,-2.441575E-06,0,1.014098,1.622738,-1.356007,0,-14.88066,1.249918,0.9696817,1.646502,-1.377945,15.09412,24.35763,7.741313,0.929294,1.667466,-1.374069,9.900079,5.565153E-05,0,0.9033321,1.676744,-1.368655,6.600935,2.923306E-05,0,1.014311,1.628069,-1.346812,0,2.731334E-06,0,0.9711524,1.658275,-1.356253,11.08974,9.321597,8.043494,0.9302319,1.681023,-1.353772,17.37276,2.792414E-05,0,0.9010166,1.688556,-1.34699,11.58677,1.642114E-05,0,1.015738,1.632724,-1.337062,3.069309,14.87367,-2.900701,0.9757961,1.664576,-1.332956,4.487379,-2.500476,-2.544837,0.9393486,1.68866,-1.329917,24.0052,5.39115E-05,0,0.9121249,1.693665,-1.324309,16.01653,3.363846E-05,0,1.01885,1.635413,-1.328258,7.703165,29.6784,-7.043752,0.9849256,1.66532,-1.312017,7.118798,-12.78945,-19.03033,0.9547578,1.682876,-1.305907,25.3196,3.967375E-06,0,0.9327792,1.684652,-1.302764,16.89506,-1.382004E-05,0
1067,0.881731,0.9267689,-1.443977,1.081732,0.8848183,0.174713,0.8701216,1.286581,-1.488264,0.5082192,3.129232,-1.702494,0.8573495,1.594895,-1.481511,9.774691,-4.86268,6.291799,0.8016561,0.925537,-1.443708,0.7168246,0.8173801,-1.939065,0.8021749,0.4986297,-1.430286,9.444126,-0.01441279,0,0.7995988,0.07432479,-1.48716,7.817432,-0.2526233,-8.12881,0.9618058,0.9280007,-1.444245,-2.518705,-2.985007,2.007986,0.9460895,0.5013036,-1.454868,3.085847,0.05288936,0,0.9304789,0.0748097,-1.488562,4.345236,-2.397771,-6.942576,0.7933758,1.405697,-1.472466,-12.46932,1.33485,0.8764802,0.6644055,1.401462,-1.505002,-5.91861,13.51497,-40.9124,0.6241258,1.146654,-1.498576,12.26466,-6.765575E-05,-12.3512,0.9323174,1.413329,-1.468398,-19.01926,9.965887,5.544892,1.056003,1.442809,-1.507675,60.40195,32.04321,-18.80541,1.251857,1.429277,-1.340196,127.727,-7.554582E-05,-10.15366,0.6081148,0.8695114,-1.437925,3.759632,-7.580285,0.2486604,1.035834,1.613877,-1.340563,0.3443497,-12.31771,0.03426402,0.6177095,0.8586556,-1.40642,44.14923,-13.86681,93.9586,0.6471611,0.8342875,-1.396462,16.1712,37.2672,-9.959215,0.6514689,0.8059819,-1.387564,8.539,-1.025991E-05,0,0.6146808,0.8495508,-1.415301,0,-14.88064,1.249918,0.6208894,0.8037494,-1.385595,31.30803,22.55997,-9.369051,0.6409914,0.7627496,-1.386364,23.17779,-3.935175E-05,0,0.6614833,0.7441146,-1.391081,15.46359,-3.438993E-05,0,0.6118003,0.8450455,-1.424489,0,-5.600553E-06,0,0.6141087,0.794368,-1.407442,32.94497,12.72809,-5.929925,0.6367636,0.7535182,-1.411464,28.62884,-2.837939E-05,0,0.6620057,0.737045,-1.418374,19.10808,-3.759172E-05,0,0.6087641,0.8418157,-1.434445,3.069181,14.87364,-2.900701,0.60979,0.7906677,-1.431351,30.18721,0.1388337,-4.773848,0.6318715,0.7529866,-1.434556,28.40902,-2.179372E-05,0,0.6557595,0.7384535,-1.43853,18.96102,-3.632014E-05,0,0.6060502,0.841247,-1.443758,7.703165,29.67835,-7.043752,0.6065981,0.794237,-1.453699,21.11019,-10.85,-2.505928,0.6206142,0.7618167,-1.456548,30.19216,7.212568E-05,0,0.6384605,0.7486945,-1.458875,20.15413,3.650312E-05,0,1.015707,1.612308,-1.368757,39.18491,-11.80408,80.32539,0.9764716,1.608585,-1.371428,23.26903,27.65212,-11.28661,0.9502903,1.622544,-1.367114,13.66333,-7.022557E-06,0,1.012366,1.620801,-1.359395,0,-14.88066,1.249918,0.9682137,1.64431,-1.382127,14.58528,24.6072,7.42378,0.9279849,1.665699,-1.378996,11.48792,6.731201E-05,-0.01978234,0.9019146,1.67466,-1.373568,7.660013,4.492393E-05,0,1.012474,1.626243,-1.350264,0,7.611956E-07,0,0.9694387,1.656343,-1.360563,10.37451,9.334841,8.709488,0.9287491,1.679587,-1.359076,18.3663,-0.0001867241,0,0.8994905,1.687146,-1.352514,12.25005,-0.0001209674,0,1.013791,1.631014,-1.340554,3.069245,14.87367,-2.900701,0.973816,1.662922,-1.337292,4.117895,-2.43803,-2.488292,0.9374967,1.687284,-1.335025,24.51715,3.858494E-05,0,0.9102118,1.692304,-1.329738,16.35869,2.834908E-05,0,1.016802,1.633808,-1.331748,7.703165,29.6784,-7.043752,0.982704,1.663915,-1.316259,6.647975,-12.49399,-18.80844,0.9526519,1.681823,-1.31062,26.15164,8.955071E-06,0,0.9306408,1.683516,-1.307663,17.45132,2.911289E-06,0
1100,0.8819568,0.9268213,-1.444356,1.089842,0.8733851,0.1186941,0.8704705,1.286632,-1.488565,0.4668813,3.113307,-1.72533,0.857765,1.594952,-1.481687,9.674367,-4.832129,6.078703,0.8018816,0.9256039,-1.444167,0.6912548,0.8267512,-1.947424,0.8022395,0.4986921,-1.430881,9.348049,-0.01470828,0,0.7995906,0.07431132,-1.487182,7.745267,-0.2136964,-8.076984,0.9620321,0.9280387,-1.444546,-2.580809,-2.992162,2.024971,0.9461946,0.5013567,-1.455591,2.930444,0.03307719,0,0.9303725,0.0748128,-1.488545,4.248699,-2.425946,-6.969197,0.793751,1.405757,-1.472708,-12.4477,1.33185,0.916639,0.6647806,1.401575,-1.505251,-5.882066,13.5682,-40.82367,0.6241065,1.146835,-1.498653,12.40443,-5.002862E-05,-12.27507,0.9326931,1.413348,-1.468579,-18.96139,9.969127,5.500037,1.05644,1.442834,-1.507658,60.39968,32.08263,-18.91649,1.252077,1.429266,-1.33993,128.371,-9.095232E-05,-9.782834,0.6079115,0.8698851,-1.437172,3.84359,-7.394739,0.2486604,1.034603,1.612131,-1.342852,0.1938267,-11.84344,0,0.617511,0.8590109,-1.405675,44.14219,-13.86405,93.94187,0.6469568,0.8346281,-1.395736,16.13235,37.22694,-9.925491,0.6512831,0.8063207,-1.386853,8.523321,-1.112916E-05,0,0.6144786,0.8499113,-1.414561,0,-14.88064,1.249918,0.620685,0.804093,-1.38488,31.30168,22.56693,-9.383787,0.6407729,0.7630868,-1.385678,23.19328,-5.28365E-05,0,0.661263,0.7444537,-1.39041,15.47396,-3.39115E-05,0,0.6115953,0.8454114,-1.42375,0,-4.10308E-06,0,0.6138979,0.7947245,-1.406731,32.92643,12.73386,-5.947749,0.6365308,0.7538649,-1.410777,28.64733,-5.240876E-06,0,0.6617693,0.7373909,-1.417698,19.12042,-1.598045E-05,0,0.6085564,0.8421874,-1.433708,3.069245,14.87364,-2.900701,0.6095733,0.7910376,-1.430641,30.17313,0.1456309,-4.77118,0.6316369,0.7533484,-1.433873,28.43863,2.63662E-05,0,0.6555244,0.7388191,-1.437864,18.98081,1.302799E-05,0,0.6058403,0.8416242,-1.44302,7.703165,29.67835,-7.043752,0.6063772,0.7946194,-1.452986,21.07796,-10.84622,-2.491986,0.6203685,0.7621902,-1.455856,30.25561,0.0001758448,0,0.6382186,0.749076,-1.458198,20.19659,0.0001131347,0,1.014465,1.610391,-1.371029,39.28543,-11.66007,80.22746,0.9752309,1.606557,-1.373544,22.70306,27.86813,-11.06527,0.9489909,1.620474,-1.369456,13.30726,-1.583475E-05,0,1.011111,1.61892,-1.361704,0,-14.88068,1.250075,0.9668981,1.642232,-1.384521,14.51853,24.97545,6.528165,0.9267316,1.663717,-1.381245,11.6651,7.060898E-05,0,0.900664,1.672632,-1.375728,7.778242,5.080169E-05,0,1.011212,1.624403,-1.352597,0,-7.514289E-06,0,0.9681078,1.654365,-1.363011,10.06398,9.520369,8.640543,0.9275154,1.677782,-1.361588,19.0622,0.0001170472,0,0.8982534,1.685166,-1.354844,12.7147,6.541295E-05,0,1.012524,1.629222,-1.342909,3.069309,14.87368,-2.900701,0.9724822,1.661059,-1.339772,4.047286,-2.452202,-2.447526,0.9361364,1.685392,-1.337629,24.24902,2.639506E-05,0,0.9088637,1.690537,-1.332399,16.17947,1.647505E-05,0,1.015533,1.632061,-1.334118,7.703191,29.67842,-7.043725,0.981378,1.662166,-1.318749,6.535251,-12.40365,-18.71989,0.9513368,1.680104,-1.313145,26.12078,1.830139E-05,0,0.9293338,1.681823,-1.310143,17.43071,9.870207E-06,0
1133,0.8822784,0.9268586,-1.444323,1.092174,0.8524526,0.05595291,0.8710883,1.286678,-1.488461,0.4361108,3.045634,-1.741475,0.8586977,1.595008,-1.481405,9.695256,-4.775399,5.873229,0.8022025,0.925669,-1.444218,0.6413296,0.8344538,-1.959546,0.8023413,0.4987461,-1.431288,9.244842,-0.01418299,0,0.7995551,0.07431233,-1.487182,7.695467,-0.162075,-8.030085,0.9623542,0.9280483,-1.444428,-2.709205,-2.99997,2.037881,0.9463212,0.5013995,-1.456436,2.6897,0.05260661,0.01978234,0.9305303,0.07479158,-1.488564,4.13768,-2.425318,-7.005383,0.7945046,1.405885,-1.472562,-12.44069,1.297568,0.9437756,0.6655375,1.401793,-1.505129,-5.773124,13.59873,-40.77652,0.6244177,1.147137,-1.498038,12.43684,-4.454242E-05,-12.27608,0.9334544,1.41331,-1.468388,-19.00098,9.99758,5.475468,1.057206,1.442733,-1.507498,60.31734,32.09314,-19.07834,1.252843,1.428849,-1.339795,128.6722,-8.72816E-05,-9.550902,0.6077577,0.8703729,-1.435851,3.956315,-7.261613,0.2517883,1.034606,1.610792,-1.343359,0.3663747,-11.54309,0.02797646,0.6173337,0.8594908,-1.40435,44.13728,-13.8596,93.92045,0.6467642,0.8350952,-1.394397,16.08129,37.2002,-9.887099,0.6510953,0.8067897,-1.38551,8.499648,-6.317187E-06,0,0.6143048,0.8503936,-1.413239,0,-14.88064,1.250075,0.6204798,0.8045686,-1.383562,31.28241,22.58233,-9.342917,0.6405411,0.7635493,-1.384356,23.2509,-8.67378E-05,0,0.661036,0.7449232,-1.389095,15.51245,-6.735593E-05,0,0.6114264,0.845896,-1.422431,0,-5.877878E-06,0,0.6137046,0.7952056,-1.405419,32.92579,12.73917,-5.964304,0.6363276,0.7543401,-1.409461,28.62616,1.842022E-05,0,0.6615611,0.7378508,-1.416363,19.10627,1.992444E-05,0,0.6083931,0.8426745,-1.432391,3.069245,14.87364,-2.900768,0.6093948,0.7915239,-1.429333,30.15732,0.1512447,-4.768674,0.6314397,0.7538232,-1.432558,28.48682,1.540319E-05,0,0.6553336,0.7393019,-1.43654,19.01306,5.344789E-06,0,0.6056831,0.8421136,-1.441705,7.703191,29.67835,-7.043752,0.6062145,0.7951103,-1.451679,21.0396,-10.84686,-2.516529,0.6201781,0.7626687,-1.454542,30.33224,0.0001916146,0,0.6380358,0.7495623,-1.456871,20.24787,0.0001278345,0,1.014364,1.608988,-1.371457,39.32868,-11.65108,80.31818,0.9751396,1.604951,-1.3738,22.71183,27.80502,-11.04741,0.9488354,1.618708,-1.369587,13.32041,6.440139E-06,0,1.011008,1.617492,-1.362109,0,-14.88067,1.249918,0.9665965,1.640622,-1.384724,14.60004,25.44595,6.263472,0.9264393,1.662036,-1.380917,11.10472,-2.985402E-05,0,0.9004524,1.671097,-1.375259,7.404408,-2.54145E-05,0,1.01112,1.622966,-1.352997,0,-7.167915E-06,0,0.9678361,1.652737,-1.363207,10.10801,9.791968,8.637269,0.9271826,1.676021,-1.361383,18.41646,0.0001994635,0,0.8979825,1.683583,-1.354568,12.28352,0.000142359,0,1.012448,1.62778,-1.34331,3.069309,14.87368,-2.900768,0.9722725,1.659428,-1.339979,3.874442,-2.467324,-2.463071,0.9358857,1.68369,-1.337726,24.50362,2.503235E-05,0,0.9086031,1.688661,-1.33238,16.34963,1.198031E-05,0,1.015479,1.630625,-1.334527,7.703191,29.67842,-7.04378,0.9812474,1.660555,-1.31899,6.367536,-12.36489,-18.73969,0.951198,1.678437,-1.313255,26.3188,1.460127E-05,0,0.9291981,1.680039,-1.310167,17.56309,2.009793E-06,0
1167,0.8825997,0.9269062,-1.444362,1.110122,0.8465014,0,0.8715987,1.286719,-1.48853,0.4224361,2.996084,-1.761253,0.8594553,1.595048,-1.481284,9.818225,-4.760935,5.788619,0.8025237,0.9257234,-1.444331,0.577091,0.8579838,-1.96244,0.8024383,0.4987899,-1.431754,9.135058,-0.01365781,0,0.7995133,0.07429683,-1.487188,7.638743,-0.09625215,-7.985418,0.9626756,0.928089,-1.444392,-2.859238,-3.002379,2.046506,0.9465982,0.5014713,-1.457404,2.426726,0.01318221,0,0.930552,0.07480127,-1.488566,4.014199,-2.458373,-7.035225,0.7951123,1.405988,-1.472627,-12.43108,1.295274,0.9565441,0.6661477,1.40201,-1.505218,-5.639932,13.5883,-40.70023,0.6246626,1.147427,-1.497665,12.46611,-6.041235E-05,-12.25039,0.9340669,1.413292,-1.468402,-18.96735,9.957918,5.445681,1.057901,1.44253,-1.507391,60.2012,32.26225,-19.12697,1.253801,1.42836,-1.340021,128.6417,-8.650112E-05,-9.721462,0.6075875,0.8708391,-1.434808,4.047624,-7.14167,0.2533378,1.035623,1.610386,-1.342815,0.3758652,-11.7215,0.03956468,0.6171333,0.8599551,-1.403298,44.13576,-13.85479,93.89717,0.6465462,0.8355479,-1.393322,16.03148,37.19082,-9.85333,0.6508716,0.8072453,-1.384423,8.474657,-7.171268E-06,0,0.6141089,0.8508586,-1.412189,0,-14.88064,1.249918,0.6202435,0.8050327,-1.382505,31.28758,22.58496,-9.365819,0.6402936,0.7640076,-1.383284,23.23403,-2.792759E-05,0,0.6607835,0.7453704,-1.388001,15.50121,-1.303102E-05,0,0.6112367,0.8463615,-1.421383,-0.01978234,-7.420842E-06,0.02797646,0.6134837,0.795671,-1.404367,32.89933,12.7437,-5.953843,0.6360784,0.7547874,-1.408384,28.68453,3.777695E-06,0,0.6613201,0.7383038,-1.41527,19.1453,-7.838398E-06,0,0.6082108,0.8431406,-1.431346,3.069309,14.87364,-2.900633,0.6091928,0.7919898,-1.428284,30.1369,0.1573959,-4.759957,0.6312137,0.7542734,-1.43149,28.55247,7.947146E-06,0,0.6551165,0.7397629,-1.435457,19.05698,1.264137E-06,0,0.6055084,0.8425802,-1.440662,7.703191,29.67835,-7.043725,0.6060324,0.7955764,-1.450634,21.02099,-10.84037,-2.507022,0.6199768,0.7631255,-1.453486,30.37223,-2.968279E-05,0,0.6378365,0.75002,-1.455804,20.27465,-2.36203E-05,0,1.015442,1.608628,-1.37096,39.38436,-11.68979,80.48105,0.9762319,1.604506,-1.373402,23.04023,27.80867,-11.22246,0.9499345,1.618256,-1.369123,13.51028,-1.932155E-06,0,1.012056,1.617104,-1.361598,0,-14.88069,1.249918,0.9676653,1.640239,-1.38425,14.59811,25.8059,6.254795,0.9275663,1.661724,-1.380234,10.82437,-7.081262E-05,0,0.9016352,1.670924,-1.374544,7.217408,-3.995666E-05,0,1.012143,1.622556,-1.352473,0,-8.239381E-06,0,0.968846,1.652303,-1.362701,10.05215,9.954791,8.662156,0.9282152,1.67562,-1.360807,17.9818,-0.0001198884,0,0.8990443,1.683386,-1.354096,11.99336,-8.513085E-05,0,1.013445,1.627349,-1.342771,3.069309,14.87368,-2.900768,0.9732262,1.658942,-1.339448,3.758538,-2.415252,-2.40428,0.9368607,1.683237,-1.337209,24.77004,3.791777E-05,0,0.9095609,1.688104,-1.331855,16.5277,2.916572E-05,0,1.016455,1.630175,-1.333975,7.703191,29.67843,-7.04378,0.9821559,1.660028,-1.318437,6.308417,-12.25459,-18.76302,0.9521095,1.677905,-1.312668,26.37277,-1.810373E-05,0,0.9301062,1.679485,-1.309593,17.59916,-8.68031E-06,0
1200,0.88283,0.9269115,-1.444672,1.11995,0.8372304,-0.03956468,0.872034,1.286723,-1.48887,0.4191812,2.944424,-1.783009,0.8601152,1.595056,-1.481528,9.902343,-4.715242,5.845563,0.8027539,0.9257403,-1.444713,0.5848376,0.8903183,-1.966425,0.8023545,0.4988107,-1.432011,9.118438,-0.0493898,0,0.7994453,0.07428676,-1.48721,7.611823,-0.04652735,-7.942554,0.9629062,0.9280828,-1.444632,-2.982159,-3.033212,2.057284,0.946549,0.5015029,-1.458504,2.163018,0.05241497,0,0.9305953,0.07475102,-1.488575,3.877877,-2.441847,-7.06658,0.7956487,1.40606,-1.472988,-12.41905,1.283989,0.9610341,0.6666871,1.402174,-1.505602,-5.546588,13.5961,-40.68487,0.6248746,1.147657,-1.497638,12.47963,-5.371846E-05,-12.28134,0.9346082,1.413239,-1.468709,-19.04417,9.979372,5.436821,1.058421,1.442414,-1.507813,60.12678,32.31296,-19.1079,1.254659,1.427914,-1.340868,128.5137,-7.824595E-05,-9.90264,0.6074488,0.8712096,-1.434262,4.111851,-7.054047,0.2533378,1.036853,1.610399,-1.3425,0.2306999,-11.84119,0.02797646,0.6169644,0.8603267,-1.402742,44.1369,-13.85062,93.86675,0.6463594,0.8359081,-1.392741,15.97801,37.19551,-9.820427,0.6506723,0.807609,-1.383825,8.446107,-4.611532E-06,0,0.6139435,0.85123,-1.411634,0,-14.88063,1.250075,0.6200352,0.8054064,-1.381938,31.27498,22.58816,-9.378695,0.6400608,0.7643688,-1.382692,23.28207,-2.470467E-05,0,0.6605582,0.7457359,-1.387393,15.5333,-1.259917E-05,0,0.611077,0.8467327,-1.42083,0,-2.391507E-06,0,0.6132893,0.796044,-1.403804,32.87909,12.74522,-5.959404,0.6358573,0.7551426,-1.40779,28.70712,2.449394E-05,0,0.6610994,0.7386491,-1.414651,19.16044,1.828617E-05,0,0.6080579,0.8435114,-1.430795,3.069245,14.87364,-2.900768,0.6090164,0.7923607,-1.427724,30.12241,0.1608897,-4.751142,0.6310146,0.754629,-1.430906,28.60751,1.912787E-05,0,0.6549242,0.7401249,-1.434857,19.09378,2.462198E-05,0,0.6053629,0.8429506,-1.440113,7.703139,29.67834,-7.043752,0.6058758,0.795945,-1.450077,21.0338,-10.82956,-2.499672,0.6198153,0.7634913,-1.45292,30.33947,5.534885E-05,0,0.6376663,0.7503718,-1.455226,20.25272,3.767565E-05,0,1.016693,1.608793,-1.370668,39.40438,-11.67892,80.47002,0.9774719,1.604805,-1.373148,23.06219,27.6916,-11.19164,0.9511961,1.618577,-1.368807,13.53822,-2.860873E-06,0,1.013327,1.617254,-1.361285,0,-14.88068,1.249918,0.9690382,1.640607,-1.383911,14.53123,26.00738,6.427882,0.9290777,1.662323,-1.379759,10.65314,-0.0004479931,0,0.903229,1.671734,-1.37404,7.103212,-0.0003015194,0,1.013425,1.622679,-1.352144,0,-3.452991E-06,0,0.9702395,1.652604,-1.362326,9.962967,10.01759,8.925769,0.9297312,1.67613,-1.360387,17.55964,4.622311E-05,0,0.9006346,1.684239,-1.353761,11.71154,2.583401E-05,0,1.014733,1.627438,-1.342427,3.069245,14.87367,-2.900701,0.9746199,1.659159,-1.339048,3.795966,-2.355007,-2.353516,0.938333,1.683563,-1.336719,24.50558,-5.325772E-06,0,0.9110669,1.688625,-1.331373,16.35094,-1.549254E-07,0,1.017744,1.630228,-1.33362,7.703191,29.67842,-7.043752,0.983533,1.660153,-1.318026,6.259181,-12.13415,-18.79887,0.9535773,1.678153,-1.312172,26.35198,1.745143E-05,0,0.9315841,1.679838,-1.30908,17.5853,3.681057E-06,0
1233,0.8829058,0.9269118,-1.444775,1.134359,0.8175436,-0.09278741,0.87238,1.286721,-1.489036,0.4228991,2.882545,-1.792314,0.8607218,1.595068,-1.48174,9.875936,-4.644753,5.975698,0.8028293,0.9257668,-1.444881,0.5723243,0.8624099,-1.979816,0.8024877,0.4988375,-1.432172,9.09293,0.001986955,0,0.7992979,0.07428852,-1.487162,7.58861,0.03523047,-7.917057,0.9629823,0.9280568,-1.444668,-3.108476,-3.005249,2.066964,0.9467061,0.5015024,-1.459392,1.936338,0.01780779,0,0.930643,0.07469586,-1.488616,3.778076,-2.450461,-7.094009,0.7961208,1.406141,-1.473173,-12.40302,1.297365,0.9691444,0.6671507,1.402423,-1.505773,-5.427839,13.53866,-40.54141,0.6250272,1.147967,-1.497508,12.48304,-6.116712E-05,-12.20442,0.9350873,1.41317,-1.468871,-19.11122,9.990181,5.42318,1.058887,1.44223,-1.508102,60.12012,32.42603,-19.07767,1.255588,1.42775,-1.341701,128.3833,-9.715366E-05,-10.00392,0.6071354,0.8716444,-1.43372,4.188719,-6.996597,0.2556444,1.038098,1.610618,-1.342308,0.1312212,-11.90025,0,0.6166173,0.8607647,-1.402189,44.13899,-13.84897,93.86051,0.6459932,0.8363358,-1.392157,15.95939,37.20353,-9.810351,0.6502854,0.8080386,-1.383225,8.435452,-5.614459E-06,0,0.6136006,0.8516672,-1.411082,0,-14.88063,1.250075,0.6196449,0.8058479,-1.381369,31.27206,22.59059,-9.393145,0.6396506,0.7648001,-1.382096,23.30019,-2.891199E-05,0,0.6601493,0.7461628,-1.386774,15.54539,-1.74496E-05,0,0.6107405,0.847169,-1.42028,0,-2.920363E-06,0,0.6129149,0.7964833,-1.40324,32.86641,12.74859,-5.927711,0.6354595,0.755566,-1.407194,28.72614,-1.530033E-05,0,0.6606998,0.739062,-1.414036,19.17318,-9.572599E-06,0,0.6077291,0.8439468,-1.430246,3.069309,14.87364,-2.900701,0.6086624,0.7927963,-1.427163,30.10717,0.1649235,-4.751925,0.6306365,0.7550482,-1.430316,28.66347,1.989531E-05,0,0.6545531,0.7405499,-1.434244,19.13124,1.807288E-05,0,0.6050424,0.8433849,-1.439567,7.703165,29.67835,-7.043752,0.6055437,0.7963768,-1.449519,21.02066,-10.83193,-2.517384,0.6194646,0.763913,-1.45234,30.36786,0.0002005715,0,0.6373159,0.7507898,-1.454623,20.27174,0.0001340912,0,1.017885,1.609097,-1.370443,39.43137,-11.64756,80.43164,0.9786473,1.605217,-1.372831,22.9603,27.64786,-11.12205,0.9523958,1.619017,-1.368435,13.48474,1.183113E-06,0,1.01456,1.617558,-1.361046,0,-14.88067,1.249918,0.9702983,1.64106,-1.383572,14.37922,26.09345,6.455126,0.9304693,1.662999,-1.379329,10.838,-0.0001977995,0,0.9046693,1.672478,-1.373503,7.226536,-0.0001317309,0,1.014688,1.622974,-1.351899,0,-2.692471E-06,0,0.9715712,1.653033,-1.361977,9.734538,9.955628,8.959339,0.931201,1.676797,-1.360072,17.81652,3.788171E-05,0,0.902133,1.684965,-1.353393,11.88299,3.367399E-05,0,1.016027,1.62772,-1.34218,3.069245,14.87368,-2.900701,0.9760107,1.659552,-1.338701,3.677966,-2.330985,-2.356591,0.9398477,1.684133,-1.336301,24.75862,-1.35464E-05,0,0.9125995,1.689206,-1.330877,16.52008,-6.592119E-06,0,1.019061,1.630493,-1.333375,7.703139,29.67842,-7.043725,0.9849628,1.660499,-1.317693,6.197358,-12.02164,-18.83835,0.9551061,1.678623,-1.311715,26.37289,1.371528E-05,0,0.9331293,1.680393,-1.308556,17.59925,1.231048E-05,0
1267,0.883005,0.9269199,-1.444605,1.15233,0.8194717,-0.1186941,0.8726776,1.286722,-1.488973,0.4374548,2.810706,-1.77575,0.8613313,1.595088,-1.481804,9.826673,-4.565986,6.103164,0.8029286,0.9257714,-1.44475,0.5230194,0.8744572,-1.993509,0.8025104,0.4988351,-1.432277,9.051412,-0.01226837,-0.02797646,0.7993767,0.07427678,-1.487198,7.579967,0.04910052,-7.900999,0.9630814,0.9280684,-1.444461,-3.23513,-3.037725,2.06829,0.94659,0.5015513,-1.460004,1.739901,0.05216615,0,0.930623,0.07469806,-1.488593,3.697082,-2.441195,-7.113864,0.7965729,1.406242,-1.473121,-12.3779,1.276532,0.9845687,0.6675761,1.402629,-1.505627,-5.462927,13.57662,-40.63108,0.6251419,1.148231,-1.49716,12.47449,-4.96349E-05,-12.41184,0.9355493,1.413098,-1.468859,-19.14112,10.01168,5.403632,1.059343,1.442039,-1.508196,60.229,32.46336,-18.96324,1.256308,1.427634,-1.342099,128.2363,-8.782821E-05,-10.34227,0.607019,0.8719506,-1.433254,4.200019,-6.985161,0.2556444,1.039417,1.611214,-1.342206,0.2373883,-11.93922,0.02797646,0.6164587,0.8610751,-1.401709,44.14243,-13.84768,93.86612,0.6458136,0.8366375,-1.391637,15.96065,37.2203,-9.814859,0.6500762,0.8083408,-1.382689,8.434217,-4.392895E-06,0,0.6134487,0.8519766,-1.410604,-0.01978234,-14.88063,1.249762,0.6194381,0.8061625,-1.380872,31.27643,22.58916,-9.416196,0.6394303,0.7651076,-1.381564,23.30919,-2.343205E-05,0,0.6599321,0.7464658,-1.386211,15.55141,-1.794262E-05,0,0.6105977,0.8474772,-1.419803,0,-2.654921E-06,0,0.6127304,0.7967951,-1.402748,32.83562,12.75278,-5.908267,0.6352419,0.7558552,-1.406657,28.80244,-1.567528E-05,0,0.6604943,0.7393594,-1.413474,19.22423,-1.078894E-05,0,0.6075969,0.8442536,-1.429772,3.069245,14.87364,-2.900701,0.6085049,0.7931036,-1.426675,30.09315,0.1694036,-4.757611,0.6304571,0.7553397,-1.429792,28.7165,9.180552E-06,0,0.6543819,0.7408466,-1.43369,19.16669,-5.928267E-06,0,0.6049211,0.8436905,-1.439096,7.703165,29.67835,-7.043752,0.6054146,0.7966796,-1.449036,21.00848,-10.82623,-2.497949,0.6193179,0.7642063,-1.451834,30.39631,0.0001859603,0,0.6371695,0.7510805,-1.454098,20.29079,0.0001316568,0,1.019208,1.609811,-1.37035,39.48384,-11.58592,80.37,0.9799641,1.605977,-1.372706,22.65976,27.77957,-11.01088,0.953714,1.619799,-1.368371,13.29347,2.492445E-06,0,1.015892,1.618246,-1.360927,0,-14.88068,1.249918,0.9716674,1.641879,-1.383387,14.21045,26.1617,6.543167,0.9319289,1.663973,-1.379099,11.38085,-0.0003641029,0,0.9061248,1.673332,-1.373101,7.588584,-0.0002427167,0,1.016026,1.623631,-1.351762,0,-9.547392E-06,0,0.9729513,1.65378,-1.361753,9.501191,9.894612,8.947291,0.9326825,1.677721,-1.359909,18.4415,3.126221E-05,0,0.9035942,1.68572,-1.353115,12.30027,1.661469E-05,0,1.017369,1.628344,-1.342028,3.069309,14.87367,-2.900701,0.977394,1.660218,-1.338455,3.556388,-2.330887,-2.405176,0.9413102,1.684912,-1.336019,25.19552,-2.581431E-05,0,0.9140463,1.689853,-1.330551,16.81208,-2.284476E-05,0,1.020405,1.631085,-1.333213,7.703191,29.67842,-7.04378,0.9863425,1.661086,-1.317442,6.085504,-11.91154,-18.8465,0.9565595,1.679299,-1.311369,26.56127,-3.068946E-06,0,0.9345859,1.681066,-1.308184,17.7252,-6.988583E-06,0
1300,0.8830414,0.9269373,-1.444181,1.165668,0.8131627,-0.1203313,0.8729116,1.286736,-1.488669,0.4643598,2.744493,-1.739451,0.8618928,1.595116,-1.481635,9.838692,-4.533584,6.190046,0.8029649,0.9257975,-1.444326,0.4383485,0.8716972,-1.999293,0.8025217,0.4988462,-1.432379,8.961641,0.001585895,-0.01978234,0.799273,0.07427016,-1.487157,7.559721,0.06674905,-7.905148,0.963118,0.928077,-1.444036,-3.396094,-3.03972,2.057759,0.9465663,0.5016037,-1.460676,1.499069,0.03809553,0,0.9304962,0.07470816,-1.488567,3.601849,-2.469033,-7.11698,0.7969555,1.406352,-1.472829,-12.36415,1.298486,0.9916978,0.6679252,1.402923,-1.505221,-5.521942,13.59404,-40.70823,0.6251323,1.148586,-1.496726,12.51555,-6.911173E-05,-12.56282,0.9359424,1.413048,-1.468657,-19.23818,10.04053,5.40646,1.059664,1.441887,-1.508294,60.32376,32.39885,-18.81222,1.256932,1.427313,-1.342573,128.0937,-8.577528E-05,-10.23772,0.6068395,0.87235,-1.432676,4.213473,-6.971334,0.2564087,1.040858,1.611852,-1.342117,0.1631294,-12.03324,0,0.6162696,0.8614781,-1.401127,44.14544,-13.84778,93.86739,0.6456143,0.8370321,-1.391046,15.9579,37.23429,-9.816221,0.6498588,0.8087362,-1.382087,8.43119,-1.426777E-05,0,0.6132573,0.8523788,-1.41002,0,-14.88063,1.250075,0.6192231,0.8065693,-1.380276,31.29112,22.5877,-9.414276,0.6392072,0.7655103,-1.380961,23.26525,-5.997813E-05,0,0.6596926,0.7468477,-1.385596,15.52203,-5.321699E-05,0,0.610406,0.8478783,-1.419219,0,-3.102951E-06,0,0.612515,0.7971994,-1.402151,32.83194,12.75623,-5.884365,0.6350067,0.7562475,-1.406049,28.78625,1.206999E-05,0,0.6602458,0.7397299,-1.412863,19.21338,-6.949989E-06,0,0.6074054,0.8446537,-1.429188,3.069245,14.87364,-2.900633,0.6082917,0.793504,-1.426078,30.0975,0.1715341,-4.753574,0.6302311,0.7557319,-1.429186,28.71489,1.574364E-05,0,0.6541508,0.7412291,-1.433079,19.16563,-5.982794E-07,0,0.6047308,0.8440894,-1.438512,7.703165,29.67835,-7.043752,0.6052064,0.7970759,-1.448441,21.01294,-10.83107,-2.503428,0.6190996,0.7645973,-1.451226,30.37988,0.0001870803,0,0.6369437,0.7514597,-1.453481,20.27975,0.0001230573,0,1.020552,1.61044,-1.370192,39.51725,-11.57012,80.27943,0.9812828,1.606774,-1.372388,22.49461,27.84177,-10.94584,0.9550994,1.620726,-1.368065,13.18981,-2.485651E-06,0,1.017307,1.618928,-1.36079,0.02797646,-14.88068,1.249762,0.9731268,1.642691,-1.383199,14.13137,26.24574,6.880425,0.9335538,1.665067,-1.378842,11.90157,-0.0002089118,0,0.9078087,1.674434,-1.372607,7.935953,-0.0001408704,0,1.017497,1.624348,-1.351647,0,-3.967759E-06,0,0.9745381,1.654668,-1.361615,9.421164,9.896209,9.134994,0.934422,1.678863,-1.359763,18.74181,6.272746E-06,0,0.9053944,1.686948,-1.352811,12.50073,1.004811E-06,0,1.018894,1.629091,-1.341934,3.069309,14.87368,-2.900633,0.9790869,1.661174,-1.338356,3.634642,-2.329745,-2.383924,0.9431019,1.686006,-1.335877,24.96648,-9.33268E-06,0,0.9158906,1.691174,-1.330357,16.65902,-1.085138E-05,0,1.021972,1.63185,-1.33314,7.703165,29.67842,-7.043725,0.988107,1.662078,-1.317376,6.051682,-11.83615,-18.86786,0.9584562,1.680485,-1.311239,26.54062,2.329854E-05,0,0.9365073,1.682398,-1.307971,17.71141,1.788333E-05,0
1333,0.8830764,0.9269624,-1.443666,1.171863,0.8156957,-0.09891172,0.8730745,1.28676,-1.488255,0.4933717,2.686805,-1.698235,0.862367,1.59515,-1.481313,9.909033,-4.53449,6.269948,0.8029999,0.9258197,-1.443781,0.3527702,0.873936,-2.000956,0.8025613,0.4988522,-1.432425,8.879228,-0.004844936,0,0.7993569,0.07427296,-1.48718,7.553411,0.04555111,-7.92075,0.9631529,0.9281051,-1.443552,-3.587578,-3.049978,2.042868,0.9465355,0.5016899,-1.461562,1.194849,0.03814042,0,0.9304749,0.07473639,-1.488557,3.477783,-2.48727,-7.105089,0.7972509,1.406461,-1.472426,-12.36225,1.330541,0.9867525,0.6681914,1.40322,-1.504722,-5.513027,13.55158,-40.81041,0.6252213,1.148919,-1.496063,12.42937,-5.924467E-05,-12.72697,0.9362473,1.413019,-1.468357,-19.13935,10.01394,5.384305,1.060051,1.441656,-1.507884,60.40925,32.53903,-18.62769,1.257591,1.427175,-1.342479,127.9787,-6.987328E-05,-9.981288,0.6066681,0.8726394,-1.432276,4.217701,-7.037458,0.2586879,1.042218,1.612531,-1.341835,-0.03956468,-12.09052,0,0.6160798,0.861769,-1.40072,44.14857,-13.84689,93.86619,0.6454104,0.8373125,-1.390623,15.95296,37.25153,-9.816863,0.649632,0.8090166,-1.381654,8.4266,-2.953501E-06,0,0.6130672,0.8526694,-1.409613,0,-14.88064,1.249918,0.6189995,0.8068625,-1.379858,31.29646,22.58643,-9.427588,0.6389688,0.7657961,-1.380528,23.23653,4.859413E-07,0,0.6594418,0.7471154,-1.385145,15.50285,4.246007E-06,0,0.6102178,0.8481686,-1.418812,0,-3.946479E-06,0,0.6122965,0.7974917,-1.401734,32.83113,12.75947,-5.859797,0.6347698,0.7565284,-1.405617,28.77398,6.565072E-06,0,0.6599984,0.7399914,-1.412423,19.20517,-3.823563E-06,0,0.60722,0.8449434,-1.428782,3.069245,14.87364,-2.900701,0.6080818,0.7937939,-1.425662,30.10603,0.1716521,-4.760657,0.6300109,0.7560146,-1.428755,28.69075,1.995165E-05,0,0.653922,0.7414936,-1.432633,19.14948,-2.626623E-06,0,0.6045492,0.8443787,-1.438107,7.703139,29.67835,-7.043725,0.6050077,0.7973632,-1.448027,21.01509,-10.83755,-2.461879,0.6188891,0.7648782,-1.450796,30.37279,0.0001748571,0,0.6367266,0.7517309,-1.453048,20.27502,0.000128046,0,1.021791,1.611046,-1.369817,39.52856,-11.57975,80.32828,0.9824908,1.607608,-1.371832,22.53274,27.81273,-10.95567,0.9564114,1.621751,-1.3675,13.21561,2.89362E-06,0,1.018638,1.619622,-1.360465,0,-14.88068,1.249918,0.974521,1.643507,-1.382871,14.13502,26.28081,7.098543,0.9351189,1.666178,-1.378494,12.21366,2.735347E-05,0,0.9094518,1.675652,-1.372101,8.144156,1.285874E-05,0,1.018899,1.625107,-1.351362,0,-3.676428E-06,0,0.9760963,1.655631,-1.36138,9.401594,9.87319,9.18947,0.9361461,1.680102,-1.359568,18.96978,-6.765313E-05,0,0.9071873,1.688331,-1.352501,12.65297,-5.083836E-05,0,1.020367,1.629912,-1.341691,3.069309,14.87367,-2.900701,0.9807807,1.662276,-1.338188,3.624825,-2.321586,-2.323132,0.9449716,1.687365,-1.335743,25.02247,4.49813E-05,0,0.9178176,1.692731,-1.330131,16.69643,2.278255E-05,0,1.023497,1.632715,-1.332929,7.703139,29.67842,-7.043752,0.989891,1.663274,-1.317251,6.048507,-11.78417,-18.90053,0.9603947,1.681923,-1.311101,26.4295,-1.30155E-05,0,0.9384791,1.684052,-1.307743,17.63708,-1.475214E-05,0.02797646
1367,0.8828669,0.926995,-1.443107,1.171529,0.7997065,-0.06255726,0.873036,1.286798,-1.487751,0.5147229,2.635112,-1.662834,0.8626205,1.595198,-1.480893,9.941408,-4.548074,6.35209,0.80279,0.9258757,-1.443174,0.2422834,0.840078,-2.008084,0.8024871,0.4988871,-1.432639,8.738937,-0.01257805,-0.02797646,0.7994598,0.0742777,-1.48717,7.517865,-0.008689621,-7.951471,0.9629438,0.9281143,-1.443041,-3.845118,-3.007464,2.02265,0.9465083,0.5017768,-1.462956,0.7506924,-0.0008346869,0,0.9304508,0.07473627,-1.488538,3.28563,-2.507757,-7.084795,0.7973306,1.406574,-1.471924,-12.35556,1.3398,0.9707584,0.6682444,1.403459,-1.504125,-5.514768,13.5218,-40.75786,0.6251212,1.149181,-1.495529,12.39841,-6.203762E-05,-12.71236,0.9363355,1.413008,-1.467942,-19.26846,10.02119,5.401673,1.060049,1.441526,-1.507836,60.41836,32.47879,-18.50853,1.257996,1.426666,-1.342952,127.9047,-7.52561E-05,-10.25653,0.6063172,0.872874,-1.431937,4.226005,-7.088195,0.261696,1.043316,1.612822,-1.341657,-0.05595291,-12.19707,0,0.6157251,0.8620021,-1.400381,44.15028,-13.84525,93.86607,0.6450438,0.8375311,-1.390285,15.94226,37.26968,-9.814098,0.6492443,0.809235,-1.381305,8.418999,-3.711484E-06,0,0.6127071,0.8529031,-1.409272,0,-14.88063,1.250075,0.6186168,0.8070964,-1.379513,31.29515,22.58691,-9.423583,0.638563,0.7660187,-1.380179,23.22825,-5.634906E-05,0,0.6590226,0.7473229,-1.384795,15.49732,-4.581883E-05,0,0.6098546,0.8484027,-1.418471,0,-2.167981E-06,0,0.6119072,0.7977267,-1.401388,32.82775,12.76199,-5.853137,0.6343554,0.7567493,-1.405268,28.76815,-9.884258E-06,0,0.6595714,0.7401937,-1.412075,19.20127,-1.715948E-05,0,0.6068544,0.8451781,-1.42844,3.069245,14.87364,-2.900768,0.607689,0.7940285,-1.425315,30.10707,0.1725121,-4.761767,0.629598,0.7562375,-1.428406,28.68677,9.831721E-06,0,0.6535003,0.741702,-1.432284,19.14681,1.010817E-06,0,0.6041827,0.8446139,-1.437765,7.703191,29.67834,-7.043752,0.6046154,0.797597,-1.44768,21.0064,-10.84432,-2.488056,0.6184749,0.765102,-1.450442,30.38788,0.0001402661,0,0.6363075,0.7519466,-1.452686,20.28511,8.935462E-05,0,1.022914,1.611457,-1.369663,39.54266,-11.55308,80.28568,0.9836037,1.608151,-1.371704,22.36293,27.82596,-10.87087,0.9575462,1.622348,-1.367419,13.11545,-6.709247E-07,0,1.019779,1.620026,-1.360298,0,-14.88067,1.249918,0.9757638,1.644097,-1.382704,14.19545,26.25733,7.015764,0.9364087,1.666848,-1.378318,12.26649,-5.838358E-05,0,0.9107511,1.676343,-1.371919,8.179398,-4.080115E-05,0,1.020049,1.625493,-1.351184,0,-1.972118E-06,0,0.9773563,1.656175,-1.361189,9.391701,9.817094,9.049912,0.9374759,1.680762,-1.359416,19.21185,-1.233366E-05,0,0.9085066,1.688947,-1.35234,12.81456,-4.717412E-06,0,1.021522,1.630274,-1.341502,3.069181,14.87368,-2.900633,0.9820383,1.662761,-1.337979,3.540442,-2.334659,-2.370255,0.9463394,1.688009,-1.335558,25.33835,5.798358E-05,0,0.9191786,1.69334,-1.329945,16.90758,3.903883E-05,0,1.024652,1.63305,-1.332732,7.703114,29.67842,-7.043752,0.9911301,1.66369,-1.31703,5.92053,-11.7269,-19.04578,0.9617354,1.682494,-1.310867,26.60016,2.030723E-05,0,0.9398198,1.684676,-1.307545,17.7512,1.339155E-05,0
1400,0.8822741,0.9270082,-1.442398,1.166675,0.8026899,-0.01978234,0.8725376,1.286818,-1.487051,0.5248867,2.58641,-1.632908,0.8623934,1.59523,-1.480277,9.910799,-4.553831,6.416493,0.8021972,0.9258857,-1.442417,0.1594904,0.7975611,-2.021682,0.8022349,0.4988813,-1.432539,8.66524,-0.013084,0,0.7995124,0.07428342,-1.487176,7.52423,-0.09012128,-7.983181,0.962351,0.9281307,-1.442379,-4.144442,-2.998948,2.002814,0.9459832,0.5019017,-1.464543,0.2332305,0.0382091,0,0.9304186,0.07475069,-1.488537,3.06848,-2.46143,-7.067218,0.7969428,1.406662,-1.471209,-12.35403,1.344491,0.9569532,0.6678362,1.403661,-1.503339,-5.525312,13.48794,-40.72898,0.624626,1.149394,-1.494874,12.36501,-5.523773E-05,-12.64526,0.935955,1.412978,-1.4673,-19.31736,10.01473,5.401492,1.059641,1.441365,-1.507371,60.35413,32.63686,-18.40635,1.258299,1.426363,-1.343357,127.9141,-7.273159E-05,-10.65072,0.6056498,0.8730334,-1.431566,4.222852,-7.15617,0.2639296,1.043876,1.612808,-1.341306,-0.04845664,-12.18557,0,0.6150874,0.8621573,-1.400021,44.15198,-13.84461,93.86174,0.6444035,0.8376693,-1.389958,15.92516,37.2812,-9.80576,0.6485947,0.8093729,-1.380976,8.408707,-1.865746E-05,0,0.6120535,0.8530596,-1.408908,0,-14.88064,1.249918,0.6179694,0.8072509,-1.379153,31.28721,22.58603,-9.427941,0.6378855,0.7661588,-1.379837,23.25353,-3.743329E-06,0,0.6583343,0.7474571,-1.384476,15.51419,-4.371382E-06,0,0.6091877,0.8485607,-1.418104,0,-2.813197E-06,0,0.6112289,0.7978843,-1.40102,32.82518,12.76169,-5.848714,0.6336458,0.756892,-1.404923,28.76582,2.455781E-05,0,0.6588422,0.7403182,-1.411758,19.19971,1.034455E-05,0,0.606174,0.8453373,-1.428069,3.069309,14.87364,-2.900633,0.6069807,0.7941874,-1.424942,30.10861,0.1746186,-4.756458,0.6288635,0.7563832,-1.428058,28.68673,-9.508717E-06,0,0.6527523,0.7418333,-1.431965,19.1468,-9.888208E-06,0,0.6034911,0.8447742,-1.437391,7.703191,29.67835,-7.043725,0.6038834,0.7977566,-1.447303,21.03705,-10.84909,-2.506162,0.6177371,0.7652603,-1.450079,30.30373,9.583489E-05,0,0.635547,0.7520767,-1.452336,20.2288,7.121414E-05,0,1.023471,1.611594,-1.369317,39.55554,-11.51794,80.17013,0.9841552,1.608352,-1.371346,22.08292,27.85358,-10.73326,0.9580856,1.622531,-1.367072,12.94958,-1.468033E-05,0,1.020349,1.620126,-1.359914,0,-14.88071,1.250075,0.9763651,1.644354,-1.382213,14.29211,26.22153,6.840542,0.937005,1.667074,-1.377714,12.07429,1.648025E-05,0,0.9113548,1.676601,-1.371332,8.051179,2.045861E-05,0,1.020626,1.625552,-1.350777,0,-1.472236E-05,0,0.9779747,1.656335,-1.360645,9.435465,9.769474,8.934063,0.9381011,1.680928,-1.358782,19.22387,-6.427014E-06,0,0.9091249,1.689077,-1.351694,12.8226,-1.070584E-05,0,1.022106,1.630289,-1.341074,3.069245,14.87369,-2.900768,0.9826661,1.662813,-1.337407,3.479584,-2.348071,-2.44088,0.9470227,1.688131,-1.334901,25.61826,4.113674E-05,0,0.9198505,1.693366,-1.329254,17.09474,2.128616E-05,0,1.02524,1.633023,-1.332292,7.703139,29.67845,-7.043725,0.9917597,1.663638,-1.316455,5.794203,-11.66058,-19.1293,0.9624392,1.682525,-1.310193,26.79562,-7.964518E-06,0,0.9405237,1.684701,-1.306865,17.88192,-9.328614E-06,0
1433,0.8821133,0.9270198,-1.441842,1.154705,0.8076168,0,0.8724635,1.286842,-1.486451,0.5241405,2.540139,-1.603032,0.8625709,1.595267,-1.479736,9.845145,-4.549465,6.45467,0.8020365,0.9258912,-1.441826,0.1027921,0.786134,-2.033458,0.8021967,0.4988754,-1.432451,8.60259,-0.0004595304,0,0.799475,0.07428154,-1.487118,7.520631,-0.130514,-8.009621,0.9621902,0.9281485,-1.441859,-4.272235,-2.997492,1.995373,0.9458552,0.5019729,-1.465051,0.02797646,0.03818813,0,0.930378,0.07479,-1.488528,2.993821,-2.465943,-7.053437,0.7969742,1.406748,-1.470571,-12.34177,1.359435,0.9563395,0.6678412,1.403886,-1.502608,-5.593629,13.48654,-40.83808,0.6244972,1.149636,-1.494318,12.34101,-6.043737E-05,-12.76367,0.9359936,1.41295,-1.466733,-19.41488,10.02161,5.404792,1.059611,1.441247,-1.50708,60.31004,32.64503,-18.27509,1.258775,1.425732,-1.343728,128.0119,-9.006869E-05,-10.75224,0.6054615,0.8731952,-1.431379,4.1861,-7.22784,0.2639296,1.044694,1.612567,-1.341403,-0.06852804,-12.134,0,0.6149088,0.8623136,-1.399838,44.15799,-13.83916,93.8511,0.6442173,0.8378084,-1.389795,15.89244,37.32201,-9.793942,0.6483833,0.809512,-1.380801,8.386983,-1.843322E-05,0,0.6118646,0.8532177,-1.408724,0,-14.88064,1.250075,0.6177678,0.8074055,-1.378972,31.29644,22.58873,-9.357779,0.6376625,0.7663034,-1.37967,23.21739,-4.338225E-05,0,0.6580836,0.7475766,-1.38433,15.49007,-2.474649E-05,0,0.6089913,0.8487204,-1.417917,0,-7.288724E-06,0,0.6110103,0.7980429,-1.400834,32.8353,12.76054,-5.882666,0.6334068,0.7570407,-1.404751,28.72459,2.258789E-05,0,0.6585838,0.7404379,-1.411588,19.17211,1.062717E-05,0,0.6059706,0.8454988,-1.427881,3.069245,14.87364,-2.900701,0.6067475,0.7943484,-1.424755,30.1123,0.1746058,-4.756746,0.6286079,0.7565323,-1.427882,28.67743,5.453503E-06,0,0.6524844,0.7419653,-1.431801,19.14058,7.667158E-06,0,0.6032825,0.8449373,-1.437202,7.703165,29.67835,-7.043752,0.6036409,0.7979193,-1.447114,21.04349,-10.85935,-2.504991,0.6174775,0.7654158,-1.449891,30.27723,5.292771E-05,0,0.6352741,0.752215,-1.452154,20.21106,3.23921E-05,0,1.02424,1.611421,-1.369382,39.54053,-11.48653,80.07506,0.9849107,1.608297,-1.371334,21.79186,27.75807,-10.54798,0.9588308,1.622462,-1.367075,12.7924,-1.520469E-05,0,1.021155,1.619954,-1.359969,0,-14.88067,1.250075,0.9771956,1.644307,-1.382181,14.35615,26.19019,6.659263,0.9378741,1.667078,-1.377601,11.94582,4.117109E-05,0,0.9122508,1.676677,-1.371219,7.965481,1.734817E-05,0,1.02146,1.625374,-1.350829,0,-4.909035E-06,0,0.9788702,1.656271,-1.360609,9.433152,9.718342,8.766677,0.9390511,1.680948,-1.358704,19.39105,-3.575928E-05,0,0.9100795,1.689067,-1.351563,12.93424,-2.750456E-05,0,1.022967,1.630102,-1.341125,3.069309,14.87367,-2.900701,0.9836155,1.662722,-1.337374,3.438491,-2.34834,-2.467121,0.948056,1.688152,-1.334807,25.83205,2.385403E-05,0,0.9208941,1.693369,-1.329093,17.23765,7.966137E-06,0,1.026123,1.632822,-1.332347,7.703139,29.67842,-7.043752,0.9927451,1.663511,-1.316436,5.767622,-11.61473,-19.20025,0.9634986,1.682486,-1.310093,26.77091,1.263505E-05,0,0.941597,1.684739,-1.306725,17.86539,7.710702E-06,0
1467,0.8819451,0.9270481,-1.441185,1.132806,0.8001949,0,0.8724071,1.286891,-1.485667,0.5062904,2.504688,-1.566231,0.8627086,1.595327,-1.478936,9.762291,-4.542425,6.459438,0.8018682,0.9259301,-1.441151,0.02797646,0.7646424,-2.03692,0.8021334,0.4988993,-1.432495,8.498401,-0.0008990867,0,0.7995274,0.07429728,-1.487106,7.504776,-0.1774075,-8.015328,0.9620221,0.9281662,-1.441218,-4.276496,-2.980012,1.997334,0.9457551,0.5019983,-1.464602,0.05595291,0.03817806,0,0.9303371,0.07483736,-1.488513,3.038153,-2.473722,-7.048402,0.7970029,1.406839,-1.469705,-12.33831,1.37175,0.9705567,0.6678452,1.404096,-1.501652,-5.659047,13.49137,-40.90948,0.6243648,1.149863,-1.49356,12.36675,-5.853882E-05,-12.86871,0.9360286,1.412954,-1.465954,-19.44994,10.02109,5.410373,1.059614,1.441182,-1.506448,60.18103,32.76654,-18.1432,1.259436,1.425124,-1.343956,128.1207,-9.420126E-05,-10.93807,0.605348,0.8733842,-1.430781,4.14586,-7.248648,0.2631872,1.045562,1.612186,-1.341031,0,-12.26642,0,0.6147927,0.8624957,-1.399242,44.16492,-13.8365,93.83495,0.6440918,0.837976,-1.389207,15.85999,37.37037,-9.783898,0.6482282,0.809679,-1.380201,8.364546,-9.330574E-06,0,0.6117427,0.853402,-1.408128,0,-14.88065,1.249762,0.6176241,0.807585,-1.378379,31.2971,22.59235,-9.328856,0.6374954,0.7664717,-1.379084,23.21372,3.699541E-06,0,0.6579022,0.7477316,-1.383753,15.48762,-5.829733E-06,0,0.6088659,0.8489068,-1.417321,0,-8.383544E-06,0,0.6108592,0.7982272,-1.400241,32.82626,12.76464,-5.874563,0.633226,0.7572093,-1.404163,28.73554,3.829819E-06,0,0.6583928,0.7405937,-1.411006,19.17944,-8.214224E-07,0,0.6058424,0.8456873,-1.427285,3.069309,14.87365,-2.900768,0.6065919,0.7945364,-1.424161,30.11342,0.1760965,-4.756169,0.6284319,0.7567089,-1.427294,28.66883,-1.116209E-05,0,0.652298,0.7421259,-1.431217,19.13483,-1.253178E-05,0,0.6031531,0.8451278,-1.436605,7.703191,29.67836,-7.043752,0.6034849,0.7981102,-1.44652,21.05362,-10.8469,-2.459333,0.6173083,0.765602,-1.449309,30.2479,0.0001543538,0,0.6350915,0.752386,-1.451587,20.19143,9.577806E-05,0,1.025118,1.611054,-1.369018,39.52819,-11.46584,80.10349,0.9857895,1.607925,-1.370978,21.60826,27.70576,-10.43447,0.9596702,1.622036,-1.366784,12.69209,4.218657E-06,0,1.022025,1.619577,-1.359598,0,-14.88069,1.249918,0.9780602,1.643926,-1.381804,14.36696,26.16308,6.481802,0.9387146,1.666656,-1.377231,11.97832,-0.0001531674,0,0.9130691,1.676205,-1.370863,7.987139,-0.0001110234,0,1.022324,1.624989,-1.350453,0,-7.49002E-06,0,0.9797208,1.655871,-1.360221,9.337341,9.660133,8.552765,0.9399102,1.680567,-1.358385,19.90253,-1.901099E-06,0,0.9108883,1.688449,-1.351181,13.2758,-9.806675E-06,0,1.023825,1.629709,-1.340745,3.069373,14.87367,-2.900768,0.9844546,1.662305,-1.336979,3.328138,-2.359002,-2.518317,0.948922,1.687775,-1.334441,26.29816,-1.422152E-06,0,0.9217302,1.692801,-1.328699,17.54928,-3.414532E-06,0,1.026976,1.632423,-1.331963,7.703165,29.67842,-7.043752,0.9935766,1.66308,-1.316037,5.624412,-11.55269,-19.25633,0.9643705,1.682112,-1.309678,27.08345,6.328531E-06,0,0.9424594,1.684289,-1.306322,18.07439,1.132432E-05,0
1500,0.8816898,0.9271033,-1.44045,1.104821,0.8056915,0,0.8721864,1.286969,-1.484724,0.4652019,2.482022,-1.518653,0.8626235,1.595412,-1.47787,9.664872,-4.542064,6.425929,0.801613,0.9259779,-1.440407,-0.07132626,0.7533993,-2.03211,0.8020028,0.4989287,-1.432714,8.339248,-0.0002285366,0,0.799553,0.07429737,-1.487103,7.468132,-0.2202902,-8.009474,0.9617667,0.9282288,-1.440494,-4.31983,-2.970855,1.994981,0.9456041,0.5020863,-1.464404,0,0.0380728,0,0.9303031,0.07493043,-1.488481,3.040665,-2.479209,-7.047372,0.7968437,1.406937,-1.468619,-12.32805,1.382605,0.987149,0.6676524,1.404293,-1.500439,-5.715906,13.49952,-41.00883,0.6240893,1.150067,-1.492548,12.38206,-5.885911E-05,-13.01549,0.9358748,1.412993,-1.464979,-19.50164,10.0127,5.457041,1.059405,1.441178,-1.505669,59.90537,32.78212,-17.98681,1.259784,1.423811,-1.343999,127.9833,-8.166934E-05,-11.16093,0.6051678,0.8735297,-1.430001,4.091033,-7.275764,0.2594432,1.046935,1.611998,-1.339102,0.132704,-12.78242,0,0.6146104,0.8626321,-1.398464,44.16764,-13.83801,93.81646,0.6439,0.8380985,-1.388435,15.83529,37.38355,-9.771029,0.6480228,0.8098,-1.379428,8.350142,-7.110484E-06,-0.02797646,0.6115552,0.8535412,-1.407351,0,-14.88064,1.249918,0.6174174,0.8077171,-1.377609,31.29971,22.59175,-9.327085,0.6372705,0.7665951,-1.378323,23.20537,3.496422E-05,0,0.6576659,0.7478437,-1.382997,15.48203,1.854157E-05,0,0.6086753,0.8490486,-1.416545,0,-5.350917E-06,0,0.6106458,0.7983657,-1.399472,32.81461,12.76505,-5.882933,0.6329849,0.7573332,-1.403399,28.75259,9.866322E-07,0,0.6581455,0.7407093,-1.410244,19.19086,-1.514432E-06,0,0.6056492,0.8458321,-1.426509,3.069309,14.87364,-2.900701,0.6063743,0.7946804,-1.423392,30.11753,0.1761648,-4.754233,0.6281983,0.7568443,-1.426534,28.64756,1.444329E-05,0,0.6520526,0.7422432,-1.430461,19.12059,-4.275931E-06,0,0.6029587,0.8452752,-1.435829,7.703165,29.67835,-7.043697,0.6032668,0.7982588,-1.44575,21.01879,-10.84482,-2.49928,0.6170547,0.765736,-1.448544,30.328,4.26103E-05,0,0.6348426,0.7525259,-1.45082,20.24504,2.746346E-05,0,1.026559,1.610921,-1.367141,39.53523,-11.46664,80.17263,0.9872383,1.607758,-1.369201,21.54135,27.73784,-10.41055,0.961093,1.621844,-1.365086,12.64932,-8.368381E-06,0,1.023436,1.619417,-1.357706,0,-14.8807,1.249918,0.9795032,1.643785,-1.379953,14.38732,26.17792,6.574113,0.9401253,1.666463,-1.375398,11.96046,-3.853657E-05,0,0.9144625,1.675981,-1.369052,7.975235,-3.53884E-05,0,1.023709,1.624805,-1.348546,0,-1.388198E-05,0,0.9811018,1.655676,-1.358335,9.237015,9.626074,8.316258,0.941295,1.680385,-1.356591,20.43579,2.054704E-05,0,0.9122084,1.687999,-1.349361,13.63191,1.242289E-05,0,1.025183,1.629501,-1.338822,3.069245,14.87367,-2.900768,0.9857745,1.662053,-1.335065,3.184138,-2.377638,-2.539755,0.9502673,1.687565,-1.332601,27.00668,2.040814E-05,0,0.9230227,1.692283,-1.326847,18.02307,6.549004E-06,0,1.02831,1.632195,-1.330026,7.703191,29.67844,-7.043752,0.9948457,1.662781,-1.314099,5.402036,-11.47429,-19.29089,0.9656869,1.68189,-1.307756,27.69835,-2.582819E-06,0,0.94375,1.683892,-1.30446,18.48567,-1.262274E-05,0
1533,0.881443,0.9271497,-1.439749,1.074472,0.8050277,0.03426402,0.8719397,1.28704,-1.483737,0.3981127,2.479189,-1.458174,0.8624396,1.595482,-1.476605,9.580496,-4.574649,6.350299,0.8013662,0.9260256,-1.43968,-0.1678588,0.7371495,-2.015477,0.8018716,0.4989607,-1.432921,8.184652,-0.0003679194,0,0.7995745,0.07430094,-1.487094,7.434214,-0.2558281,-8.004692,0.9615198,0.9282738,-1.439819,-4.337477,-2.935856,1.990561,0.9456022,0.5021418,-1.464079,0,-0.001056117,0,0.9302565,0.07500425,-1.48845,3.063116,-2.506596,-7.037483,0.7966209,1.406994,-1.467417,-12.32789,1.38128,0.993669,0.6673959,1.40439,-1.499103,-5.668839,13.46026,-40.94996,0.623901,1.150148,-1.491356,12.36522,-4.184427E-05,-12.93319,0.9356562,1.413039,-1.463916,-19.52153,9.955732,5.553509,1.059159,1.441132,-1.504755,59.27481,32.69129,-17.735,1.259997,1.420733,-1.344011,127.4577,-6.896871E-05,-11.18671,0.6050121,0.8735571,-1.429037,4.063752,-7.308115,0.2601963,1.049825,1.611736,-1.334606,0.3071049,-13.49022,0.02797646,0.6144892,0.8626474,-1.397515,44.16812,-13.83884,93.80659,0.64378,0.838098,-1.387528,15.81954,37.39799,-9.764144,0.6478964,0.8097965,-1.378528,8.340307,-5.752256E-06,0,0.6114184,0.8535601,-1.4064,0,-14.88064,1.249918,0.6172963,0.807726,-1.376677,31.30091,22.59034,-9.352443,0.6371301,0.7665954,-1.377425,23.19954,-3.114431E-05,0,0.6575113,0.7478346,-1.382123,15.47814,-2.218281E-05,0,0.6085249,0.8490711,-1.415591,0,-4.176723E-06,0,0.6104927,0.7983831,-1.398533,32.80318,12.76496,-5.878699,0.6328003,0.7573367,-1.402494,28.76878,2.041549E-05,0,0.6579458,0.7407048,-1.409376,19.20168,2.281923E-05,0,0.6054847,0.8458585,-1.425552,3.069245,14.87364,-2.900633,0.6061894,0.7947056,-1.422449,30.1322,0.1759176,-4.755675,0.6280008,0.7568655,-1.42563,28.59561,3.191029E-05,0,0.6518338,0.7422382,-1.429588,19.08582,2.749263E-05,0,0.6027822,0.8453051,-1.434869,7.703165,29.67834,-7.043752,0.6030554,0.798291,-1.444802,21.01142,-10.8455,-2.507568,0.6168203,0.7657606,-1.44762,30.34289,8.36806E-05,0,0.6346009,0.7525448,-1.44992,20.25501,5.057485E-05,0,1.029393,1.610971,-1.362614,39.52697,-11.41372,80.21569,0.9900479,1.608075,-1.364594,21.20203,27.75974,-10.24154,0.963962,1.62227,-1.360476,12.44944,3.253952E-06,0,1.026337,1.619421,-1.353116,0,-14.88067,1.250075,0.9825091,1.644198,-1.375117,14.31045,26.16848,6.70221,0.9432923,1.667115,-1.37037,12.31134,9.823087E-06,0,0.9176799,1.676634,-1.363826,8.2093,6.801747E-06,0,1.026658,1.624745,-1.343921,0,-4.200784E-06,0,0.9842165,1.655931,-1.35342,9.070148,9.598363,8.214369,0.9446155,1.680957,-1.351515,21.31372,-0.0001230024,0,0.9155433,1.688352,-1.344006,14.21828,-9.26072E-05,0,1.028177,1.629365,-1.334167,3.069245,14.87367,-2.900701,0.9889683,1.662122,-1.330116,3.019345,-2.357579,-2.475042,0.953687,1.687925,-1.327446,28.02678,-1.322705E-05,0,0.9264421,1.692366,-1.321477,18.70532,-4.295872E-06,0,1.031336,1.63198,-1.325359,7.703165,29.67842,-7.043752,0.9980812,1.662654,-1.309163,5.085461,-11.35687,-19.18918,0.9691622,1.68206,-1.302625,28.70439,1.463744E-05,0,0.9472203,1.683905,-1.299272,19.1586,-6.474041E-06,0
1567,0.8813461,0.927162,-1.439092,1.045301,0.8045501,0.07132626,0.871764,1.287074,-1.48277,0.3214254,2.499686,-1.387621,0.8622676,1.595506,-1.475263,9.542728,-4.676816,6.248178,0.8012693,0.9260395,-1.438974,-0.2193969,0.7470321,-1.989873,0.8016962,0.4989654,-1.432814,8.11762,-0.03654513,0,0.7995983,0.07431841,-1.487095,7.444501,-0.2966874,-8.006802,0.9614229,0.9282845,-1.439211,-4.346453,-2.948849,1.990758,0.945385,0.5021726,-1.463742,0,0.03773847,0,0.9302062,0.07504842,-1.48845,3.10583,-2.504953,-7.018923,0.7964236,1.406981,-1.466204,-12.36501,1.370815,0.9634743,0.6671815,1.404348,-1.497817,-5.472675,13.34634,-40.6728,0.6239672,1.150056,-1.49015,12.34974,-5.764139E-05,-12.51829,0.9354609,1.413069,-1.462867,-19.55306,9.837695,5.629776,1.058937,1.440989,-1.503903,58.11391,32.39637,-17.47945,1.260015,1.414881,-1.344288,126.2679,-8.107773E-05,-11.23771,0.6051098,0.8734564,-1.427858,4.061727,-7.305223,0.2586879,1.055087,1.610859,-1.325831,0.4054182,-14.15362,0.04845664,0.6146631,0.8625318,-1.396364,44.16902,-13.8421,93.80089,0.6439677,0.8379654,-1.38646,15.81502,37.41333,-9.764607,0.648087,0.8096593,-1.377475,8.336163,-6.049234E-06,0,0.6115646,0.8534488,-1.405244,0,-14.88063,1.249762,0.6174959,0.8076023,-1.375551,31.31077,22.58763,-9.351413,0.6373128,0.7664647,-1.376366,23.17071,-7.197091E-06,0,0.6576663,0.7476878,-1.381119,15.45888,-7.233229E-06,0,0.6086448,0.8489643,-1.414429,0,-3.203105E-06,0,0.6106306,0.7982699,-1.397393,32.77238,12.76946,-5.834051,0.6328857,0.7572012,-1.401418,28.86052,4.916134E-06,0,0.6580175,0.7405854,-1.408388,19.26305,-5.451061E-06,0,0.6055771,0.8457564,-1.424383,3.069309,14.87364,-2.900768,0.6062632,0.7946022,-1.421298,30.14626,0.1777587,-4.744541,0.6280552,0.7567571,-1.424551,28.53695,1.161396E-05,0,0.6518583,0.7420998,-1.428578,19.04659,7.241367E-06,0,0.6028501,0.8452073,-1.433693,7.703165,29.67834,-7.043752,0.603073,0.7981963,-1.443642,21.01911,-10.85414,-2.506006,0.6168186,0.7656613,-1.446501,30.31784,0.0001543309,0,0.6345826,0.7524316,-1.448848,20.23824,9.952849E-05,0,1.034418,1.61115,-1.353673,39.50616,-11.35589,80.21638,0.9950054,1.609102,-1.355352,20.77133,27.72792,-10.00819,0.9691863,1.62366,-1.35084,12.20266,-4.392541E-06,0,1.031607,1.619434,-1.343955,0,-14.88068,1.249918,0.9881006,1.645574,-1.364997,14.20189,26.14791,6.817163,0.9494097,1.66919,-1.359435,12.84167,-9.01656E-05,0,0.9240126,1.678883,-1.352331,8.563092,-6.565038E-05,0,1.032107,1.624533,-1.334641,0,-4.25232E-06,0,0.9902158,1.65676,-1.343049,8.939647,9.580408,8.105567,0.9511808,1.682581,-1.34028,22.26158,-4.699605E-05,0,0.9222728,1.689973,-1.332158,14.85146,-3.351062E-05,0,1.033797,1.628893,-1.324797,3.069245,14.87368,-2.900768,0.9952781,1.662308,-1.319649,3.090095,-2.357544,-2.363391,0.9605081,1.688687,-1.316057,28.52732,2.91228E-05,0,0.9333819,1.693254,-1.309659,19.04017,9.346008E-06,0,1.037078,1.631239,-1.315957,7.703165,29.67842,-7.04378,1.004569,1.66217,-1.298768,4.893128,-11.3319,-19.05316,0.9761572,1.682078,-1.291552,29.37615,-1.801571E-06,0,0.9542651,1.684085,-1.287973,19.60807,-4.529175E-06,0
1600,0.8813093,0.9271173,-1.438535,1.023547,0.8268095,0.1027921,0.8715395,1.287043,-1.481931,0.2446942,2.530865,-1.298449,0.8620248,1.595463,-1.474036,9.518245,-4.813305,6.129223,0.801233,0.9259645,-1.438367,-0.2017412,0.7634602,-1.965928,0.8017026,0.4988901,-1.432233,8.192445,-0.03639088,0,0.7996136,0.07431754,-1.487094,7.520396,-0.3148256,-8.015035,0.9613855,0.9282701,-1.438703,-4.353927,-2.972251,2.002911,0.9453184,0.5021709,-1.463436,0.02797646,0.03753847,0,0.9301038,0.07506722,-1.488474,3.166814,-2.525776,-6.997314,0.7961608,1.406888,-1.465095,-12.45403,1.316327,0.9084908,0.6669227,1.4041,-1.496712,-5.300086,13.28237,-40.49565,0.6241261,1.149736,-1.489115,12.34006,-5.054692E-05,-12.15872,0.9351999,1.413047,-1.461967,-19.49113,9.620443,5.622634,1.058744,1.440594,-1.503049,56.27109,32.25534,-17.31634,1.26034,1.406393,-1.345632,124.321,-8.508062E-05,-12.27536,0.6055285,0.8731116,-1.426853,4.015175,-7.291175,0.2556444,1.063302,1.608361,-1.31205,0.1370561,-14.38834,0,0.6151602,0.862172,-1.395389,44.16814,-13.85097,93.8054,0.6444784,0.8375897,-1.385565,15.84409,37.39721,-9.779617,0.6486108,0.8092763,-1.376609,8.353199,-1.716161E-05,0,0.6120331,0.8530936,-1.404263,0,-14.88063,1.250075,0.6180196,0.8072345,-1.3746,31.29452,22.58939,-9.33892,0.6378029,0.766082,-1.375476,23.2234,3.64033E-06,0,0.6581442,0.7473092,-1.380297,15.49407,-8.822562E-06,0,0.6090865,0.8486134,-1.413442,0,-2.844175E-06,0,0.6110911,0.7979126,-1.396427,32.77234,12.76514,-5.854509,0.633315,0.7568339,-1.400521,28.85453,1.79842E-05,0,0.6584202,0.7402052,-1.407556,19.25907,6.277743E-06,0,0.6059904,0.8454103,-1.423389,3.069309,14.87364,-2.900633,0.6066579,0.7942548,-1.420321,30.1535,0.1774065,-4.73979,0.6284257,0.7564021,-1.423646,28.50674,1.750812E-05,0,0.6522043,0.7417238,-1.427741,19.02639,1.454102E-05,0,0.6032382,0.8448656,-1.432692,7.703165,29.67835,-7.04378,0.6034098,0.7978576,-1.442656,21.03129,-10.84978,-2.520647,0.6171368,0.7653193,-1.445565,30.27831,-4.587468E-05,0,0.6348813,0.7520722,-1.447962,20.21179,-3.500844E-05,0,1.042398,1.611079,-1.339584,39.50616,-11.30699,80.14018,1.002919,1.610719,-1.34088,20.27801,27.7907,-9.774107,0.9777063,1.625997,-1.335422,11.90835,3.87383E-06,0,1.040017,1.618895,-1.329377,0,-14.88069,1.250075,0.9974097,1.647919,-1.348377,14.08916,26.14574,6.970323,0.9597965,1.672766,-1.341059,13.51712,3.1853E-05,0,0.9348393,1.682811,-1.332955,9.013714,2.704227E-05,0,1.040813,1.623427,-1.319793,0,-1.101912E-05,0,1.000185,1.657731,-1.325852,8.919802,9.643433,8.034947,0.9622812,1.684915,-1.321113,23.09075,8.96843E-05,0,0.9337329,1.692588,-1.312035,15.40546,6.127304E-05,0,1.042771,1.627142,-1.309736,3.069181,14.87368,-2.900701,1.00569,1.661718,-1.302235,3.323428,-2.338793,-2.256894,0.971958,1.689082,-1.296662,28.66819,-2.17473E-05,0,0.9450856,1.69418,-1.289625,19.13439,-1.396969E-05,0,1.046229,1.628842,-1.300816,7.703165,29.67844,-7.043752,1.015166,1.660008,-1.281507,4.89789,-11.32931,-18.88238,0.9876534,1.680585,-1.272829,29.52734,1.634868E-05,0,0.9658917,1.68319,-1.268862,19.70923,1.941102E-05,0
1633,0.8813589,0.927022,-1.438596,1.001124,0.8405598,0.132704,0.871419,1.286961,-1.481736,0.1780411,2.569002,-1.177527,0.8618442,1.595367,-1.473507,9.500592,-4.938724,5.97002,0.8012829,0.9258506,-1.438389,-0.0656106,0.7739322,-1.947826,0.8017786,0.4987894,-1.431401,8.420352,-0.03626167,0,0.7996446,0.07432619,-1.4871,7.633269,-0.3280226,-8.02118,0.9614348,0.9281934,-1.438803,-4.329929,-2.994536,2.029219,0.9452886,0.5020958,-1.463512,0.02797646,0.03734302,0,0.9299929,0.07499391,-1.488531,3.198493,-2.548874,-6.981008,0.7959973,1.406738,-1.464613,-12.60218,1.269221,0.8446465,0.6667786,1.403792,-1.496294,-5.023363,13.12968,-40.06475,0.6245314,1.149334,-1.48876,12.36029,-5.876935E-05,-11.62466,0.9350386,1.412985,-1.461771,-19.51367,9.369426,5.544503,1.058579,1.440086,-1.503163,53.73984,31.99279,-17.38131,1.260619,1.395165,-1.349044,121.4075,-0.0001009568,-13.86791,0.6061356,0.8727518,-1.426252,3.97887,-7.22163,0.2502292,1.075062,1.602981,-1.293154,0.1101434,-14.15862,0.02797646,0.6157846,0.8618034,-1.394795,44.16769,-13.85699,93.80106,0.6451003,0.8372098,-1.384992,15.86148,37.38114,-9.787194,0.6492336,0.8088915,-1.376052,8.3641,-5.159389E-06,0,0.6126479,0.8527276,-1.403669,0,-14.88064,1.250075,0.6186368,0.8068614,-1.374017,31.29816,22.58398,-9.37377,0.6384076,0.7657033,-1.374911,23.20973,-2.909828E-05,0,0.6587386,0.7469212,-1.37974,15.48494,-2.229361E-05,0,0.6096932,0.8482501,-1.412847,0,-5.539503E-06,0,0.6116897,0.7975457,-1.395841,32.76109,12.76641,-5.860934,0.6338874,0.7564548,-1.399954,28.8993,2.318591E-05,0,0.6589909,0.7398328,-1.407011,19.289,1.992623E-05,0,0.6065891,0.8450498,-1.422792,3.069245,14.87364,-2.900701,0.6072387,0.7938935,-1.419733,30.14425,0.1804508,-4.749245,0.6289831,0.7560292,-1.423079,28.52561,9.13107E-06,0,0.6527557,0.7413463,-1.427192,19.03902,3.460981E-06,0,0.6038303,0.8445077,-1.432093,7.703139,29.67835,-7.043752,0.6039768,0.7975013,-1.442065,20.99513,-10.85135,-2.557878,0.6176693,0.7649494,-1.444985,30.35993,1.876969E-05,0,0.6354184,0.7517098,-1.44739,20.26641,1.680026E-05,0,1.053794,1.609344,-1.319794,39.54671,-11.24691,79.90923,1.014336,1.61116,-1.32009,19.5549,28.08208,-9.492249,0.9900667,1.627223,-1.312884,11.45533,-2.295975E-05,0,1.052046,1.616289,-1.308855,0,-14.88068,1.249762,1.010713,1.64915,-1.324041,14.16769,26.15531,6.880482,0.974639,1.675099,-1.313508,13.63165,1.762682E-06,0,0.9504103,1.685558,-1.303863,9.090164,1.579158E-06,0,1.053277,1.61986,-1.298918,0,-9.1421E-06,0,1.014465,1.656661,-1.300786,9.168447,9.793738,7.855229,0.9781333,1.685097,-1.292446,23.254,0.0004368129,0,0.9502099,1.693168,-1.281891,15.51454,0.0002949591,0,1.055634,1.622514,-1.288613,3.069245,14.87368,-2.900633,1.020647,1.658135,-1.277045,3.673491,-2.284071,-2.163922,0.9884272,1.686391,-1.268033,28.39013,9.8408E-06,0,0.9620257,1.69218,-1.259843,18.94835,9.909993E-06,0,1.059356,1.623193,-1.279663,7.703139,29.67843,-7.043752,1.030426,1.654008,-1.256804,4.954601,-11.34313,-18.63995,1.00423,1.675072,-1.245592,29.50152,-4.773332E-06,0,0.98273,1.678407,-1.240823,19.69195,-7.127108E-06,0
1667,0.8814653,0.9269237,-1.438609,0.9847674,0.8702822,0.1426525,0.8712436,1.286867,-1.481574,0.132704,2.631745,-1.0093,0.8614528,1.595258,-1.473116,9.504169,-5.029012,5.736238,0.80139,0.9257109,-1.438388,0.05595291,0.8040693,-1.93654,0.8018849,0.4986642,-1.430566,8.647792,-0.0363697,0,0.7996933,0.07431436,-1.48712,7.749929,-0.336205,-8.015868,0.9615405,0.9281365,-1.43883,-4.324815,-3.035181,2.053189,0.945307,0.5020468,-1.463618,0,0.03133895,0,0.9298832,0.07494742,-1.488602,3.226404,-2.571519,-6.976258,0.7957424,1.406551,-1.464152,-12.8035,1.219062,0.7770769,0.6665482,1.403373,-1.495911,-4.866068,13.06777,-40.0044,0.6249153,1.148814,-1.488347,12.45919,-5.521238E-05,-11.57405,0.9347845,1.412948,-1.461714,-19.36912,9.007739,5.289058,1.058443,1.439392,-1.503176,50.57129,31.86557,-17.71202,1.260613,1.381684,-1.353551,117.324,-8.915093E-05,-15.23297,0.6073229,0.8722943,-1.425334,3.827662,-7.069138,0.2365626,1.090951,1.592884,-1.267802,0.1968319,-13.97279,0,0.6169239,0.8613464,-1.393863,44.16815,-13.86331,93.78514,0.6462232,0.8367527,-1.384011,15.8686,37.37772,-9.79099,0.6503425,0.8084328,-1.37507,8.368231,-2.072209E-05,0,0.6137996,0.8522704,-1.402741,0,-14.88065,1.249762,0.6197399,0.806405,-1.373078,31.28268,22.58838,-9.370812,0.6394976,0.7652399,-1.373938,23.26872,8.061983E-06,0,0.6598467,0.7464715,-1.378743,15.52435,8.152775E-07,0,0.6108581,0.8477929,-1.411923,0,-8.840278E-06,0,0.6128244,0.797089,-1.394912,32.76261,12.76726,-5.872395,0.6350248,0.7559962,-1.398991,28.89764,8.713675E-06,0,0.660138,0.7393717,-1.406007,19.2879,-2.926803E-06,0,0.6077685,0.8445924,-1.421872,3.069309,14.87365,-2.900768,0.6084087,0.7934362,-1.41881,30.13703,0.1822958,-4.761809,0.6301495,0.7555668,-1.422123,28.54534,6.419585E-06,0,0.6539303,0.7408867,-1.426198,19.0522,1.453895E-05,0,0.6050236,0.8440501,-1.431177,7.703165,29.67836,-7.043752,0.6051804,0.7970432,-1.441147,21.01295,-10.85398,-2.539755,0.6188843,0.7644941,-1.444045,30.31105,-1.205436E-05,0,0.6366282,0.7512431,-1.446425,20.23371,-1.849069E-05,0,1.069227,1.603549,-1.292637,39.45593,-11.26585,79.8473,1.029989,1.607835,-1.291089,19.18779,27.76135,-9.207224,1.006951,1.624302,-1.28124,11.27652,-8.021419E-06,0,1.068317,1.609282,-1.280921,0,-14.8807,1.250075,1.028705,1.646119,-1.290555,14.27041,26.19741,6.838564,0.9947649,1.672767,-1.275603,13.58439,4.019149E-05,0,0.971621,1.683477,-1.26381,9.058616,2.803032E-05,0,1.070124,1.611604,-1.270706,0,-1.367042E-05,0,1.033747,1.650661,-1.26678,9.482098,10.02188,7.711746,0.9995822,1.679908,-1.253531,23.0974,2.081369E-05,0,0.972643,1.688307,-1.240882,15.40988,1.288026E-05,0,1.073006,1.612907,-1.260276,3.069309,14.87367,-2.900701,1.040836,1.649016,-1.243306,3.985411,-2.183317,-2.067059,1.010735,1.677765,-1.229701,28.01644,3.599505E-05,0,0.9850991,1.68419,-1.219743,18.69841,3.041429E-05,-0.01978234,1.077074,1.612323,-1.251471,7.703191,29.67842,-7.043752,1.051025,1.642,-1.224089,5.089659,-11.33401,-18.3967,1.026615,1.663118,-1.209468,29.24214,2.840307E-05,0,1.005582,1.667204,-1.203383,19.5184,2.709455E-05,0
1700,0.8815291,0.9268584,-1.438481,0.9739782,0.8789104,0.1251145,0.8710743,1.286802,-1.481385,0.1235407,2.711848,-0.7803435,0.8609051,1.595175,-1.472841,9.565895,-5.034873,5.417685,0.8014539,0.9256331,-1.438284,0.1506579,0.8133919,-1.93967,0.801945,0.4985973,-1.429888,8.817217,-0.03703482,0,0.7997266,0.07433924,-1.487126,7.843927,-0.3458568,-7.998093,0.9616042,0.9280837,-1.438678,-4.301019,-3.050828,2.076883,0.9453285,0.5019904,-1.463375,0.05934703,0.03157206,0,0.9298498,0.07490879,-1.488628,3.285451,-2.582604,-6.993556,0.7954772,1.406381,-1.463663,-13.04173,1.169926,0.7091401,0.6662954,1.402913,-1.495443,-4.791133,13.07482,-40.09882,0.6252367,1.148265,-1.487748,12.56439,-6.161678E-05,-11.85493,0.9345189,1.412971,-1.461782,-19.19028,8.612233,4.879135,1.05828,1.438693,-1.503392,46.95124,31.82886,-18.41459,1.26031,1.36727,-1.35961,111.9009,-9.277893E-05,-16.79389,0.6085936,0.8718138,-1.424181,3.635235,-6.893884,0.2185032,1.111533,1.576059,-1.237071,0.5938025,-13.87518,0.07132626,0.6180673,0.8608736,-1.392669,44.17085,-13.87354,93.77415,0.6473332,0.8362927,-1.382686,15.89742,37.38345,-9.810592,0.6514177,0.8079717,-1.373732,8.38258,-1.594486E-05,-0.02797646,0.6149817,0.8517954,-1.401558,0,-14.88062,1.249918,0.6208099,0.8059366,-1.371863,31.28115,22.59105,-9.3369,0.6405784,0.7647749,-1.372635,23.27363,-3.336431E-05,0,0.6609495,0.7460101,-1.37736,15.52767,-2.708279E-05,0,0.612079,0.8473155,-1.410751,0,-7.033483E-07,0,0.6139866,0.7966152,-1.393723,32.75798,12.76761,-5.867552,0.6362098,0.7555249,-1.397702,28.9085,6.087272E-06,0,0.6613568,0.7389075,-1.404613,19.29517,8.970455E-06,0,0.6090313,0.8441126,-1.420712,3.069245,14.87364,-2.900768,0.6096702,0.7929571,-1.417639,30.13194,0.1832596,-4.772862,0.6314296,0.75509,-1.420854,28.55394,1.218356E-05,0,0.6552315,0.740416,-1.424827,19.05796,1.630209E-06,0,0.6063248,0.843568,-1.430029,7.703165,29.67834,-7.043725,0.6065332,0.7965594,-1.439989,20.98746,-10.849,-2.550675,0.6202416,0.7640068,-1.442826,30.36707,9.069064E-05,0,0.6380052,0.750769,-1.445131,20.2712,5.468332E-05,0,1.089509,1.591511,-1.258949,39.54188,-11.27568,79.59708,1.050783,1.598003,-1.254649,18.62534,28.29271,-9.075952,1.029494,1.614559,-1.24155,10.89298,-5.075126E-06,0,1.089553,1.595575,-1.246521,0,-14.88066,1.249918,1.052284,1.635885,-1.248762,14.41242,26.27452,6.764977,1.021044,1.662198,-1.228333,13.41592,-0.0001022032,0,0.9993162,1.672619,-1.213886,8.946194,-7.657508E-05,0,1.09199,1.596307,-1.2362,0,1.505995E-06,0,1.058728,1.636683,-1.224905,9.784402,10.30181,7.637921,1.027345,1.665687,-1.205618,22.92888,0.0002335844,0,1.001724,1.673845,-1.190344,15.29731,0.000158347,0,1.095436,1.595932,-1.225867,3.069245,14.87368,-2.900701,1.066754,1.631278,-1.202314,4.309708,-2.044768,-2.037112,1.039328,1.659492,-1.183092,27.32259,-1.3379E-06,0,1.014789,1.666242,-1.170848,18.2343,-8.297138E-06,0,1.099853,1.593847,-1.217467,7.703165,29.67841,-7.043725,1.077287,1.62097,-1.184845,5.313932,-11.32919,-18.24827,1.055065,1.641236,-1.166107,28.6173,-4.804065E-06,0,1.034749,1.645877,-1.158245,19.10034,-1.206834E-06,0
1733,0.8816126,0.9267976,-1.438243,0.9733753,0.8771743,0.09487279,0.8709539,1.286733,-1.481242,0.1582588,2.798457,-0.4809199,0.8603083,1.595087,-1.47278,9.711911,-4.960772,5.022778,0.8015373,0.9255741,-1.438089,0.1978235,0.8146802,-1.950035,0.8020058,0.4985452,-1.429346,8.936614,-0.03248932,0,0.7997239,0.07436049,-1.487122,7.918198,-0.3494834,-7.975727,0.9616879,0.9280212,-1.438398,-4.343929,-3.060881,2.092467,0.9453406,0.5019502,-1.463431,0,0.01849646,0,0.929709,0.07486963,-1.488605,3.292831,-2.611303,-7.026241,0.7952707,1.406214,-1.463228,-13.28414,1.121809,0.6391903,0.6660663,1.402419,-1.494878,-4.807501,13.12589,-40.37217,0.6256213,1.14768,-1.486943,12.65,-6.536327E-05,-12.36794,0.9343104,1.413014,-1.462077,-19.00596,8.196728,4.366235,1.05813,1.437946,-1.503995,43.19961,31.83736,-19.69811,1.259452,1.353434,-1.366454,104.9675,-8.570174E-05,-18.30011,0.6101658,0.8712668,-1.422912,3.400473,-6.73172,0.1988102,1.136471,1.550636,-1.202961,1.459381,-13.21187,0.1690205,0.619519,0.8603377,-1.39136,44.17287,-13.88123,93.76816,0.6487564,0.8357744,-1.381252,15.92699,37.39815,-9.832674,0.6528075,0.8074534,-1.372283,8.39639,-9.373224E-06,0,0.6164722,0.8512563,-1.400259,0,-14.88063,1.249918,0.6222012,0.8054066,-1.370531,31.27178,22.59548,-9.34828,0.6419821,0.7642494,-1.371215,23.31145,-3.062391E-06,0,0.6623881,0.7455022,-1.375858,15.55291,-1.163005E-05,0,0.6136078,0.846773,-1.409463,0,-1.769386E-06,0,0.6154683,0.7960774,-1.392416,32.73955,12.77324,-5.849385,0.6377102,0.7549877,-1.396296,28.96643,4.868059E-06,0,0.6628998,0.7383963,-1.403114,19.33392,-2.390577E-06,0,0.6106008,0.8435666,-1.419436,3.069245,14.87364,-2.900768,0.6112481,0.792412,-1.416348,30.12829,0.1865802,-4.774832,0.6330322,0.7545514,-1.41947,28.56353,-1.545713E-05,0,0.6568569,0.7398884,-1.423346,19.06438,-1.716134E-05,0,0.6079315,0.8430188,-1.428763,7.703165,29.67834,-7.043752,0.6081982,0.796008,-1.438711,20.95518,-10.83969,-2.572529,0.6219122,0.7634527,-1.44149,30.44781,2.174361E-05,0,0.6397014,0.7502366,-1.443721,20.32521,4.108575E-06,0,1.114272,1.570957,-1.220188,39.38915,-11.35799,79.55357,1.076509,1.579103,-1.211941,18.46533,27.74496,-8.836113,1.057215,1.594313,-1.194756,10.85678,-1.668181E-06,0,1.115427,1.57281,-1.207296,0.01978234,-14.88065,1.249918,1.081179,1.615131,-1.19989,14.52305,26.38031,6.823519,1.053374,1.639331,-1.17293,13.24966,-0.0001271705,0,1.03351,1.64845,-1.155275,8.835267,-8.181719E-05,0,1.11858,1.571602,-1.197216,0.01978234,6.924999E-06,0,1.089206,1.61141,-1.176803,10.03109,10.57233,7.523631,1.061359,1.638327,-1.150382,22.68387,3.495623E-05,0,1.037516,1.645266,-1.131952,15.13359,1.783155E-05,0,1.122655,1.569241,-1.187387,3.069309,14.87368,-2.900701,1.098266,1.60171,-1.156119,4.449683,-1.915296,-1.995471,1.074285,1.627723,-1.130313,26.90386,2.579472E-05,0,1.051248,1.633865,-1.115174,17.95432,8.519914E-06,0,1.127443,1.565472,-1.179819,7.703165,29.6784,-7.043752,1.109124,1.587918,-1.141483,5.407656,-11.26981,-18.06612,1.08971,1.605933,-1.117942,28.18,4.630216E-06,0,1.070426,1.610458,-1.107755,18.80783,-5.156013E-06,0
1767,0.881763,0.9267313,-1.437703,0.9771874,0.8735556,0.09487279,0.8709181,1.286655,-1.480935,0.2398483,2.872694,-0.132704,0.8597822,1.59499,-1.472727,9.944394,-4.790759,4.58407,0.8016877,0.9255129,-1.437548,0.1876719,0.8191786,-1.943903,0.8020955,0.498483,-1.428846,8.999075,-0.03306931,0,0.799747,0.07436764,-1.487126,7.98736,-0.3569997,-7.969718,0.9618384,0.9279498,-1.437859,-4.379224,-3.072133,2.093309,0.945379,0.5018969,-1.463124,0.02797646,0.03255997,0,0.9297341,0.07483968,-1.488684,3.369181,-2.62021,-7.049849,0.7951931,1.40607,-1.462665,-13.52869,1.109868,0.57743,0.6659372,1.402034,-1.494073,-4.820035,13.104,-40.72454,0.6262158,1.147195,-1.485716,12.65878,-5.28959E-05,-12.82149,0.9342284,1.413049,-1.462372,-18.76359,7.738344,3.914716,1.05813,1.437031,-1.5046,39.43669,31.92402,-21.6008,1.257978,1.340918,-1.37264,96.83099,-7.758485E-05,-20.72736,0.6120071,0.8707766,-1.421417,3.186657,-6.627871,0.1845175,1.164073,1.51569,-1.16922,1.774316,-11.7827,0.183454,0.6213402,0.8598595,-1.389854,44.17415,-13.88469,93.75593,0.6505833,0.8353157,-1.379715,15.93175,37.40985,-9.838272,0.6546371,0.8069974,-1.370739,8.397512,-9.072075E-06,0,0.6183056,0.8507744,-1.398754,0,-14.88063,1.249918,0.6240346,0.8049345,-1.369011,31.27293,22.59964,-9.32955,0.6438372,0.7637873,-1.369672,23.30355,2.685677E-05,0,0.6642528,0.7450464,-1.374299,15.54764,1.415939E-05,0,0.6154512,0.8462877,-1.407959,0,-3.993305E-06,0,0.6173247,0.7955968,-1.390899,32.74899,12.77552,-5.883032,0.6395969,0.7545215,-1.394756,28.92345,-6.96987E-06,0,0.664794,0.7379271,-1.401539,19.30517,-3.940152E-06,0,0.612454,0.8430774,-1.417934,3.069245,14.87364,-2.900701,0.6131261,0.7919239,-1.414834,30.12618,0.1875522,-4.777375,0.6349315,0.7540734,-1.41793,28.56593,1.180902E-05,0,0.6587673,0.7394224,-1.421783,19.06599,8.809349E-06,0,0.6097926,0.8425261,-1.427262,7.703139,29.67834,-7.043752,0.6100926,0.7955132,-1.4372,20.95679,-10.83139,-2.559867,0.6238265,0.7629652,-1.439966,30.44396,5.059172E-05,0,0.6416235,0.7497576,-1.442185,20.32266,4.01945E-05,0,1.142735,1.540718,-1.18021,39.31908,-11.51706,79.4253,1.106595,1.55012,-1.167333,18.68806,27.31616,-8.823209,1.089977,1.562916,-1.145907,11.03098,-9.826474E-06,0,1.144978,1.539882,-1.167356,0,-14.88069,1.249918,1.115527,1.582476,-1.148993,14.67024,26.52374,6.857067,1.092145,1.602847,-1.115468,12.84566,0.0006963767,0,1.07465,1.609921,-1.094652,8.565775,0.0004741566,0,1.148713,1.536453,-1.158012,0,-1.464622E-05,0,1.124791,1.573627,-1.127847,10.23374,10.83061,7.501717,1.101578,1.596674,-1.094259,22.24459,5.850679E-05,0,1.079994,1.601744,-1.072701,14.84011,4.585206E-05,0,1.153236,1.531875,-1.149216,3.069309,14.87368,-2.900701,1.13434,1.559332,-1.110283,4.617152,-1.836108,-2.132491,1.114774,1.581415,-1.077922,26.07726,1.476401E-05,0,1.093731,1.586495,-1.059783,17.40157,8.089714E-06,0,1.158172,1.526313,-1.142962,7.703165,29.67841,-7.043752,1.144853,1.542095,-1.099573,5.386852,-11.35996,-18.17777,1.128954,1.556614,-1.07143,27.69365,1.698121E-05,0,1.11106,1.560686,-1.058809,18.48251,1.243475E-05,0
1800,0.8818974,0.9266784,-1.437147,0.978988,0.857439,0.1607126,0.8709009,1.286593,-1.480646,0.3368816,2.935097,0.1866263,0.8592908,1.594913,-1.472783,10.17197,-4.574381,4.190823,0.8018219,0.925484,-1.436902,0.1412742,0.8078637,-1.913155,0.8021946,0.4984475,-1.428532,8.996892,-0.03368819,0,0.799776,0.0743756,-1.487125,8.029204,-0.3710478,-7.99986,0.9619728,0.9278728,-1.437393,-4.403488,-3.065319,2.081683,0.9454071,0.5018324,-1.462801,0.05934703,0.03310446,0,0.9296502,0.07480177,-1.488733,3.455304,-2.636495,-7.02814,0.7951516,1.405964,-1.462191,-13.7312,1.084584,0.5128186,0.6658382,1.401673,-1.493328,-4.89945,13.14873,-41.13125,0.6266851,1.14676,-1.48456,12.64707,-6.936914E-05,-13.27858,0.9341788,1.41309,-1.462687,-18.48971,7.25902,3.605109,1.058214,1.436037,-1.505095,35.87885,32.20282,-23.86714,1.256245,1.330599,-1.377591,88.49505,-9.569369E-05,-23.08726,0.6135724,0.8703175,-1.420133,3.026986,-6.574341,0.1735894,1.190828,1.474795,-1.141644,1.62112,-9.745931,0.1370561,0.6229343,0.8594159,-1.388574,44.1718,-13.88691,93.75671,0.652203,0.8348985,-1.378445,15.93857,37.4094,-9.842547,0.656284,0.8065852,-1.369465,8.401114,-9.001579E-06,0,0.6199015,0.8503262,-1.39747,0,-14.88063,1.249918,0.6256869,0.8044984,-1.367718,31.29379,22.60267,-9.299884,0.6455334,0.7633725,-1.368392,23.23025,-7.463105E-05,0,0.6659422,0.744626,-1.373027,15.49867,-4.735425E-05,0,0.617045,0.8458347,-1.406672,0,-3.688477E-06,0,0.6189709,0.7951497,-1.3896,32.75848,12.77639,-5.860433,0.6412802,0.7540951,-1.393465,28.87967,-3.945844E-06,0,0.6664752,0.7375035,-1.400262,19.27586,-3.898296E-06,0,0.6140442,0.8426195,-1.416643,3.069309,14.87364,-2.900768,0.6147604,0.7914674,-1.413531,30.12396,0.1906123,-4.776063,0.636593,0.753633,-1.416634,28.56255,1.825766E-05,0,0.6604367,0.7389982,-1.420499,19.06371,9.898295E-06,0,0.6113775,0.8420638,-1.42597,7.703139,29.67834,-7.043752,0.61171,0.7950487,-1.435897,20.95836,-10.82824,-2.536902,0.6254694,0.7625117,-1.438665,30.44221,-1.94392E-05,0,0.6432753,0.7493183,-1.440897,20.32149,-1.43515E-05,0,1.171079,1.503039,-1.145485,39.39011,-11.81598,79.30618,1.137097,1.512476,-1.127693,19.65901,27.3822,-9.330666,1.123704,1.52171,-1.102508,11.59245,-3.247908E-06,0,1.174296,1.499507,-1.133314,0,-14.88068,1.250075,1.150581,1.539715,-1.104336,14.87853,26.66934,6.329485,1.132043,1.554568,-1.065331,12.07773,-1.205924E-06,0,1.117231,1.558901,-1.041852,8.053471,-1.267725E-06,0,1.17846,1.494024,-1.125214,0,-9.086044E-06,0,1.160707,1.526182,-1.086292,10.36468,11.05296,6.899755,1.142638,1.543612,-1.046696,21.92198,4.801001E-05,0,1.123529,1.546004,-1.022501,14.62459,3.282156E-05,0,1.183252,1.487468,-1.117946,3.069309,14.87368,-2.900701,1.17031,1.508013,-1.072811,4.80424,-1.669958,-2.975259,1.155595,1.524485,-1.034997,24.89342,3.841377E-05,0,1.136963,1.527838,-1.01404,16.61017,4.377562E-05,0,1.188151,1.480421,-1.113389,7.703165,29.67842,-7.043725,1.180023,1.488254,-1.066681,5.811126,-11.25936,-18.99674,1.16776,1.49788,-1.034859,25.85004,-2.051799E-06,0,1.151814,1.50098,-1.019622,17.24968,5.956503E-06,0
1833,0.8820606,0.9266359,-1.436701,0.9659084,0.8299029,0.2825486,0.8710629,1.286559,-1.480299,0.3921704,2.941998,0.4135417,0.8591547,1.594877,-1.472671,10.25954,-4.247073,3.913365,0.8019853,0.9254827,-1.436285,0.07661668,0.7844577,-1.868336,0.802327,0.4984354,-1.428486,8.926122,-0.03412399,0,0.7998093,0.07436949,-1.487118,8.032626,-0.3855159,-8.068813,0.962136,0.927789,-1.437117,-4.444529,-3.045415,2.068195,0.9454426,0.5017748,-1.462879,0,0.01928424,0,0.9294704,0.07474953,-1.488767,3.49648,-2.659114,-6.949975,0.7953755,1.405945,-1.461683,-13.91794,1.052721,0.4756011,0.6660433,1.401534,-1.492725,-5.03575,13.23775,-41.64201,0.6271429,1.14659,-1.483737,12.69445,-6.026508E-05,-13.66442,0.9343989,1.413083,-1.462737,-18.17786,6.794932,3.47198,1.058674,1.434947,-1.505017,32.61351,32.77449,-25.9527,1.255095,1.322225,-1.38131,80.98799,-0.0001065911,-22.89702,0.6149541,0.8701396,-1.419161,2.947363,-6.545287,0.1678588,1.21499,1.433832,-1.123088,1.606203,-8.566822,0.1186941,0.6244203,0.8592578,-1.387626,44.16991,-13.88742,93.74857,0.6537459,0.8347764,-1.377575,15.92944,37.41188,-9.837293,0.6578853,0.8064708,-1.368598,8.396063,-5.643498E-06,0,0.6213722,0.850162,-1.396511,0,-14.88063,1.249918,0.6272972,0.8043493,-1.366764,31.3026,22.60131,-9.313526,0.6471947,0.7632489,-1.367486,23.19754,-7.226555E-05,0,0.6676052,0.7445164,-1.372169,15.47681,-5.189085E-05,0,0.6184942,0.8456647,-1.405703,0,-3.092618E-06,0,0.6205283,0.7949867,-1.388623,32.7636,12.77898,-5.844021,0.6428763,0.7539585,-1.392545,28.84734,1.01533E-05,0,0.6680614,0.7373812,-1.399413,19.25424,4.737337E-06,0,0.6154681,0.8424432,-1.415665,3.069309,14.87364,-2.900701,0.6162525,0.7912927,-1.412541,30.12119,0.1900188,-4.776432,0.6381181,0.7534818,-1.415695,28.558,3.884163E-05,0,0.6619657,0.7388704,-1.419625,19.06069,1.848478E-05,0,0.612775,0.8418817,-1.424984,7.703165,29.67835,-7.043725,0.613133,0.7948642,-1.434898,20.96953,-10.82765,-2.550368,0.6269282,0.7623451,-1.437699,30.41043,0.0001484737,0,0.6447382,0.749165,-1.439976,20.30022,9.916443E-05,0,1.196089,1.462797,-1.120581,39.47599,-12.10014,79.2246,1.164246,1.470248,-1.098425,20.64811,27.56965,-9.893363,1.153842,1.475484,-1.070797,12.14915,-5.509875E-06,0,1.200301,1.457332,-1.109475,0,-14.88067,1.249918,1.181026,1.493086,-1.072475,14.75402,26.86334,5.998159,1.167013,1.502064,-1.029947,12.40868,-7.859362E-06,0,1.15464,1.502908,-1.004735,8.274242,-2.326707E-05,0,1.204994,1.450554,-1.102763,0,-2.734621E-06,0,1.192274,1.476662,-1.05781,10.2711,11.28066,6.087275,1.178885,1.488034,-1.014341,22.44289,2.872705E-06,0,1.162085,1.486939,-0.9884021,14.97259,-1.008012E-05,0,1.210191,1.44283,-1.097096,3.069309,14.87368,-2.900701,1.202387,1.456388,-1.04829,4.673321,-1.174181,-4.812307,1.192237,1.466851,-1.006996,24.38116,-8.37848E-06,0,1.17598,1.467653,-0.9839156,16.26777,-1.313578E-05,0,1.215219,1.435043,-1.094181,7.703114,29.67841,-7.043725,1.211855,1.435686,-1.04625,5.643023,-10.64335,-20.56121,1.203298,1.44024,-1.012167,25.6864,3.096153E-05,0,1.189143,1.441422,-0.9950105,17.14025,4.59417E-05,0
1867,0.8824722,0.9266726,-1.436638,0.9221727,0.7972311,0.4182466,0.8717121,1.286638,-1.479993,0.360452,2.862387,0.5196414,0.8598053,1.594976,-1.472373,10.08366,-3.770194,3.75661,0.8023973,0.9255679,-1.436035,0,0.7741194,-1.821557,0.8025707,0.4985071,-1.429009,8.75118,-0.03416966,0,0.7998338,0.07436949,-1.48711,7.96102,-0.3722095,-8.14582,0.962547,0.9277773,-1.43724,-4.379583,-3.031709,2.074337,0.9456394,0.501759,-1.462792,0.05233916,0.03342809,0,0.9295408,0.0747495,-1.488862,3.572757,-2.663719,-6.839539,0.7962264,1.406121,-1.461184,-14.09747,1.005746,0.4801054,0.666932,1.401799,-1.492396,-5.15917,13.28815,-42.00876,0.6279802,1.146855,-1.483639,12.86883,-5.966101E-05,-13.77216,0.9352577,1.413065,-1.46249,-17.86498,6.409915,3.411969,1.059856,1.433907,-1.504332,29.73629,33.45577,-27.34685,1.25495,1.314739,-1.384632,75.55431,-0.0001047072,-22.50928,0.616452,0.8704524,-1.418737,2.950018,-6.510236,0.1678588,1.233877,1.39862,-1.113961,1.725103,-8.068219,0.1219466,0.6260523,0.8595968,-1.387233,44.16566,-13.88628,93.72487,0.6554473,0.8351579,-1.377282,15.88782,37.40715,-9.80971,0.6596662,0.806865,-1.368302,8.374916,-1.804939E-05,0,0.6229832,0.8504931,-1.396102,0,-14.88064,1.249918,0.6290836,0.804701,-1.366359,31.30466,22.60071,-9.346619,0.6490363,0.7636285,-1.36714,23.18667,-2.184531E-05,0,0.6694546,0.74492,-1.371885,15.46955,-1.983863E-05,0,0.6200767,0.845988,-1.405282,0,-3.430509E-06,0,0.6222452,0.7953201,-1.388189,32.77419,12.77881,-5.848648,0.6446414,0.7543251,-1.392181,28.8002,9.397948E-06,0,0.6698136,0.7377629,-1.399133,19.2227,3.860502E-06,0,0.6170175,0.8427582,-1.415231,3.069245,14.87364,-2.900633,0.6178842,0.7916102,-1.412089,30.11865,0.188897,-4.78606,0.6397885,0.7538272,-1.415309,28.5485,-1.70852E-05,0,0.6636387,0.739242,-1.419319,19.05431,-1.881697E-05,0,0.6142899,0.8421891,-1.42454,7.703165,29.67835,-7.043725,0.6146753,0.795168,-1.434436,20.97448,-10.83305,-2.563688,0.6285079,0.7626678,-1.437272,30.39056,3.643306E-05,0,0.6463244,0.7495065,-1.439606,20.28692,1.652211E-05,0,1.215752,1.427316,-1.106854,39.25496,-12.50722,80.31979,1.185625,1.432835,-1.081909,23.02651,26.20072,-10.62818,1.177211,1.434184,-1.053164,13.70585,-4.830705E-06,0,1.220603,1.420561,-1.096764,0,-14.88069,1.250075,1.204579,1.452034,-1.054675,14.51197,27.09153,6.078767,1.193904,1.456192,-1.010466,13.36964,5.57261E-06,0,1.183145,1.453912,-0.9846112,8.915308,2.176378E-07,0,1.225608,1.413002,-1.091213,0,-1.833305E-05,0,1.216477,1.433904,-1.042799,10.16403,11.51153,5.419204,1.206466,1.440244,-0.9974371,23.25479,4.677983E-05,0,1.191194,1.436119,-0.9708663,15.51506,1.542614E-05,0,1.231028,1.404619,-1.086841,3.069309,14.87368,-2.900768,1.226821,1.412554,-1.036382,4.131332,0.07506253,-5.455676,1.220523,1.417702,-0.9933523,25.11404,6.811754E-06,0,1.206024,1.415647,-0.9692029,16.75764,-2.318863E-06,0,1.236091,1.396491,-1.08519,7.703191,29.67842,-7.04378,1.236003,1.391648,-1.037382,5.585881,-9.340596,-21.29788,1.230256,1.39164,-1.002416,25.92025,-6.102656E-05,0,1.217443,1.390716,-0.9842211,17.2966,-6.804126E-05,0
1900,0.8831496,0.9267886,-1.437188,0.8418618,0.7633691,0.5004597,0.8728899,1.286833,-1.479972,0.2556444,2.698591,0.563365,0.8612975,1.595212,-1.472185,9.667069,-3.157391,3.622177,0.803075,0.925732,-1.436473,0,0.7859833,-1.782679,0.8029068,0.4986603,-1.430144,8.504753,-0.03368584,0,0.7998509,0.07437119,-1.487113,7.811429,-0.3209507,-8.179254,0.9632242,0.9278451,-1.437903,-4.2637,-3.036796,2.105614,0.9459892,0.5018222,-1.463158,0.05233916,0.03322004,0,0.9295596,0.07480773,-1.488939,3.584793,-2.703767,-6.749971,0.797761,1.406498,-1.460891,-14.25575,0.9506475,0.5263757,0.6685216,1.402476,-1.492369,-5.299828,13.33896,-42.31436,0.6291182,1.147583,-1.484141,13.12474,-5.828434E-05,-13.80935,0.9368104,1.413045,-1.46229,-17.59871,6.118537,3.256722,1.061731,1.432949,-1.503625,27.39441,33.96132,-28.03915,1.255428,1.307273,-1.388397,72.44475,-8.979293E-05,-23.49503,0.6179269,0.8712603,-1.418844,3.016231,-6.493607,0.1701742,1.246229,1.370888,-1.111609,1.658592,-7.706288,0.1119058,0.627659,0.8604399,-1.387369,44.16055,-13.88527,93.69917,0.6571225,0.8360465,-1.377509,15.84058,37.37873,-9.773342,0.6614329,0.8077697,-1.368522,8.353411,-1.561537E-06,0,0.6245698,0.8513258,-1.39622,0,-14.88064,1.249918,0.6308444,0.8055629,-1.366469,31.29584,22.6051,-9.302927,0.6508448,0.7645144,-1.367295,23.21672,-4.209313E-05,0,0.6712742,0.7458373,-1.372115,15.48962,-3.554715E-05,0,0.6216356,0.8468103,-1.405386,0,-6.925595E-06,0,0.6239383,0.7961572,-1.388266,32.76866,12.77981,-5.845765,0.646373,0.7551886,-1.392313,28.81656,1.569564E-05,0,0.671545,0.7386616,-1.399348,19.23366,1.381826E-05,0,0.6185441,0.8435693,-1.415322,3.069245,14.87364,-2.900768,0.619494,0.7924248,-1.412148,30.11631,0.1892508,-4.802283,0.6414374,0.7546692,-1.415423,28.54327,2.05002E-05,0,0.6652917,0.7401115,-1.419507,19.05083,1.236747E-05,0,0.6157828,0.84299,-1.42462,7.703165,29.67835,-7.04378,0.6161972,0.7959627,-1.434485,20.96976,-10.83801,-2.570017,0.6300624,0.7634787,-1.437347,30.39673,-3.351047E-05,0,0.6478892,0.7503411,-1.439735,20.29105,-1.865796E-05,0,1.229433,1.399498,-1.101518,39.42385,-12.53631,80.32942,1.20039,1.40392,-1.075111,23.35464,26.58017,-10.9353,1.19326,1.403139,-1.046,13.85128,-6.127168E-06,0,1.234403,1.391788,-1.092201,0,-14.88069,1.249762,1.221093,1.42025,-1.047128,14.51526,27.36105,5.84033,1.212339,1.420984,-1.002312,13.72758,3.095016E-05,0,1.20241,1.416766,-0.9763687,9.15414,2.264101E-05,0,1.239331,1.383641,-1.087475,0,-2.243232E-05,0,1.232754,1.400829,-1.037221,10.26935,11.79699,5.038045,1.224708,1.403548,-0.9911121,23.58881,4.130141E-05,0,1.210157,1.397594,-0.9644834,15.73826,2.037672E-05,0,1.2446,1.374753,-1.084005,3.069181,14.87368,-2.900768,1.242543,1.378695,-1.032946,3.665594,1.29677,-6.03897,1.238772,1.379879,-0.9893332,25.87047,5.295563E-06,0,1.225188,1.375955,-0.9648851,17.26334,-7.751989E-06,0,1.249421,1.366354,-1.083211,7.703139,29.67841,-7.043725,1.250917,1.357647,-1.035978,5.17873,-8.253403,-22.0661,1.246967,1.354477,-1.000907,27.11496,3.357151E-05,0,1.23468,1.352327,-0.9824536,18.09548,2.724923E-05,0
1933,0.8832426,0.9269286,-1.437983,0.7391344,0.7293731,0.508604,0.8736931,1.287072,-1.479988,0.1008706,2.474401,0.6277614,0.862704,1.595502,-1.47189,9.126235,-2.500682,3.407605,0.8031675,0.9259185,-1.437259,0.01978234,0.7672365,-1.742598,0.8028872,0.4988384,-1.43152,8.234423,-0.01936837,0,0.7997268,0.07436225,-1.487072,7.625681,-0.2698303,-8.133518,0.9633177,0.9279387,-1.438707,-4.126352,-3.010744,2.147307,0.9460296,0.5019028,-1.463705,0,0.01888187,0,0.9294518,0.07486281,-1.488964,3.555727,-2.733358,-6.725579,0.7990546,1.40698,-1.460509,-14.35312,0.9042706,0.6039315,0.6698222,1.403441,-1.492073,-5.440208,13.39033,-42.57724,0.6296175,1.148655,-1.48443,13.37183,-6.506021E-05,-14.10167,0.9381271,1.412987,-1.462045,-17.40342,5.88594,2.968936,1.063296,1.431982,-1.503055,25.99392,33.99176,-28.19898,1.255014,1.300001,-1.391628,71.15599,-0.0001002147,-23.18595,0.6184071,0.8723971,-1.418863,3.091552,-6.512873,0.1758294,1.251695,1.351622,-1.112223,1.573088,-7.742173,0.1046783,0.6281564,0.8616189,-1.387379,44.15489,-13.88258,93.66575,0.6576497,0.8372696,-1.3775,15.78315,37.34541,-9.729487,0.6620197,0.8090115,-1.368482,8.327207,-3.644276E-06,0,0.625078,0.8524925,-1.396222,0,-14.88064,1.249762,0.6314148,0.8067658,-1.366427,31.27436,22.6106,-9.288254,0.651454,0.7657354,-1.367212,23.29044,-6.906867E-05,0,0.6719215,0.7470989,-1.372028,15.53888,-4.007985E-05,0,0.6221487,0.8479646,-1.405383,0,-4.508618E-06,0,0.6245186,0.7973307,-1.388215,32.75352,12.78241,-5.83348,0.6469955,0.7563813,-1.392223,28.86818,5.354269E-06,0,0.6721968,0.7398966,-1.399252,19.26821,1.165581E-05,0,0.6190603,0.8447103,-1.415315,3.069245,14.87364,-2.900768,0.6200765,0.79357,-1.412092,30.11177,0.1902135,-4.811737,0.6420653,0.755838,-1.415334,28.5496,2.964481E-06,0,0.6659387,0.741308,-1.419406,19.05507,-7.270618E-06,0,0.6162989,0.8441187,-1.424612,7.703165,29.67835,-7.04378,0.616773,0.7970826,-1.434433,20.97233,-10.85402,-2.583159,0.6306826,0.7646142,-1.437256,30.38318,-1.546005E-05,0,0.6485246,0.7514938,-1.439626,20.28199,-1.525058E-05,0,1.235496,1.379999,-1.100612,39.48799,-12.42447,79.87358,1.207025,1.383593,-1.073467,22.59869,26.68767,-10.58872,1.200292,1.381822,-1.044304,13.3945,-3.47151E-06,0,1.240534,1.371837,-1.091726,0,-14.88067,1.249918,1.228484,1.398541,-1.045245,14.61527,27.58657,5.570387,1.220649,1.397308,-1.00027,13.87554,1.241127E-05,0,1.211126,1.391989,-0.9743766,9.252872,1.435819E-05,0,1.245437,1.363433,-1.087444,0,-7.092479E-06,0,1.240059,1.378567,-1.036393,10.47369,12.08176,4.59815,1.232915,1.379156,-0.9900597,23.72856,4.840754E-05,0,1.218689,1.372128,-0.9635175,15.83164,4.335608E-05,0,1.250647,1.354339,-1.084454,3.069309,14.87368,-2.900768,1.249618,1.356146,-1.033245,3.467748,2.108879,-6.241961,1.247112,1.355051,-0.9895384,26.68871,-8.636383E-06,0,1.233838,1.349911,-0.9651455,17.81042,-1.253284E-05,0,1.255365,1.345851,-1.084109,7.703165,29.67841,-7.043752,1.257638,1.335136,-1.037322,5.194106,-7.487379,-22.40269,1.254496,1.330104,-1.002387,27.81704,2.041707E-05,0,1.242401,1.327161,-0.9839169,18.56504,1.893437E-05,0
1967,0.8831649,0.9270627,-1.438843,0.6483091,0.6964494,0.4739525,0.8744549,1.287297,-1.480037,-0.07912937,2.210486,0.7760689,0.8643859,1.595772,-1.471395,8.674642,-1.936159,3.049088,0.8030888,0.9260969,-1.438168,0.04423466,0.741437,-1.685279,0.8027566,0.4990103,-1.432942,7.973905,-0.01856501,0,0.7997097,0.07435048,-1.487078,7.442444,-0.2273544,-8.028275,0.963241,0.9280285,-1.439517,-3.989291,-2.976055,2.171236,0.9459943,0.5019718,-1.464187,0,0.01820825,0,0.9294581,0.07490468,-1.489009,3.521311,-2.750085,-6.762135,0.8004205,1.407487,-1.459997,-14.35739,0.8842319,0.6807005,0.6710956,1.404594,-1.491247,-5.539623,13.44559,-42.91858,0.6298068,1.149972,-1.483928,13.50503,-5.585313E-05,-14.72675,0.9395148,1.412858,-1.461876,-17.31932,5.698435,2.664548,1.064783,1.430974,-1.502982,25.41519,33.63816,-28.25646,1.254149,1.293606,-1.394074,70.82329,-0.0001053261,-22.67791,0.6182466,0.8737106,-1.418435,3.180385,-6.608151,0.1823843,1.253015,1.339076,-1.113585,1.821664,-8.045858,0.1266688,0.6279684,0.8629729,-1.386928,44.15316,-13.87767,93.63061,0.6574734,0.8386608,-1.376992,15.71077,37.3449,-9.683346,0.6618713,0.8104219,-1.367928,8.289416,4.209312E-07,0,0.6249102,0.8538347,-1.395766,0,-14.88061,1.250075,0.6312572,0.8081434,-1.365919,31.27485,22.61006,-9.295001,0.6513397,0.7671331,-1.36664,23.28996,1.44753E-05,0,0.6718326,0.748513,-1.371411,15.53856,1.862147E-05,0,0.6219967,0.849295,-1.404926,0,4.077014E-06,0,0.6243972,0.7986802,-1.387707,32.75381,12.78123,-5.841941,0.6469213,0.7577502,-1.391646,28.85934,3.132413E-05,0,0.6721466,0.7412808,-1.398625,19.26229,1.928316E-05,0,0.6189238,0.8460279,-1.414859,3.069245,14.87364,-2.900633,0.6199883,0.7948918,-1.411585,30.10676,0.1908638,-4.812755,0.6420161,0.7571772,-1.414763,28.56439,3.635972E-05,0,0.6659118,0.7426717,-1.418792,19.06494,3.163299E-05,0,0.6161743,0.8454245,-1.424159,7.703139,29.67833,-7.043752,0.6167083,0.7983794,-1.433933,20.9515,-10.84541,-2.59955,0.6306422,0.7659176,-1.436711,30.43282,0.0001845102,0,0.648507,0.7528222,-1.439048,20.31521,0.00014533,0,1.23705,1.367355,-1.101423,39.50468,-12.34953,79.76034,1.208616,1.370608,-1.074196,22.10151,26.659,-10.32623,1.201752,1.368459,-1.045089,13.10624,1.399685E-06,0,1.24202,1.358981,-1.092698,0,-14.8807,1.249918,1.230185,1.384875,-1.045706,14.60856,27.70457,5.602207,1.222395,1.382761,-1.000756,14.47678,0.0001251401,0,1.212668,1.376784,-0.9750826,9.654064,9.162009E-05,0,1.246852,1.350454,-1.08858,0,-2.198538E-05,0,1.241593,1.364637,-1.037244,10.61665,12.24345,4.354602,1.23442,1.364212,-0.9909137,24.22316,3.637051E-06,0,1.219914,1.35658,-0.9646914,16.16219,5.668379E-06,0,1.251985,1.341261,-1.085768,3.069309,14.87367,-2.900768,1.250966,1.34208,-1.034533,3.506154,2.401888,-6.285189,1.24852,1.339943,-0.9908618,27.2925,5.544968E-06,0,1.234999,1.334242,-0.9667305,18.21421,-6.792398E-06,0,1.256633,1.332729,-1.085588,7.703191,29.67841,-7.043752,1.258811,1.321088,-1.039018,5.367392,-7.187178,-22.57348,1.2556,1.315194,-1.004224,28.1331,9.362881E-06,0,1.243362,1.311923,-0.985904,18.77644,9.061777E-06,0
2000,0.8829662,0.9271647,-1.439333,0.590498,0.6717674,0.4584226,0.8750523,1.287462,-1.479842,-0.2601963,1.946568,1.002296,0.866082,1.595966,-1.470486,8.409337,-1.546983,2.594048,0.8028895,0.9262324,-1.438683,0.01978234,0.7153798,-1.611069,0.8025661,0.4991389,-1.434062,7.741795,-0.01711843,0,0.7996719,0.07433745,-1.487084,7.301675,-0.1910692,-7.928553,0.9630429,0.928097,-1.439984,-3.891035,-2.940053,2.161841,0.9458956,0.5020195,-1.464364,0.02797646,0.01698437,0,0.9294435,0.07494032,-1.489034,3.512459,-2.763048,-6.811061,0.8016514,1.407929,-1.459148,-14.33795,0.8511675,0.7306137,0.6721831,1.405646,-1.48985,-5.584126,13.53152,-43.26607,0.629745,1.151213,-1.482548,13.48121,-5.129456E-05,-15.37055,0.9407604,1.412668,-1.461563,-17.24366,5.54759,2.453916,1.066046,1.429987,-1.502956,25.10391,33.17983,-28.43695,1.253017,1.288161,-1.395635,70.93259,-9.548997E-05,-22.52673,0.6174722,0.8748726,-1.417521,3.316293,-6.782273,0.1968319,1.251671,1.330146,-1.114604,1.956147,-8.569796,0.14537,0.6272087,0.864159,-1.38601,44.15508,-13.86993,93.59508,0.65673,0.8398674,-1.376072,15.60618,37.38354,-9.625186,0.6611431,0.8116459,-1.366962,8.230415,-8.671102E-06,0,0.624153,0.8550139,-1.394841,0,-14.88062,1.249918,0.6305334,0.8093439,-1.364969,31.29782,22.60668,-9.295086,0.6506523,0.7683512,-1.365678,23.21237,-4.65683E-05,0,0.6711375,0.7497192,-1.370435,15.48671,-3.300964E-05,0,0.6212395,0.8504671,-1.403998,0,-1.228446E-06,0,0.6236727,0.7998639,-1.386749,32.77881,12.77992,-5.857221,0.6462342,0.7589535,-1.390677,28.752,2.829059E-05,0,0.6714457,0.7424563,-1.397641,19.19046,1.545319E-05,0,0.6181657,0.8471923,-1.413928,3.069245,14.87364,-2.900768,0.6192592,0.7960588,-1.410625,30.10659,0.1908483,-4.806645,0.6413069,0.7583544,-1.413786,28.55663,1.878194E-05,0,0.6652072,0.7438563,-1.417813,19.05978,1.642459E-05,0,0.615414,0.8465818,-1.423227,7.703165,29.67834,-7.043752,0.6159713,0.7995313,-1.432974,20.94511,-10.8256,-2.575647,0.6299171,0.7670742,-1.435748,30.44861,0.000146075,0,0.6477892,0.7539905,-1.438093,20.32579,0.0001031787,0,1.235938,1.358549,-1.10243,39.56135,-12.30529,79.64408,1.207285,1.361952,-1.075452,21.73575,26.85312,-10.20851,1.200124,1.359861,-1.046413,12.86854,-9.850758E-07,0,1.240727,1.350068,-1.093707,0,-14.88068,1.250075,1.228779,1.375848,-1.046681,14.72454,27.76486,5.560879,1.22052,1.373498,-1.001826,14.67199,0.0002234789,0,1.210408,1.367387,-0.9763344,9.784301,0.0001518774,0,1.245419,1.341462,-1.089593,0,-7.6667E-06,0,1.239866,1.355429,-1.038229,10.87497,12.35471,4.228321,1.232139,1.354656,-0.9919924,24.29359,-8.057464E-07,0,1.217202,1.346942,-0.9660373,16.20925,1.016883E-06,0,1.250416,1.332192,-1.086786,3.069245,14.87368,-2.900768,1.248942,1.332746,-1.035558,3.66506,2.468474,-6.151922,1.245988,1.330304,-0.9919345,27.66382,3.258742E-05,0,1.231998,1.324501,-0.9680964,18.46254,2.123196E-05,0,1.254959,1.323605,-1.086611,7.703114,29.67842,-7.043752,1.256575,1.311685,-1.040088,5.502957,-7.121041,-22.59991,1.252917,1.305574,-1.005377,28.3359,5.235682E-05,0,1.240379,1.302332,-0.9872556,18.9121,3.930126E-05,0
2033,0.8827875,0.9272206,-1.439445,0.5671728,0.6646652,0.4933717,0.8753926,1.287547,-1.479431,-0.4270431,1.749942,1.24175,0.8673791,1.596057,-1.469272,8.316542,-1.389264,2.149949,0.8027111,0.9262985,-1.438746,0,0.7009944,-1.5418,0.8024393,0.4991999,-1.434618,7.602019,-0.01500988,0,0.7996515,0.07433003,-1.487094,7.236032,-0.1689081,-7.886975,0.9628639,0.9281427,-1.440144,-3.866954,-2.918687,2.127805,0.945807,0.5020605,-1.464506,0,0.0152683,0,0.9294376,0.07497105,-1.489053,3.502187,-2.772077,-6.831131,0.8024905,1.408205,-1.458096,-14.28989,0.8484892,0.7388696,0.6728626,1.40644,-1.488152,-5.451148,13.51945,-43.22495,0.6294889,1.152166,-1.480786,13.32421,-6.049324E-05,-15.56367,0.9416035,1.412477,-1.461081,-17.18538,5.368723,2.3441,1.066866,1.429073,-1.502839,24.6625,32.76002,-28.6795,1.251582,1.283118,-1.397163,71.33566,-0.0001022684,-22.67918,0.6160306,0.8757117,-1.416482,3.522645,-7.000191,0.2148914,1.248774,1.322524,-1.115769,1.634465,-8.539038,0.1203313,0.6258225,0.8649974,-1.384989,44.15462,-13.86114,93.56222,0.6553586,0.8407,-1.375109,15.48685,37.41438,-9.555923,0.6597871,0.8124899,-1.365971,8.164622,-1.857569E-05,0,0.6227502,0.8558526,-1.393815,0,-14.88063,1.249918,0.6291799,0.8101822,-1.363954,31.32916,22.59535,-9.314581,0.6493155,0.7691984,-1.364703,23.08361,1.790678E-05,0,0.6697638,0.7505299,-1.369476,15.40067,1.11853E-05,0,0.6198198,0.851306,-1.402966,0,-1.925066E-06,0,0.6222792,0.8007027,-1.385721,32.78836,12.77794,-5.849553,0.6448364,0.7597939,-1.389692,28.68107,2.765E-05,0,0.670017,0.7432662,-1.396695,19.14301,1.757687E-05,0,0.6167279,0.8480315,-1.412891,3.069245,14.87364,-2.900701,0.6178226,0.7968979,-1.409589,30.11656,0.1888118,-4.791992,0.6398677,0.7591953,-1.41279,28.50636,3.451017E-05,0,0.663749,0.744678,-1.416861,19.02612,1.909692E-05,0,0.6139594,0.8474212,-1.422185,7.703165,29.67834,-7.043752,0.6144949,0.8003705,-1.431932,20.99406,-10.8271,-2.557955,0.6284598,0.7679241,-1.434734,30.32628,5.94231E-05,0,0.6463093,0.7548154,-1.437111,20.2439,4.35513E-05,0,1.233505,1.351108,-1.103428,39.62197,-12.29357,79.52642,1.204825,1.354785,-1.076515,21.50874,27.11859,-10.18389,1.197599,1.35271,-1.047491,12.70422,-2.091136E-06,0,1.238124,1.342482,-1.094755,0,-14.88071,1.250075,1.226506,1.368125,-1.047571,14.818,27.77559,5.535943,1.218046,1.36555,-1.002767,14.87052,0.002098232,0,1.207676,1.359344,-0.9774022,9.91675,0.001417637,0,1.242656,1.333766,-1.090692,0,-2.698029E-05,0,1.237216,1.347456,-1.039242,11.04685,12.417,4.161843,1.229267,1.346371,-0.9930489,24.48687,0.0001032017,0,1.21401,1.338618,-0.9672928,16.33844,7.267229E-05,0,1.247484,1.324391,-1.087941,3.069309,14.87367,-2.900701,1.24589,1.3246,-1.036714,3.822593,2.418842,-5.969166,1.242659,1.321878,-0.9931265,27.84151,-3.498241E-05,0,1.228386,1.316077,-0.9694567,18.58141,-5.906773E-05,0,1.251877,1.315724,-1.087818,7.703191,29.67842,-7.043752,1.253168,1.303443,-1.041379,5.601577,-7.173453,-22.58318,1.249249,1.297155,-1.006727,28.49133,-2.828051E-05,0,1.236525,1.294014,-0.9887177,19.01608,-4.180107E-05,0
2067,0.8826969,0.9272254,-1.439463,0.5760729,0.6832829,0.5605795,0.8754971,1.28755,-1.479107,-0.5685511,1.632244,1.407921,0.8681982,1.596053,-1.468202,8.308676,-1.439099,1.83451,0.8026217,0.9262784,-1.43867,-0.01978234,0.7104003,-1.510254,0.8024185,0.4991803,-1.434478,7.629514,-0.0131056,0,0.799642,0.07432753,-1.487093,7.257717,-0.1660548,-7.918669,0.9627721,0.9281725,-1.440257,-3.863408,-2.926304,2.097325,0.9457637,0.5020818,-1.4645,0.02797646,0.0134475,0,0.9294227,0.07499224,-1.489066,3.50967,-2.781012,-6.813883,0.8029029,1.408304,-1.457272,-14.24866,0.8459775,0.6940797,0.6731634,1.406867,-1.48686,-5.093969,13.34523,-42.52277,0.6293005,1.152674,-1.479614,13.14349,-6.472461E-05,-14.71412,0.9420151,1.412302,-1.460653,-17.13147,5.204028,2.266154,1.067273,1.428364,-1.502635,23.96943,32.3303,-28.81745,1.24968,1.277939,-1.399241,71.94262,-0.0001070241,-22.55902,0.6143451,0.8761604,-1.415896,3.827355,-7.209264,0.2414744,1.244889,1.314675,-1.117513,1.618099,-8.543059,0.1203313,0.6243427,0.8654268,-1.384474,44.1507,-13.85917,93.54899,0.6539254,0.8411018,-1.374804,15.40508,37.41689,-9.504438,0.6584038,0.8128947,-1.365681,8.121634,-7.924167E-06,0,0.6212038,0.8562876,-1.393282,0,-14.88062,1.250075,0.6278025,0.810601,-1.363483,31.33315,22.58576,-9.326389,0.6479084,0.7696056,-1.36438,23.04271,6.965997E-06,0,0.6683022,0.7509122,-1.369287,15.37336,1.958357E-05,0,0.6182081,0.8517467,-1.402415,0,-1.348338E-06,0,0.6207473,0.8011349,-1.385207,32.78593,12.77762,-5.853103,0.6432456,0.7602103,-1.389345,28.66063,3.727751E-05,0,0.6683605,0.7436568,-1.396521,19.12935,2.815306E-05,0,0.6150464,0.8484783,-1.41232,3.069245,14.87364,-2.900701,0.6161259,0.7973426,-1.409045,30.12453,0.1888135,-4.786019,0.6381262,0.7596282,-1.412412,28.45168,2.908146E-05,0,0.6619567,0.7450751,-1.416649,18.98954,2.266881E-05,0,0.6122146,0.8478736,-1.421595,7.703139,29.67834,-7.04378,0.6126493,0.8008263,-1.431364,21.03181,-10.82946,-2.531727,0.6265921,0.7683798,-1.434274,30.22593,3.025473E-05,0,0.6444006,0.7552393,-1.43678,20.17674,2.041947E-05,0,1.229855,1.343321,-1.105029,39.68143,-12.26547,79.36302,1.200974,1.347049,-1.078339,21.18123,27.45014,-10.12776,1.193536,1.344926,-1.049372,12.47391,-5.319105E-07,0,1.234298,1.33456,-1.0964,0,-14.88069,1.249918,1.222585,1.359894,-1.049074,14.868,27.74628,5.478223,1.213674,1.356998,-1.004376,15.12715,-3.503487E-05,0,1.202904,1.350607,-0.9792246,10.08803,-2.312365E-05,0,1.238692,1.325753,-1.092382,0,-1.560572E-05,0,1.232978,1.339021,-1.040851,11.18697,12.43407,4.046269,1.224536,1.337531,-0.9947575,24.74817,0.000161164,0,1.208816,1.329628,-0.9693269,16.5131,0.0001041174,0,1.243385,1.316295,-1.08968,3.069245,14.87367,-2.900701,1.241359,1.316041,-1.038469,3.958591,2.28948,-5.90913,1.237592,1.312996,-0.9949456,27.93572,3.630733E-05,0,1.222945,1.307147,-0.9715173,18.64442,1.930486E-05,0,1.247674,1.307576,-1.089602,7.703165,29.67841,-7.043752,1.248426,1.294844,-1.043273,5.624935,-7.251315,-22.51982,1.244108,1.288316,-1.008713,28.79576,1.470238E-05,0,1.231084,1.285186,-0.9909182,19.21974,1.146669E-05,0
2100,0.8825853,0.9271902,-1.43957,0.6106976,0.722917,0.6119779,0.8753699,1.28749,-1.479004,-0.6954879,1.569537,1.472995,0.8685881,1.59598,-1.467439,8.290506,-1.613662,1.676431,0.8025115,0.926189,-1.438703,0.03426402,0.7339939,-1.520585,0.8024321,0.4990981,-1.433831,7.806855,-0.01117881,0,0.7996548,0.0743244,-1.487081,7.339572,-0.1848995,-7.976342,0.9626591,0.9281914,-1.440436,-3.888819,-2.954605,2.084783,0.9457067,0.5020931,-1.464587,0.02797646,0.01136772,0,0.9294056,0.0749974,-1.489071,3.501572,-2.785846,-6.792809,0.8029317,1.408275,-1.456822,-14.28728,0.8370362,0.6227542,0.6731769,1.407023,-1.486352,-4.722441,13.23039,-41.9148,0.6289148,1.152898,-1.479141,13.01968,-6.309978E-05,-13.62981,0.9420441,1.41213,-1.460355,-17.09591,5.051704,2.198201,1.067336,1.427796,-1.502382,22.93338,31.82768,-28.75911,1.247068,1.271917,-1.402438,72.70518,-0.0001101399,-21.7159,0.6126348,0.8764082,-1.415646,4.114612,-7.345742,0.2646699,1.240368,1.305229,-1.120323,1.658828,-8.673466,0.1251145,0.6229094,0.865648,-1.384323,44.14899,-13.86459,93.55709,0.6525478,0.8412804,-1.374934,15.37907,37.4022,-9.48475,0.6570836,0.8130689,-1.365853,8.109683,-1.849006E-05,0,0.6196767,0.8565167,-1.393105,0,-14.88064,1.249762,0.6264908,0.8108087,-1.363387,31.31147,22.57874,-9.332793,0.6465235,0.7697821,-1.364474,23.10048,1.417101E-05,0,0.6668597,0.7510787,-1.369578,15.41195,1.38679E-05,0,0.6165901,0.8519836,-1.402211,0,-4.645169E-06,0,0.6192214,0.8013613,-1.385048,32.75881,12.77717,-5.851964,0.641609,0.7603983,-1.389402,28.7364,1.568061E-05,0,0.6666477,0.743837,-1.396822,19.18003,1.288278E-05,0,0.6133323,0.8487236,-1.412088,3.069245,14.87364,-2.900701,0.6143737,0.7975852,-1.408844,30.12623,0.1892771,-4.784709,0.6362923,0.7598435,-1.412431,28.43106,2.023709E-05,0,0.6600581,0.7452524,-1.416895,18.97576,1.096347E-05,0,0.6104135,0.8481266,-1.421336,7.703165,29.67835,-7.043752,0.6106945,0.8010829,-1.431128,21.00897,-10.82731,-2.585583,0.6245534,0.7686136,-1.43418,30.27757,8.104985E-05,0,0.642328,0.7554592,-1.436849,20.21128,5.520142E-05,0,1.225291,1.333778,-1.107671,39.71614,-12.25207,79.243,1.196174,1.337275,-1.081206,20.92643,27.71272,-10.08331,1.188533,1.334982,-1.052305,12.29465,1.797732E-07,0,1.229639,1.324916,-1.099096,0,-14.88066,1.250075,1.217571,1.349783,-1.051611,14.83158,27.70359,5.534633,1.208266,1.346484,-1.007021,15.69891,-4.19054E-05,0,1.197081,1.33971,-0.982153,10.46956,-3.699601E-05,0,1.233978,1.316058,-1.095133,0,1.960398E-06,0,1.227845,1.328801,-1.043517,11.2273,12.43676,3.962151,1.218973,1.326832,-0.9975222,25.45035,0.0001369265,0,1.202739,1.318527,-0.9725466,16.98246,9.229855E-05,0,1.238626,1.306561,-1.092489,3.069245,14.87368,-2.900701,1.236154,1.305778,-1.041302,3.957552,2.18011,-5.831933,1.231968,1.302364,-0.9978451,28.47773,4.281653E-05,0,1.216881,1.296268,-0.9747612,19.00698,2.718933E-05,0,1.242894,1.297832,-1.092465,7.703139,29.67841,-7.04378,1.243215,1.284616,-1.046267,5.601122,-7.285905,-22.39447,1.238588,1.277762,-1.01181,29.25296,-2.007877E-05,0,1.225262,1.27449,-0.9942657,19.52564,-3.313353E-05,0
2133,0.8828526,0.927121,-1.439012,0.6587883,0.7753213,0.6084505,0.8755149,1.287385,-1.478323,-0.8079404,1.543987,1.434496,0.8690783,1.595861,-1.466206,8.237187,-1.838426,1.650905,0.8027797,0.9260473,-1.438149,0.06255726,0.795494,-1.556957,0.802635,0.4989636,-1.432685,8.038758,-0.009353607,0,0.7996817,0.07433379,-1.487061,7.485455,-0.1897929,-8.009007,0.9629255,0.9281948,-1.439875,-3.982363,-3.024245,2.094243,0.9458376,0.502121,-1.464359,0.02797646,0.01017456,0,0.9293973,0.07504317,-1.489061,3.529752,-2.814013,-6.797196,0.8031168,1.408158,-1.45595,-14.35549,0.770489,0.5574291,0.6734185,1.406872,-1.485725,-4.323637,13.08717,-40.943,0.629059,1.152756,-1.478788,13.0986,-5.184145E-05,-12.33916,0.9422332,1.411956,-1.459383,-17.08169,4.920595,2.1346,1.067604,1.427347,-1.501276,21.35249,31.24801,-28.57349,1.244031,1.264603,-1.406521,73.59713,-0.0001075882,-20.89401,0.6118059,0.8764711,-1.414662,4.297329,-7.27351,0.272681,1.235449,1.292626,-1.123883,1.660597,-8.581518,0.1251145,0.6221835,0.8656915,-1.383379,44.15286,-13.87953,93.56552,0.6518196,0.8412797,-1.374099,15.41063,37.37593,-9.499184,0.6563542,0.8130589,-1.365047,8.129027,-2.004966E-05,0,0.6189013,0.8565663,-1.392149,0,-14.88065,1.250075,0.6257529,0.810845,-1.362461,31.29324,22.57022,-9.339993,0.6457052,0.769781,-1.363614,23.1548,-3.947471E-05,0,0.6660038,0.7510587,-1.368798,15.44824,-3.205849E-05,0,0.6157718,0.852039,-1.401244,0,-1.170863E-05,0,0.6183836,0.8014112,-1.384094,32.72988,12.77357,-5.87463,0.640668,0.7604002,-1.388525,28.83339,-1.086226E-05,0,0.6656713,0.7438292,-1.396041,19.24492,-1.061905E-05,0,0.6124701,0.8487852,-1.411108,3.069245,14.87365,-2.900633,0.6134374,0.7976449,-1.407871,30.11555,0.1887259,-4.793096,0.6352713,0.7598622,-1.411543,28.45696,-4.716086E-07,0,0.6589991,0.7452377,-1.416098,18.99309,-8.684007E-06,0,0.6095146,0.8481937,-1.420345,7.703165,29.67836,-7.043752,0.6096779,0.8011502,-1.430141,21.00207,-10.83793,-2.611645,0.6234671,0.7686558,-1.433241,30.28531,7.603862E-05,0,0.6412103,0.7554715,-1.435971,20.21646,4.400578E-05,0,1.220483,1.321017,-1.110752,39.73539,-12.25765,79.20792,1.191202,1.324177,-1.084426,20.80347,27.9813,-10.10729,1.183437,1.321445,-1.055597,12.1918,3.99824E-06,0,1.224711,1.311953,-1.102331,0,-14.8807,1.249918,1.212491,1.335932,-1.05443,14.56692,27.65143,6.050743,1.202987,1.331928,-1.00994,17.38828,-1.3939E-05,0,1.191145,1.324287,-0.9856341,11.59717,-1.761353E-05,0,1.228962,1.302985,-1.09852,0,-2.276499E-05,0,1.222565,1.314718,-1.046698,11.16807,12.43202,3.983494,1.213403,1.311901,-1.000803,26.99232,0.0003084382,0,1.196419,1.302846,-0.9766,18.01345,0.0002086761,0,1.233526,1.293404,-1.096039,3.069245,14.87367,-2.900768,1.230699,1.291597,-1.044897,3.746902,2.062118,-5.695674,1.226302,1.287474,-1.001522,29.94849,-7.5922E-06,0,1.210521,1.280908,-0.9790396,19.99105,-1.349322E-05,0,1.237733,1.284647,-1.096165,7.703191,29.67841,-7.043752,1.237647,1.27049,-1.050245,5.573236,-7.362295,-22.28708,1.232737,1.263019,-1.015957,29.75955,-1.853642E-05,0,1.219112,1.259521,-0.9986877,19.86462,-2.458761E-05,0
2167,0.8831259,0.9270272,-1.438353,0.6968932,0.8266533,0.5274898,0.8756552,1.28726,-1.477591,-0.8882338,1.543949,1.331486,0.8693908,1.595725,-1.46509,8.185325,-2.03724,1.696044,0.8030529,0.9258809,-1.437601,0.1235407,0.8616327,-1.598019,0.8028011,0.4988071,-1.431415,8.305579,-0.008079426,-0.02797646,0.7997014,0.07434154,-1.48705,7.650194,-0.1894351,-7.971664,0.9631989,0.9281735,-1.439105,-4.067845,-3.09924,2.129,0.9459689,0.5021272,-1.463964,0,0.008888834,0,0.9293763,0.07507744,-1.489047,3.572538,-2.849493,-6.849769,0.8032202,1.408003,-1.455173,-14.46225,0.718667,0.5120549,0.6736335,1.406649,-1.485428,-4.065968,13.0126,-40.39997,0.6292814,1.152526,-1.478714,13.32581,-6.25625E-05,-11.64354,0.9423426,1.411802,-1.45835,-17.07313,4.791935,2.042485,1.067828,1.426953,-1.49999,18.91423,30.66704,-28.59434,1.240019,1.255708,-1.412722,74.34657,-0.0001104281,-20.63558,0.6118328,0.8765173,-1.41346,4.298468,-7.058039,0.2654082,1.22939,1.273892,-1.129351,1.625821,-8.615592,0.1219466,0.6221587,0.8657381,-1.382161,44.16166,-13.89695,93.56433,0.6517514,0.8412941,-1.372827,15.46956,37.36436,-9.534175,0.6562347,0.8130653,-1.363773,8.161135,-2.125472E-06,0,0.6188719,0.8566134,-1.39093,0,-14.88064,1.249762,0.6256185,0.8108972,-1.361209,31.27353,22.56342,-9.382823,0.6454993,0.769797,-1.362306,23.22278,-7.220912E-05,0,0.665794,0.7510605,-1.367454,15.49366,-5.735076E-05,0,0.6157453,0.8520862,-1.400026,0,-6.749189E-06,0,0.6182584,0.8014635,-1.382846,32.71391,12.76654,-5.883666,0.6404756,0.76041,-1.387219,28.88475,-1.348487E-05,0,0.6654732,0.7438127,-1.394697,19.27929,-2.643883E-05,0,0.6124496,0.8488322,-1.409891,3.069309,14.87364,-2.900768,0.6133327,0.7976922,-1.406626,30.10298,0.188645,-4.800936,0.6351032,0.7598685,-1.410251,28.49034,-2.998318E-05,0,0.6588188,0.745213,-1.41477,19.01541,-3.1773E-05,0,0.6095033,0.8482405,-1.419132,7.703191,29.67835,-7.043752,0.6096035,0.8011916,-1.428902,20.97083,-10.84283,-2.637747,0.6233281,0.7686663,-1.431964,30.35699,0.0001645528,0,0.6410638,0.7554652,-1.434662,20.26446,0.0001023819,0,1.214889,1.302116,-1.115365,39.78761,-12.25166,79.13781,1.185423,1.304951,-1.089209,20.60577,28.50495,-10.17266,1.177527,1.301534,-1.060488,12.01578,-1.445715E-06,0,1.218856,1.292681,-1.107229,0,-14.88068,1.250075,1.206698,1.315238,-1.058626,14.3237,27.524,6.624659,1.196803,1.310071,-1.014342,20.02225,-5.659776E-05,0,1.183844,1.301183,-0.9910507,13.35572,-4.554919E-05,0,1.222888,1.283501,-1.103697,0,-1.134243E-05,0,1.216267,1.293565,-1.051553,11.14258,12.42431,3.953492,1.206655,1.289369,-1.005857,29.83975,0.0002045751,0,1.188297,1.279237,-0.983128,19.91828,0.000135054,0,1.227234,1.273747,-1.101513,3.069309,14.87368,-2.900633,1.223912,1.270232,-1.05049,3.405708,1.909709,-5.533252,1.219238,1.264908,-1.007275,32.81101,2.563407E-05,0,1.20217,1.257717,-0.9859537,21.90744,1.449219E-05,0,1.231262,1.264914,-1.101909,7.703165,29.67841,-7.04378,1.230476,1.249184,-1.05651,5.411822,-7.476177,-22.0455,1.225175,1.240729,-1.02251,30.73665,-5.998118E-06,0,1.211064,1.236986,-1.005688,20.51859,-1.504659E-05,0
2200,0.8833445,0.9269274,-1.437685,0.711069,0.8679653,0.3722032,0.8757315,1.287146,-1.47687,-0.9280951,1.580506,1.205122,0.8694112,1.595601,-1.464178,8.159065,-2.206507,1.753904,0.8032706,0.9257209,-1.43715,0.2065338,0.91995,-1.648889,0.8028934,0.4986579,-1.430261,8.572468,-0.01598906,0,0.7997735,0.07436305,-1.487183,7.821875,-0.1914481,-7.870208,0.9634184,0.928134,-1.43822,-4.132233,-3.167074,2.184536,0.946068,0.502118,-1.463512,0,0.008885129,0,0.9293551,0.07509857,-1.489027,3.615793,-2.888857,-6.953107,0.8031739,1.407828,-1.454522,-14.57655,0.6861525,0.4821389,0.6737177,1.406349,-1.485325,-3.917067,13.00134,-40.25686,0.6294795,1.152207,-1.478609,13.61046,-6.029997E-05,-11.51581,0.9423009,1.411714,-1.457388,-17.05569,4.615875,1.861935,1.067924,1.426565,-1.498716,15.81017,30.14905,-29.02983,1.234991,1.246044,-1.420668,74.61909,-0.0001096229,-20.52761,0.6124414,0.8765123,-1.411934,4.165182,-6.757267,0.2454926,1.22222,1.24921,-1.136819,1.726804,-8.455672,0.1266688,0.6226026,0.8657538,-1.380574,44.16983,-13.91361,93.56062,0.6521249,0.8412927,-1.371063,15.53409,37.38361,-9.579347,0.6565171,0.813061,-1.361974,8.192757,-7.64575E-06,0,0.6193471,0.8566237,-1.389349,0,-14.88064,1.249762,0.6258941,0.8109308,-1.359548,31.28295,22.55904,-9.367791,0.6457369,0.7698088,-1.360506,23.18196,-4.889084E-06,0,0.6660236,0.7510307,-1.365532,15.46638,-3.524143E-06,0,0.6162592,0.8520907,-1.398455,0,-3.857113E-06,0,0.6186274,0.8014832,-1.38121,32.70174,12.76679,-5.840297,0.6408079,0.7603936,-1.385428,28.92362,1.548602E-05,0,0.6658248,0.7437696,-1.392781,19.30527,1.664634E-05,0,0.6130072,0.8488303,-1.408333,3.069309,14.87364,-2.900768,0.6138123,0.7976928,-1.40501,30.08998,0.187195,-4.807094,0.635546,0.759834,-1.408485,28.5279,2.446762E-05,0,0.659272,0.7451555,-1.412874,19.04055,2.006713E-05,0,0.610105,0.8482323,-1.417587,7.703191,29.67835,-7.043725,0.6101951,0.801173,-1.427307,20.95739,-10.84229,-2.616063,0.6238874,0.7686247,-1.430268,30.38846,0.0001411492,0,0.6416234,0.7554052,-1.43287,20.2855,8.493615E-05,0,1.208271,1.27694,-1.12136,39.79585,-12.24574,79.05517,1.178629,1.278999,-1.095332,20.35604,28.96674,-10.18663,1.170543,1.274302,-1.066845,11.81742,-2.376933E-06,0,1.21193,1.26696,-1.113745,0,-14.88067,1.249762,1.199853,1.287001,-1.064033,14.71761,27.29248,6.683075,1.189083,1.279586,-1.020276,21.9975,-1.684098E-05,0,1.174931,1.269226,-0.9983249,14.67506,9.851423E-07,0,1.215705,1.257497,-1.110712,0,-6.152364E-06,0,1.208826,1.26473,-1.058134,11.82523,12.51353,3.635827,1.198227,1.257884,-1.012979,33.08886,5.294527E-06,0,1.178117,1.24627,-0.9925592,22.09354,-1.083053E-05,0,1.219792,1.24753,-1.109055,3.069309,14.87368,-2.900633,1.215893,1.241193,-1.058346,3.571058,1.790962,-5.335167,1.210524,1.23357,-1.015558,36.67419,1.286785E-05,0,1.191663,1.22537,-0.9962023,24.49623,1.861922E-06,0,1.223609,1.238637,-1.109922,7.703165,29.67841,-7.04378,1.222003,1.220366,-1.065507,5.141938,-7.621479,-21.62667,1.216298,1.210245,-1.032031,32.64928,4.528792E-06,0,1.201435,1.206041,-1.015984,21.79912,-7.408698E-07,0
2233,0.8836755,0.9268327,-1.436767,0.7027649,0.8941451,0.1519511,0.8759776,1.287055,-1.475938,-0.9228091,1.632269,1.088944,0.8694633,1.595504,-1.463261,8.168733,-2.313455,1.788379,0.8036008,0.9255857,-1.436537,0.2676108,0.9747971,-1.722492,0.803005,0.4985291,-1.429282,8.737049,-0.007477226,0,0.7997278,0.07435137,-1.487061,7.939662,-0.1639961,-7.733552,0.9637502,0.9280797,-1.436997,-4.185211,-3.232297,2.254899,0.9462239,0.5021035,-1.462833,0.02797646,0.009118726,0,0.9293315,0.07513133,-1.489012,3.686474,-2.943751,-7.100809,0.8032696,1.407674,-1.453742,-14.69164,0.6769058,0.4605518,0.6739409,1.406066,-1.485069,-3.826229,12.98919,-40.41423,0.6299763,1.151882,-1.478114,13.89367,-6.356236E-05,-11.44164,0.9423985,1.411681,-1.456324,-17.00719,4.360426,1.558967,1.068189,1.426049,-1.497313,12.22618,29.86307,-30.11996,1.229571,1.236508,-1.429338,73.96937,-8.665396E-05,-20.42159,0.6138291,0.8765031,-1.409932,3.991009,-6.472517,0.2264194,1.21467,1.21855,-1.146145,2.248641,-7.954187,0.1545051,0.6239619,0.8657824,-1.378549,44.18292,-13.92853,93.57675,0.6534591,0.841314,-1.36898,15.63381,37.43899,-9.654716,0.6577815,0.8130811,-1.359861,8.238666,-2.033172E-05,0,0.6207008,0.8566422,-1.387312,0,-14.88064,1.249918,0.6271815,0.8109888,-1.357436,31.32719,22.55264,-9.347797,0.647006,0.7698566,-1.358333,22.98975,-1.07879E-05,0,0.6672285,0.7509934,-1.363299,15.33794,-1.863752E-05,0,0.6176126,0.8520984,-1.396412,0,-3.073696E-06,0,0.6199156,0.8015154,-1.379087,32.71566,12.77671,-5.789465,0.6420579,0.7603987,-1.383241,28.85088,-1.099383E-05,0,0.667038,0.7437065,-1.390565,19.25661,-1.937465E-05,0,0.6143622,0.8488262,-1.406287,3.069181,14.87364,-2.900768,0.6151088,0.7976931,-1.402883,30.07566,0.1912559,-4.787493,0.6367924,0.7597991,-1.406289,28.5716,-5.677994E-06,0,0.6605105,0.7450995,-1.410649,19.06977,-3.739795E-06,0,0.6114641,0.848217,-1.415542,7.703165,29.67835,-7.043725,0.6115071,0.8011424,-1.425188,20.94674,-10.81362,-2.621221,0.625156,0.7685722,-1.428107,30.41418,-4.532565E-05,0,0.642881,0.7553336,-1.430689,20.30274,-5.003887E-05,0,1.201101,1.245132,-1.128487,39.7384,-12.25284,78.93457,1.171196,1.245587,-1.102683,20.03638,29.2541,-10.10501,1.162746,1.238772,-1.074735,11.60015,-8.954747E-06,0,1.204452,1.234452,-1.12173,0,-14.8807,1.250075,1.19215,1.250363,-1.070599,15.82499,27.03834,6.237594,1.179912,1.239243,-1.028029,22.69991,-4.437493E-05,0,1.16468,1.227126,-1.007766,15.14429,-3.87045E-05,0,1.20799,1.224681,-1.11949,0,-2.349219E-05,0,1.200582,1.227474,-1.066561,13.91564,12.78653,2.929041,1.187897,1.216162,-1.022866,34.82097,3.565938E-05,0,1.166143,1.202829,-1.005394,23.25399,1.964847E-05,0,1.211848,1.214522,-1.11866,3.069309,14.87367,-2.900768,1.207161,1.203895,-1.068742,5.517788,1.793727,-5.40733,1.199705,1.192262,-1.027187,38.68092,-2.618407E-05,0,1.179163,1.182745,-1.010303,25.84223,-4.225388E-05,0,1.215491,1.205656,-1.120256,7.703191,29.67841,-7.043725,1.212931,1.183641,-1.07762,5.554673,-7.962525,-21.17744,1.206283,1.170916,-1.045223,33.995,1.560215E-05,0,1.19061,1.165853,-1.030229,22.70053,2.317795E-05,0
2267,0.8840812,0.9267502,-1.43558,0.680988,0.901975,-0.08392937,0.8763936,1.286987,-1.474766,-0.8871316,1.678748,1.001124,0.8696541,1.595437,-1.46225,8.199512,-2.352218,1.789363,0.8040065,0.9254882,-1.435685,0.2825486,1.018349,-1.8165,0.8031358,0.4984307,-1.428514,8.830041,-0.007811069,-0.02797646,0.7997339,0.07436067,-1.487072,8.047691,-0.1412297,-7.595072,0.9641559,0.9280123,-1.435475,-4.259379,-3.288112,2.329442,0.9464023,0.5020955,-1.462123,0,0.009651414,0,0.9292918,0.07517484,-1.488991,3.758121,-3.006148,-7.261257,0.8035566,1.407562,-1.452753,-14.80103,0.6678628,0.4392403,0.6743382,1.405818,-1.484525,-3.79741,12.99549,-40.84654,0.6307464,1.151583,-1.477144,14.14034,-4.258251E-05,-10.96148,0.9426862,1.411677,-1.455122,-16.91384,4.033506,1.133669,1.06867,1.425364,-1.49575,8.619422,29.69723,-31.88195,1.223712,1.227567,-1.437195,71.89077,-9.699204E-05,-20.01393,0.6158405,0.8764783,-1.407584,3.853258,-6.306543,0.2121421,1.207496,1.182544,-1.157101,3.776572,-7.06499,0.23239,0.6263304,0.8658097,-1.376301,44.19204,-13.94521,93.62928,0.6559036,0.8413205,-1.367024,15.75993,37.51295,-9.751228,0.6602373,0.8130901,-1.357903,8.296187,-1.197308E-05,0,0.6229488,0.8566558,-1.385003,0,-14.88064,1.250075,0.6297088,0.8110578,-1.355105,31.36465,22.55196,-9.295149,0.649471,0.7698995,-1.356162,22.76886,-2.579297E-05,0,0.6695409,0.7509216,-1.361306,15.19037,-1.956342E-05,0,0.6197439,0.8520972,-1.394056,0,-8.267397E-06,0,0.6221675,0.8015489,-1.376646,32.75985,12.79143,-5.772614,0.6442098,0.7603991,-1.380999,28.64434,1.686525E-05,0,0.6690227,0.7435713,-1.388576,19.11844,2.650258E-06,0,0.6163697,0.8488086,-1.403883,3.069245,14.87364,-2.900633,0.6170691,0.7976819,-1.400374,30.06522,0.1984341,-4.749658,0.638637,0.7597384,-1.403957,28.59328,7.907162E-06,0,0.662276,0.7449919,-1.40858,19.08429,1.474493E-05,0,0.6133599,0.8481839,-1.413101,7.703165,29.67835,-7.043752,0.6132061,0.801088,-1.422642,20.94102,-10.76273,-2.634034,0.6267547,0.7684869,-1.425682,30.43005,0.0001525745,0,0.6444246,0.7552148,-1.42846,20.31335,0.0001059896,0,1.193794,1.206988,-1.136675,39.65552,-12.28386,78.76715,1.163332,1.204766,-1.111625,19.64767,29.51444,-9.975394,1.154244,1.194929,-1.0848,11.3472,-4.618137E-06,0,1.196877,1.195531,-1.13118,0,-14.88069,1.249762,1.18355,1.205348,-1.078788,17.23953,26.8715,5.624029,1.169324,1.189081,-1.038556,22.34306,2.533301E-05,0,1.153172,1.174792,-1.020546,14.90589,2.927065E-05,0,1.20026,1.185517,-1.130055,0,-1.939608E-05,0,1.191649,1.182032,-1.077349,17.07579,13.21285,2.017321,1.175836,1.164651,-1.036778,33.82934,1.349979E-05,0,1.152999,1.149452,-1.022505,22.58956,4.312667E-06,0,1.203992,1.175282,-1.130369,3.069181,14.87367,-2.900768,1.198033,1.158802,-1.082206,8.941911,1.931244,-5.788382,1.187138,1.141639,-1.043419,37.79326,1.135114E-05,0,1.165391,1.130488,-1.029264,25.24672,1.990755E-05,0,1.20758,1.166625,-1.132939,7.703139,29.67841,-7.043752,1.203799,1.139686,-1.093328,6.998127,-8.43924,-20.82994,1.195358,1.123366,-1.063029,33.83033,-2.176442E-05,0,1.17893,1.116903,-1.049448,22.59024,-4.365636E-05,0
2300,0.8845688,0.9266902,-1.434283,0.651921,0.8913628,-0.2947506,0.8770118,1.286949,-1.473513,-0.8313365,1.69747,0.9493572,0.8701326,1.595405,-1.46126,8.23633,-2.316633,1.750666,0.8044947,0.9254397,-1.434681,0.2390311,1.047611,-1.910903,0.8033209,0.4983738,-1.428071,8.815479,-0.008247169,-0.01978234,0.7997559,0.07436812,-1.487083,8.109974,-0.1213271,-7.488049,0.9646428,0.9279406,-1.433884,-4.300063,-3.326901,2.406396,0.9466386,0.5020727,-1.461138,0.06255726,0.01030104,0,0.9292684,0.07522446,-1.488973,3.870042,-3.066905,-7.390403,0.8041172,1.407522,-1.45168,-14.89588,0.6667901,0.4068635,0.6749813,1.40571,-1.483781,-3.848936,13.00094,-41.48052,0.6318108,1.151413,-1.47606,14.34643,-5.652659E-05,-9.335425,0.9432476,1.411679,-1.453926,-16.7902,3.638009,0.6746368,1.069437,1.424452,-1.494211,4.322822,29.55866,-34.41356,1.216359,1.217755,-1.446453,68.54854,-0.0001091227,-18.85209,0.6183836,0.8764772,-1.405538,3.868271,-6.389012,0.2148914,1.198281,1.138046,-1.174309,5.923377,-5.498715,0.2846186,0.6299817,0.8658627,-1.37463,44.18018,-13.96145,93.74221,0.6597941,0.8413029,-1.36636,15.90884,37.4877,-9.84079,0.6643526,0.8130772,-1.357335,8.376698,-6.733322E-06,0,0.6262534,0.8566954,-1.383175,0,-14.88064,1.250075,0.6339615,0.8111601,-1.353411,31.3925,22.53343,-9.235271,0.6535628,0.7699448,-1.355072,22.50047,-3.451307E-05,0,0.673299,0.750801,-1.360853,15.01107,-3.227495E-05,0,0.6227035,0.8521217,-1.392091,0,-7.032776E-06,0,0.6256036,0.8016152,-1.374632,32.80371,12.79727,-5.700455,0.6473639,0.7603961,-1.379691,28.40343,-1.77038E-05,0,0.6717662,0.7433735,-1.388119,18.95727,-2.738554E-05,0,0.61896,0.8488166,-1.401778,3.069245,14.87364,-2.900701,0.6196244,0.797698,-1.398146,30.06913,0.2123871,-4.67307,0.6409239,0.7596742,-1.402417,28.56446,5.054375E-06,0,0.6643175,0.7448251,-1.407884,19.065,-6.561255E-06,0,0.6156116,0.8481756,-1.410877,7.703191,29.67835,-7.043752,0.6149569,0.8010537,-1.420266,21.01634,-10.7188,-2.663666,0.6283162,0.7684178,-1.423741,30.24013,-0.0003170745,0,0.6458011,0.7550432,-1.427131,20.18623,-0.0002259875,0,1.183842,1.158864,-1.150631,39.52278,-12.32335,78.40897,1.152632,1.15269,-1.127217,18.99926,29.55079,-9.637657,1.142649,1.138839,-1.102571,10.97203,-1.225361E-05,0,1.186779,1.146658,-1.146979,0,-14.88068,1.249762,1.171718,1.147832,-1.094153,18.48363,26.82302,5.077905,1.155523,1.125013,-1.058061,21.5909,7.210123E-06,0,1.138704,1.108036,-1.043283,14.4034,6.740822E-06,0,1.190156,1.136586,-1.147391,0,-1.442193E-05,0,1.179839,1.124575,-1.09627,19.67474,13.57382,1.236222,1.161216,1.100164,-1.060838,31.87563,9.18404E-05,0,1.137863,1.082853,-1.050291,21.28107,5.556801E-05,0,1.193929,1.126531,-1.149248,3.069245,14.87367,-2.900768,1.186452,1.102434,-1.104637,12.13838,2.088931,-6.356225,1.172234,1.078729,-1.070671,35.47253,2.14876E-05,0,1.149858,1.065527,-1.059597,23.69066,1.80443E-05,0,1.197626,1.118402,-1.153076,7.703165,29.67841,-7.04378,1.192638,1.085374,-1.118531,8.987474,-8.954679,-20.66961,1.182061,1.064507,-1.091917,32.35627,-4.530978E-06,0,1.165079,1.056027,-1.080264,21.60291,-9.219257E-06,0
2333,0.8851027,0.9266604,-1.432939,0.615485,0.8632054,-0.4297835,0.8777402,1.286949,-1.472208,-0.7661725,1.697456,0.9253501,0.870791,1.595414,-1.460263,8.280529,-2.242796,1.670818,0.8050293,0.9254475,-1.433527,0.132704,1.059667,-1.982976,0.8035576,0.4983672,-1.427996,8.681952,-0.008098635,0,0.7997922,0.07437527,-1.487095,8.120546,-0.1082819,-7.432603,0.9651761,0.9278732,-1.432351,-4.358917,-3.345353,2.475595,0.9469036,0.5020664,-1.460371,0.06255726,0.01103919,0,0.9292707,0.07527944,-1.488969,3.962744,-3.114886,-7.45451,0.8048372,1.407547,-1.450541,-15.00934,0.6639054,0.3700944,0.6757786,1.405698,-1.48295,-4.046221,13.1066,-42.49092,0.6329169,1.151357,-1.474936,14.48904,-6.053735E-05,-7.146166,0.9439685,1.4117,-1.452735,-16.61062,3.213082,0.2564087,1.070386,1.423443,-1.492616,0.289391,29.36577,-37.29309,1.208359,1.208747,-1.454408,64.08121,-0.0001213046,-17.60174,0.6211286,0.8764482,-1.404019,3.949974,-6.649599,0.2289973,1.188739,1.092897,-1.195686,8.931512,-3.099124,0.2422834,0.6343142,0.8658589,-1.373746,44.1678,-13.96496,93.82748,0.6644071,0.8411739,-1.367006,15.96156,37.43761,-9.863443,0.6693193,0.812952,-1.358155,8.409921,-3.410444E-06,0,0.6300914,0.8566872,-1.382053,0,-14.88065,1.249762,0.6391689,0.8111933,-1.352613,31.389,22.48627,-9.160449,0.6584812,0.7698876,-1.355171,22.29291,-8.552051E-06,0,0.6777385,0.7505648,-1.361895,14.87239,-9.750562E-06,0,0.6260483,0.8521074,-1.390752,0,-8.974823E-06,0,0.629643,0.8016333,-1.373329,32.8296,12.77667,-5.632803,0.6509328,0.7603086,-1.379423,28.17921,-1.52301E-05,0,0.6747149,0.7430582,-1.389072,18.80727,-1.897383E-05,0,0.6217764,0.848795,-1.400216,3.069309,14.87364,-2.900633,0.6223961,0.7976835,-1.396478,30.09386,0.2073217,-4.588298,0.6432756,0.7595562,-1.401777,28.45084,3.244778E-06,0,0.6662464,0.7445431,-1.408455,18.98899,-8.296347E-06,0,0.6179429,0.8481464,-1.409121,7.703191,29.67835,-7.043752,0.6165673,0.8010038,-1.418327,21.07166,-10.73141,-2.677372,0.6296013,0.768308,-1.422417,30.08276,-0.00349476,0,0.6467953,0.7548087,-1.426687,20.0809,-0.00246513,0,1.173114,1.108791,-1.169121,39.46254,-12.4166,77.82064,1.14099,1.098299,-1.148667,18.25397,29.9038,-9.337805,1.130091,1.080178,-1.127412,10.50714,-9.854582E-06,0,1.175997,1.096113,-1.167746,0,-14.88068,1.249762,1.158666,1.087145,-1.116384,19.44746,26.94904,4.43809,1.140671,1.057622,-1.086546,20.07144,5.252843E-06,0,1.123538,1.038138,-1.075765,13.38859,-1.604812E-05,0,1.179475,1.086307,-1.169928,0,-9.70086E-06,0,1.167071,1.064726,-1.122552,21.23931,13.98755,0.5851721,1.146357,1.033615,-1.094247,29.96936,-2.335347E-05,0,1.122861,1.014469,-1.088112,20.00503,-2.19406E-05,0,1.183411,1.076795,-1.173506,3.069181,14.87367,-2.900701,1.17423,1.044598,-1.134702,14.16416,2.433906,-6.906177,1.15756,1.014575,-1.107527,33.37832,-1.206453E-05,0,1.134903,0.9993901,-1.100196,22.28743,-1.503331E-05,0,1.18734,1.06955,-1.178653,7.703139,29.67841,-7.043752,1.181156,1.030516,-1.151318,10.87288,-9.325325,-20.61177,1.168533,1.005122,-1.130071,30.18094,5.301307E-06,0,1.151212,0.9944577,-1.120996,20.14663,-8.442963E-08,0
2367,0.8857607,0.9266495,-1.431617,0.5743721,0.8285391,-0.464781,0.8786352,1.286972,-1.470909,-0.7008132,1.664995,0.9257729,0.8717525,1.59545,-1.459276,8.323292,-2.123639,1.549145,0.805687,0.925485,-1.432255,0,1.070945,-2.021876,0.8038812,0.49839,-1.428141,8.471784,-0.00934934,-0.02797646,0.7998281,0.07438007,-1.487091,8.098564,-0.09697423,-7.442497,0.9658344,0.9278139,-1.430979,-4.432659,-3.359451,2.526387,0.9472231,0.50208,-1.459869,0,0.01165369,0,0.9292688,0.07534051,-1.488972,4.031626,-3.156002,-7.437644,0.8058009,1.407636,-1.449379,-15.08915,0.6153666,0.329838,0.6767881,1.405714,-1.481965,-4.333546,13.22701,-43.35313,0.6342906,1.151309,-1.474041,14.62413,-6.492477E-05,-3.728094,0.9449345,1.411708,-1.451579,-16.39505,2.852771,-0.09065409,1.071575,1.422498,-1.491021,-2.830684,28.75371,-40.21316,1.199771,1.200711,-1.459925,58.65226,-0.0001052626,-15.8716,0.6240961,0.876331,-1.403146,4.280479,-7.090959,0.2646699,1.179911,1.050981,-1.21924,13.04168,-0.9703721,0.1101434,0.6394422,0.8657237,-1.373914,44.16093,-13.96823,93.89445,0.6698371,0.8409061,-1.369376,16.00814,37.40124,-9.88511,0.6752691,0.812675,-1.360865,8.438384,-7.825141E-06,0,0.6345731,0.85656,-1.381869,0,-14.88064,1.249918,0.6456011,0.8110666,-1.353102,31.36576,22.43222,-9.066009,0.6644984,0.7696707,-1.356969,22.14091,-3.114855E-05,0,0.6830783,0.7501931,-1.365021,14.77085,-2.768142E-05,0,0.6298749,0.8519866,-1.390237,0,-8.274383E-06,0,0.6345215,0.8015214,-1.373038,32.79167,12.74169,-5.543266,0.6551069,0.7600788,-1.38058,28.11345,1.53361E-05,0,0.6780033,0.7426591,-1.391919,18.76328,5.779046E-06,0,0.624898,0.8486806,-1.399351,3.069245,14.87364,-2.900701,0.6255597,0.7975722,-1.395579,30.10216,0.1724243,-4.575173,0.6458308,0.7593448,-1.402322,28.34249,-5.599345E-06,0,0.6681551,0.7441745,-1.410636,18.9165,-1.274351E-05,0,0.6204117,0.8480371,-1.407946,7.703191,29.67835,-7.043808,0.6181418,0.8008882,-1.416941,21.08183,-10.76575,-2.703347,0.6306995,0.7681277,-1.42191,30.02348,0.001666748,0,0.6474609,0.7545267,-1.427402,20.04126,0.001177294,0,1.162477,1.061454,-1.191154,39.34593,-12.57382,77.23921,1.129276,1.047314,-1.175086,17.60489,30.11017,-9.044701,1.117246,1.02559,-1.158286,10.11486,-2.197796E-05,0,1.165413,1.048746,-1.192071,0,-14.88067,1.249762,1.14501,1.030035,-1.144612,19.98184,27.22323,3.830219,1.125386,0.9951525,-1.122616,17.77361,0.0008784548,0,1.108293,0.9738068,-1.116166,11.85438,0.0006005435,0,1.169133,1.039545,-1.195879,0,-6.438488E-06,0,1.154039,1.009224,-1.154443,21.92875,14.55289,0.1266688,1.131803,0.9729792,-1.134694,27.46586,7.719047E-05,0,1.10868,0.9525033,-1.133169,18.33014,5.848557E-05,0,1.173393,1.0309,-1.200968,3.069245,14.87368,-2.900768,1.162172,0.9918175,-1.169769,15.1673,3.038075,-7.505508,1.143767,0.9569134,-1.150777,31.163,-1.076089E-05,0,1.12124,0.9401665,-1.147661,20.80396,-6.218165E-06,0,1.177718,1.024783,-1.207156,7.703165,29.67841,-7.04378,1.170283,0.9812071,-1.188316,12.2682,-9.493344,-20.80127,1.155893,0.9523738,-1.173578,27.70002,7.943547E-07,0,1.138433,0.9398546,-1.167704,18.48673,6.58919E-06,0
2400,0.8864293,0.9266511,-1.430534,0.5337587,0.788462,-0.4306931,0.8795844,1.287008,-1.469789,-0.6587883,1.606017,0.9346082,0.8728867,1.5955,-1.458378,8.326853,-1.977357,1.410143,0.8063543,0.9255435,-1.431126,-0.1570175,1.072532,-2.042773,0.8042458,0.498439,-1.428374,8.258018,-0.009514414,-0.01978234,0.7998753,0.07440004,-1.487092,8.064798,-0.08878056,-7.49944,0.9665042,0.9277587,-1.429942,-4.439723,-3.359717,2.561549,0.9475743,0.5020618,-1.459169,0.06255726,0.01195126,0,0.9292887,0.07538497,-1.488976,4.134175,-3.187852,-7.37246,0.8068776,1.407763,-1.448336,-15.17621,0.5747427,0.3006659,0.6779087,1.405859,-1.481097,-4.671645,13.37246,-44.35183,0.6356658,1.151406,-1.473366,14.77885,-6.400226E-05,-1.469936,0.946015,1.41169,-1.450562,-16.13333,2.46695,-0.416371,1.072904,1.421426,-1.489476,-5.173469,27.90395,-43.07526,1.190826,1.193346,-1.463699,52.65765,-0.0001098389,-13.63678,0.6271581,0.8763282,-1.402633,4.461376,-7.354253,0.2859903,1.171775,1.01323,-1.244751,16.92655,0.6926412,-0.1008706,0.6440858,0.8656715,-1.374307,44.15759,-13.97313,93.96172,0.6746075,0.8407567,-1.371472,16.08457,37.36663,-9.926244,0.6804178,0.8125051,-1.363286,8.482278,-1.498742E-05,0,0.6387488,0.8565236,-1.381974,0,-14.88064,1.249762,0.6512273,0.8109947,-1.353863,31.30712,22.38318,-8.958243,0.6697456,0.7695319,-1.358719,22.09905,-2.503002E-06,0,0.6877663,0.7499664,-1.367767,14.7429,-1.513087E-05,0,0.6335739,0.8519653,-1.390064,0,-4.587963E-06,0,0.6390162,0.8014853,-1.373145,32.73833,12.69296,-5.460954,0.659009,0.7599632,-1.381766,28.09036,-2.665683E-05,0,0.6811649,0.7424398,-1.394348,18.74784,-2.64189E-05,0,0.6280829,0.8486754,-1.398885,3.069245,14.87364,-2.900633,0.6287915,0.7975651,-1.395146,30.10476,0.1296585,-4.568789,0.6485469,0.759276,-1.402982,28.23806,-3.713694E-06,0,0.6703047,0.7439939,-1.412505,18.84666,-1.995986E-05,0,0.6231195,0.8480464,-1.407215,7.703139,29.67835,-7.043725,0.6201975,0.8009051,-1.416059,21.12756,-10.83166,-2.667191,0.6323909,0.7681143,-1.421691,29.85939,0.0001034591,0,0.6487532,0.7544233,-1.428089,19.93142,6.828061E-05,0,1.152361,1.018317,-1.216473,39.19149,-12.77367,76.83383,1.118454,1.001375,-1.205353,17.22375,30.21336,-8.866785,1.105713,0.9769785,-1.193462,9.886881,1.303038E-05,0,1.155577,1.006006,-1.219477,0,-14.88067,1.249918,1.132458,0.9788535,-1.177679,19.66214,27.47772,3.625581,1.112339,0.9403167,-1.163685,17.66818,0.000180209,0,1.095375,0.9179649,-1.16226,11.78397,0.000122368,0,1.159701,0.997672,-1.22463,0,-1.436258E-06,0,1.14248,0.9602308,-1.190487,21.5028,15.05961,-0.03426402,1.120114,0.9206014,-1.1792,27.1825,-1.754968E-05,0,1.097548,0.8997663,-1.182803,18.14063,-2.286068E-05,0,1.164438,0.990122,-1.230902,3.069309,14.87368,-2.900701,1.151905,0.945951,-1.20813,15.10111,3.661358,-7.83381,1.133198,0.9078419,-1.197383,30.72952,1.030134E-05,0,1.111023,0.8904148,-1.198857,20.51378,1.772279E-05,0,1.169266,0.9852579,-1.23779,7.703139,29.67841,-7.043752,1.161397,0.9389396,-1.227702,12.69411,-9.55062,-21.01009,1.146369,0.9079021,-1.21955,26.81693,2.014911E-05,0,1.128898,0.8942943,-1.217162,17.89616,2.418546E-05,0
2433,0.8868757,0.9266735,-1.429814,0.4877876,0.7703773,-0.360452,0.8802323,1.287067,-1.468921,-0.6510199,1.536986,0.9542912,0.8737519,1.595571,-1.457602,8.274005,-1.806947,1.266559,0.8067998,0.9255925,-1.430309,-0.2676108,1.078743,-2.055761,0.8045139,0.4984829,-1.428723,8.054495,-0.008710518,-0.01978234,0.7999136,0.07439789,-1.487089,8.013516,-0.09516326,-7.580848,0.9669517,0.9277545,-1.42932,-4.457071,-3.365484,2.56674,0.9478043,0.5020979,-1.458989,0.03426402,0.01111081,0,0.9293032,0.0754447,-1.489,4.172605,-3.205194,-7.300223,0.8076782,1.407912,-1.447459,-15.26602,0.4940709,0.2907402,0.6787503,1.405974,-1.480379,-5.035089,13.54751,-45.27144,0.636771,1.151469,-1.47296,14.94635,-6.162629E-05,-0.04845664,0.9468194,1.411671,-1.449735,-15.88699,2.181873,-0.7225344,1.073916,1.420587,-1.488164,-6.972826,27.03812,-46.28064,1.181884,1.187261,-1.465966,46.29506,-8.794336E-05,-12.10604,0.6299295,0.8762875,-1.402449,4.583129,-7.464854,0.2993615,1.164189,0.9803885,-1.271973,18.69425,1.102255,-0.1813082,0.6479672,0.8655688,-1.37484,44.15958,-13.99342,94.03273,0.6785491,0.8406168,-1.373258,16.23718,37.31771,-10.01261,0.6846365,0.8123348,-1.365384,8.567678,-2.194897E-05,0,0.6423135,0.8564387,-1.382299,0,-14.88066,1.250075,0.6558482,0.8108544,-1.354773,31.23575,22.33588,-8.888294,0.6740947,0.7693632,-1.36036,22.1107,-1.016344E-05,0,0.6917098,0.7497731,-1.370126,14.75067,-1.674949E-05,0,0.6368113,0.8518986,-1.390181,0,-1.109287E-05,0,0.6428587,0.801388,-1.37356,32.65397,12.64256,-5.396665,0.6624138,0.7598264,-1.38296,28.16678,1.854567E-05,0,0.6840305,0.7422917,-1.396433,18.79897,9.778989E-06,0,0.6309655,0.8486283,-1.398778,3.069245,14.87365,-2.900633,0.6317523,0.7975119,-1.395139,30.07805,0.08239981,-4.577057,0.6511268,0.7591999,-1.403772,28.19392,1.43536E-05,0,0.6724577,0.7438746,-1.414153,18.81712,5.079315E-06,0,0.6256704,0.8480175,-1.406902,7.703165,29.67836,-7.04378,0.6223293,0.8008924,-1.415685,21.13806,-10.88762,-2.646045,0.6342602,0.7680947,-1.421817,29.76497,2.666012E-05,0,0.6503202,0.7543651,-1.428865,19.86826,2.475592E-06,0,1.143462,0.9809781,-1.244179,39.07132,-13.02937,76.72938,1.109477,0.9621507,-1.237044,17.44419,30.70462,-9.115376,1.096999,0.9360185,-1.229275,9.960914,-1.26957E-05,0.02797646,1.147079,0.9692903,-1.248791,0,-14.88066,1.249918,1.122786,0.9359546,-1.212495,19.29797,27.73515,3.571277,1.103239,0.8953433,-1.205124,18.33978,-8.013457E-05,0,1.086724,0.8727886,-1.207948,12.23234,-6.937952E-05,0,1.151606,0.9618664,-1.254906,0,1.228489E-06,0,1.133765,0.9195664,-1.227401,21.06301,15.50812,-0.05934703,1.112268,0.8781294,-1.22304,27.84727,2.604626E-05,0,1.090413,0.8577053,-1.230881,18.58523,9.222205E-06,0,1.156777,0.9553908,-1.261985,3.069245,14.87368,-2.900768,1.14426,0.9081715,-1.246479,14.88761,4.205222,-7.945173,1.126304,0.8684306,-1.242485,31.19851,2.042134E-05,0,1.104643,0.8510733,-1.247698,20.82774,1.070427E-05,0,1.162006,0.9516634,-1.269277,7.703139,29.67841,-7.043752,1.154744,0.9042495,-1.266406,12.91196,-9.474277,-21.12857,1.139991,0.8721483,-1.263667,26.53516,-1.04241E-05,0,1.122771,0.858028,-1.264104,17.70774,-2.174087E-05,0
2467,0.887189,0.9266971,-1.429283,0.4515415,0.7487456,-0.2832403,0.8808507,1.287122,-1.468256,-0.6513204,1.431864,0.9942597,0.8747407,1.595641,-1.456992,8.211763,-1.590275,1.123961,0.8071121,0.9256475,-1.429671,-0.3658403,1.07221,-2.069236,0.8047144,0.498536,-1.429074,7.873175,-0.008937863,-0.03426402,0.7999499,0.07440293,-1.487077,7.959392,-0.1094831,-7.665929,0.967266,0.9277467,-1.428895,-4.462781,-3.359079,2.553436,0.9479612,0.5021167,-1.458843,0,0.01127744,0,0.9293082,0.07548124,-1.489012,4.203608,-3.214977,-7.241831,0.8085329,1.4081,-1.446743,-15.32157,0.3998885,0.2853053,0.6796136,1.406181,-1.479698,-5.289058,13.63263,-45.87681,0.6378686,1.151628,-1.472561,15.05472,-5.419778E-05,0.5736903,0.9476791,1.411605,-1.449119,-15.66612,2.006893,-0.9799869,1.074937,1.419881,-1.487158,-8.368653,26.19529,-50.02836,1.173019,1.182068,-1.466776,39.61132,-8.084174E-05,-11.26359,0.6322224,0.8763504,-1.402323,4.655894,-7.468735,0.3032579,1.157476,0.9523972,-1.300184,18.27846,0.2547019,-0.03956468,0.6508509,0.8655733,-1.375132,44.16275,-14.03404,94.08768,0.6814696,0.8406323,-1.374242,16.4922,37.22139,-10.1534,0.6877117,0.8123094,-1.36664,8.712216,-1.245951E-05,0.01978234,0.645037,0.856459,-1.382486,0,-14.88064,1.249918,0.6591594,0.8108166,-1.355355,31.13303,22.29775,-8.885664,0.6772575,0.7693167,-1.361345,22.23979,-1.230432E-05,0,0.6946851,0.7497659,-1.371518,14.83689,-1.29373E-06,0,0.6393657,0.8519357,-1.390257,0,-6.220637E-06,0,0.6457668,0.8013901,-1.373877,32.59621,12.59708,-5.373412,0.665107,0.7598322,-1.383727,28.18376,1.762278E-05,0,0.6864316,0.7423118,-1.397676,18.81032,2.219011E-05,0,0.6333355,0.8486835,-1.398733,3.069245,14.87364,-2.900768,0.6341971,0.7975596,-1.395219,30.02789,0.03097157,-4.603088,0.6533714,0.7592495,-1.404297,28.19757,3.934316E-05,0,0.6744767,0.743929,-1.415136,18.81954,2.220695E-05,0,0.6278663,0.8480899,-1.406742,7.703139,29.67835,-7.043725,0.6243332,0.8009835,-1.41555,21.11785,-10.92799,-2.666384,0.6361274,0.7681934,-1.42198,29.74104,0.0002371908,0,0.6520279,0.7544648,-1.429382,19.85224,0.0001782785,0,1.136005,0.9493732,-1.273122,38.84511,-13.23993,76.79952,1.102514,0.9288694,-1.268844,17.7893,30.63942,-9.286816,1.090787,0.9016605,-1.264253,10.16341,-1.290158E-05,0,1.140136,0.9383625,-1.278836,0,-14.8807,1.249918,1.116021,0.9006052,-1.24703,19.11394,27.99501,3.487172,1.097887,0.8587589,-1.244635,18.69894,-3.054269E-05,0,1.082254,0.8361545,-1.250472,12.47214,-2.656226E-05,0,1.145074,0.9317779,-1.285565,0,-1.71444E-05,0,1.127941,0.8862504,-1.263252,20.94642,15.87788,-0.1713202,1.108,0.8438269,-1.26411,27.99937,-5.563832E-06,0,1.087147,0.8236709,-1.274842,18.68697,-1.236356E-05,0,1.150648,0.9262586,-1.293131,3.069245,14.87367,-2.900633,1.139322,0.8772897,-1.283106,14.89363,4.580448,-8.049959,1.122777,0.8367561,-1.284123,31.36059,-1.548193E-06,0,1.101895,0.8194206,-1.291935,20.93624,-6.04156E-06,0,1.156193,0.9234951,-1.300617,7.703165,29.67842,-7.04378,1.150461,0.8758456,-1.303011,13.10863,-9.41799,-21.22235,1.136656,0.843233,-1.30423,26.30296,1.449325E-05,0,1.119962,0.8286964,-1.306699,17.55249,8.476154E-06,0
2500,0.887484,0.9267101,-1.428765,0.4228991,0.7362611,-0.2055842,0.8814317,1.287161,-1.467658,-0.6422443,1.320878,1.055918,0.8757178,1.595692,-1.456463,8.19175,-1.36382,0.9809847,0.8074064,0.9256789,-1.429045,-0.4524074,1.072143,-2.078861,0.8049146,0.4985676,-1.429291,7.730734,-0.007767258,-0.03426402,0.7999907,0.07440621,-1.487073,7.925161,-0.1225348,-7.749979,0.9675617,0.9277412,-1.428486,-4.458741,-3.358365,2.526774,0.9481239,0.5021276,-1.45858,0.02797646,0.01043471,0,0.9293261,0.07551789,-1.489022,4.247131,-3.225878,-7.194566,0.8093705,1.408281,-1.446089,-15.35291,0.31368,0.2776587,0.6804332,1.406405,-1.478975,-5.413886,13.65105,-46.28601,0.6388767,1.151822,-1.471831,14.99331,-5.699054E-05,0.4853748,0.9485205,1.411518,-1.448618,-15.45819,1.812557,-1.18184,1.075915,1.419089,-1.486345,-9.479443,25.33642,-54.19627,1.16362,1.177204,-1.466604,32.86554,-8.830345E-05,-11.37345,0.6337442,0.8763962,-1.402135,4.662326,-7.448802,0.3032579,1.151103,0.9293332,-1.328232,16.40049,-1.171472,0.1701742,0.6525383,0.8655573,-1.375084,44.24121,-14.11129,94.04702,0.6832141,0.8406791,-1.374429,16.93998,37.40678,-10.48271,0.6893669,0.8122866,-1.367017,8.923766,-1.305046E-05,0,0.6466823,0.8564596,-1.382425,0,-14.88062,1.250075,0.660978,0.8107544,-1.355491,30.99172,22.27,-8.871126,0.6790068,0.7692415,-1.361599,22.55449,-3.171177E-05,0,0.696439,0.7497898,-1.371952,15.04712,-1.642625E-05,0,0.6409655,0.8519538,-1.390173,0,2.964302E-06,0,0.6474764,0.80137,-1.373955,32.52856,12.5512,-5.315666,0.6667573,0.7598217,-1.38396,28.27238,5.56141E-06,0,0.6880159,0.7423537,-1.398075,18.86963,7.61453E-06,0,0.6348852,0.8487209,-1.39862,3.069245,14.87364,-2.900701,0.6357795,0.7975888,-1.395236,29.96822,-0.003330789,-4.605896,0.6548887,0.7592854,-1.404478,28.25214,4.870808E-05,0,0.67594,0.7439961,-1.415465,18.85608,4.087086E-05,0,0.6293681,0.8481455,-1.406598,7.703139,29.67834,-7.043752,0.6257928,0.8010599,-1.415499,21.07415,-10.98053,-2.660063,0.6375477,0.7682776,-1.42204,29.77279,6.576206E-05,0,0.6534108,0.7545676,-1.429556,19.87349,4.151096E-05,0,1.129381,0.9233353,-1.301876,38.66908,-13.43099,77.04565,1.096714,0.9012403,-1.299629,18.37958,30.58166,-9.594726,1.086171,0.8732601,-1.297421,10.5042,-2.838667E-05,0,1.134049,0.9129817,-1.308355,0,-14.88069,1.249762,1.111054,0.8719071,-1.280019,18.87844,28.20793,3.597062,1.094859,0.8292224,-1.281196,19.51599,0.0007179462,0,1.080216,0.8066691,-1.289342,13.01766,0.0004643725,0,1.139353,0.907149,-1.315486,0,-1.557061E-05,0,1.123797,0.8593598,-1.297092,20.87869,16.13183,-0.1312212,1.105818,0.8163071,-1.301716,28.29696,-3.347206E-05,0,1.086015,0.7962998,-1.314516,18.88605,-4.00991E-05,0,1.145262,0.9024687,-1.323358,3.069309,14.87367,-2.900701,1.135829,0.8524488,-1.317376,14.99933,4.79298,-8.017093,1.121033,0.8114942,-1.322016,31.29842,3.010786E-06,0,1.101051,0.7939969,-1.331619,20.89461,-6.934332E-06,0,1.151025,0.9005259,-1.330935,7.703165,29.67842,-7.04378,1.147309,0.8530195,-1.337131,13.35414,-9.43091,-21.23415,1.134766,0.8201295,-1.341199,25.86848,1.370614E-05,0,1.118783,0.8051148,-1.345099,17.26198,8.009351E-06,0
2533,0.8877211,0.9267054,-1.428287,0.4015385,0.7338884,-0.132704,0.881901,1.287176,-1.467159,-0.6199199,1.218326,1.128826,0.8765633,1.595715,-1.456031,8.245074,-1.161687,0.8464977,0.8076432,0.9256784,-1.428469,-0.5024107,1.078755,-2.081025,0.8050811,0.4985681,-1.429238,7.66836,-0.006934788,-0.03426402,0.8000232,0.07441583,-1.487076,7.929717,-0.1339813,-7.820871,0.9677991,0.9277325,-1.428106,-4.475709,-3.365722,2.498888,0.9482484,0.5021422,-1.458455,0,0.008931193,0,0.9293308,0.07554775,-1.489036,4.271272,-3.235913,-7.154698,0.8100829,1.408433,-1.445547,-15.36421,0.2234393,0.2624426,0.68111,1.406563,-1.478294,-5.47443,13.64953,-46.24328,0.6395614,1.151976,-1.471268,14.97273,-3.514015E-05,0.386643,0.949235,1.411422,-1.448257,-15.25373,1.730926,-1.363149,1.076738,1.418559,-1.4857,-9.749937,23.63441,-58.25779,1.15288,1.172729,-1.466717,26.27865,-0.0001232279,-12.3052,0.6344022,0.8764933,-1.401798,4.696027,-7.399608,0.3032579,1.144508,0.9112469,-1.355811,14.53141,-2.55196,0.3250574,0.6531631,0.8656095,-1.374741,44.28059,-14.17721,94.18731,0.6838744,0.8407756,-1.374071,17.47008,37.47699,-10.84045,0.6899012,0.812324,-1.366783,9.191096,-1.884271E-05,0,0.6473191,0.8565238,-1.382107,0,-14.88066,1.250075,0.6615902,0.810773,-1.355237,30.93378,22.25257,-8.89627,0.6796232,0.7692635,-1.361356,22.65438,-2.401739E-06,0,0.697098,0.7498555,-1.371719,15.11389,8.120647E-07,0,0.6416135,0.8520309,-1.38987,0,-1.25206E-05,0,0.6481153,0.801419,-1.373737,32.47009,12.53158,-5.291169,0.6674009,0.7598749,-1.383751,28.36327,6.891204E-06,0,0.6886955,0.7424546,-1.397869,18.9304,-8.259973E-07,0,0.6355453,0.8488119,-1.398331,3.069309,14.87364,-2.900633,0.6364475,0.7976739,-1.39504,29.9194,-0.01894009,-4.606023,0.6555578,0.7593749,-1.404298,28.3273,1.180045E-05,0,0.6766377,0.7441225,-1.415281,18.90636,2.061127E-06,0,0.6300389,0.8482499,-1.406317,7.703191,29.67836,-7.04378,0.6264869,0.8011797,-1.415309,20.99027,-11.02286,-2.662931,0.6382273,0.7683924,-1.421851,29.90567,7.464657E-05,0,0.6541207,0.7547156,-1.429364,19.9624,5.73926E-05,0,1.122837,0.9026717,-1.330134,38.5642,-13.57227,77.28545,1.09097,0.8793358,-1.329599,18.94994,30.58769,-9.910481,1.081558,0.8508697,-1.329481,10.82644,5.693082E-07,0,1.12792,0.8929635,-1.337267,0,-14.88066,1.249918,1.106231,0.8492357,-1.312043,18.72363,28.3686,3.82981,1.091755,0.8061326,-1.316313,20.44764,-0.0002883958,0,1.077906,0.7838964,-1.326471,13.6398,-0.0001996407,0,1.13348,0.8878304,-1.344733,0,1.635676E-06,0,1.119535,0.8383605,-1.32982,20.87438,16.25478,-0.01978234,1.103226,0.7951048,-1.337637,28.46908,6.130301E-05,0,1.084268,0.7753972,-1.352076,19.0012,4.032772E-05,0,1.139608,0.8839189,-1.352853,3.069245,14.87368,-2.900701,1.131947,0.8333014,-1.35042,15.0817,4.895848,-7.95073,1.118673,0.7922838,-1.358106,31.14679,1.43923E-05,0,1.099458,0.7747605,-1.369122,20.79312,-1.068489E-07,0,1.145489,0.8827111,-1.360493,7.703139,29.67841,-7.043752,1.143534,0.835645,-1.36998,13.54208,-9.4975,-21.17685,1.132102,0.8027328,-1.376442,25.30015,7.59641E-06,0,1.116801,0.7873624,-1.381513,16.88205,2.88128E-06,0
2567,0.8887419,0.9266538,-1.427806,0.3642322,0.7492639,-0.07661668,0.8831116,1.287154,-1.466611,-0.5928131,1.110638,1.202684,0.8781976,1.595698,-1.45552,8.359638,-0.9800867,0.7401926,0.8086641,0.9256059,-1.427908,-0.4780633,1.156075,-2.074054,0.8056363,0.4984989,-1.428768,7.721335,-0.004783974,-0.04423466,0.8000364,0.07441896,-1.487085,7.994951,-0.08692504,-7.878608,0.9688197,0.9277017,-1.427704,-4.4612,-3.444037,2.576559,0.9487666,0.5021451,-1.458197,0.02797646,0.007949882,0,0.9293322,0.07559341,-1.48905,4.321009,-3.291914,-7.017665,0.8115482,1.408556,-1.444966,-15.38501,0.1218287,0.2414744,0.6825449,1.406675,-1.477592,-5.382995,13.63362,-45.95231,0.6407828,1.15213,-1.470287,14.91932,-5.583322E-05,-0.1724585,0.950702,1.411283,-1.44786,-15.05033,1.69771,-1.535186,1.078305,1.418085,-1.485021,-9.125072,20.98706,-61.12407,1.142922,1.168795,-1.468606,20.66252,-9.155751E-05,-12.6953,0.6349883,0.8767246,-1.400563,4.686297,-7.249453,0.2960753,1.139053,0.898298,-1.38166,13.81448,-3.255574,0.3946573,0.6533615,0.8658093,-1.373254,44.27818,-14.18805,94.14245,0.6840531,0.8409657,-1.372166,17.5225,37.46432,-10.8712,0.6899559,0.8124955,-1.36485,9.219936,-5.363536E-06,0,0.6476187,0.8567325,-1.38071,0,-14.88063,1.250075,0.6614923,0.8109521,-1.353682,30.88109,22.25315,-8.905187,0.679572,0.7694274,-1.359556,22.69868,-3.818224E-05,0,0.6971885,0.750022,-1.369681,15.14347,-2.671221E-05,0,0.6420216,0.8522487,-1.388557,0,-1.909323E-06,0,0.6482764,0.8016198,-1.372379,32.41397,12.5345,-5.280307,0.6676559,0.7600572,-1.382131,28.43257,7.870824E-06,0,0.6891453,0.7426479,-1.395965,18.97679,9.678482E-06,0,0.6360722,0.8490397,-1.397106,3.069309,14.87364,-2.900768,0.6369091,0.7978984,-1.393848,29.87818,-0.04252144,-4.619103,0.6561204,0.7595865,-1.402839,28.37204,-4.156849E-06,0,0.6773556,0.7443386,-1.413526,18.93627,3.098149E-06,0,0.6306787,0.8484868,-1.405169,7.703139,29.67834,-7.043752,0.6272367,0.8014262,-1.414253,20.98554,-11.04523,-2.641528,0.6390597,0.7686388,-1.420644,29.85352,8.774118E-05,0,0.6550412,0.7549456,-1.427937,19.92749,6.179266E-05,0,1.11733,0.8873564,-1.356944,38.50644,-13.66968,77.41226,1.086048,0.8632806,-1.35842,19.35562,30.6516,-10.15352,1.077469,0.8346294,-1.360525,11.04848,-2.807997E-05,0,1.122732,0.8783183,-1.364695,0,-14.88069,1.249918,1.101882,0.8323596,-1.342972,18.74742,28.47775,4.059991,1.088598,0.789336,-1.350599,21.13977,-8.726694E-05,0,1.075348,0.7677732,-1.362802,14.10208,-7.01339E-05,0,1.1285,0.8738775,-1.372442,0,-1.437089E-05,0,1.115646,0.8231308,-1.361321,20.90334,16.30088,0.1203313,1.100529,0.7801789,-1.37249,28.55807,0.0001490543,0,1.082247,0.7611614,-1.388626,19.0607,9.758169E-05,0,1.134811,0.8707162,-1.380747,3.069309,14.87368,-2.900701,1.128403,0.8198839,-1.382075,15.1258,4.914855,-7.88481,1.116234,0.7792341,-1.392903,31.02921,-1.131638E-05,0,1.097622,0.762066,-1.405412,20.71441,-1.639087E-05,0,1.140803,0.8702097,-1.388379,7.703165,29.67843,-7.043752,1.140136,0.8239226,-1.401268,13.55204,-9.5469,-21.16566,1.129588,0.7912982,-1.410212,25.04046,1.077978E-05,0,1.114796,0.7759025,-1.416559,16.70846,3.537367E-06,0
2600,0.8916924,0.926481,-1.427595,0.2954137,0.7711259,-0.07401875,0.8863276,1.287033,-1.466182,-0.5797972,0.9802712,1.289375,0.8819644,1.595581,-1.455072,8.452568,-0.8023214,0.6504185,0.811615,0.9254026,-1.4277,-0.2525642,1.363953,-2.12486,0.8071985,0.4983069,-1.427392,8.066234,-0.0009225429,-0.06852804,0.8000559,0.07444334,-1.487096,8.186908,0.08888836,-7.951965,0.9717698,0.9275594,-1.427491,-4.41628,-3.662431,2.578305,0.9502534,0.5020866,-1.458156,0,0.006117592,0,0.9293438,0.07560873,-1.489064,4.33707,-3.476009,-6.997875,0.8150721,1.408601,-1.444458,-15.44571,0.05538858,0.2298502,0.6860516,1.406852,-1.477024,-5.285833,13.63863,-45.8769,0.6438481,1.152394,-1.46926,14.91309,-3.674548E-05,-0.5147229,0.954227,1.411014,-1.447567,-14.8504,1.73596,-1.664834,1.081914,1.417605,-1.484479,-7.208269,17.05561,-60.94685,1.136504,1.165648,-1.473139,16.48133,-0.0001025092,-19.55571,0.6375057,0.8771284,-1.399031,4.723603,-7.111067,0.2934199,1.137559,0.8898932,-1.404575,14.0225,-2.594254,0.3183671,0.6556823,0.8661826,-1.371604,44.26409,-14.18319,94.04106,0.6863332,0.8412986,-1.370316,17.43451,37.45041,-10.81112,0.6921705,0.81282,-1.362979,9.175924,-1.444266E-05,0,0.6499803,0.8571149,-1.379101,0,-14.88065,1.249918,0.6636223,0.8113089,-1.352,30.82392,22.26122,-8.885178,0.6816681,0.769751,-1.357741,22.72757,-5.510783E-05,0,0.6993265,0.7503224,-1.367748,15.1628,-4.457912E-05,0,0.6444317,0.8526402,-1.386988,0,-8.858754E-06,0,0.6505232,0.8019983,-1.370789,32.36998,12.5418,-5.301122,0.6698974,0.7604024,-1.380409,28.44101,1.106793E-05,0,0.691457,0.7429609,-1.394093,18.98243,2.073241E-06,0,0.6385366,0.8494409,-1.395578,3.069245,14.87364,-2.900701,0.6392971,0.7982975,-1.392336,29.8547,-0.06411548,-4.634091,0.6585234,0.7599611,-1.40119,28.34001,1.597294E-05,0,0.6798079,0.7446729,-1.41172,18.91486,4.901372E-06,0,0.6331972,0.848897,-1.403678,7.703139,29.67836,-7.043725,0.6297666,0.8018437,-1.412804,20.95163,-11.04321,-2.63641,0.6415797,0.7690386,-1.419122,29.87669,1.278754E-05,0,0.6575923,0.7553282,-1.426313,19.943,-4.747965E-06,0,1.119149,0.8772706,-1.378038,38.9787,-13.51718,71.12422,1.087264,0.8539645,-1.377321,10.71355,34.79578,-6.162112,1.078136,0.825421,-1.378256,5.854643,-2.997786E-05,0,1.123233,0.8688189,-1.38714,0,-14.88068,1.250075,1.104458,0.8215259,-1.366411,18.39793,28.66777,6.345635,1.08952,0.7793244,-1.375441,23.23927,-1.970174E-05,0,1.07416,0.7595509,-1.388189,15.50469,-2.005209E-05,0,1.127787,0.8649443,-1.395929,0,-6.963609E-06,0,1.115377,0.8136325,-1.387142,22.89307,16.44698,1.857305,1.096838,0.7726479,-1.400359,19.77263,6.240173E-05,0,1.078209,0.7522828,-1.414306,13.18901,3.734742E-05,0,1.132834,0.8623829,-1.405244,3.069309,14.87368,-2.900701,1.125112,0.8119075,-1.409642,18.61296,4.632783,-8.009915,1.10843,0.7736003,-1.422757,17.04887,-6.053316E-06,0,1.091202,0.7538177,-1.43322,11.37058,-3.320373E-06,0,1.137718,0.8624175,-1.413643,7.703165,29.67842,-7.043752,1.134217,0.8173309,-1.429891,16.25245,-11.10082,-23.34607,1.120028,0.7863039,-1.439463,15.89748,-6.204986E-07,0,1.105864,0.7699465,-1.444747,10.60211,-3.900102E-06,0
2633,0.8928385,0.9264809,-1.42929,0.2661444,0.7584942,-0.05934703,0.8879114,1.287059,-1.467779,-0.5760729,0.8274357,1.377714,0.8842259,1.595616,-1.456668,8.472711,-0.6321991,0.5709552,0.8127608,0.9254203,-1.429371,-0.03426402,1.416496,-2.193477,0.8078562,0.4983332,-1.427688,8.211883,0.003288905,-0.08392937,0.8000723,0.07443973,-1.487099,8.147338,0.1500791,-8.043006,0.9729162,0.9275414,-1.42921,-4.262919,-3.720813,2.619278,0.9508613,0.5020301,-1.458944,0.03426402,0.0026801,0,0.9293801,0.07552296,-1.489046,4.212265,-3.518216,-6.921638,0.8170126,1.408818,-1.445955,-15.49391,-0.02993304,0.2406627,0.6879672,1.407212,-1.478429,-5.235513,13.6866,-45.87123,0.6452101,1.152862,-1.470151,15.00791,-4.77903E-05,-0.4205793,0.9561685,1.410862,-1.449282,-14.78902,1.848327,-1.757471,1.083843,1.41737,-1.486253,-4.778277,12.92848,-56.3187,1.131474,1.163794,-1.481658,14.54639,-0.0001176486,-29.25662,0.6385686,0.8778379,-1.39901,4.819345,-6.980315,0.2934199,1.136416,0.8858941,-1.422582,12.6979,-3.633211,0.4044518,0.6568005,0.8668749,-1.371626,44.21384,-14.17173,94.09793,0.6873946,0.8419181,-1.370394,17.42981,37.26565,-10.76359,0.6932606,0.8134366,-1.363091,9.196526,-5.00348E-06,0,0.651064,0.8578131,-1.379104,0,-14.88063,1.249918,0.6647045,0.8119971,-1.352019,30.77049,22.27108,-8.903157,0.6826398,0.7703922,-1.357766,22.78225,-5.680828E-05,0,0.7002453,0.7509335,-1.367808,15.19931,-4.955222E-05,0,0.6454873,0.8533438,-1.386974,0,-1.157794E-06,0,0.6515406,0.8026993,-1.370769,32.31977,12.561,-5.319498,0.6707865,0.7610486,-1.380409,28.50375,1.617737E-05,0,0.6922847,0.7435719,-1.394145,19.02439,1.416195E-05,0,0.6395644,0.8501503,-1.395547,3.069181,14.87364,-2.900701,0.6402515,0.7990072,-1.392285,29.81623,-0.07015135,-4.659931,0.6593735,0.7606224,-1.401155,28.35311,1.557349E-05,0,0.6806042,0.7452855,-1.411722,18.92361,2.118787E-05,0,0.6342027,0.8496115,-1.403633,7.703139,29.67834,-7.043752,0.6306723,0.8025598,-1.412729,20.9065,-11.01063,-2.712888,0.6423843,0.7697232,-1.419071,29.93209,-6.809585E-07,0,0.658359,0.7559869,-1.426298,19.98009,-1.655076E-06,0,1.125152,0.8735479,-1.392198,37.72021,-14.33627,73.19059,1.094345,0.8508179,-1.382468,13.69272,29.97492,-6.940316,1.082732,0.8232005,-1.381309,7.889961,-1.996025E-05,0,1.126465,0.8650733,-1.402068,0,-14.88067,1.249918,1.11226,0.8181438,-1.377275,18.68963,29.23877,5.985563,1.094206,0.7765471,-1.3827,23.96736,3.964818E-05,0,1.075275,0.7577163,-1.391442,15.99124,3.19631E-05,0,1.128456,0.8611565,-1.411748,0,-5.431734E-06,0,1.117166,0.810145,-1.40015,21.4116,16.98817,2.582174,1.095658,0.7692748,-1.408224,19.68002,1.400553E-08,0,1.074032,0.7489865,-1.416996,13.1272,9.721618E-06,0,1.130826,0.8585432,-1.42206,3.069245,14.87368,-2.900701,1.120661,0.8083647,-1.424412,15.08886,5.536993,-10.94517,1.10244,0.7694717,-1.432957,15.89283,4.695577E-06,0,1.084144,0.7486487,-1.438372,10.59901,1.489079E-06,0,1.133359,0.8585199,-1.431441,7.703139,29.67841,-7.043752,1.124355,0.8137248,-1.44632,16.04564,-11.06394,-26.44137,1.10732,0.7831685,-1.451955,10.03772,8.297185E-07,0,1.093517,0.7658094,-1.454016,6.692752,5.347333E-06,0
2667,0.8916395,0.9266094,-1.429374,0.3256589,0.7581383,0.09891172,0.8870155,1.287151,-1.468087,-0.5730078,0.6714176,1.491216,0.8840665,1.595719,-1.457028,8.435521,-0.5032253,0.4792896,0.8115618,0.9255506,-1.429228,-0.2470816,1.329425,-2.166905,0.8073,0.4984536,-1.428626,7.938871,0.00534464,-0.06852804,0.8000687,0.07441789,-1.487084,8.012953,0.05807363,-8.163636,0.9717171,0.9276682,-1.42952,-4.313206,-3.622954,2.525767,0.9502978,0.5021145,-1.459111,0,-0.0006039026,0,0.9294345,0.07555813,-1.488949,4.13337,-3.391565,-6.834548,0.8164901,1.409103,-1.446131,-15.47829,-0.09669418,0.276953,0.6873691,1.407687,-1.478312,-5.244226,13.71959,-45.96127,0.6441296,1.153434,-1.469563,15.13046,-5.989845E-05,-0.3064671,0.955644,1.41077,-1.449737,-14.93,2.064698,-1.784654,1.083146,1.417434,-1.487269,-3.300255,10.50416,-50.02724,1.127737,1.163266,-1.488081,14.25311,-0.0001023429,-25.38959,0.6375443,0.878629,-1.397577,4.835455,-6.884767,0.2907402,1.136798,0.8850591,-1.430967,11.46809,-5.840724,0.5868416,0.6559179,0.8676659,-1.370288,44.16602,-14.15697,94.17512,0.6864473,0.8426235,-1.369194,17.42683,37.07309,-10.7152,0.6923575,0.8141446,-1.361917,9.218956,3.088937E-06,0,0.650118,0.8586057,-1.377719,0,-14.88062,1.249918,0.6638269,0.8127987,-1.350653,30.71932,22.28138,-8.876417,0.6816142,0.7711341,-1.356428,22.87143,-6.284103E-05,0,0.6991267,0.751639,-1.366561,15.25891,-3.981646E-05,0,0.6444848,0.8541372,-1.385549,0,1.962704E-06,0,0.6505314,0.8035025,-1.369311,32.24712,12.57443,-5.294575,0.669589,0.7617722,-1.378981,28.66914,8.269304E-06,0,0.6909861,0.7442733,-1.392845,19.13502,3.16451E-06,0,0.6385039,0.8509442,-1.394082,3.069245,14.87364,-2.900701,0.6391055,0.7998042,-1.390753,29.76133,-0.07286878,-4.675542,0.6580652,0.7613481,-1.399662,28.44719,2.999395E-05,0,0.6792127,0.7459695,-1.410336,18.98654,1.875274E-05,0,0.6330925,0.8504053,-1.402135,7.703139,29.67834,-7.043725,0.6294108,0.8033485,-1.411144,20.87869,-10.98926,-2.74124,0.6409971,0.7704732,-1.417517,29.94986,-2.447487E-05,0,0.6568965,0.7566909,-1.424821,19.99199,-1.133081E-05,0,1.127525,0.8736587,-1.399558,38.00758,-15.31253,73.97688,1.097638,0.8512539,-1.386708,15.61335,33.26204,-8.714087,1.088047,0.8229658,-1.384114,8.672626,-9.589512E-06,0,1.128419,0.8648498,-1.409179,0,-14.88067,1.250075,1.116507,0.8186423,-1.381943,18.53692,29.25567,6.26416,1.099011,0.7765538,-1.384792,29.14314,-1.789636E-06,0,1.07862,0.758942,-1.392758,19.45214,1.888291E-06,0,1.129918,0.8606128,-1.418812,0,-4.376341E-06,0,1.120229,0.809889,-1.404765,18.87019,16.97786,3.098257,1.100709,0.7675287,-1.409534,26.52269,6.530673E-05,0,1.077564,0.748403,-1.416935,17.69942,3.831712E-05,0,1.131737,0.857661,-1.429145,3.069309,14.87368,-2.900701,1.122351,0.807276,-1.429109,9.469152,7.229709,-8.244002,1.108508,0.7662611,-1.435733,25.46887,8.495233E-06,0,1.088962,0.7463112,-1.439927,16.99484,1.811101E-05,0,1.133724,0.8573338,-1.43865,7.703139,29.67841,-7.043752,1.12468,0.8118871,-1.451373,11.76665,-8.231441,-24.83781,1.110409,0.7798608,-1.456499,18.21908,2.013971E-05,0,1.095801,0.7630579,-1.4571,12.15176,1.544072E-05,0
2700,0.89127,0.926577,-1.429069,0.4432315,0.8127561,0.4635163,0.8865727,1.287036,-1.468216,-0.5695826,0.53004,1.646751,0.8843495,1.595616,-1.457228,8.378409,-0.440323,0.3700944,0.811196,0.9254462,-1.428411,-0.4092611,1.342024,-1.982285,0.8072261,0.4983461,-1.428075,7.957246,0.004634489,-0.06852804,0.800097,0.07436252,-1.486923,8.063994,0.02465856,-8.334136,0.9713441,0.9277079,-1.429726,-4.428415,-3.620866,2.433411,0.9501353,0.5021305,-1.459128,0.02797646,-0.004068858,0,0.9294502,0.07556054,-1.488896,4.084613,-3.318203,-6.544096,0.8164054,1.409161,-1.446077,-15.3924,-0.1174084,0.3403488,0.6871467,1.408007,-1.477711,-5.278711,13.71949,-46.12502,0.6434805,1.153846,-1.468458,15.24502,-4.904724E-05,-0.3077414,0.9555526,1.410488,-1.450065,-15.21789,2.371513,-1.741138,1.082742,1.417555,-1.488571,-2.684236,9.572038,-45.36306,1.127199,1.163393,-1.492568,14.58795,-0.0001140445,-17.84373,0.6371946,0.8792221,-1.395756,4.803261,-6.825792,0.2859903,1.140634,0.8856241,-1.4342,8.177165,-5.572984,0.3981127,0.6557413,0.8682762,-1.368577,44.145,-14.14666,94.20856,0.6862217,0.8431674,-1.36765,17.43293,36.97569,-10.69551,0.692159,0.8146917,-1.360383,9.234163,-6.820079E-06,0,0.6498721,0.8592128,-1.37595,0,-14.88063,1.249762,0.6636886,0.8134314,-1.348896,30.68934,22.27961,-8.922819,0.6813461,0.7717158,-1.354701,22.94316,5.115913E-06,0,0.6987692,0.7521867,-1.364922,15.30685,2.581888E-06,0,0.6441753,0.8547401,-1.383732,0,-1.360189E-06,0,0.6502438,0.8041248,-1.367441,32.2174,12.57458,-5.293502,0.6691402,0.7623307,-1.377152,28.72153,1.233759E-05,0,0.6904129,0.7447768,-1.391138,19.17008,-5.977306E-08,0,0.638128,0.8515422,-1.392216,3.069245,14.87364,-2.900701,0.6386591,0.8004075,-1.388794,29.73003,-0.07147554,-4.672735,0.6574663,0.7618884,-1.397755,28.51043,2.180052E-05,0,0.6785166,0.7464637,-1.408553,19.02884,1.715165E-05,0,0.6326587,0.8509983,-1.400229,7.703139,29.67834,-7.043725,0.6288265,0.8039316,-1.409123,20.84945,-10.98911,-2.754277,0.6402918,0.7710164,-1.415509,29.97939,0.0001033288,0,0.6561145,0.7571912,-1.422898,20.01174,6.759194E-05,0,1.131463,0.8737697,-1.40293,37.42391,-14.4472,77.71474,1.103403,0.8486434,-1.391028,19.35541,31.02371,-10.26209,1.095921,0.8196549,-1.38941,11.00434,-2.096219E-05,0,1.133307,0.8649845,-1.412436,0,-14.88068,1.249918,1.124375,0.8181916,-1.38506,22.96925,28.02882,3.456721,1.107327,0.7759505,-1.38833,25.4528,-5.487992E-05,0,1.088194,0.7568332,-1.39594,16.9841,-5.774154E-05,0,1.135393,0.8608045,-1.421986,0,-6.424405E-06,0,1.129383,0.8095829,-1.40769,23.17874,16.07893,-0.02797646,1.110245,0.7671018,-1.412908,29.78164,2.616321E-05,0,1.086253,0.7492585,-1.420799,19.87941,1.323005E-05,0,1.137713,0.8579256,-1.432238,3.069245,14.87368,-2.900633,1.132351,0.8069559,-1.431944,16.16675,5.111665,-7.503469,1.116894,0.7664228,-1.437934,31.65597,-2.539645E-05,0,1.094634,0.749563,-1.442161,21.134,-2.688252E-05,0,1.139972,0.8576829,-1.441685,7.703165,29.67842,-7.043752,1.134898,0.8115628,-1.454185,14.39798,-8.845316,-21.78616,1.121806,0.7790083,-1.459129,25.12975,7.422058E-06,0,1.105821,0.7634975,-1.459197,16.76814,-6.817315E-06,0
