region,method,video_time_s,reference_phase,valid_common,mean_angular_difference_deg
Shoulder tilt,suit,1.083,0.0,1,0.006396057815095446
Shoulder tilt,suit,1.10842,0.01,1,0.05580782046658328
Shoulder tilt,suit,1.13384,0.02,1,0.0570571004483611
Shoulder tilt,suit,1.15926,0.03,1,0.14245522932071708
Shoulder tilt,suit,1.18468,0.04,1,0.016938417988910714
Shoulder tilt,suit,1.2101,0.05,1,0.33312330093937703
Shoulder tilt,suit,1.23552,0.06,1,1.3027220540180338
Shoulder tilt,suit,1.26094,0.07,1,1.682645826237831
Shoulder tilt,suit,1.28636,0.08,1,1.2530993170296085
Shoulder tilt,suit,1.31178,0.09,1,1.3872742370811295
Shoulder tilt,suit,1.3372,0.1,1,1.6510905663099038
Shoulder tilt,suit,1.36262,0.11,1,1.656437125929898
Shoulder tilt,suit,1.38804,0.12,1,1.8592905280452214
Shoulder tilt,suit,1.41346,0.13,1,2.2572751293789963
Shoulder tilt,suit,1.43888,0.14,1,2.324143678690092
Shoulder tilt,suit,1.4643,0.15,1,2.4174059509394965
Shoulder tilt,suit,1.48972,0.16,1,2.764880892099086
Shoulder tilt,suit,1.51514,0.17,1,2.7421817222113987
Shoulder tilt,suit,1.54056,0.18,1,2.4689146728054254
Shoulder tilt,suit,1.56598,0.19,1,2.4524650902708913
Shoulder tilt,suit,1.5914,0.2,1,2.4504706823285005
Shoulder tilt,suit,1.61682,0.21,1,2.4533111440968582
Shoulder tilt,suit,1.64224,0.22,1,2.4321654207513745
Shoulder tilt,suit,1.66766,0.23,1,2.429125085653311
Shoulder tilt,suit,1.69308,0.24,1,2.7722069721731657
Shoulder tilt,suit,1.7185,0.25,1,2.5963816262386388
Shoulder tilt,suit,1.74392,0.26,1,1.6322951932282592
Shoulder tilt,suit,1.76934,0.27,1,1.6649996753457685
Shoulder tilt,suit,1.7947600000000001,0.28,1,1.9421130958569108
Shoulder tilt,suit,1.82018,0.29,1,1.9530510882603096
Shoulder tilt,suit,1.8456,0.3,1,2.098414425824785
Shoulder tilt,suit,1.87102,0.31,1,2.3671642059547935
Shoulder tilt,suit,1.89644,0.32,1,2.394224561679806
Shoulder tilt,suit,1.92186,0.33,1,2.32151233432495
Shoulder tilt,suit,1.9472800000000001,0.34,1,2.003921346131051
Shoulder tilt,suit,1.9727000000000001,0.35000000000000003,1,1.8680223167607153
Shoulder tilt,suit,1.99812,0.36,1,1.8855582422052066
Shoulder tilt,suit,2.0235399999999997,0.37,1,1.0388545977013166
Shoulder tilt,suit,2.04896,0.38,1,0.29265549023341464
Shoulder tilt,suit,2.0743799999999997,0.39,1,0.0011392930646820787
Shoulder tilt,suit,2.0998,0.4,1,0.3070137276812659
Shoulder tilt,suit,2.1252199999999997,0.41000000000000003,1,0.9568888975652783
Shoulder tilt,suit,2.15064,0.42,1,0.6488679526397334
Shoulder tilt,suit,2.1760599999999997,0.43,1,0.45436898000409087
Shoulder tilt,suit,2.20148,0.44,1,0.4765565033771395
Shoulder tilt,suit,2.2268999999999997,0.45,1,0.25339510523843956
Shoulder tilt,suit,2.25232,0.46,1,0.0020548420589250327
Shoulder tilt,suit,2.2777399999999997,0.47000000000000003,1,0.35550350781051065
Shoulder tilt,suit,2.30316,0.48,1,0.5411241818803774
Shoulder tilt,suit,2.3285799999999997,0.49,1,0.5315888508165187
Shoulder tilt,suit,2.354,0.5,1,0.7859943489613954
Shoulder tilt,suit,2.3794199999999996,0.51,1,0.9881909270667677
Shoulder tilt,suit,2.40484,0.52,1,0.658917718517074
Shoulder tilt,suit,2.4302599999999996,0.53,1,0.49849763460133545
Shoulder tilt,suit,2.45568,0.54,1,0.47986842082599424
Shoulder tilt,suit,2.4811,0.55,1,0.4494744342115382
Shoulder tilt,suit,2.50652,0.56,1,0.5041346734433318
Shoulder tilt,suit,2.53194,0.5700000000000001,1,0.8147702260338292
Shoulder tilt,suit,2.55736,0.58,1,0.5190871965056374
Shoulder tilt,suit,2.5827799999999996,0.59,1,0.15276153387716818
Shoulder tilt,suit,2.6082,0.6,1,0.14486731094626748
Shoulder tilt,suit,2.6336199999999996,0.61,1,0.3408312782145799
Shoulder tilt,suit,2.65904,0.62,1,0.32442610753861345
Shoulder tilt,suit,2.6844599999999996,0.63,1,0.31250841882959435
Shoulder tilt,suit,2.70988,0.64,1,0.3039249693798638
Shoulder tilt,suit,2.7352999999999996,0.65,1,0.2931242700211669
Shoulder tilt,suit,2.76072,0.66,1,0.2879006587313597
Shoulder tilt,suit,2.7861399999999996,0.67,1,0.28752448733774827
Shoulder tilt,suit,2.81156,0.68,1,0.03434023414774856
Shoulder tilt,suit,2.83698,0.6900000000000001,1,0.2058542069760847
Shoulder tilt,suit,2.8624,0.7000000000000001,1,0.12205022806568877
Shoulder tilt,suit,2.8878199999999996,0.71,1,0.45136372610252806
Shoulder tilt,suit,2.91324,0.72,1,0.7813230097310964
Shoulder tilt,suit,2.9386599999999996,0.73,1,0.5372216153684235
Shoulder tilt,suit,2.96408,0.74,1,0.2850158253737902
Shoulder tilt,suit,2.9894999999999996,0.75,1,0.28836851651448114
Shoulder tilt,suit,3.01492,0.76,1,0.4825708870984897
Shoulder tilt,suit,3.0403399999999996,0.77,1,0.813825328510319
Shoulder tilt,suit,3.06576,0.78,1,0.24911497395740412
Shoulder tilt,suit,3.0911799999999996,0.79,1,0.0628309412915371
Shoulder tilt,suit,3.1166,0.8,1,0.31053935602491833
Shoulder tilt,suit,3.1420199999999996,0.81,1,0.24889350694152768
Shoulder tilt,suit,3.16744,0.8200000000000001,1,0.03912647244047207
Shoulder tilt,suit,3.1928599999999996,0.8300000000000001,1,0.025371176710137888
Shoulder tilt,suit,3.21828,0.84,1,0.22730157700769382
Shoulder tilt,suit,3.2436999999999996,0.85,1,0.8557624750364141
Shoulder tilt,suit,3.26912,0.86,1,0.9860217632699175
Shoulder tilt,suit,3.2945399999999996,0.87,1,0.8612903493587112
Shoulder tilt,suit,3.31996,0.88,1,0.11583494394145077
Shoulder tilt,suit,3.3453799999999996,0.89,1,0.018548023637180222
Shoulder tilt,suit,3.3708,0.9,1,0.5435431025694015
Shoulder tilt,suit,3.3962199999999996,0.91,1,1.0893464117114036
Shoulder tilt,suit,3.42164,0.92,1,1.4377086867482092
Shoulder tilt,suit,3.4470599999999996,0.93,1,0.9891760506967557
Shoulder tilt,suit,3.47248,0.9400000000000001,1,0.74522641706983
Shoulder tilt,suit,3.4978999999999996,0.9500000000000001,1,0.6783881724615242
Shoulder tilt,suit,3.52332,0.96,1,0.9226607326226883
Shoulder tilt,suit,3.5487399999999996,0.97,1,1.21930145710499
Shoulder tilt,suit,3.57416,0.98,1,1.549736900674418
Shoulder tilt,suit,3.5995799999999996,0.99,1,1.6415342968138873
Shoulder tilt,suit,3.625,1.0,1,1.638174797068217
Torso lean,suit,1.083,0.0,1,1.3099856245194132
Torso lean,suit,1.10842,0.01,1,1.1925991327512975
Torso lean,suit,1.13384,0.02,1,1.079927383146071
Torso lean,suit,1.15926,0.03,1,0.9733138554111633
Torso lean,suit,1.18468,0.04,1,0.9480793626719333
Torso lean,suit,1.2101,0.05,1,0.9787696942178172
Torso lean,suit,1.23552,0.06,1,1.2977212669219398
Torso lean,suit,1.26094,0.07,1,1.4817149174633073
Torso lean,suit,1.28636,0.08,1,1.4897298853310872
Torso lean,suit,1.31178,0.09,1,1.3351455370885503
Torso lean,suit,1.3372,0.1,1,1.190423356244139
Torso lean,suit,1.36262,0.11,1,1.3233321783362726
Torso lean,suit,1.38804,0.12,1,1.396433866904374
Torso lean,suit,1.41346,0.13,1,1.4120606553645416
Torso lean,suit,1.43888,0.14,1,1.3616554932070244
Torso lean,suit,1.4643,0.15,1,1.3983451747203333
Torso lean,suit,1.48972,0.16,1,1.7499738371166416
Torso lean,suit,1.51514,0.17,1,1.8418867300259762
Torso lean,suit,1.54056,0.18,1,1.7615075476101367
Torso lean,suit,1.56598,0.19,1,1.6828472488533635
Torso lean,suit,1.5914,0.2,1,1.6385502624273158
Torso lean,suit,1.61682,0.21,1,1.6618246850966614
Torso lean,suit,1.64224,0.22,1,1.6289556578185511
Torso lean,suit,1.66766,0.23,1,1.5684077664112692
Torso lean,suit,1.69308,0.24,1,1.410396864982431
Torso lean,suit,1.7185,0.25,1,1.3275990131737103
Torso lean,suit,1.74392,0.26,1,1.36016810485512
Torso lean,suit,1.76934,0.27,1,1.395038349662343
Torso lean,suit,1.7947600000000001,0.28,1,1.4112335160768055
Torso lean,suit,1.82018,0.29,1,1.330440325742643
Torso lean,suit,1.8456,0.3,1,1.2946503400510778
Torso lean,suit,1.87102,0.31,1,1.3083214687700888
Torso lean,suit,1.89644,0.32,1,1.4102603718530418
Torso lean,suit,1.92186,0.33,1,1.5284171008455019
Torso lean,suit,1.9472800000000001,0.34,1,1.6424314353048999
Torso lean,suit,1.9727000000000001,0.35000000000000003,1,1.866520143272453
Torso lean,suit,1.99812,0.36,1,2.1805007225300983
Torso lean,suit,2.0235399999999997,0.37,1,1.9336162724182202
Torso lean,suit,2.04896,0.38,1,1.7272017831309086
Torso lean,suit,2.0743799999999997,0.39,1,1.7235078320462662
Torso lean,suit,2.0998,0.4,1,1.7891799061513325
Torso lean,suit,2.1252199999999997,0.41000000000000003,1,1.8964264219208076
Torso lean,suit,2.15064,0.42,1,1.7930471452982601
Torso lean,suit,2.1760599999999997,0.43,1,1.7273068354612064
Torso lean,suit,2.20148,0.44,1,1.7354546503514143
Torso lean,suit,2.2268999999999997,0.45,1,1.5865757456022607
Torso lean,suit,2.25232,0.46,1,1.4282169986854854
Torso lean,suit,2.2777399999999997,0.47000000000000003,1,1.7523583073411828
Torso lean,suit,2.30316,0.48,1,1.7854144388618352
Torso lean,suit,2.3285799999999997,0.49,1,1.4640252027744793
Torso lean,suit,2.354,0.5,1,1.484933562170454
Torso lean,suit,2.3794199999999996,0.51,1,1.5851210176365953
Torso lean,suit,2.40484,0.52,1,1.6837671852742062
Torso lean,suit,2.4302599999999996,0.53,1,1.726633317325792
Torso lean,suit,2.45568,0.54,1,1.716134795100885
Torso lean,suit,2.4811,0.55,1,1.610546664711535
Torso lean,suit,2.50652,0.56,1,1.582099469823163
Torso lean,suit,2.53194,0.5700000000000001,1,1.7901168716373945
Torso lean,suit,2.55736,0.58,1,1.7980163847801691
Torso lean,suit,2.5827799999999996,0.59,1,1.6815965126548633
Torso lean,suit,2.6082,0.6,1,1.7725418061747007
Torso lean,suit,2.6336199999999996,0.61,1,1.801368124706812
Torso lean,suit,2.65904,0.62,1,1.6952669207126974
Torso lean,suit,2.6844599999999996,0.63,1,1.6609102777707676
Torso lean,suit,2.70988,0.64,1,1.661055859796079
Torso lean,suit,2.7352999999999996,0.65,1,1.6609595464321671
Torso lean,suit,2.76072,0.66,1,1.655822445420199
Torso lean,suit,2.7861399999999996,0.67,1,1.650557009374097
Torso lean,suit,2.81156,0.68,1,1.5707728592789465
Torso lean,suit,2.83698,0.6900000000000001,1,1.5154244951620512
Torso lean,suit,2.8624,0.7000000000000001,1,1.7276588568579427
Torso lean,suit,2.8878199999999996,0.71,1,1.8401808159749464
Torso lean,suit,2.91324,0.72,1,1.8564828847509602
Torso lean,suit,2.9386599999999996,0.73,1,1.8609589179694126
Torso lean,suit,2.96408,0.74,1,1.8659016398641484
Torso lean,suit,2.9894999999999996,0.75,1,1.8749369257424462
Torso lean,suit,3.01492,0.76,1,1.8815205464649694
Torso lean,suit,3.0403399999999996,0.77,1,1.8834369045825383
Torso lean,suit,3.06576,0.78,1,1.7797518978707103
Torso lean,suit,3.0911799999999996,0.79,1,1.8094595818611765
Torso lean,suit,3.1166,0.8,1,2.1470872258481677
Torso lean,suit,3.1420199999999996,0.81,1,2.1669569562446043
Torso lean,suit,3.16744,0.8200000000000001,1,2.0287136858846395
Torso lean,suit,3.1928599999999996,0.8300000000000001,1,1.8163629907082282
Torso lean,suit,3.21828,0.84,1,1.6717321567300587
Torso lean,suit,3.2436999999999996,0.85,1,1.6385980533635518
Torso lean,suit,3.26912,0.86,1,1.6055115526282009
Torso lean,suit,3.2945399999999996,0.87,1,1.5883044527665788
Torso lean,suit,3.31996,0.88,1,1.646909496675562
Torso lean,suit,3.3453799999999996,0.89,1,1.699074026023652
Torso lean,suit,3.3708,0.9,1,1.7479855770834831
Torso lean,suit,3.3962199999999996,0.91,1,1.8916325450319107
Torso lean,suit,3.42164,0.92,1,2.017763654813848
Torso lean,suit,3.4470599999999996,0.93,1,1.9867690930555852
Torso lean,suit,3.47248,0.9400000000000001,1,1.9452956617344341
Torso lean,suit,3.4978999999999996,0.9500000000000001,1,1.8950219924637963
Torso lean,suit,3.52332,0.96,1,2.163935778436496
Torso lean,suit,3.5487399999999996,0.97,1,2.3494387080241097
Torso lean,suit,3.57416,0.98,1,2.227400792240502
Torso lean,suit,3.5995799999999996,0.99,1,2.2361326597946913
Torso lean,suit,3.625,1.0,1,2.3322333351607085
Left upper arm,suit,1.083,0.0,1,5.261586009797156
Left upper arm,suit,1.10842,0.01,1,4.557619121671621
Left upper arm,suit,1.13384,0.02,1,4.264126235191895
Left upper arm,suit,1.15926,0.03,1,4.5264557411430815
Left upper arm,suit,1.18468,0.04,1,4.199323795354587
Left upper arm,suit,1.2101,0.05,1,3.646754782610543
Left upper arm,suit,1.23552,0.06,1,3.4651150376944315
Left upper arm,suit,1.26094,0.07,1,3.5687700055938762
Left upper arm,suit,1.28636,0.08,1,4.042708919160702
Left upper arm,suit,1.31178,0.09,1,4.041722193999945
Left upper arm,suit,1.3372,0.1,1,3.994872322638514
Left upper arm,suit,1.36262,0.11,1,4.418640519287976
Left upper arm,suit,1.38804,0.12,1,4.4356855260041925
Left upper arm,suit,1.41346,0.13,1,4.066517614969342
Left upper arm,suit,1.43888,0.14,1,3.9457105970098496
Left upper arm,suit,1.4643,0.15,1,4.001496054768836
Left upper arm,suit,1.48972,0.16,1,4.397409079276827
Left upper arm,suit,1.51514,0.17,1,4.570599543827768
Left upper arm,suit,1.54056,0.18,1,4.595507825739276
Left upper arm,suit,1.56598,0.19,1,4.65159888257233
Left upper arm,suit,1.5914,0.2,1,4.679276681454638
Left upper arm,suit,1.61682,0.21,1,4.678991686510926
Left upper arm,suit,1.64224,0.22,1,4.698293336381255
Left upper arm,suit,1.66766,0.23,1,4.679366727983677
Left upper arm,suit,1.69308,0.24,1,4.151970560676602
Left upper arm,suit,1.7185,0.25,1,3.861275492404161
Left upper arm,suit,1.74392,0.26,1,3.9446183583407333
Left upper arm,suit,1.76934,0.27,1,4.336560054746798
Left upper arm,suit,1.7947600000000001,0.28,1,4.721495694694681
Left upper arm,suit,1.82018,0.29,1,4.310265555817523
Left upper arm,suit,1.8456,0.3,1,4.10690101706129
Left upper arm,suit,1.87102,0.31,1,4.127711909983873
Left upper arm,suit,1.89644,0.32,1,4.48641847331109
Left upper arm,suit,1.92186,0.33,1,4.823006040217535
Left upper arm,suit,1.9472800000000001,0.34,1,4.838275008465303
Left upper arm,suit,1.9727000000000001,0.35000000000000003,1,5.086284043270098
Left upper arm,suit,1.99812,0.36,1,5.503083543457876
Left upper arm,suit,2.0235399999999997,0.37,1,5.263884484277753
Left upper arm,suit,2.04896,0.38,1,5.067653998179765
Left upper arm,suit,2.0743799999999997,0.39,1,5.057849413472297
Left upper arm,suit,2.0998,0.4,1,5.078202908845526
Left upper arm,suit,2.1252199999999997,0.41000000000000003,1,5.119632638554492
Left upper arm,suit,2.15064,0.42,1,5.146764795992482
Left upper arm,suit,2.1760599999999997,0.43,1,5.127351855953947
Left upper arm,suit,2.20148,0.44,1,5.066967283875556
Left upper arm,suit,2.2268999999999997,0.45,1,5.064687767204163
Left upper arm,suit,2.25232,0.46,1,5.051337486208297
Left upper arm,suit,2.2777399999999997,0.47000000000000003,1,4.647475988636472
Left upper arm,suit,2.30316,0.48,1,4.462025500956713
Left upper arm,suit,2.3285799999999997,0.49,1,4.479620774390639
Left upper arm,suit,2.354,0.5,1,4.808117557770572
Left upper arm,suit,2.3794199999999996,0.51,1,5.137226382797735
Left upper arm,suit,2.40484,0.52,1,5.150858803064466
Left upper arm,suit,2.4302599999999996,0.53,1,5.147036384190699
Left upper arm,suit,2.45568,0.54,1,5.129845126848409
Left upper arm,suit,2.4811,0.55,1,5.157799759560589
Left upper arm,suit,2.50652,0.56,1,5.254441755419464
Left upper arm,suit,2.53194,0.5700000000000001,1,5.5483379504085235
Left upper arm,suit,2.55736,0.58,1,5.462295810176954
Left upper arm,suit,2.5827799999999996,0.59,1,5.144964303794154
Left upper arm,suit,2.6082,0.6,1,5.172126082840094
Left upper arm,suit,2.6336199999999996,0.61,1,5.164696091662677
Left upper arm,suit,2.65904,0.62,1,5.066725971503672
Left upper arm,suit,2.6844599999999996,0.63,1,5.002548990916978
Left upper arm,suit,2.70988,0.64,1,4.964876183733054
Left upper arm,suit,2.7352999999999996,0.65,1,5.022659748396279
Left upper arm,suit,2.76072,0.66,1,5.045185988298044
Left upper arm,suit,2.7861399999999996,0.67,1,5.020947988917953
Left upper arm,suit,2.81156,0.68,1,4.800682791437339
Left upper arm,suit,2.83698,0.6900000000000001,1,4.688974627651675
Left upper arm,suit,2.8624,0.7000000000000001,1,5.490422934544426
Left upper arm,suit,2.8878199999999996,0.71,1,5.677927538192478
Left upper arm,suit,2.91324,0.72,1,5.261062220360998
Left upper arm,suit,2.9386599999999996,0.73,1,5.6076069465994465
Left upper arm,suit,2.96408,0.74,1,5.857063458990893
Left upper arm,suit,2.9894999999999996,0.75,1,5.352747023501024
Left upper arm,suit,3.01492,0.76,1,5.141795426920851
Left upper arm,suit,3.0403399999999996,0.77,1,5.136941918911873
Left upper arm,suit,3.06576,0.78,1,4.92762220168396
Left upper arm,suit,3.0911799999999996,0.79,1,4.888728356676268
Left upper arm,suit,3.1166,0.8,1,5.128042225790722
Left upper arm,suit,3.1420199999999996,0.81,1,4.9356273565388165
Left upper arm,suit,3.16744,0.8200000000000001,1,4.598705140244789
Left upper arm,suit,3.1928599999999996,0.8300000000000001,1,4.530199084527851
Left upper arm,suit,3.21828,0.84,1,4.630856986928563
Left upper arm,suit,3.2436999999999996,0.85,1,5.009975461919623
Left upper arm,suit,3.26912,0.86,1,4.402150315840288
Left upper arm,suit,3.2945399999999996,0.87,1,3.5942895067332756
Left upper arm,suit,3.31996,0.88,1,3.6647155171295935
Left upper arm,suit,3.3453799999999996,0.89,1,4.135842613406879
Left upper arm,suit,3.3708,0.9,1,5.0063948911590614
Left upper arm,suit,3.3962199999999996,0.91,1,5.435828041994284
Left upper arm,suit,3.42164,0.92,1,5.614714251582427
Left upper arm,suit,3.4470599999999996,0.93,1,5.166735022700777
Left upper arm,suit,3.47248,0.9400000000000001,1,4.733647234449336
Left upper arm,suit,3.4978999999999996,0.9500000000000001,1,4.2542118207352075
Left upper arm,suit,3.52332,0.96,1,4.452110062401118
Left upper arm,suit,3.5487399999999996,0.97,1,4.657804219816455
Left upper arm,suit,3.57416,0.98,1,4.693351641108563
Left upper arm,suit,3.5995799999999996,0.99,1,4.9772571765724365
Left upper arm,suit,3.625,1.0,1,5.3996412457494785
Right upper arm,suit,1.083,0.0,1,5.434747390876055
Right upper arm,suit,1.10842,0.01,1,5.002057164924139
Right upper arm,suit,1.13384,0.02,1,3.347069365539312
Right upper arm,suit,1.15926,0.03,1,3.9806000680951286
Right upper arm,suit,1.18468,0.04,1,3.5411340676446343
Right upper arm,suit,1.2101,0.05,1,2.6275031304792265
Right upper arm,suit,1.23552,0.06,1,1.8170719010217056
Right upper arm,suit,1.26094,0.07,1,1.1857997604634818
Right upper arm,suit,1.28636,0.08,1,0.7935020551616958
Right upper arm,suit,1.31178,0.09,1,0.26067067943864686
Right upper arm,suit,1.3372,0.1,1,0.8846214297392407
Right upper arm,suit,1.36262,0.11,1,2.3717375621371275
Right upper arm,suit,1.38804,0.12,1,3.8670223665511685
Right upper arm,suit,1.41346,0.13,1,5.341874205873296
Right upper arm,suit,1.43888,0.14,1,6.781070260616843
Right upper arm,suit,1.4643,0.15,1,8.497212483953405
Right upper arm,suit,1.48972,0.16,1,10.19881981376841
Right upper arm,suit,1.51514,0.17,1,12.096107324929903
Right upper arm,suit,1.54056,0.18,1,14.140963018583477
Right upper arm,suit,1.56598,0.19,1,15.104495940000675
Right upper arm,suit,1.5914,0.2,1,16.04433274355091
Right upper arm,suit,1.61682,0.21,1,17.027526001332603
Right upper arm,suit,1.64224,0.22,1,17.592482084621622
Right upper arm,suit,1.66766,0.23,1,17.698776450840796
Right upper arm,suit,1.69308,0.24,1,17.467568491401124
Right upper arm,suit,1.7185,0.25,1,17.067147781523886
Right upper arm,suit,1.74392,0.26,1,16.738777050438102
Right upper arm,suit,1.76934,0.27,1,16.44027122365111
Right upper arm,suit,1.7947600000000001,0.28,1,15.97996695812779
Right upper arm,suit,1.82018,0.29,1,15.574056187247322
Right upper arm,suit,1.8456,0.3,1,14.991997195631797
Right upper arm,suit,1.87102,0.31,1,14.220969857600977
Right upper arm,suit,1.89644,0.32,1,14.14454760616033
Right upper arm,suit,1.92186,0.33,1,14.481280786309071
Right upper arm,suit,1.9472800000000001,0.34,1,15.832698099516904
Right upper arm,suit,1.9727000000000001,0.35000000000000003,1,16.818312904767623
Right upper arm,suit,1.99812,0.36,1,17.227184436182796
Right upper arm,suit,2.0235399999999997,0.37,1,17.6446889423664
Right upper arm,suit,2.04896,0.38,1,17.45867877289814
Right upper arm,suit,2.0743799999999997,0.39,1,15.903984442752403
Right upper arm,suit,2.0998,0.4,1,15.650057040222407
Right upper arm,suit,2.1252199999999997,0.41000000000000003,1,16.174325545475625
Right upper arm,suit,2.15064,0.42,1,15.737399119672233
Right upper arm,suit,2.1760599999999997,0.43,1,15.802921343705805
Right upper arm,suit,2.20148,0.44,1,16.45070737110177
Right upper arm,suit,2.2268999999999997,0.45,1,15.893126932128439
Right upper arm,suit,2.25232,0.46,1,15.008826739675271
Right upper arm,suit,2.2777399999999997,0.47000000000000003,1,15.594405704232884
Right upper arm,suit,2.30316,0.48,1,15.664201496824347
Right upper arm,suit,2.3285799999999997,0.49,1,15.105594122322628
Right upper arm,suit,2.354,0.5,1,15.472786998447674
Right upper arm,suit,2.3794199999999996,0.51,1,15.94426610523243
Right upper arm,suit,2.40484,0.52,1,15.921934113695357
Right upper arm,suit,2.4302599999999996,0.53,1,16.202774979553737
Right upper arm,suit,2.45568,0.54,1,16.76684153041066
Right upper arm,suit,2.4811,0.55,1,16.369837527250837
Right upper arm,suit,2.50652,0.56,1,16.124341962087613
Right upper arm,suit,2.53194,0.5700000000000001,1,16.672804562521947
Right upper arm,suit,2.55736,0.58,1,16.845584183165954
Right upper arm,suit,2.5827799999999996,0.59,1,16.794940983220044
Right upper arm,suit,2.6082,0.6,1,16.253508969158645
Right upper arm,suit,2.6336199999999996,0.61,1,15.712122975489308
Right upper arm,suit,2.65904,0.62,1,15.140257971543974
Right upper arm,suit,2.6844599999999996,0.63,1,15.722189567511805
Right upper arm,suit,2.70988,0.64,1,16.713427042830745
Right upper arm,suit,2.7352999999999996,0.65,1,16.164335428095285
Right upper arm,suit,2.76072,0.66,1,16.02440160489124
Right upper arm,suit,2.7861399999999996,0.67,1,16.522655863122225
Right upper arm,suit,2.81156,0.68,1,16.140329058795288
Right upper arm,suit,2.83698,0.6900000000000001,1,15.665708953831455
Right upper arm,suit,2.8624,0.7000000000000001,1,16.171620908493793
Right upper arm,suit,2.8878199999999996,0.71,1,15.851368677039687
Right upper arm,suit,2.91324,0.72,1,14.824143218823906
Right upper arm,suit,2.9386599999999996,0.73,1,15.879132610856516
Right upper arm,suit,2.96408,0.74,1,17.14196803616835
Right upper arm,suit,2.9894999999999996,0.75,1,17.11025184395274
Right upper arm,suit,3.01492,0.76,1,16.509845163041064
Right upper arm,suit,3.0403399999999996,0.77,1,15.599455514264292
Right upper arm,suit,3.06576,0.78,1,16.529332395600164
Right upper arm,suit,3.0911799999999996,0.79,1,17.255891766000957
Right upper arm,suit,3.1166,0.8,1,17.65495878989995
Right upper arm,suit,3.1420199999999996,0.81,1,17.10173641838091
Right upper arm,suit,3.16744,0.8200000000000001,1,15.685866310859979
Right upper arm,suit,3.1928599999999996,0.8300000000000001,1,14.003166869284684
Right upper arm,suit,3.21828,0.84,1,12.488585350555923
Right upper arm,suit,3.2436999999999996,0.85,1,11.396255962703265
Right upper arm,suit,3.26912,0.86,1,10.884418094635976
Right upper arm,suit,3.2945399999999996,0.87,1,10.468918092575734
Right upper arm,suit,3.31996,0.88,1,10.650613331440923
Right upper arm,suit,3.3453799999999996,0.89,1,10.558381862261513
Right upper arm,suit,3.3708,0.9,1,10.222769312584205
Right upper arm,suit,3.3962199999999996,0.91,1,8.90555665505812
Right upper arm,suit,3.42164,0.92,1,7.3638362139259925
Right upper arm,suit,3.4470599999999996,0.93,1,4.77801250757895
Right upper arm,suit,3.47248,0.9400000000000001,1,3.1589839446423866
Right upper arm,suit,3.4978999999999996,0.9500000000000001,1,2.439624188739856
Right upper arm,suit,3.52332,0.96,1,2.0014514968376034
Right upper arm,suit,3.5487399999999996,0.97,1,1.897623525753005
Right upper arm,suit,3.57416,0.98,1,1.9533429489090395
Right upper arm,suit,3.5995799999999996,0.99,1,2.058075081829003
Right upper arm,suit,3.625,1.0,1,2.278730812956752
Left forearm,suit,1.083,0.0,1,1.8667764719509137
Left forearm,suit,1.10842,0.01,1,2.69571834018177
Left forearm,suit,1.13384,0.02,1,3.1542884910892326
Left forearm,suit,1.15926,0.03,1,2.583906056840931
Left forearm,suit,1.18468,0.04,1,2.0313400019940104
Left forearm,suit,1.2101,0.05,1,1.5053176377523414
Left forearm,suit,1.23552,0.06,1,1.4518448837915798
Left forearm,suit,1.26094,0.07,1,1.6255614345854497
Left forearm,suit,1.28636,0.08,1,2.094050881187968
Left forearm,suit,1.31178,0.09,1,1.7750380114564734
Left forearm,suit,1.3372,0.1,1,1.3536273979121916
Left forearm,suit,1.36262,0.11,1,1.345624809426397
Left forearm,suit,1.38804,0.12,1,1.5752305533766275
Left forearm,suit,1.41346,0.13,1,2.040070180609206
Left forearm,suit,1.43888,0.14,1,2.1080136787560946
Left forearm,suit,1.4643,0.15,1,2.0800484253049376
Left forearm,suit,1.48972,0.16,1,2.0636449846187475
Left forearm,suit,1.51514,0.17,1,2.0651076931526404
Left forearm,suit,1.54056,0.18,1,2.0865685110589993
Left forearm,suit,1.56598,0.19,1,2.069739017301913
Left forearm,suit,1.5914,0.2,1,2.2300443360483655
Left forearm,suit,1.61682,0.21,1,2.7205880893981202
Left forearm,suit,1.64224,0.22,1,2.5436230992704623
Left forearm,suit,1.66766,0.23,1,2.1221201584713754
Left forearm,suit,1.69308,0.24,1,2.150855068656057
Left forearm,suit,1.7185,0.25,1,2.1739605786477227
Left forearm,suit,1.74392,0.26,1,2.197666063867331
Left forearm,suit,1.76934,0.27,1,2.2026148423768177
Left forearm,suit,1.7947600000000001,0.28,1,2.2073284151248345
Left forearm,suit,1.82018,0.29,1,2.218321251158585
Left forearm,suit,1.8456,0.3,1,2.216171661101953
Left forearm,suit,1.87102,0.31,1,2.244946843253672
Left forearm,suit,1.89644,0.32,1,2.261572707624083
Left forearm,suit,1.92186,0.33,1,2.28450787171937
Left forearm,suit,1.9472800000000001,0.34,1,2.3130629113422856
Left forearm,suit,1.9727000000000001,0.35000000000000003,1,2.3345775691418282
Left forearm,suit,1.99812,0.36,1,2.3579862206107975
Left forearm,suit,2.0235399999999997,0.37,1,2.3841258013820834
Left forearm,suit,2.04896,0.38,1,2.406221468622448
Left forearm,suit,2.0743799999999997,0.39,1,2.4154019543329923
Left forearm,suit,2.0998,0.4,1,2.4072786968309288
Left forearm,suit,2.1252199999999997,0.41000000000000003,1,2.3651201453129715
Left forearm,suit,2.15064,0.42,1,2.334117208739656
Left forearm,suit,2.1760599999999997,0.43,1,2.3262127660808574
Left forearm,suit,2.20148,0.44,1,2.345777382561124
Left forearm,suit,2.2268999999999997,0.45,1,2.383493888095529
Left forearm,suit,2.25232,0.46,1,2.4274771785525786
Left forearm,suit,2.2777399999999997,0.47000000000000003,1,2.4587188809816496
Left forearm,suit,2.30316,0.48,1,2.4360719240372646
Left forearm,suit,2.3285799999999997,0.49,1,2.410537369494449
Left forearm,suit,2.354,0.5,1,2.3947056857902567
Left forearm,suit,2.3794199999999996,0.51,1,2.3801497308067496
Left forearm,suit,2.40484,0.52,1,2.3387398591744955
Left forearm,suit,2.4302599999999996,0.53,1,2.3052009890093075
Left forearm,suit,2.45568,0.54,1,2.2720331188127716
Left forearm,suit,2.4811,0.55,1,2.2412313426380592
Left forearm,suit,2.50652,0.56,1,2.2248011294217918
Left forearm,suit,2.53194,0.5700000000000001,1,2.204590912569188
Left forearm,suit,2.55736,0.58,1,2.4769753097007197
Left forearm,suit,2.5827799999999996,0.59,1,2.932996937002372
Left forearm,suit,2.6082,0.6,1,2.9348280278174457
Left forearm,suit,2.6336199999999996,0.61,1,2.776474673147277
Left forearm,suit,2.65904,0.62,1,2.3189106634852976
Left forearm,suit,2.6844599999999996,0.63,1,2.5313747808752396
Left forearm,suit,2.70988,0.64,1,2.9764681498869834
Left forearm,suit,2.7352999999999996,0.65,1,2.5336548514875403
Left forearm,suit,2.76072,0.66,1,2.2911296182310252
Left forearm,suit,2.7861399999999996,0.67,1,2.3299306171315664
Left forearm,suit,2.81156,0.68,1,2.3602345943508567
Left forearm,suit,2.83698,0.6900000000000001,1,2.313319682618385
Left forearm,suit,2.8624,0.7000000000000001,1,1.8439874822353772
Left forearm,suit,2.8878199999999996,0.71,1,1.8553488475083668
Left forearm,suit,2.91324,0.72,1,2.3444803468433406
Left forearm,suit,2.9386599999999996,0.73,1,2.4110765099385105
Left forearm,suit,2.96408,0.74,1,2.397798903493481
Left forearm,suit,2.9894999999999996,0.75,1,2.426045707686285
Left forearm,suit,3.01492,0.76,1,2.4596579145543274
Left forearm,suit,3.0403399999999996,0.77,1,2.485713833836485
Left forearm,suit,3.06576,0.78,1,2.537922176059624
Left forearm,suit,3.0911799999999996,0.79,1,2.5593854842026076
Left forearm,suit,3.1166,0.8,1,2.5782398527437635
Left forearm,suit,3.1420199999999996,0.81,1,2.6150549158853664
Left forearm,suit,3.16744,0.8200000000000001,1,2.643520933737335
Left forearm,suit,3.1928599999999996,0.8300000000000001,1,2.652505220508772
Left forearm,suit,3.21828,0.84,1,2.49182788562689
Left forearm,suit,3.2436999999999996,0.85,1,2.0628598035272034
Left forearm,suit,3.26912,0.86,1,2.3259984658785697
Left forearm,suit,3.2945399999999996,0.87,1,2.7791063227199118
Left forearm,suit,3.31996,0.88,1,2.7887891952378254
Left forearm,suit,3.3453799999999996,0.89,1,2.5465623526075376
Left forearm,suit,3.3708,0.9,1,2.0633892737496637
Left forearm,suit,3.3962199999999996,0.91,1,1.9617888074535017
Left forearm,suit,3.42164,0.92,1,2.1553592389485914
Left forearm,suit,3.4470599999999996,0.93,1,3.149229461092574
Left forearm,suit,3.47248,0.9400000000000001,1,3.2862651804722134
Left forearm,suit,3.4978999999999996,0.9500000000000001,1,2.7947031526571493
Left forearm,suit,3.52332,0.96,1,3.179124161639521
Left forearm,suit,3.5487399999999996,0.97,1,3.5019845038274298
Left forearm,suit,3.57416,0.98,1,3.482837510482881
Left forearm,suit,3.5995799999999996,0.99,1,3.4746628418047862
Left forearm,suit,3.625,1.0,1,3.480217417908051
Right forearm,suit,1.083,0.0,1,3.2064942507983005
Right forearm,suit,1.10842,0.01,1,4.134466750968329
Right forearm,suit,1.13384,0.02,1,0.5629700532607558
Right forearm,suit,1.15926,0.03,1,1.0588383822896503
Right forearm,suit,1.18468,0.04,1,0.29812413184453135
Right forearm,suit,1.2101,0.05,1,0.6834273660296333
Right forearm,suit,1.23552,0.06,1,0.8409375786507951
Right forearm,suit,1.26094,0.07,1,0.4294508810670834
Right forearm,suit,1.28636,0.08,1,2.6891993010257806
Right forearm,suit,1.31178,0.09,1,3.297684374255198
Right forearm,suit,1.3372,0.1,1,2.424659802487554
Right forearm,suit,1.36262,0.11,1,1.9299696874633696
Right forearm,suit,1.38804,0.12,1,1.2422436216980373
Right forearm,suit,1.41346,0.13,1,0.15940713255838546
Right forearm,suit,1.43888,0.14,1,1.9611108168044211
Right forearm,suit,1.4643,0.15,1,4.3275897300287625
Right forearm,suit,1.48972,0.16,1,5.803913339037962
Right forearm,suit,1.51514,0.17,1,6.926413856956145
Right forearm,suit,1.54056,0.18,1,7.631082940797285
Right forearm,suit,1.56598,0.19,1,7.782552038724816
Right forearm,suit,1.5914,0.2,1,7.726262441869267
Right forearm,suit,1.61682,0.21,1,8.488420969364796
Right forearm,suit,1.64224,0.22,1,8.643862192243489
Right forearm,suit,1.66766,0.23,1,8.99192955752838
Right forearm,suit,1.69308,0.24,1,10.657224234498443
Right forearm,suit,1.7185,0.25,1,12.553379583752474
Right forearm,suit,1.74392,0.26,1,14.085085565719595
Right forearm,suit,1.76934,0.27,1,15.293218910284224
Right forearm,suit,1.7947600000000001,0.28,1,16.701903271701156
Right forearm,suit,1.82018,0.29,1,17.84970221809769
Right forearm,suit,1.8456,0.3,1,19.26773208131806
Right forearm,suit,1.87102,0.31,1,21.191193528953704
Right forearm,suit,1.89644,0.32,1,25.10210992846936
Right forearm,suit,1.92186,0.33,1,29.80197015921115
Right forearm,suit,1.9472800000000001,0.34,1,27.832484802035083
Right forearm,suit,1.9727000000000001,0.35000000000000003,1,25.458981549542273
Right forearm,suit,1.99812,0.36,1,21.420094929688076
Right forearm,suit,2.0235399999999997,0.37,1,24.089327773861726
Right forearm,suit,2.04896,0.38,1,59.440488651426165
Right forearm,suit,2.0743799999999997,0.39,1,63.8764336740939
Right forearm,suit,2.0998,0.4,1,63.78510446970904
Right forearm,suit,2.1252199999999997,0.41000000000000003,1,62.1653081416253
Right forearm,suit,2.15064,0.42,1,64.45101355755764
Right forearm,suit,2.1760599999999997,0.43,1,65.55120577290842
Right forearm,suit,2.20148,0.44,1,64.57523105788133
Right forearm,suit,2.2268999999999997,0.45,1,64.92572802591468
Right forearm,suit,2.25232,0.46,1,65.856723090684
Right forearm,suit,2.2777399999999997,0.47000000000000003,1,66.33681603062269
Right forearm,suit,2.30316,0.48,1,66.1763219044631
Right forearm,suit,2.3285799999999997,0.49,1,65.14413430596386
Right forearm,suit,2.354,0.5,1,62.83697217255005
Right forearm,suit,2.3794199999999996,0.51,1,61.450376296366926
Right forearm,suit,2.40484,0.52,1,68.57350592162038
Right forearm,suit,2.4302599999999996,0.53,1,70.54162986414815
Right forearm,suit,2.45568,0.54,1,67.73835354473545
Right forearm,suit,2.4811,0.55,1,67.6387897249455
Right forearm,suit,2.50652,0.56,1,67.99637032893227
Right forearm,suit,2.53194,0.5700000000000001,1,68.87866808751349
Right forearm,suit,2.55736,0.58,1,70.1630331342443
Right forearm,suit,2.5827799999999996,0.59,1,71.40316447897831
Right forearm,suit,2.6082,0.6,1,72.34915335015731
Right forearm,suit,2.6336199999999996,0.61,1,73.70452349066008
Right forearm,suit,2.65904,0.62,1,75.84750851605813
Right forearm,suit,2.6844599999999996,0.63,1,75.17838589463511
Right forearm,suit,2.70988,0.64,1,73.5070435054169
Right forearm,suit,2.7352999999999996,0.65,1,73.85272721362577
Right forearm,suit,2.76072,0.66,1,74.7718406807831
Right forearm,suit,2.7861399999999996,0.67,1,76.37854131130848
Right forearm,suit,2.81156,0.68,1,78.93850172936055
Right forearm,suit,2.83698,0.6900000000000001,1,81.16657985665734
Right forearm,suit,2.8624,0.7000000000000001,1,78.48346291147743
Right forearm,suit,2.8878199999999996,0.71,1,76.23033940818016
Right forearm,suit,2.91324,0.72,1,72.882631116744
Right forearm,suit,2.9386599999999996,0.73,1,80.79942960622986
Right forearm,suit,2.96408,0.74,1,83.71319657498998
Right forearm,suit,2.9894999999999996,0.75,1,70.4092941450692
Right forearm,suit,3.01492,0.76,1,24.286354027517888
Right forearm,suit,3.0403399999999996,0.77,1,27.99795166171228
Right forearm,suit,3.06576,0.78,1,32.21646741359302
Right forearm,suit,3.0911799999999996,0.79,1,32.16022174181043
Right forearm,suit,3.1166,0.8,1,28.979998729831323
Right forearm,suit,3.1420199999999996,0.81,1,30.02803312769538
Right forearm,suit,3.16744,0.8200000000000001,1,32.69602337895108
Right forearm,suit,3.1928599999999996,0.8300000000000001,1,29.396805025915796
Right forearm,suit,3.21828,0.84,1,27.020766357147778
Right forearm,suit,3.2436999999999996,0.85,1,25.17845922983949
Right forearm,suit,3.26912,0.86,1,22.85784371913371
Right forearm,suit,3.2945399999999996,0.87,1,21.281895251924368
Right forearm,suit,3.31996,0.88,1,18.089681126653915
Right forearm,suit,3.3453799999999996,0.89,1,15.380675730051593
Right forearm,suit,3.3708,0.9,1,13.4209531054683
Right forearm,suit,3.3962199999999996,0.91,1,9.166773924347524
Right forearm,suit,3.42164,0.92,1,4.965995613925912
Right forearm,suit,3.4470599999999996,0.93,1,2.3219375375085463
Right forearm,suit,3.47248,0.9400000000000001,1,0.793458826346324
Right forearm,suit,3.4978999999999996,0.9500000000000001,1,0.5207255589558031
Right forearm,suit,3.52332,0.96,1,0.9120055833875824
Right forearm,suit,3.5487399999999996,0.97,1,2.8715930621329733
Right forearm,suit,3.57416,0.98,1,5.822891990156705
Right forearm,suit,3.5995799999999996,0.99,1,5.478101599926191
Right forearm,suit,3.625,1.0,1,3.1173872563294367
Left elbow bend,suit,1.083,0.0,1,3.394809537846072
Left elbow bend,suit,1.10842,0.01,1,1.8619007814899078
Left elbow bend,suit,1.13384,0.02,1,1.1098377441027196
Left elbow bend,suit,1.15926,0.03,1,1.9425496843020085
Left elbow bend,suit,1.18468,0.04,1,2.167983793360662
Left elbow bend,suit,1.2101,0.05,1,2.1414371448581164
Left elbow bend,suit,1.23552,0.06,1,2.0132701539028517
Left elbow bend,suit,1.26094,0.07,1,1.9432085710083413
Left elbow bend,suit,1.28636,0.08,1,1.9486580379727627
Left elbow bend,suit,1.31178,0.09,1,2.2666841825434716
Left elbow bend,suit,1.3372,0.1,1,2.641244924726209
Left elbow bend,suit,1.36262,0.11,1,3.0730157098615507
Left elbow bend,suit,1.38804,0.12,1,2.8604549726275366
Left elbow bend,suit,1.41346,0.13,1,2.0264474343600796
Left elbow bend,suit,1.43888,0.14,1,1.8376969182538119
Left elbow bend,suit,1.4643,0.15,1,1.9214476294640406
Left elbow bend,suit,1.48972,0.16,1,2.333764094658136
Left elbow bend,suit,1.51514,0.17,1,2.505491850675128
Left elbow bend,suit,1.54056,0.18,1,2.5089393146803047
Left elbow bend,suit,1.56598,0.19,1,2.581859865270445
Left elbow bend,suit,1.5914,0.2,1,2.4492323454062728
Left elbow bend,suit,1.61682,0.21,1,1.9584035971128912
Left elbow bend,suit,1.64224,0.22,1,2.1546702371109347
Left elbow bend,suit,1.66766,0.23,1,2.557246569512415
Left elbow bend,suit,1.69308,0.24,1,2.0011154920206025
Left elbow bend,suit,1.7185,0.25,1,1.6873149137564667
Left elbow bend,suit,1.74392,0.26,1,1.7469522944734592
Left elbow bend,suit,1.76934,0.27,1,2.13394521236998
Left elbow bend,suit,1.7947600000000001,0.28,1,2.5141672795699606
Left elbow bend,suit,1.82018,0.29,1,2.0919443046589095
Left elbow bend,suit,1.8456,0.3,1,1.8907293559592517
Left elbow bend,suit,1.87102,0.31,1,1.8827650667301725
Left elbow bend,suit,1.89644,0.32,1,2.224845765686922
Left elbow bend,suit,1.92186,0.33,1,2.5384981684981938
Left elbow bend,suit,1.9472800000000001,0.34,1,2.525212097122875
Left elbow bend,suit,1.9727000000000001,0.35000000000000003,1,2.7517064741282127
Left elbow bend,suit,1.99812,0.36,1,3.1450973228472208
Left elbow bend,suit,2.0235399999999997,0.37,1,2.8797586828955843
Left elbow bend,suit,2.04896,0.38,1,2.661432529557345
Left elbow bend,suit,2.0743799999999997,0.39,1,2.642447459139305
Left elbow bend,suit,2.0998,0.4,1,2.6709242120146257
Left elbow bend,suit,2.1252199999999997,0.41000000000000003,1,2.7545124932414637
Left elbow bend,suit,2.15064,0.42,1,2.8126475872527976
Left elbow bend,suit,2.1760599999999997,0.43,1,2.801139089872919
Left elbow bend,suit,2.20148,0.44,1,2.7211899013144887
Left elbow bend,suit,2.2268999999999997,0.45,1,2.681193879108747
Left elbow bend,suit,2.25232,0.46,1,2.623860307655633
Left elbow bend,suit,2.2777399999999997,0.47000000000000003,1,2.188757107654908
Left elbow bend,suit,2.30316,0.48,1,2.0259535769193633
Left elbow bend,suit,2.3285799999999997,0.49,1,2.0690834048961904
Left elbow bend,suit,2.354,0.5,1,2.413411871980145
Left elbow bend,suit,2.3794199999999996,0.51,1,2.7570766519910137
Left elbow bend,suit,2.40484,0.52,1,2.8121189438898853
Left elbow bend,suit,2.4302599999999996,0.53,1,2.8418353951814765
Left elbow bend,suit,2.45568,0.54,1,2.857812008035694
Left elbow bend,suit,2.4811,0.55,1,2.9165684169224733
Left elbow bend,suit,2.50652,0.56,1,3.0296406259976436
Left elbow bend,suit,2.53194,0.5700000000000001,1,3.3437470378393357
Left elbow bend,suit,2.55736,0.58,1,2.9853205004762913
Left elbow bend,suit,2.5827799999999996,0.59,1,2.211967366791839
Left elbow bend,suit,2.6082,0.6,1,2.237298055022535
Left elbow bend,suit,2.6336199999999996,0.61,1,2.388221418515485
Left elbow bend,suit,2.65904,0.62,1,2.7478153080184313
Left elbow bend,suit,2.6844599999999996,0.63,1,2.471174210041653
Left elbow bend,suit,2.70988,0.64,1,1.9884080338461274
Left elbow bend,suit,2.7352999999999996,0.65,1,2.4890048969086536
Left elbow bend,suit,2.76072,0.66,1,2.7540563700671328
Left elbow bend,suit,2.7861399999999996,0.67,1,2.6910173717863586
Left elbow bend,suit,2.81156,0.68,1,2.4404481970863117
Left elbow bend,suit,2.83698,0.6900000000000001,1,2.3756549450332045
Left elbow bend,suit,2.8624,0.7000000000000001,1,3.6464354523092197
Left elbow bend,suit,2.8878199999999996,0.71,1,3.822578690684196
Left elbow bend,suit,2.91324,0.72,1,2.916581873517771
Left elbow bend,suit,2.9386599999999996,0.73,1,3.196530436660993
Left elbow bend,suit,2.96408,0.74,1,3.4592645554972705
Left elbow bend,suit,2.9894999999999996,0.75,1,2.926701315814597
Left elbow bend,suit,3.01492,0.76,1,2.682137512366552
Left elbow bend,suit,3.0403399999999996,0.77,1,2.6512280850754166
Left elbow bend,suit,3.06576,0.78,1,2.3897000256243643
Left elbow bend,suit,3.0911799999999996,0.79,1,2.329342872473802
Left elbow bend,suit,3.1166,0.8,1,2.5498023730469868
Left elbow bend,suit,3.1420199999999996,0.81,1,2.3205724406532795
Left elbow bend,suit,3.16744,0.8200000000000001,1,1.9551842065074823
Left elbow bend,suit,3.1928599999999996,0.8300000000000001,1,1.8776938640190792
Left elbow bend,suit,3.21828,0.84,1,2.1390291013016167
Left elbow bend,suit,3.2436999999999996,0.85,1,2.94711565839242
Left elbow bend,suit,3.26912,0.86,1,2.076151849961775
Left elbow bend,suit,3.2945399999999996,0.87,1,0.8151831840134207
Left elbow bend,suit,3.31996,0.88,1,0.8759263218917681
Left elbow bend,suit,3.3453799999999996,0.89,1,1.5892802607991712
Left elbow bend,suit,3.3708,0.9,1,2.94300561740954
Left elbow bend,suit,3.3962199999999996,0.91,1,3.4740392345408395
Left elbow bend,suit,3.42164,0.92,1,3.4593550126340347
Left elbow bend,suit,3.4470599999999996,0.93,1,2.0175055616080613
Left elbow bend,suit,3.47248,0.9400000000000001,1,1.447382053977151
Left elbow bend,suit,3.4978999999999996,0.9500000000000001,1,1.4595086680780298
Left elbow bend,suit,3.52332,0.96,1,1.2729859007614834
Left elbow bend,suit,3.5487399999999996,0.97,1,1.1558197159891108
Left elbow bend,suit,3.57416,0.98,1,1.2105141306255973
Left elbow bend,suit,3.5995799999999996,0.99,1,1.502594334767565
Left elbow bend,suit,3.625,1.0,1,1.919423827841399
Right elbow bend,suit,1.083,0.0,1,8.641241641674384
Right elbow bend,suit,1.10842,0.01,1,9.13652391589244
Right elbow bend,suit,1.13384,0.02,1,3.910039418800068
Right elbow bend,suit,1.15926,0.03,1,5.0394384503847505
Right elbow bend,suit,1.18468,0.04,1,3.8392581994891657
Right elbow bend,suit,1.2101,0.05,1,1.9440757644496216
Right elbow bend,suit,1.23552,0.06,1,2.6580094796725007
Right elbow bend,suit,1.26094,0.07,1,1.6152506415305652
Right elbow bend,suit,1.28636,0.08,1,1.8956972458640848
Right elbow bend,suit,1.31178,0.09,1,3.236228865839905
Right elbow bend,suit,1.3372,0.1,1,1.5400383727483131
Right elbow bend,suit,1.36262,0.11,1,0.4417678746737579
Right elbow bend,suit,1.38804,0.12,1,2.6247787448531597
Right elbow bend,suit,1.41346,0.13,1,5.50128133843171
Right elbow bend,suit,1.43888,0.14,1,8.742181077421236
Right elbow bend,suit,1.4643,0.15,1,12.824802213982139
Right elbow bend,suit,1.48972,0.16,1,16.0027331528064
Right elbow bend,suit,1.51514,0.17,1,19.02252118188602
Right elbow bend,suit,1.54056,0.18,1,21.772045959380762
Right elbow bend,suit,1.56598,0.19,1,22.88704797872552
Right elbow bend,suit,1.5914,0.2,1,23.770595185420206
Right elbow bend,suit,1.61682,0.21,1,25.5159469706974
Right elbow bend,suit,1.64224,0.22,1,26.236344276865083
Right elbow bend,suit,1.66766,0.23,1,26.690706008369148
Right elbow bend,suit,1.69308,0.24,1,28.124792725899596
Right elbow bend,suit,1.7185,0.25,1,29.62052736527636
Right elbow bend,suit,1.74392,0.26,1,30.823862616157697
Right elbow bend,suit,1.76934,0.27,1,31.733490133935334
Right elbow bend,suit,1.7947600000000001,0.28,1,32.681870229828974
Right elbow bend,suit,1.82018,0.29,1,33.42375840534504
Right elbow bend,suit,1.8456,0.3,1,34.259729276949884
Right elbow bend,suit,1.87102,0.31,1,35.41216338655468
Right elbow bend,suit,1.89644,0.32,1,39.24665753462966
Right elbow bend,suit,1.92186,0.33,1,44.283250945520194
Right elbow bend,suit,1.9472800000000001,0.34,1,43.665182901552015
Right elbow bend,suit,1.9727000000000001,0.35000000000000003,1,42.277294454309896
Right elbow bend,suit,1.99812,0.36,1,38.647279365870844
Right elbow bend,suit,2.0235399999999997,0.37,1,6.444638831495297
Right elbow bend,suit,2.04896,0.38,1,41.981809878528
Right elbow bend,suit,2.0743799999999997,0.39,1,47.9724492313415
Right elbow bend,suit,2.0998,0.4,1,48.135047429486605
Right elbow bend,suit,2.1252199999999997,0.41000000000000003,1,45.990982596149706
Right elbow bend,suit,2.15064,0.42,1,48.71361443788541
Right elbow bend,suit,2.1760599999999997,0.43,1,49.74828442920267
Right elbow bend,suit,2.20148,0.44,1,48.124523686779526
Right elbow bend,suit,2.2268999999999997,0.45,1,49.03260109378627
Right elbow bend,suit,2.25232,0.46,1,50.847896351008785
Right elbow bend,suit,2.2777399999999997,0.47000000000000003,1,50.7424103263898
Right elbow bend,suit,2.30316,0.48,1,50.51212040763875
Right elbow bend,suit,2.3285799999999997,0.49,1,50.03854018364123
Right elbow bend,suit,2.354,0.5,1,47.364185174102374
Right elbow bend,suit,2.3794199999999996,0.51,1,45.50611019113447
Right elbow bend,suit,2.40484,0.52,1,52.65157180792505
Right elbow bend,suit,2.4302599999999996,0.53,1,54.33885488459441
Right elbow bend,suit,2.45568,0.54,1,50.97151201432479
Right elbow bend,suit,2.4811,0.55,1,51.26895219769466
Right elbow bend,suit,2.50652,0.56,1,51.87202836684466
Right elbow bend,suit,2.53194,0.5700000000000001,1,52.205863524991486
Right elbow bend,suit,2.55736,0.58,1,53.31744895107835
Right elbow bend,suit,2.5827799999999996,0.59,1,54.608223495758295
Right elbow bend,suit,2.6082,0.6,1,56.095644380998664
Right elbow bend,suit,2.6336199999999996,0.61,1,57.99240051517083
Right elbow bend,suit,2.65904,0.62,1,60.707250544514125
Right elbow bend,suit,2.6844599999999996,0.63,1,59.45619632712328
Right elbow bend,suit,2.70988,0.64,1,56.793616462586215
Right elbow bend,suit,2.7352999999999996,0.65,1,57.68839178553054
Right elbow bend,suit,2.76072,0.66,1,58.74743907589186
Right elbow bend,suit,2.7861399999999996,0.67,1,59.855885448186314
Right elbow bend,suit,2.81156,0.68,1,62.79817267056532
Right elbow bend,suit,2.83698,0.6900000000000001,1,65.50087090282591
Right elbow bend,suit,2.8624,0.7000000000000001,1,62.31184200298364
Right elbow bend,suit,2.8878199999999996,0.71,1,60.37897073114044
Right elbow bend,suit,2.91324,0.72,1,58.05848789792006
Right elbow bend,suit,2.9386599999999996,0.73,1,64.92029699537332
Right elbow bend,suit,2.96408,0.74,1,66.57122853882157
Right elbow bend,suit,2.9894999999999996,0.75,1,53.29904230111646
Right elbow bend,suit,3.01492,0.76,1,7.776508864476796
Right elbow bend,suit,3.0403399999999996,0.77,1,43.59740717597657
Right elbow bend,suit,3.06576,0.78,1,48.74579980919316
Right elbow bend,suit,3.0911799999999996,0.79,1,49.41611350781136
Right elbow bend,suit,3.1166,0.8,1,46.634957519731245
Right elbow bend,suit,3.1420199999999996,0.81,1,47.12976954607626
Right elbow bend,suit,3.16744,0.8200000000000001,1,48.38188968981106
Right elbow bend,suit,3.1928599999999996,0.8300000000000001,1,43.39997189520051
Right elbow bend,suit,3.21828,0.84,1,39.50935170770367
Right elbow bend,suit,3.2436999999999996,0.85,1,36.574715192542754
Right elbow bend,suit,3.26912,0.86,1,33.74226181376969
Right elbow bend,suit,3.2945399999999996,0.87,1,31.750813344500102
Right elbow bend,suit,3.31996,0.88,1,28.740294458094837
Right elbow bend,suit,3.3453799999999996,0.89,1,25.939057592313134
Right elbow bend,suit,3.3708,0.9,1,23.643722418052505
Right elbow bend,suit,3.3962199999999996,0.91,1,18.072330579405616
Right elbow bend,suit,3.42164,0.92,1,12.329831827851876
Right elbow bend,suit,3.4470599999999996,0.93,1,7.099950045087496
Right elbow bend,suit,3.47248,0.9400000000000001,1,3.952442770988739
Right elbow bend,suit,3.4978999999999996,0.9500000000000001,1,2.960349747695659
Right elbow bend,suit,3.52332,0.96,1,1.0894459134500494
Right elbow bend,suit,3.5487399999999996,0.97,1,0.9739695363799399
Right elbow bend,suit,3.57416,0.98,1,3.869549041247666
Right elbow bend,suit,3.5995799999999996,0.99,1,3.4200265180972167
Right elbow bend,suit,3.625,1.0,1,0.8386564433726846
Left thumb shape,suit,1.083,0.0,1,9.492654750097492
Left thumb shape,suit,1.10842,0.01,1,7.98262392348811
Left thumb shape,suit,1.13384,0.02,1,7.1510600778215405
Left thumb shape,suit,1.15926,0.03,1,7.98033826651555
Left thumb shape,suit,1.18468,0.04,1,8.489370466037343
Left thumb shape,suit,1.2101,0.05,1,8.742261852079556
Left thumb shape,suit,1.23552,0.06,1,10.378718778981835
Left thumb shape,suit,1.26094,0.07,1,11.418103541269053
Left thumb shape,suit,1.28636,0.08,1,11.129307363170179
Left thumb shape,suit,1.31178,0.09,1,11.813458898989007
Left thumb shape,suit,1.3372,0.1,1,13.073687339476095
Left thumb shape,suit,1.36262,0.11,1,14.229905905399676
Left thumb shape,suit,1.38804,0.12,1,13.066428499227726
Left thumb shape,suit,1.41346,0.13,1,11.639608079024109
Left thumb shape,suit,1.43888,0.14,1,10.488471517391948
Left thumb shape,suit,1.4643,0.15,1,9.130280743865901
Left thumb shape,suit,1.48972,0.16,1,8.542486077657893
Left thumb shape,suit,1.51514,0.17,1,7.329379506527412
Left thumb shape,suit,1.54056,0.18,1,6.172550285187185
Left thumb shape,suit,1.56598,0.19,1,7.1414243313956165
Left thumb shape,suit,1.5914,0.2,1,8.440826572947932
Left thumb shape,suit,1.61682,0.21,1,9.566761931049683
Left thumb shape,suit,1.64224,0.22,1,10.002096047834206
Left thumb shape,suit,1.66766,0.23,1,9.58973640921935
Left thumb shape,suit,1.69308,0.24,1,8.711230069537086
Left thumb shape,suit,1.7185,0.25,1,7.852111529009487
Left thumb shape,suit,1.74392,0.26,1,7.464776674590297
Left thumb shape,suit,1.76934,0.27,1,7.739757600703389
Left thumb shape,suit,1.7947600000000001,0.28,1,8.275910551608055
Left thumb shape,suit,1.82018,0.29,1,9.361204730393998
Left thumb shape,suit,1.8456,0.3,1,10.06823533001174
Left thumb shape,suit,1.87102,0.31,1,10.202140101998074
Left thumb shape,suit,1.89644,0.32,1,10.103729792653288
Left thumb shape,suit,1.92186,0.33,1,9.699929694515049
Left thumb shape,suit,1.9472800000000001,0.34,1,8.312818540830202
Left thumb shape,suit,1.9727000000000001,0.35000000000000003,1,8.711372818307629
Left thumb shape,suit,1.99812,0.36,1,8.712618414068478
Left thumb shape,suit,2.0235399999999997,0.37,1,9.08530898142565
Left thumb shape,suit,2.04896,0.38,1,9.767145598889442
Left thumb shape,suit,2.0743799999999997,0.39,1,10.910839286023247
Left thumb shape,suit,2.0998,0.4,1,9.5386240505089
Left thumb shape,suit,2.1252199999999997,0.41000000000000003,1,11.376338972908854
Left thumb shape,suit,2.15064,0.42,1,9.816036500309792
Left thumb shape,suit,2.1760599999999997,0.43,1,10.344421216640447
Left thumb shape,suit,2.20148,0.44,1,9.631335941132724
Left thumb shape,suit,2.2268999999999997,0.45,1,9.125724922776149
Left thumb shape,suit,2.25232,0.46,1,8.799991398325423
Left thumb shape,suit,2.2777399999999997,0.47000000000000003,1,8.89918689169528
Left thumb shape,suit,2.30316,0.48,1,10.967972720810764
Left thumb shape,suit,2.3285799999999997,0.49,1,9.841572815672047
Left thumb shape,suit,2.354,0.5,1,8.278860052128246
Left thumb shape,suit,2.3794199999999996,0.51,1,8.988176280597733
Left thumb shape,suit,2.40484,0.52,1,7.527357582124068
Left thumb shape,suit,2.4302599999999996,0.53,1,6.752339591046422
Left thumb shape,suit,2.45568,0.54,1,6.558338385323395
Left thumb shape,suit,2.4811,0.55,1,7.662835089036558
Left thumb shape,suit,2.50652,0.56,1,8.210490549256415
Left thumb shape,suit,2.53194,0.5700000000000001,1,7.148550362532878
Left thumb shape,suit,2.55736,0.58,1,8.000768724610404
Left thumb shape,suit,2.5827799999999996,0.59,1,10.085068693815003
Left thumb shape,suit,2.6082,0.6,1,8.01027973701172
Left thumb shape,suit,2.6336199999999996,0.61,1,7.906194510366437
Left thumb shape,suit,2.65904,0.62,1,8.479778452397644
Left thumb shape,suit,2.6844599999999996,0.63,1,8.608187195793704
Left thumb shape,suit,2.70988,0.64,1,9.95983788506419
Left thumb shape,suit,2.7352999999999996,0.65,1,7.642386663586639
Left thumb shape,suit,2.76072,0.66,1,9.727703593588265
Left thumb shape,suit,2.7861399999999996,0.67,1,8.710743401092884
Left thumb shape,suit,2.81156,0.68,1,8.16489544189641
Left thumb shape,suit,2.83698,0.6900000000000001,1,8.121019111317205
Left thumb shape,suit,2.8624,0.7000000000000001,1,8.08174021075241
Left thumb shape,suit,2.8878199999999996,0.71,1,7.137656791442272
Left thumb shape,suit,2.91324,0.72,1,11.87907820978659
Left thumb shape,suit,2.9386599999999996,0.73,1,9.646161326742913
Left thumb shape,suit,2.96408,0.74,1,8.54025573756571
Left thumb shape,suit,2.9894999999999996,0.75,1,7.364759261438896
Left thumb shape,suit,3.01492,0.76,1,7.748758407166122
Left thumb shape,suit,3.0403399999999996,0.77,1,7.715509101636068
Left thumb shape,suit,3.06576,0.78,1,6.704913997615904
Left thumb shape,suit,3.0911799999999996,0.79,1,5.91542604120022
Left thumb shape,suit,3.1166,0.8,1,6.5403980067122705
Left thumb shape,suit,3.1420199999999996,0.81,1,6.568119455584603
Left thumb shape,suit,3.16744,0.8200000000000001,1,7.618638166007325
Left thumb shape,suit,3.1928599999999996,0.8300000000000001,1,7.608317804702153
Left thumb shape,suit,3.21828,0.84,1,7.879785980956977
Left thumb shape,suit,3.2436999999999996,0.85,1,7.859899745034824
Left thumb shape,suit,3.26912,0.86,1,9.143666029747331
Left thumb shape,suit,3.2945399999999996,0.87,1,10.368673960681349
Left thumb shape,suit,3.31996,0.88,1,6.349555230459582
Left thumb shape,suit,3.3453799999999996,0.89,1,7.391796446437534
Left thumb shape,suit,3.3708,0.9,1,8.707246377401939
Left thumb shape,suit,3.3962199999999996,0.91,1,7.912872108943939
Left thumb shape,suit,3.42164,0.92,1,7.969600490047999
Left thumb shape,suit,3.4470599999999996,0.93,1,8.254955610600936
Left thumb shape,suit,3.47248,0.9400000000000001,1,7.861833350244116
Left thumb shape,suit,3.4978999999999996,0.9500000000000001,1,7.0422292409767335
Left thumb shape,suit,3.52332,0.96,1,7.221184793009418
Left thumb shape,suit,3.5487399999999996,0.97,1,7.792571317788561
Left thumb shape,suit,3.57416,0.98,1,6.088582862655755
Left thumb shape,suit,3.5995799999999996,0.99,1,7.264933666757012
Left thumb shape,suit,3.625,1.0,1,7.179850633654269
Left index shape,suit,1.083,0.0,1,4.65403901151015
Left index shape,suit,1.10842,0.01,1,4.434274274387832
Left index shape,suit,1.13384,0.02,1,3.597849535184878
Left index shape,suit,1.15926,0.03,1,4.028817260001158
Left index shape,suit,1.18468,0.04,1,3.7784546951301365
Left index shape,suit,1.2101,0.05,1,3.4012151059227356
Left index shape,suit,1.23552,0.06,1,6.5059431413570605
Left index shape,suit,1.26094,0.07,1,9.061148712360241
Left index shape,suit,1.28636,0.08,1,8.461246054677389
Left index shape,suit,1.31178,0.09,1,4.876628198087246
Left index shape,suit,1.3372,0.1,1,7.100597173958363
Left index shape,suit,1.36262,0.11,1,5.48154802591885
Left index shape,suit,1.38804,0.12,1,6.990973422489001
Left index shape,suit,1.41346,0.13,1,8.125015566689465
Left index shape,suit,1.43888,0.14,1,6.804073232300927
Left index shape,suit,1.4643,0.15,1,4.930630253753691
Left index shape,suit,1.48972,0.16,1,4.025365301423061
Left index shape,suit,1.51514,0.17,1,3.9724439251628687
Left index shape,suit,1.54056,0.18,1,3.9398093278941437
Left index shape,suit,1.56598,0.19,1,7.423418497492984
Left index shape,suit,1.5914,0.2,1,9.21362280777229
Left index shape,suit,1.61682,0.21,1,7.224254636741364
Left index shape,suit,1.64224,0.22,1,6.8823540250441795
Left index shape,suit,1.66766,0.23,1,7.839679936777126
Left index shape,suit,1.69308,0.24,1,1.9884847834464097
Left index shape,suit,1.7185,0.25,1,1.5141790142500515
Left index shape,suit,1.74392,0.26,1,7.385571899984181
Left index shape,suit,1.76934,0.27,1,8.070095756450476
Left index shape,suit,1.7947600000000001,0.28,1,6.625755549914089
Left index shape,suit,1.82018,0.29,1,7.704528589636993
Left index shape,suit,1.8456,0.3,1,6.050415759349231
Left index shape,suit,1.87102,0.31,1,1.4590922122467778
Left index shape,suit,1.89644,0.32,1,2.838934514742912
Left index shape,suit,1.92186,0.33,1,4.8701836632354985
Left index shape,suit,1.9472800000000001,0.34,1,5.891077387088823
Left index shape,suit,1.9727000000000001,0.35000000000000003,1,6.463212636427518
Left index shape,suit,1.99812,0.36,1,8.241825388274691
Left index shape,suit,2.0235399999999997,0.37,1,7.927627790662551
Left index shape,suit,2.04896,0.38,1,7.137859218875121
Left index shape,suit,2.0743799999999997,0.39,1,6.040572203136851
Left index shape,suit,2.0998,0.4,1,6.445308307139565
Left index shape,suit,2.1252199999999997,0.41000000000000003,1,4.858614344781368
Left index shape,suit,2.15064,0.42,1,5.757897801532323
Left index shape,suit,2.1760599999999997,0.43,1,5.195594972639289
Left index shape,suit,2.20148,0.44,1,6.885469389648828
Left index shape,suit,2.2268999999999997,0.45,1,7.959829681203691
Left index shape,suit,2.25232,0.46,1,11.397152862574046
Left index shape,suit,2.2777399999999997,0.47000000000000003,1,7.152852514899678
Left index shape,suit,2.30316,0.48,1,5.676808757800861
Left index shape,suit,2.3285799999999997,0.49,1,4.983775731371064
Left index shape,suit,2.354,0.5,1,5.956432436653794
Left index shape,suit,2.3794199999999996,0.51,1,7.442677864556042
Left index shape,suit,2.40484,0.52,1,7.4553232796215525
Left index shape,suit,2.4302599999999996,0.53,1,7.470454916016138
Left index shape,suit,2.45568,0.54,1,7.483003529094911
Left index shape,suit,2.4811,0.55,1,4.6458622756814805
Left index shape,suit,2.50652,0.56,1,2.131981070537156
Left index shape,suit,2.53194,0.5700000000000001,1,5.1493253095016955
Left index shape,suit,2.55736,0.58,1,4.539489299347641
Left index shape,suit,2.5827799999999996,0.59,1,4.783199977631483
Left index shape,suit,2.6082,0.6,1,4.814788077425173
Left index shape,suit,2.6336199999999996,0.61,1,5.442541651367634
Left index shape,suit,2.65904,0.62,1,7.09436095038122
Left index shape,suit,2.6844599999999996,0.63,1,6.901455705560939
Left index shape,suit,2.70988,0.64,1,5.8094794792270745
Left index shape,suit,2.7352999999999996,0.65,1,6.844545353087464
Left index shape,suit,2.76072,0.66,1,8.249333380951185
Left index shape,suit,2.7861399999999996,0.67,1,7.287430882525551
Left index shape,suit,2.81156,0.68,1,5.693194308143224
Left index shape,suit,2.83698,0.6900000000000001,1,7.382195689126244
Left index shape,suit,2.8624,0.7000000000000001,1,5.789752960048986
Left index shape,suit,2.8878199999999996,0.71,1,5.030455151664161
Left index shape,suit,2.91324,0.72,1,5.9124382657907875
Left index shape,suit,2.9386599999999996,0.73,1,7.1926502365024305
Left index shape,suit,2.96408,0.74,1,7.5741388233794
Left index shape,suit,2.9894999999999996,0.75,1,6.031428980419302
Left index shape,suit,3.01492,0.76,1,5.553312353452289
Left index shape,suit,3.0403399999999996,0.77,1,4.280212871389144
Left index shape,suit,3.06576,0.78,1,2.5809655082788274
Left index shape,suit,3.0911799999999996,0.79,1,3.1491660018809946
Left index shape,suit,3.1166,0.8,1,4.895907234749046
Left index shape,suit,3.1420199999999996,0.81,1,5.469508300450381
Left index shape,suit,3.16744,0.8200000000000001,1,4.3265501576749825
Left index shape,suit,3.1928599999999996,0.8300000000000001,1,5.913343228343668
Left index shape,suit,3.21828,0.84,1,6.587384304352564
Left index shape,suit,3.2436999999999996,0.85,1,7.560944784662051
Left index shape,suit,3.26912,0.86,1,6.5662943395788504
Left index shape,suit,3.2945399999999996,0.87,1,5.130484403576038
Left index shape,suit,3.31996,0.88,1,6.762917929166235
Left index shape,suit,3.3453799999999996,0.89,1,7.449311075357694
Left index shape,suit,3.3708,0.9,1,6.8769928557091475
Left index shape,suit,3.3962199999999996,0.91,1,6.349995263982568
Left index shape,suit,3.42164,0.92,1,5.449655987544702
Left index shape,suit,3.4470599999999996,0.93,1,2.302381522836337
Left index shape,suit,3.47248,0.9400000000000001,1,2.177742925067482
Left index shape,suit,3.4978999999999996,0.9500000000000001,1,4.535527476555937
Left index shape,suit,3.52332,0.96,1,3.0013218256530556
Left index shape,suit,3.5487399999999996,0.97,1,2.265905481841448
Left index shape,suit,3.57416,0.98,1,5.427120960380809
Left index shape,suit,3.5995799999999996,0.99,1,5.7867337420399
Left index shape,suit,3.625,1.0,1,2.114686105139223
Left middle shape,suit,1.083,0.0,1,8.374223926107845
Left middle shape,suit,1.10842,0.01,1,8.481004606400111
Left middle shape,suit,1.13384,0.02,1,9.024036973033153
Left middle shape,suit,1.15926,0.03,1,10.316469502908546
Left middle shape,suit,1.18468,0.04,1,10.608109692640843
Left middle shape,suit,1.2101,0.05,1,10.57998884268728
Left middle shape,suit,1.23552,0.06,1,11.097355533516492
Left middle shape,suit,1.26094,0.07,1,11.383994486048266
Left middle shape,suit,1.28636,0.08,1,11.379566777745945
Left middle shape,suit,1.31178,0.09,1,11.03515692894461
Left middle shape,suit,1.3372,0.1,1,10.56306876456309
Left middle shape,suit,1.36262,0.11,1,9.936171294071983
Left middle shape,suit,1.38804,0.12,1,10.989448907981702
Left middle shape,suit,1.41346,0.13,1,12.92331537971169
Left middle shape,suit,1.43888,0.14,1,11.655772217808002
Left middle shape,suit,1.4643,0.15,1,11.282471763649246
Left middle shape,suit,1.48972,0.16,1,11.765301336717917
Left middle shape,suit,1.51514,0.17,1,14.324647344927968
Left middle shape,suit,1.54056,0.18,1,13.09274741843395
Left middle shape,suit,1.56598,0.19,1,13.021650981864175
Left middle shape,suit,1.5914,0.2,1,13.02487374022789
Left middle shape,suit,1.61682,0.21,1,13.085342348967439
Left middle shape,suit,1.64224,0.22,1,12.34855718441841
Left middle shape,suit,1.66766,0.23,1,11.151686484279386
Left middle shape,suit,1.69308,0.24,1,12.310499038780327
Left middle shape,suit,1.7185,0.25,1,12.038699396568452
Left middle shape,suit,1.74392,0.26,1,9.977462687311649
Left middle shape,suit,1.76934,0.27,1,11.007384902891554
Left middle shape,suit,1.7947600000000001,0.28,1,12.937747152467884
Left middle shape,suit,1.82018,0.29,1,13.760767038704453
Left middle shape,suit,1.8456,0.3,1,14.304639484161612
Left middle shape,suit,1.87102,0.31,1,14.304492110188107
Left middle shape,suit,1.89644,0.32,1,13.447435968996595
Left middle shape,suit,1.92186,0.33,1,13.070873153821196
Left middle shape,suit,1.9472800000000001,0.34,1,11.497376113556916
Left middle shape,suit,1.9727000000000001,0.35000000000000003,1,11.922523728763688
Left middle shape,suit,1.99812,0.36,1,11.070645893760704
Left middle shape,suit,2.0235399999999997,0.37,1,12.126301395300288
Left middle shape,suit,2.04896,0.38,1,12.920377754030786
Left middle shape,suit,2.0743799999999997,0.39,1,12.813336102468412
Left middle shape,suit,2.0998,0.4,1,10.959126813929771
Left middle shape,suit,2.1252199999999997,0.41000000000000003,1,8.083198066866041
Left middle shape,suit,2.15064,0.42,1,8.097165433449314
Left middle shape,suit,2.1760599999999997,0.43,1,8.914711927069504
Left middle shape,suit,2.20148,0.44,1,11.246181526916644
Left middle shape,suit,2.2268999999999997,0.45,1,10.633509478298313
Left middle shape,suit,2.25232,0.46,1,9.727790052240332
Left middle shape,suit,2.2777399999999997,0.47000000000000003,1,9.90394383862386
Left middle shape,suit,2.30316,0.48,1,12.16698797397087
Left middle shape,suit,2.3285799999999997,0.49,1,11.609511705133722
Left middle shape,suit,2.354,0.5,1,11.427186149985166
Left middle shape,suit,2.3794199999999996,0.51,1,10.921377264299707
Left middle shape,suit,2.40484,0.52,1,11.01248664707571
Left middle shape,suit,2.4302599999999996,0.53,1,12.027785781764939
Left middle shape,suit,2.45568,0.54,1,13.63750459355443
Left middle shape,suit,2.4811,0.55,1,13.315928010207235
Left middle shape,suit,2.50652,0.56,1,12.227770321121406
Left middle shape,suit,2.53194,0.5700000000000001,1,9.456271354887406
Left middle shape,suit,2.55736,0.58,1,10.468584553295111
Left middle shape,suit,2.5827799999999996,0.59,1,13.746279263014364
Left middle shape,suit,2.6082,0.6,1,13.383243119073844
Left middle shape,suit,2.6336199999999996,0.61,1,12.476924459141989
Left middle shape,suit,2.65904,0.62,1,10.84108706343624
Left middle shape,suit,2.6844599999999996,0.63,1,9.932538915588216
Left middle shape,suit,2.70988,0.64,1,9.222728901894177
Left middle shape,suit,2.7352999999999996,0.65,1,10.280383847273205
Left middle shape,suit,2.76072,0.66,1,10.977765783187351
Left middle shape,suit,2.7861399999999996,0.67,1,10.911367428829152
Left middle shape,suit,2.81156,0.68,1,11.97631397852885
Left middle shape,suit,2.83698,0.6900000000000001,1,12.93134067417798
Left middle shape,suit,2.8624,0.7000000000000001,1,12.326829225613958
Left middle shape,suit,2.8878199999999996,0.71,1,11.725061466952278
Left middle shape,suit,2.91324,0.72,1,11.278501202934223
Left middle shape,suit,2.9386599999999996,0.73,1,11.63544621446269
Left middle shape,suit,2.96408,0.74,1,11.854674974401282
Left middle shape,suit,2.9894999999999996,0.75,1,11.257445182200039
Left middle shape,suit,3.01492,0.76,1,10.724044525013548
Left middle shape,suit,3.0403399999999996,0.77,1,10.215177264090784
Left middle shape,suit,3.06576,0.78,1,12.024487021310932
Left middle shape,suit,3.0911799999999996,0.79,1,12.746535262896439
Left middle shape,suit,3.1166,0.8,1,10.91500326401759
Left middle shape,suit,3.1420199999999996,0.81,1,11.504478873579663
Left middle shape,suit,3.16744,0.8200000000000001,1,13.082236011828286
Left middle shape,suit,3.1928599999999996,0.8300000000000001,1,11.940819575991005
Left middle shape,suit,3.21828,0.84,1,10.928781330242296
Left middle shape,suit,3.2436999999999996,0.85,1,10.491336874682313
Left middle shape,suit,3.26912,0.86,1,10.400249033115054
Left middle shape,suit,3.2945399999999996,0.87,1,10.310948692635899
Left middle shape,suit,3.31996,0.88,1,9.528081292644856
Left middle shape,suit,3.3453799999999996,0.89,1,10.583537426431471
Left middle shape,suit,3.3708,0.9,1,13.52819827492859
Left middle shape,suit,3.3962199999999996,0.91,1,12.78129518793879
Left middle shape,suit,3.42164,0.92,1,11.501495872744698
Left middle shape,suit,3.4470599999999996,0.93,1,11.519541616426181
Left middle shape,suit,3.47248,0.9400000000000001,1,11.719777269554413
Left middle shape,suit,3.4978999999999996,0.9500000000000001,1,12.13142961188287
Left middle shape,suit,3.52332,0.96,1,11.327608521223217
Left middle shape,suit,3.5487399999999996,0.97,1,11.257872289494893
Left middle shape,suit,3.57416,0.98,1,13.27977732026585
Left middle shape,suit,3.5995799999999996,0.99,1,14.119512567827618
Left middle shape,suit,3.625,1.0,1,14.231976423333796
Left ring shape,suit,1.083,0.0,1,11.916605262150748
Left ring shape,suit,1.10842,0.01,1,13.289264408832432
Left ring shape,suit,1.13384,0.02,1,12.458279756492013
Left ring shape,suit,1.15926,0.03,1,7.167175649376503
Left ring shape,suit,1.18468,0.04,1,6.695235906987847
Left ring shape,suit,1.2101,0.05,1,9.445433680115363
Left ring shape,suit,1.23552,0.06,1,11.356669678434221
Left ring shape,suit,1.26094,0.07,1,11.227379022327872
Left ring shape,suit,1.28636,0.08,1,7.474363670894841
Left ring shape,suit,1.31178,0.09,1,9.755254394985764
Left ring shape,suit,1.3372,0.1,1,13.023746940543939
Left ring shape,suit,1.36262,0.11,1,9.39835866397101
Left ring shape,suit,1.38804,0.12,1,7.87497541360393
Left ring shape,suit,1.41346,0.13,1,7.868299775203373
Left ring shape,suit,1.43888,0.14,1,9.167915512441292
Left ring shape,suit,1.4643,0.15,1,11.13053647495308
Left ring shape,suit,1.48972,0.16,1,13.150685670789974
Left ring shape,suit,1.51514,0.17,1,12.680661033921362
Left ring shape,suit,1.54056,0.18,1,10.784906453324956
Left ring shape,suit,1.56598,0.19,1,7.007104209055693
Left ring shape,suit,1.5914,0.2,1,6.747945594392121
Left ring shape,suit,1.61682,0.21,1,14.185040969005058
Left ring shape,suit,1.64224,0.22,1,14.672845004129385
Left ring shape,suit,1.66766,0.23,1,15.836509614357377
Left ring shape,suit,1.69308,0.24,1,11.159253819217847
Left ring shape,suit,1.7185,0.25,1,7.578076975188405
Left ring shape,suit,1.74392,0.26,1,7.135298408902609
Left ring shape,suit,1.76934,0.27,1,7.7552621685924805
Left ring shape,suit,1.7947600000000001,0.28,1,11.059441797499394
Left ring shape,suit,1.82018,0.29,1,8.68280741553798
Left ring shape,suit,1.8456,0.3,1,8.781502432008637
Left ring shape,suit,1.87102,0.31,1,8.017145010672522
Left ring shape,suit,1.89644,0.32,1,11.923721870849713
Left ring shape,suit,1.92186,0.33,1,13.685298110997905
Left ring shape,suit,1.9472800000000001,0.34,1,6.8779661621849755
Left ring shape,suit,1.9727000000000001,0.35000000000000003,1,7.337398188086685
Left ring shape,suit,1.99812,0.36,1,11.96263694158433
Left ring shape,suit,2.0235399999999997,0.37,1,11.899579131173672
Left ring shape,suit,2.04896,0.38,1,11.618161553796247
Left ring shape,suit,2.0743799999999997,0.39,1,11.609685091188348
Left ring shape,suit,2.0998,0.4,1,13.379059210042413
Left ring shape,suit,2.1252199999999997,0.41000000000000003,1,13.350155403954764
Left ring shape,suit,2.15064,0.42,1,13.355680848610007
Left ring shape,suit,2.1760599999999997,0.43,1,14.285137660172438
Left ring shape,suit,2.20148,0.44,1,13.235886347060907
Left ring shape,suit,2.2268999999999997,0.45,1,12.02967234491471
Left ring shape,suit,2.25232,0.46,1,12.17846280141712
Left ring shape,suit,2.2777399999999997,0.47000000000000003,1,9.705023918787683
Left ring shape,suit,2.30316,0.48,1,8.897418014989208
Left ring shape,suit,2.3285799999999997,0.49,1,12.67960509413633
Left ring shape,suit,2.354,0.5,1,16.726018666334664
Left ring shape,suit,2.3794199999999996,0.51,1,15.50429581566982
Left ring shape,suit,2.40484,0.52,1,14.597715293256888
Left ring shape,suit,2.4302599999999996,0.53,1,11.952533999651953
Left ring shape,suit,2.45568,0.54,1,12.486524092511209
Left ring shape,suit,2.4811,0.55,1,13.38662899406495
Left ring shape,suit,2.50652,0.56,1,14.765088558865747
Left ring shape,suit,2.53194,0.5700000000000001,1,15.56409981505278
Left ring shape,suit,2.55736,0.58,1,15.881270443995428
Left ring shape,suit,2.5827799999999996,0.59,1,15.575567252572549
Left ring shape,suit,2.6082,0.6,1,13.870611718528417
Left ring shape,suit,2.6336199999999996,0.61,1,13.12850882919067
Left ring shape,suit,2.65904,0.62,1,14.488951104806555
Left ring shape,suit,2.6844599999999996,0.63,1,15.549568465852568
Left ring shape,suit,2.70988,0.64,1,15.838029826806851
Left ring shape,suit,2.7352999999999996,0.65,1,15.33423281995717
Left ring shape,suit,2.76072,0.66,1,12.480830230230481
Left ring shape,suit,2.7861399999999996,0.67,1,6.564137157040155
Left ring shape,suit,2.81156,0.68,1,9.534670520485633
Left ring shape,suit,2.83698,0.6900000000000001,1,13.211397015484843
Left ring shape,suit,2.8624,0.7000000000000001,1,8.827680093033555
Left ring shape,suit,2.8878199999999996,0.71,1,6.478487541434362
Left ring shape,suit,2.91324,0.72,1,6.048518527504636
Left ring shape,suit,2.9386599999999996,0.73,1,8.26192094199151
Left ring shape,suit,2.96408,0.74,1,9.846881628302498
Left ring shape,suit,2.9894999999999996,0.75,1,7.469262043934985
Left ring shape,suit,3.01492,0.76,1,7.754960680209962
Left ring shape,suit,3.0403399999999996,0.77,1,10.495902449346753
Left ring shape,suit,3.06576,0.78,1,9.754998023791776
Left ring shape,suit,3.0911799999999996,0.79,1,8.982231047845024
Left ring shape,suit,3.1166,0.8,1,7.101331477637767
Left ring shape,suit,3.1420199999999996,0.81,1,7.635580363375463
Left ring shape,suit,3.16744,0.8200000000000001,1,8.9464000690294
Left ring shape,suit,3.1928599999999996,0.8300000000000001,1,9.24120829835069
Left ring shape,suit,3.21828,0.84,1,10.044959853930484
Left ring shape,suit,3.2436999999999996,0.85,1,8.177121190540646
Left ring shape,suit,3.26912,0.86,1,8.473064744744343
Left ring shape,suit,3.2945399999999996,0.87,1,11.760959160723445
Left ring shape,suit,3.31996,0.88,1,7.809682035164864
Left ring shape,suit,3.3453799999999996,0.89,1,11.71310111442719
Left ring shape,suit,3.3708,0.9,1,9.858499696264781
Left ring shape,suit,3.3962199999999996,0.91,1,8.961827131627084
Left ring shape,suit,3.42164,0.92,1,8.316539769685505
Left ring shape,suit,3.4470599999999996,0.93,1,7.769131443227906
Left ring shape,suit,3.47248,0.9400000000000001,1,8.33075902968747
Left ring shape,suit,3.4978999999999996,0.9500000000000001,1,13.947504023127314
Left ring shape,suit,3.52332,0.96,1,9.39337524530371
Left ring shape,suit,3.5487399999999996,0.97,1,7.261082384786126
Left ring shape,suit,3.57416,0.98,1,13.522764702732625
Left ring shape,suit,3.5995799999999996,0.99,1,11.373138402455709
Left ring shape,suit,3.625,1.0,1,8.923950869808323
Left pinky shape,suit,1.083,0.0,1,4.018556639239421
Left pinky shape,suit,1.10842,0.01,1,7.877790885316027
Left pinky shape,suit,1.13384,0.02,1,7.432196927493162
Left pinky shape,suit,1.15926,0.03,1,10.507389283453554
Left pinky shape,suit,1.18468,0.04,1,17.30510470963091
Left pinky shape,suit,1.2101,0.05,1,23.235593987265304
Left pinky shape,suit,1.23552,0.06,1,18.03853983287823
Left pinky shape,suit,1.26094,0.07,1,12.311710230402904
Left pinky shape,suit,1.28636,0.08,1,9.763121711416725
Left pinky shape,suit,1.31178,0.09,1,7.44693872939052
Left pinky shape,suit,1.3372,0.1,1,5.993359686034097
Left pinky shape,suit,1.36262,0.11,1,10.37297302531645
Left pinky shape,suit,1.38804,0.12,1,13.140709688623721
Left pinky shape,suit,1.41346,0.13,1,14.335716000083977
Left pinky shape,suit,1.43888,0.14,1,11.793493018258337
Left pinky shape,suit,1.4643,0.15,1,9.462483682103104
Left pinky shape,suit,1.48972,0.16,1,8.947749073520319
Left pinky shape,suit,1.51514,0.17,1,8.738851992027557
Left pinky shape,suit,1.54056,0.18,1,8.74930576485906
Left pinky shape,suit,1.56598,0.19,1,9.270490478179946
Left pinky shape,suit,1.5914,0.2,1,12.065874356535497
Left pinky shape,suit,1.61682,0.21,1,11.80000049576021
Left pinky shape,suit,1.64224,0.22,1,12.062481027197265
Left pinky shape,suit,1.66766,0.23,1,12.453802526815792
Left pinky shape,suit,1.69308,0.24,1,10.736202315006134
Left pinky shape,suit,1.7185,0.25,1,9.410224575537455
Left pinky shape,suit,1.74392,0.26,1,6.751337139707033
Left pinky shape,suit,1.76934,0.27,1,8.375356755864933
Left pinky shape,suit,1.7947600000000001,0.28,1,11.598634153022354
Left pinky shape,suit,1.82018,0.29,1,12.259642822701958
Left pinky shape,suit,1.8456,0.3,1,13.340597574971847
Left pinky shape,suit,1.87102,0.31,1,15.1325921460268
Left pinky shape,suit,1.89644,0.32,1,12.93592384583125
Left pinky shape,suit,1.92186,0.33,1,10.655296149514934
Left pinky shape,suit,1.9472800000000001,0.34,1,9.459494621309782
Left pinky shape,suit,1.9727000000000001,0.35000000000000003,1,10.929394026539256
Left pinky shape,suit,1.99812,0.36,1,17.75277611953365
Left pinky shape,suit,2.0235399999999997,0.37,1,12.650904841838033
Left pinky shape,suit,2.04896,0.38,1,10.916315508063084
Left pinky shape,suit,2.0743799999999997,0.39,1,15.182336069523103
Left pinky shape,suit,2.0998,0.4,1,13.288330212345405
Left pinky shape,suit,2.1252199999999997,0.41000000000000003,1,9.876663700232237
Left pinky shape,suit,2.15064,0.42,1,13.388713551979825
Left pinky shape,suit,2.1760599999999997,0.43,1,15.08935164921896
Left pinky shape,suit,2.20148,0.44,1,10.931459335010544
Left pinky shape,suit,2.2268999999999997,0.45,1,13.128821833034655
Left pinky shape,suit,2.25232,0.46,1,19.797671081474846
Left pinky shape,suit,2.2777399999999997,0.47000000000000003,1,16.610807104516795
Left pinky shape,suit,2.30316,0.48,1,14.348716824208054
Left pinky shape,suit,2.3285799999999997,0.49,1,11.447940922587426
Left pinky shape,suit,2.354,0.5,1,13.240575947781196
Left pinky shape,suit,2.3794199999999996,0.51,1,18.756720865716545
Left pinky shape,suit,2.40484,0.52,1,14.995628784793306
Left pinky shape,suit,2.4302599999999996,0.53,1,14.608137031261634
Left pinky shape,suit,2.45568,0.54,1,16.915970990794744
Left pinky shape,suit,2.4811,0.55,1,15.731635967053885
Left pinky shape,suit,2.50652,0.56,1,14.705037827768214
Left pinky shape,suit,2.53194,0.5700000000000001,1,14.717021927451023
Left pinky shape,suit,2.55736,0.58,1,14.64364801505288
Left pinky shape,suit,2.5827799999999996,0.59,1,14.517849902494874
Left pinky shape,suit,2.6082,0.6,1,12.930511459777733
Left pinky shape,suit,2.6336199999999996,0.61,1,8.976217915794441
Left pinky shape,suit,2.65904,0.62,1,7.6798488181838325
Left pinky shape,suit,2.6844599999999996,0.63,1,8.227514405750204
Left pinky shape,suit,2.70988,0.64,1,10.625446417354235
Left pinky shape,suit,2.7352999999999996,0.65,1,10.06894383074507
Left pinky shape,suit,2.76072,0.66,1,10.420190045728608
Left pinky shape,suit,2.7861399999999996,0.67,1,12.965729588621599
Left pinky shape,suit,2.81156,0.68,1,9.673435448728071
Left pinky shape,suit,2.83698,0.6900000000000001,1,9.849398897533774
Left pinky shape,suit,2.8624,0.7000000000000001,1,10.500971784132238
Left pinky shape,suit,2.8878199999999996,0.71,1,9.158959494508887
Left pinky shape,suit,2.91324,0.72,1,9.133041558094865
Left pinky shape,suit,2.9386599999999996,0.73,1,6.6368760690289905
Left pinky shape,suit,2.96408,0.74,1,6.922842987942687
Left pinky shape,suit,2.9894999999999996,0.75,1,12.397372965620946
Left pinky shape,suit,3.01492,0.76,1,12.907284848089725
Left pinky shape,suit,3.0403399999999996,0.77,1,10.60105545794793
Left pinky shape,suit,3.06576,0.78,1,6.659661684392091
Left pinky shape,suit,3.0911799999999996,0.79,1,9.866305994114251
Left pinky shape,suit,3.1166,0.8,1,9.869881047422885
Left pinky shape,suit,3.1420199999999996,0.81,1,8.05183765166987
Left pinky shape,suit,3.16744,0.8200000000000001,1,8.38119086521912
Left pinky shape,suit,3.1928599999999996,0.8300000000000001,1,8.792934311096397
Left pinky shape,suit,3.21828,0.84,1,9.541293269866449
Left pinky shape,suit,3.2436999999999996,0.85,1,6.79934962787858
Left pinky shape,suit,3.26912,0.86,1,6.413829518307646
Left pinky shape,suit,3.2945399999999996,0.87,1,5.802072759203544
Left pinky shape,suit,3.31996,0.88,1,5.882524802338793
Left pinky shape,suit,3.3453799999999996,0.89,1,6.1985587406023415
Left pinky shape,suit,3.3708,0.9,1,9.360662487332197
Left pinky shape,suit,3.3962199999999996,0.91,1,9.741918439717068
Left pinky shape,suit,3.42164,0.92,1,9.095493718370733
Left pinky shape,suit,3.4470599999999996,0.93,1,5.638763235850092
Left pinky shape,suit,3.47248,0.9400000000000001,1,6.345934470502168
Left pinky shape,suit,3.4978999999999996,0.9500000000000001,1,10.27024538119061
Left pinky shape,suit,3.52332,0.96,1,11.48347294218189
Left pinky shape,suit,3.5487399999999996,0.97,1,18.49004001951755
Left pinky shape,suit,3.57416,0.98,1,6.919061944625478
Left pinky shape,suit,3.5995799999999996,0.99,1,8.10077001883075
Left pinky shape,suit,3.625,1.0,1,7.732912121095343
Left palm direction,suit,1.083,0.0,1,15.227837697987752
Left palm direction,suit,1.10842,0.01,1,15.583753387250454
Left palm direction,suit,1.13384,0.02,1,15.73308514754433
Left palm direction,suit,1.15926,0.03,1,15.837703929876852
Left palm direction,suit,1.18468,0.04,1,15.743727626096302
Left palm direction,suit,1.2101,0.05,1,15.696932115718454
Left palm direction,suit,1.23552,0.06,1,17.288874693109165
Left palm direction,suit,1.26094,0.07,1,18.189894576491696
Left palm direction,suit,1.28636,0.08,1,18.211927126522795
Left palm direction,suit,1.31178,0.09,1,17.223379732507823
Left palm direction,suit,1.3372,0.1,1,16.379847129478804
Left palm direction,suit,1.36262,0.11,1,18.29763892369033
Left palm direction,suit,1.38804,0.12,1,19.076369944102737
Left palm direction,suit,1.41346,0.13,1,18.726649138772302
Left palm direction,suit,1.43888,0.14,1,17.028841134469502
Left palm direction,suit,1.4643,0.15,1,15.274028681289622
Left palm direction,suit,1.48972,0.16,1,13.691696363130006
Left palm direction,suit,1.51514,0.17,1,14.070553587617923
Left palm direction,suit,1.54056,0.18,1,15.857324038487235
Left palm direction,suit,1.56598,0.19,1,15.920811339688072
Left palm direction,suit,1.5914,0.2,1,15.969771801090445
Left palm direction,suit,1.61682,0.21,1,16.178186667077284
Left palm direction,suit,1.64224,0.22,1,16.213501182002858
Left palm direction,suit,1.66766,0.23,1,16.170607293242313
Left palm direction,suit,1.69308,0.24,1,15.889512181032018
Left palm direction,suit,1.7185,0.25,1,15.151083613183772
Left palm direction,suit,1.74392,0.26,1,13.641673954935868
Left palm direction,suit,1.76934,0.27,1,14.408225142941035
Left palm direction,suit,1.7947600000000001,0.28,1,15.676327560562555
Left palm direction,suit,1.82018,0.29,1,15.67615075416208
Left palm direction,suit,1.8456,0.3,1,15.663661814862337
Left palm direction,suit,1.87102,0.31,1,15.634750987745008
Left palm direction,suit,1.89644,0.32,1,15.605842788291199
Left palm direction,suit,1.92186,0.33,1,15.239366677371152
Left palm direction,suit,1.9472800000000001,0.34,1,13.566431295980237
Left palm direction,suit,1.9727000000000001,0.35000000000000003,1,13.752500853582006
Left palm direction,suit,1.99812,0.36,1,15.383413792356464
Left palm direction,suit,2.0235399999999997,0.37,1,15.707467625239815
Left palm direction,suit,2.04896,0.38,1,15.786485141144794
Left palm direction,suit,2.0743799999999997,0.39,1,15.51598630578917
Left palm direction,suit,2.0998,0.4,1,15.409002897847984
Left palm direction,suit,2.1252199999999997,0.41000000000000003,1,15.426637303954578
Left palm direction,suit,2.15064,0.42,1,15.470270855435103
Left palm direction,suit,2.1760599999999997,0.43,1,16.216885348152317
Left palm direction,suit,2.20148,0.44,1,18.12186069085567
Left palm direction,suit,2.2268999999999997,0.45,1,18.593088926411838
Left palm direction,suit,2.25232,0.46,1,18.540510040404342
Left palm direction,suit,2.2777399999999997,0.47000000000000003,1,18.52608972908851
Left palm direction,suit,2.30316,0.48,1,18.556748388269
Left palm direction,suit,2.3285799999999997,0.49,1,18.605212586148042
Left palm direction,suit,2.354,0.5,1,17.049286040601487
Left palm direction,suit,2.3794199999999996,0.51,1,15.559659698320331
Left palm direction,suit,2.40484,0.52,1,15.852741411758814
Left palm direction,suit,2.4302599999999996,0.53,1,16.758436581570407
Left palm direction,suit,2.45568,0.54,1,18.147582179728943
Left palm direction,suit,2.4811,0.55,1,16.8838529177404
Left palm direction,suit,2.50652,0.56,1,15.772580486807101
Left palm direction,suit,2.53194,0.5700000000000001,1,16.049654754154517
Left palm direction,suit,2.55736,0.58,1,17.058589968248555
Left palm direction,suit,2.5827799999999996,0.59,1,18.437556515604058
Left palm direction,suit,2.6082,0.6,1,17.188085842006842
Left palm direction,suit,2.6336199999999996,0.61,1,16.18978031562375
Left palm direction,suit,2.65904,0.62,1,15.938825938692617
Left palm direction,suit,2.6844599999999996,0.63,1,16.978692860599892
Left palm direction,suit,2.70988,0.64,1,18.37310490291489
Left palm direction,suit,2.7352999999999996,0.65,1,16.745050069281945
Left palm direction,suit,2.76072,0.66,1,15.691188692351659
Left palm direction,suit,2.7861399999999996,0.67,1,15.448480193835309
Left palm direction,suit,2.81156,0.68,1,15.54985852054645
Left palm direction,suit,2.83698,0.6900000000000001,1,15.985016540586173
Left palm direction,suit,2.8624,0.7000000000000001,1,17.609175798542054
Left palm direction,suit,2.8878199999999996,0.71,1,17.74579381396927
Left palm direction,suit,2.91324,0.72,1,16.369877814421415
Left palm direction,suit,2.9386599999999996,0.73,1,17.418686606847245
Left palm direction,suit,2.96408,0.74,1,18.039126725318226
Left palm direction,suit,2.9894999999999996,0.75,1,16.214180695790077
Left palm direction,suit,3.01492,0.76,1,14.589637663121437
Left palm direction,suit,3.0403399999999996,0.77,1,13.051567975026785
Left palm direction,suit,3.06576,0.78,1,14.819802401637787
Left palm direction,suit,3.0911799999999996,0.79,1,15.687234154829923
Left palm direction,suit,3.1166,0.8,1,13.802859596427396
Left palm direction,suit,3.1420199999999996,0.81,1,14.333872286177154
Left palm direction,suit,3.16744,0.8200000000000001,1,15.932268734259651
Left palm direction,suit,3.1928599999999996,0.8300000000000001,1,15.931199961376223
Left palm direction,suit,3.21828,0.84,1,15.838896059390208
Left palm direction,suit,3.2436999999999996,0.85,1,15.620101667234223
Left palm direction,suit,3.26912,0.86,1,15.581878256537095
Left palm direction,suit,3.2945399999999996,0.87,1,15.78322657886659
Left palm direction,suit,3.31996,0.88,1,17.36518773526214
Left palm direction,suit,3.3453799999999996,0.89,1,19.078688314421868
Left palm direction,suit,3.3708,0.9,1,21.007702596878687
Left palm direction,suit,3.3962199999999996,0.91,1,20.043879074890242
Left palm direction,suit,3.42164,0.92,1,18.816165290695892
Left palm direction,suit,3.4470599999999996,0.93,1,18.894385219743754
Left palm direction,suit,3.47248,0.9400000000000001,1,18.97474477082551
Left palm direction,suit,3.4978999999999996,0.9500000000000001,1,19.025498646608327
Left palm direction,suit,3.52332,0.96,1,17.581696081460848
Left palm direction,suit,3.5487399999999996,0.97,1,16.82904933028658
Left palm direction,suit,3.57416,0.98,1,18.22127490796973
Left palm direction,suit,3.5995799999999996,0.99,1,18.937940929877698
Left palm direction,suit,3.625,1.0,1,19.279339132821917
Left palm spread,suit,1.083,0.0,1,4.599535452487004
Left palm spread,suit,1.10842,0.01,1,6.178360017870119
Left palm spread,suit,1.13384,0.02,1,6.595074179230437
Left palm spread,suit,1.15926,0.03,1,4.894431450890693
Left palm spread,suit,1.18468,0.04,1,2.3200099891286925
Left palm spread,suit,1.2101,0.05,1,0.1273834084014709
Left palm spread,suit,1.23552,0.06,1,1.5668589806351463
Left palm spread,suit,1.26094,0.07,1,1.74560720061109
Left palm spread,suit,1.28636,0.08,1,0.06419968157484846
Left palm spread,suit,1.31178,0.09,1,0.6524442836958997
Left palm spread,suit,1.3372,0.1,1,1.4028690025435822
Left palm spread,suit,1.36262,0.11,1,0.6235662612193664
Left palm spread,suit,1.38804,0.12,1,1.4824719555011256
Left palm spread,suit,1.41346,0.13,1,1.1781722711919258
Left palm spread,suit,1.43888,0.14,1,0.4592296877565616
Left palm spread,suit,1.4643,0.15,1,1.7651661647789751
Left palm spread,suit,1.48972,0.16,1,1.5674199308666346
Left palm spread,suit,1.51514,0.17,1,2.3949371051969592
Left palm spread,suit,1.54056,0.18,1,3.985989897252921
Left palm spread,suit,1.56598,0.19,1,3.756917942078161
Left palm spread,suit,1.5914,0.2,1,3.477109358503469
Left palm spread,suit,1.61682,0.21,1,3.291040800426913
Left palm spread,suit,1.64224,0.22,1,0.7946595065354529
Left palm spread,suit,1.66766,0.23,1,2.6352197341954593
Left palm spread,suit,1.69308,0.24,1,2.3240129919357173
Left palm spread,suit,1.7185,0.25,1,2.4049454521874907
Left palm spread,suit,1.74392,0.26,1,3.155181194909943
Left palm spread,suit,1.76934,0.27,1,3.0745710259116095
Left palm spread,suit,1.7947600000000001,0.28,1,2.9835912246923613
Left palm spread,suit,1.82018,0.29,1,4.8939536635622005
Left palm spread,suit,1.8456,0.3,1,5.9140476767251755
Left palm spread,suit,1.87102,0.31,1,5.90927600698015
Left palm spread,suit,1.89644,0.32,1,4.48304932854964
Left palm spread,suit,1.92186,0.33,1,2.691905883307413
Left palm spread,suit,1.9472800000000001,0.34,1,0.8325782562228312
Left palm spread,suit,1.9727000000000001,0.35000000000000003,1,1.0560899779854367
Left palm spread,suit,1.99812,0.36,1,2.997888510600461
Left palm spread,suit,2.0235399999999997,0.37,1,3.1834233414043354
Left palm spread,suit,2.04896,0.38,1,2.4618458320598506
Left palm spread,suit,2.0743799999999997,0.39,1,0.4347286713676226
Left palm spread,suit,2.0998,0.4,1,1.063086685663194
Left palm spread,suit,2.1252199999999997,0.41000000000000003,1,2.962137992415961
Left palm spread,suit,2.15064,0.42,1,2.750395936470113
Left palm spread,suit,2.1760599999999997,0.43,1,2.6534447026751877
Left palm spread,suit,2.20148,0.44,1,2.9589676513397194
Left palm spread,suit,2.2268999999999997,0.45,1,1.6914935411561203
Left palm spread,suit,2.25232,0.46,1,0.18020948497374434
Left palm spread,suit,2.2777399999999997,0.47000000000000003,1,2.010892277741931
Left palm spread,suit,2.30316,0.48,1,2.9733506482712357
Left palm spread,suit,2.3285799999999997,0.49,1,2.9262851561749983
Left palm spread,suit,2.354,0.5,1,2.893093910557667
Left palm spread,suit,2.3794199999999996,0.51,1,2.583189272716396
Left palm spread,suit,2.40484,0.52,1,0.876658244099275
Left palm spread,suit,2.4302599999999996,0.53,1,0.748817217549572
Left palm spread,suit,2.45568,0.54,1,1.956077946228703
Left palm spread,suit,2.4811,0.55,1,4.041232130486662
Left palm spread,suit,2.50652,0.56,1,5.218884330892365
Left palm spread,suit,2.53194,0.5700000000000001,1,3.370306002086977
Left palm spread,suit,2.55736,0.58,1,2.398146244043801
Left palm spread,suit,2.5827799999999996,0.59,1,1.9870069634169738
Left palm spread,suit,2.6082,0.6,1,0.7310262401437342
Left palm spread,suit,2.6336199999999996,0.61,1,0.16800687957459104
Left palm spread,suit,2.65904,0.62,1,0.1951642429394269
Left palm spread,suit,2.6844599999999996,0.63,1,0.587340286620929
Left palm spread,suit,2.70988,0.64,1,1.157608735441812
Left palm spread,suit,2.7352999999999996,0.65,1,0.9352759969975182
Left palm spread,suit,2.76072,0.66,1,0.961355524472566
Left palm spread,suit,2.7861399999999996,0.67,1,1.2798662312665385
Left palm spread,suit,2.81156,0.68,1,1.1344137588206422
Left palm spread,suit,2.83698,0.6900000000000001,1,0.6448363512026276
Left palm spread,suit,2.8624,0.7000000000000001,1,1.2718841453969105
Left palm spread,suit,2.8878199999999996,0.71,1,2.542100884309832
Left palm spread,suit,2.91324,0.72,1,3.2447467780880572
Left palm spread,suit,2.9386599999999996,0.73,1,2.640565868388478
Left palm spread,suit,2.96408,0.74,1,1.5386390395540275
Left palm spread,suit,2.9894999999999996,0.75,1,0.5338897750216063
Left palm spread,suit,3.01492,0.76,1,1.455830524906645
Left palm spread,suit,3.0403399999999996,0.77,1,1.618912802415224
Left palm spread,suit,3.06576,0.78,1,0.4947023050683299
Left palm spread,suit,3.0911799999999996,0.79,1,2.17630567439258
Left palm spread,suit,3.1166,0.8,1,2.1000441028973285
Left palm spread,suit,3.1420199999999996,0.81,1,2.989225232599779
Left palm spread,suit,3.16744,0.8200000000000001,1,4.24379310652364
Left palm spread,suit,3.1928599999999996,0.8300000000000001,1,4.662994773784362
Left palm spread,suit,3.21828,0.84,1,4.045079577830222
Left palm spread,suit,3.2436999999999996,0.85,1,1.8605584949540912
Left palm spread,suit,3.26912,0.86,1,1.0494681846361402
Left palm spread,suit,3.2945399999999996,0.87,1,0.31951997697663614
Left palm spread,suit,3.31996,0.88,1,2.9729250396001135
Left palm spread,suit,3.3453799999999996,0.89,1,3.791110790904497
Left palm spread,suit,3.3708,0.9,1,1.7328723739318832
Left palm spread,suit,3.3962199999999996,0.91,1,3.008001049813771
Left palm spread,suit,3.42164,0.92,1,4.616104809902794
Left palm spread,suit,3.4470599999999996,0.93,1,4.99059713705833
Left palm spread,suit,3.47248,0.9400000000000001,1,4.258005906782387
Left palm spread,suit,3.4978999999999996,0.9500000000000001,1,2.5433404535694137
Left palm spread,suit,3.52332,0.96,1,0.5535021234847193
Left palm spread,suit,3.5487399999999996,0.97,1,0.6952426235321809
Left palm spread,suit,3.57416,0.98,1,0.0003638426533711936
Left palm spread,suit,3.5995799999999996,0.99,1,1.0544055250470592
Left palm spread,suit,3.625,1.0,1,2.3696714464082618
Right thumb shape,suit,1.083,0.0,1,17.932975125705962
Right thumb shape,suit,1.10842,0.01,1,17.943075568679888
Right thumb shape,suit,1.13384,0.02,1,19.486090849680846
Right thumb shape,suit,1.15926,0.03,1,28.104739182979774
Right thumb shape,suit,1.18468,0.04,1,33.72536545035655
Right thumb shape,suit,1.2101,0.05,1,38.17611155441597
Right thumb shape,suit,1.23552,0.06,1,34.53503105990768
Right thumb shape,suit,1.26094,0.07,1,29.215937342633737
Right thumb shape,suit,1.28636,0.08,1,21.878800521625617
Right thumb shape,suit,1.31178,0.09,1,17.929063095957584
Right thumb shape,suit,1.3372,0.1,1,14.104018244528277
Right thumb shape,suit,1.36262,0.11,1,21.522274245129108
Right thumb shape,suit,1.38804,0.12,1,31.939744782940096
Right thumb shape,suit,1.41346,0.13,1,41.15462249043785
Right thumb shape,suit,1.43888,0.14,1,43.33359764026938
Right thumb shape,suit,1.4643,0.15,1,43.26471211257692
Right thumb shape,suit,1.48972,0.16,1,42.43361824827587
Right thumb shape,suit,1.51514,0.17,1,38.83242003141254
Right thumb shape,suit,1.54056,0.18,1,28.884689449883552
Right thumb shape,suit,1.56598,0.19,1,19.259832992928466
Right thumb shape,suit,1.5914,0.2,1,17.592251043546867
Right thumb shape,suit,1.61682,0.21,1,18.11307604064608
Right thumb shape,suit,1.64224,0.22,1,14.999327266760218
Right thumb shape,suit,1.66766,0.23,1,16.403442165967316
Right thumb shape,suit,1.69308,0.24,1,16.338284980649643
Right thumb shape,suit,1.7185,0.25,1,16.988239966403757
Right thumb shape,suit,1.74392,0.26,1,16.077876548156496
Right thumb shape,suit,1.76934,0.27,1,17.22368082700521
Right thumb shape,suit,1.7947600000000001,0.28,1,19.191820209072386
Right thumb shape,suit,1.82018,0.29,1,20.18550684346651
Right thumb shape,suit,1.8456,0.3,1,20.13467436122187
Right thumb shape,suit,1.87102,0.31,1,21.460870538489047
Right thumb shape,suit,1.89644,0.32,1,24.491986493488128
Right thumb shape,suit,1.92186,0.33,1,27.512411375478575
Right thumb shape,suit,1.9472800000000001,0.34,1,35.20536252058705
Right thumb shape,suit,1.9727000000000001,0.35000000000000003,1,45.401440223339385
Right thumb shape,suit,1.99812,0.36,1,44.242158661943996
Right thumb shape,suit,2.0235399999999997,0.37,0,
Right thumb shape,suit,2.04896,0.38,1,20.564348467091094
Right thumb shape,suit,2.0743799999999997,0.39,1,23.769829284080355
Right thumb shape,suit,2.0998,0.4,0,
Right thumb shape,suit,2.1252199999999997,0.41000000000000003,1,20.290555013578494
Right thumb shape,suit,2.15064,0.42,1,19.95332561519795
Right thumb shape,suit,2.1760599999999997,0.43,1,22.113442012071953
Right thumb shape,suit,2.20148,0.44,1,28.738941997501644
Right thumb shape,suit,2.2268999999999997,0.45,1,27.90204697431014
Right thumb shape,suit,2.25232,0.46,1,24.430589571559835
Right thumb shape,suit,2.2777399999999997,0.47000000000000003,1,24.079631417897257
Right thumb shape,suit,2.30316,0.48,1,23.830805689869198
Right thumb shape,suit,2.3285799999999997,0.49,1,25.58456793535446
Right thumb shape,suit,2.354,0.5,1,25.350578355942474
Right thumb shape,suit,2.3794199999999996,0.51,1,25.781108915437482
Right thumb shape,suit,2.40484,0.52,1,27.811806172437446
Right thumb shape,suit,2.4302599999999996,0.53,0,
Right thumb shape,suit,2.45568,0.54,0,
Right thumb shape,suit,2.4811,0.55,1,22.58987219573525
Right thumb shape,suit,2.50652,0.56,1,22.058206880373035
Right thumb shape,suit,2.53194,0.5700000000000001,1,18.660674662648614
Right thumb shape,suit,2.55736,0.58,1,18.261311817294473
Right thumb shape,suit,2.5827799999999996,0.59,1,20.767624646140547
Right thumb shape,suit,2.6082,0.6,1,21.90839715841805
Right thumb shape,suit,2.6336199999999996,0.61,1,23.82846420947152
Right thumb shape,suit,2.65904,0.62,1,17.611520603998457
Right thumb shape,suit,2.6844599999999996,0.63,1,16.316708486432486
Right thumb shape,suit,2.70988,0.64,1,16.84309337269829
Right thumb shape,suit,2.7352999999999996,0.65,0,
Right thumb shape,suit,2.76072,0.66,1,18.049491869713233
Right thumb shape,suit,2.7861399999999996,0.67,1,14.860369007450819
Right thumb shape,suit,2.81156,0.68,1,26.86861778051224
Right thumb shape,suit,2.83698,0.6900000000000001,0,
Right thumb shape,suit,2.8624,0.7000000000000001,1,30.778590689103435
Right thumb shape,suit,2.8878199999999996,0.71,1,102.4590933767016
Right thumb shape,suit,2.91324,0.72,1,52.10989032963098
Right thumb shape,suit,2.9386599999999996,0.73,1,50.43634019354388
Right thumb shape,suit,2.96408,0.74,1,51.156409314757205
Right thumb shape,suit,2.9894999999999996,0.75,1,46.739426712650015
Right thumb shape,suit,3.01492,0.76,1,53.55858384803167
Right thumb shape,suit,3.0403399999999996,0.77,1,40.39875373089627
Right thumb shape,suit,3.06576,0.78,1,26.075415943498864
Right thumb shape,suit,3.0911799999999996,0.79,1,23.341835976462807
Right thumb shape,suit,3.1166,0.8,1,26.04556658344661
Right thumb shape,suit,3.1420199999999996,0.81,1,22.796583062238568
Right thumb shape,suit,3.16744,0.8200000000000001,1,32.354049092009895
Right thumb shape,suit,3.1928599999999996,0.8300000000000001,1,31.297687592192858
Right thumb shape,suit,3.21828,0.84,1,30.005702933164514
Right thumb shape,suit,3.2436999999999996,0.85,1,26.416091194179973
Right thumb shape,suit,3.26912,0.86,1,26.86806778776321
Right thumb shape,suit,3.2945399999999996,0.87,1,29.73611897936712
Right thumb shape,suit,3.31996,0.88,1,31.238022633352283
Right thumb shape,suit,3.3453799999999996,0.89,1,32.07362768541177
Right thumb shape,suit,3.3708,0.9,1,34.35051273194578
Right thumb shape,suit,3.3962199999999996,0.91,1,32.50976221766677
Right thumb shape,suit,3.42164,0.92,1,30.680886536001054
Right thumb shape,suit,3.4470599999999996,0.93,1,30.077405569740552
Right thumb shape,suit,3.47248,0.9400000000000001,1,25.127438631055174
Right thumb shape,suit,3.4978999999999996,0.9500000000000001,1,17.974702038631865
Right thumb shape,suit,3.52332,0.96,1,12.441810188328825
Right thumb shape,suit,3.5487399999999996,0.97,1,11.033473793613837
Right thumb shape,suit,3.57416,0.98,1,23.51664270938868
Right thumb shape,suit,3.5995799999999996,0.99,1,37.56004540440315
Right thumb shape,suit,3.625,1.0,1,60.85612512690049
Right index shape,suit,1.083,0.0,1,15.74871981364844
Right index shape,suit,1.10842,0.01,1,13.441600383654418
Right index shape,suit,1.13384,0.02,1,22.624766595272302
Right index shape,suit,1.15926,0.03,1,27.192834648430647
Right index shape,suit,1.18468,0.04,1,19.616519603479674
Right index shape,suit,1.2101,0.05,1,12.993028234380537
Right index shape,suit,1.23552,0.06,1,12.145345476782959
Right index shape,suit,1.26094,0.07,1,12.508227196092605
Right index shape,suit,1.28636,0.08,1,21.5932523452624
Right index shape,suit,1.31178,0.09,1,23.802748477394278
Right index shape,suit,1.3372,0.1,1,18.850650990590633
Right index shape,suit,1.36262,0.11,1,6.702649709292113
Right index shape,suit,1.38804,0.12,1,5.962405687829175
Right index shape,suit,1.41346,0.13,1,10.579133441701137
Right index shape,suit,1.43888,0.14,1,26.750000424643975
Right index shape,suit,1.4643,0.15,1,38.05045467969835
Right index shape,suit,1.48972,0.16,1,21.997853716072658
Right index shape,suit,1.51514,0.17,1,17.011199554121077
Right index shape,suit,1.54056,0.18,1,17.113687925086236
Right index shape,suit,1.56598,0.19,1,11.864295244074574
Right index shape,suit,1.5914,0.2,1,16.625474339473737
Right index shape,suit,1.61682,0.21,1,20.142620949610336
Right index shape,suit,1.64224,0.22,1,14.341420081396555
Right index shape,suit,1.66766,0.23,1,8.413952288372968
Right index shape,suit,1.69308,0.24,1,7.594131298885022
Right index shape,suit,1.7185,0.25,1,8.81979683755904
Right index shape,suit,1.74392,0.26,1,12.24187568722049
Right index shape,suit,1.76934,0.27,1,15.239019305705293
Right index shape,suit,1.7947600000000001,0.28,1,15.708883075965266
Right index shape,suit,1.82018,0.29,1,12.39839114745653
Right index shape,suit,1.8456,0.3,1,10.788918824089686
Right index shape,suit,1.87102,0.31,1,10.778610905116949
Right index shape,suit,1.89644,0.32,1,9.21586612929199
Right index shape,suit,1.92186,0.33,1,14.332723477567177
Right index shape,suit,1.9472800000000001,0.34,1,23.3890806181325
Right index shape,suit,1.9727000000000001,0.35000000000000003,1,36.64917093115608
Right index shape,suit,1.99812,0.36,1,64.74320211773248
Right index shape,suit,2.0235399999999997,0.37,0,
Right index shape,suit,2.04896,0.38,1,40.91355034890744
Right index shape,suit,2.0743799999999997,0.39,1,55.58443457011731
Right index shape,suit,2.0998,0.4,0,
Right index shape,suit,2.1252199999999997,0.41000000000000003,1,67.76440979134225
Right index shape,suit,2.15064,0.42,1,63.03266417073416
Right index shape,suit,2.1760599999999997,0.43,1,59.87613471495928
Right index shape,suit,2.20148,0.44,1,62.646172902241155
Right index shape,suit,2.2268999999999997,0.45,1,71.14571666804827
Right index shape,suit,2.25232,0.46,1,81.7787050470479
Right index shape,suit,2.2777399999999997,0.47000000000000003,1,78.35735970181912
Right index shape,suit,2.30316,0.48,1,66.07230295739896
Right index shape,suit,2.3285799999999997,0.49,1,53.974316348559945
Right index shape,suit,2.354,0.5,1,53.074970623987305
Right index shape,suit,2.3794199999999996,0.51,1,52.586816896706814
Right index shape,suit,2.40484,0.52,1,70.528021418221
Right index shape,suit,2.4302599999999996,0.53,0,
Right index shape,suit,2.45568,0.54,0,
Right index shape,suit,2.4811,0.55,1,49.27955483871967
Right index shape,suit,2.50652,0.56,1,51.18964747935966
Right index shape,suit,2.53194,0.5700000000000001,1,66.16526492098625
Right index shape,suit,2.55736,0.58,1,66.4236390570427
Right index shape,suit,2.5827799999999996,0.59,1,52.765523786105426
Right index shape,suit,2.6082,0.6,1,69.2915546192963
Right index shape,suit,2.6336199999999996,0.61,1,66.59953431719391
Right index shape,suit,2.65904,0.62,1,49.83273711728426
Right index shape,suit,2.6844599999999996,0.63,1,39.240457052744546
Right index shape,suit,2.70988,0.64,1,58.12817248036995
Right index shape,suit,2.7352999999999996,0.65,0,
Right index shape,suit,2.76072,0.66,1,54.541310848860924
Right index shape,suit,2.7861399999999996,0.67,1,60.336761599659724
Right index shape,suit,2.81156,0.68,1,62.71280481444492
Right index shape,suit,2.83698,0.6900000000000001,0,
Right index shape,suit,2.8624,0.7000000000000001,1,61.5599705764781
Right index shape,suit,2.8878199999999996,0.71,1,62.24529210759695
Right index shape,suit,2.91324,0.72,1,68.66043462822842
Right index shape,suit,2.9386599999999996,0.73,1,67.97451495335609
Right index shape,suit,2.96408,0.74,1,65.05186375170697
Right index shape,suit,2.9894999999999996,0.75,1,72.2719945246234
Right index shape,suit,3.01492,0.76,1,93.29895565250747
Right index shape,suit,3.0403399999999996,0.77,1,78.9729396919566
Right index shape,suit,3.06576,0.78,1,69.97473118355579
Right index shape,suit,3.0911799999999996,0.79,1,52.536781002857055
Right index shape,suit,3.1166,0.8,1,22.32531682404213
Right index shape,suit,3.1420199999999996,0.81,1,21.664668737436784
Right index shape,suit,3.16744,0.8200000000000001,1,23.67077856820393
Right index shape,suit,3.1928599999999996,0.8300000000000001,1,19.763928188775328
Right index shape,suit,3.21828,0.84,1,15.388270932248767
Right index shape,suit,3.2436999999999996,0.85,1,12.842246305434031
Right index shape,suit,3.26912,0.86,1,12.571311079119804
Right index shape,suit,3.2945399999999996,0.87,1,12.962596177947944
Right index shape,suit,3.31996,0.88,1,13.198603864089952
Right index shape,suit,3.3453799999999996,0.89,1,18.19252618247192
Right index shape,suit,3.3708,0.9,1,21.961005810212015
Right index shape,suit,3.3962199999999996,0.91,1,19.13297306253034
Right index shape,suit,3.42164,0.92,1,18.563764220745544
Right index shape,suit,3.4470599999999996,0.93,1,14.761725699833505
Right index shape,suit,3.47248,0.9400000000000001,1,13.064941118304782
Right index shape,suit,3.4978999999999996,0.9500000000000001,1,15.323085094933143
Right index shape,suit,3.52332,0.96,1,29.29983587751384
Right index shape,suit,3.5487399999999996,0.97,1,34.171200833289014
Right index shape,suit,3.57416,0.98,1,32.82255106505571
Right index shape,suit,3.5995799999999996,0.99,1,43.0928848609768
Right index shape,suit,3.625,1.0,1,113.40905091781478
Right middle shape,suit,1.083,0.0,1,22.8828231041648
Right middle shape,suit,1.10842,0.01,1,22.47897684440765
Right middle shape,suit,1.13384,0.02,1,18.97076542793522
Right middle shape,suit,1.15926,0.03,1,11.891509674513467
Right middle shape,suit,1.18468,0.04,1,17.988139446103634
Right middle shape,suit,1.2101,0.05,1,26.24689568047982
Right middle shape,suit,1.23552,0.06,1,29.455259000483256
Right middle shape,suit,1.26094,0.07,1,24.936027856325904
Right middle shape,suit,1.28636,0.08,1,15.627869217959292
Right middle shape,suit,1.31178,0.09,1,18.944121532767355
Right middle shape,suit,1.3372,0.1,1,38.91506231312906
Right middle shape,suit,1.36262,0.11,1,35.880528774068694
Right middle shape,suit,1.38804,0.12,1,37.97838508006374
Right middle shape,suit,1.41346,0.13,1,41.5660171816805
Right middle shape,suit,1.43888,0.14,1,32.74573532412311
Right middle shape,suit,1.4643,0.15,1,4.704374895392249
Right middle shape,suit,1.48972,0.16,1,5.377621446960035
Right middle shape,suit,1.51514,0.17,1,4.097738794697638
Right middle shape,suit,1.54056,0.18,1,5.740452647884372
Right middle shape,suit,1.56598,0.19,1,6.005405024135446
Right middle shape,suit,1.5914,0.2,1,5.3089007780469615
Right middle shape,suit,1.61682,0.21,1,10.741559846040786
Right middle shape,suit,1.64224,0.22,1,15.40985136602535
Right middle shape,suit,1.66766,0.23,1,13.934997828514023
Right middle shape,suit,1.69308,0.24,1,9.471081891890842
Right middle shape,suit,1.7185,0.25,1,12.582072860604617
Right middle shape,suit,1.74392,0.26,1,10.655851993595709
Right middle shape,suit,1.76934,0.27,1,8.829477767568884
Right middle shape,suit,1.7947600000000001,0.28,1,10.320649171653173
Right middle shape,suit,1.82018,0.29,1,7.187421433977325
Right middle shape,suit,1.8456,0.3,1,5.3711379654934035
Right middle shape,suit,1.87102,0.31,1,6.643148593727716
Right middle shape,suit,1.89644,0.32,1,3.9070447815776674
Right middle shape,suit,1.92186,0.33,1,3.532079630528083
Right middle shape,suit,1.9472800000000001,0.34,1,10.171522977344532
Right middle shape,suit,1.9727000000000001,0.35000000000000003,1,37.22152575406102
Right middle shape,suit,1.99812,0.36,1,59.569709751056116
Right middle shape,suit,2.0235399999999997,0.37,0,
Right middle shape,suit,2.04896,0.38,1,78.83290225935254
Right middle shape,suit,2.0743799999999997,0.39,1,107.84617571340493
Right middle shape,suit,2.0998,0.4,0,
Right middle shape,suit,2.1252199999999997,0.41000000000000003,1,88.31023246108471
Right middle shape,suit,2.15064,0.42,1,68.08405834843481
Right middle shape,suit,2.1760599999999997,0.43,1,53.95265431855228
Right middle shape,suit,2.20148,0.44,1,59.25763577776598
Right middle shape,suit,2.2268999999999997,0.45,1,63.00441363917569
Right middle shape,suit,2.25232,0.46,1,67.94160069466771
Right middle shape,suit,2.2777399999999997,0.47000000000000003,1,79.99781073567966
Right middle shape,suit,2.30316,0.48,1,77.62070375579195
Right middle shape,suit,2.3285799999999997,0.49,1,54.59537244718254
Right middle shape,suit,2.354,0.5,1,76.53763938716583
Right middle shape,suit,2.3794199999999996,0.51,1,93.01081140731976
Right middle shape,suit,2.40484,0.52,1,88.76226325519185
Right middle shape,suit,2.4302599999999996,0.53,0,
Right middle shape,suit,2.45568,0.54,0,
Right middle shape,suit,2.4811,0.55,1,98.8607798938283
Right middle shape,suit,2.50652,0.56,1,99.41628621082292
Right middle shape,suit,2.53194,0.5700000000000001,1,67.64256365878174
Right middle shape,suit,2.55736,0.58,1,64.46719350431148
Right middle shape,suit,2.5827799999999996,0.59,1,62.92276731501766
Right middle shape,suit,2.6082,0.6,1,109.26512825532632
Right middle shape,suit,2.6336199999999996,0.61,1,111.03333054718827
Right middle shape,suit,2.65904,0.62,1,52.71537040386786
Right middle shape,suit,2.6844599999999996,0.63,1,63.725887190225826
Right middle shape,suit,2.70988,0.64,1,80.5632299731444
Right middle shape,suit,2.7352999999999996,0.65,0,
Right middle shape,suit,2.76072,0.66,1,92.91195694114008
Right middle shape,suit,2.7861399999999996,0.67,1,87.92890487897905
Right middle shape,suit,2.81156,0.68,1,88.32271195331379
Right middle shape,suit,2.83698,0.6900000000000001,0,
Right middle shape,suit,2.8624,0.7000000000000001,1,97.04871053356601
Right middle shape,suit,2.8878199999999996,0.71,1,96.29476072788441
Right middle shape,suit,2.91324,0.72,1,85.8482328039521
Right middle shape,suit,2.9386599999999996,0.73,1,71.488364783677
Right middle shape,suit,2.96408,0.74,1,62.053725646080515
Right middle shape,suit,2.9894999999999996,0.75,1,57.76648117901603
Right middle shape,suit,3.01492,0.76,1,43.99450833656101
Right middle shape,suit,3.0403399999999996,0.77,1,37.47870836412048
Right middle shape,suit,3.06576,0.78,1,39.45081749403226
Right middle shape,suit,3.0911799999999996,0.79,1,31.928108839605652
Right middle shape,suit,3.1166,0.8,1,23.707138868015857
Right middle shape,suit,3.1420199999999996,0.81,1,20.487867504051565
Right middle shape,suit,3.16744,0.8200000000000001,1,19.002817697008727
Right middle shape,suit,3.1928599999999996,0.8300000000000001,1,13.529631553192152
Right middle shape,suit,3.21828,0.84,1,9.478390543675365
Right middle shape,suit,3.2436999999999996,0.85,1,10.079795869271331
Right middle shape,suit,3.26912,0.86,1,9.527573294881686
Right middle shape,suit,3.2945399999999996,0.87,1,8.917086356083777
Right middle shape,suit,3.31996,0.88,1,8.203051510755094
Right middle shape,suit,3.3453799999999996,0.89,1,9.965565888466159
Right middle shape,suit,3.3708,0.9,1,18.102419815893843
Right middle shape,suit,3.3962199999999996,0.91,1,18.11414608449196
Right middle shape,suit,3.42164,0.92,1,28.459589132454152
Right middle shape,suit,3.4470599999999996,0.93,1,56.76581776592861
Right middle shape,suit,3.47248,0.9400000000000001,1,64.54471139693148
Right middle shape,suit,3.4978999999999996,0.9500000000000001,1,58.98765113121624
Right middle shape,suit,3.52332,0.96,1,26.341898767234994
Right middle shape,suit,3.5487399999999996,0.97,1,24.11683939244953
Right middle shape,suit,3.57416,0.98,1,65.87360093972141
Right middle shape,suit,3.5995799999999996,0.99,1,68.99091707410965
Right middle shape,suit,3.625,1.0,1,79.64395243504988
Right ring shape,suit,1.083,0.0,1,23.338578873564256
Right ring shape,suit,1.10842,0.01,1,28.24972923492365
Right ring shape,suit,1.13384,0.02,1,25.33714833734494
Right ring shape,suit,1.15926,0.03,1,17.472232231249222
Right ring shape,suit,1.18468,0.04,1,8.542962006919575
Right ring shape,suit,1.2101,0.05,1,2.683532809369647
Right ring shape,suit,1.23552,0.06,1,14.370212029493937
Right ring shape,suit,1.26094,0.07,1,19.20084740873109
Right ring shape,suit,1.28636,0.08,1,15.76747334160253
Right ring shape,suit,1.31178,0.09,1,19.164677266168145
Right ring shape,suit,1.3372,0.1,1,40.116565275821024
Right ring shape,suit,1.36262,0.11,1,32.946346295128535
Right ring shape,suit,1.38804,0.12,1,33.83879097571441
Right ring shape,suit,1.41346,0.13,1,40.459751569895914
Right ring shape,suit,1.43888,0.14,1,27.9949812951769
Right ring shape,suit,1.4643,0.15,1,5.902453180328034
Right ring shape,suit,1.48972,0.16,1,8.720298854393945
Right ring shape,suit,1.51514,0.17,1,3.638045431101574
Right ring shape,suit,1.54056,0.18,1,18.876649880332593
Right ring shape,suit,1.56598,0.19,1,13.96561673474607
Right ring shape,suit,1.5914,0.2,1,19.688360102640797
Right ring shape,suit,1.61682,0.21,1,37.376949867851245
Right ring shape,suit,1.64224,0.22,1,21.51634450061435
Right ring shape,suit,1.66766,0.23,1,18.417089873133524
Right ring shape,suit,1.69308,0.24,1,15.573486563940984
Right ring shape,suit,1.7185,0.25,1,16.793511029764687
Right ring shape,suit,1.74392,0.26,1,12.404453271085847
Right ring shape,suit,1.76934,0.27,1,9.680309185809998
Right ring shape,suit,1.7947600000000001,0.28,1,9.783804719489401
Right ring shape,suit,1.82018,0.29,1,8.879069622278516
Right ring shape,suit,1.8456,0.3,1,3.522336692944672
Right ring shape,suit,1.87102,0.31,1,3.9200629495714736
Right ring shape,suit,1.89644,0.32,1,4.641390276833164
Right ring shape,suit,1.92186,0.33,1,5.24888555547911
Right ring shape,suit,1.9472800000000001,0.34,1,4.711756604169835
Right ring shape,suit,1.9727000000000001,0.35000000000000003,1,15.254590869851313
Right ring shape,suit,1.99812,0.36,1,48.71453044395912
Right ring shape,suit,2.0235399999999997,0.37,0,
Right ring shape,suit,2.04896,0.38,1,44.44265283163454
Right ring shape,suit,2.0743799999999997,0.39,1,47.757169804071445
Right ring shape,suit,2.0998,0.4,0,
Right ring shape,suit,2.1252199999999997,0.41000000000000003,1,48.753731308949995
Right ring shape,suit,2.15064,0.42,1,39.360471685107605
Right ring shape,suit,2.1760599999999997,0.43,1,39.65240482055368
Right ring shape,suit,2.20148,0.44,1,42.147046144950735
Right ring shape,suit,2.2268999999999997,0.45,1,44.18384765402978
Right ring shape,suit,2.25232,0.46,1,45.233197631506464
Right ring shape,suit,2.2777399999999997,0.47000000000000003,1,37.45463183202143
Right ring shape,suit,2.30316,0.48,1,32.39811462032946
Right ring shape,suit,2.3285799999999997,0.49,1,32.292568284974415
Right ring shape,suit,2.354,0.5,1,31.437278084243975
Right ring shape,suit,2.3794199999999996,0.51,1,47.881759309246995
Right ring shape,suit,2.40484,0.52,1,69.52429273760043
Right ring shape,suit,2.4302599999999996,0.53,0,
Right ring shape,suit,2.45568,0.54,0,
Right ring shape,suit,2.4811,0.55,1,59.461887577050085
Right ring shape,suit,2.50652,0.56,1,57.78156619684731
Right ring shape,suit,2.53194,0.5700000000000001,1,52.74682449352912
Right ring shape,suit,2.55736,0.58,1,58.03903040510871
Right ring shape,suit,2.5827799999999996,0.59,1,63.62126096760874
Right ring shape,suit,2.6082,0.6,1,70.25339423599064
Right ring shape,suit,2.6336199999999996,0.61,1,69.98293902368953
Right ring shape,suit,2.65904,0.62,1,58.149487797427156
Right ring shape,suit,2.6844599999999996,0.63,1,52.389480002431576
Right ring shape,suit,2.70988,0.64,1,52.62972040612908
Right ring shape,suit,2.7352999999999996,0.65,0,
Right ring shape,suit,2.76072,0.66,1,65.48871081395716
Right ring shape,suit,2.7861399999999996,0.67,1,48.286122270767216
Right ring shape,suit,2.81156,0.68,1,55.31354473400885
Right ring shape,suit,2.83698,0.6900000000000001,0,
Right ring shape,suit,2.8624,0.7000000000000001,1,47.32767678529796
Right ring shape,suit,2.8878199999999996,0.71,1,38.12175944512745
Right ring shape,suit,2.91324,0.72,1,36.85822119732376
Right ring shape,suit,2.9386599999999996,0.73,1,30.273539390056328
Right ring shape,suit,2.96408,0.74,1,28.78581275349352
Right ring shape,suit,2.9894999999999996,0.75,1,34.72860772051029
Right ring shape,suit,3.01492,0.76,1,48.373259386049966
Right ring shape,suit,3.0403399999999996,0.77,1,56.02847495547652
Right ring shape,suit,3.06576,0.78,1,38.56037348860195
Right ring shape,suit,3.0911799999999996,0.79,1,12.321813802088466
Right ring shape,suit,3.1166,0.8,1,2.2457217368163263
Right ring shape,suit,3.1420199999999996,0.81,1,10.412326098033438
Right ring shape,suit,3.16744,0.8200000000000001,1,9.05425627441383
Right ring shape,suit,3.1928599999999996,0.8300000000000001,1,8.552645942614069
Right ring shape,suit,3.21828,0.84,1,10.501169231426028
Right ring shape,suit,3.2436999999999996,0.85,1,12.084378048677356
Right ring shape,suit,3.26912,0.86,1,13.163627936147265
Right ring shape,suit,3.2945399999999996,0.87,1,11.9045428559508
Right ring shape,suit,3.31996,0.88,1,12.086656655246022
Right ring shape,suit,3.3453799999999996,0.89,1,17.477189398442153
Right ring shape,suit,3.3708,0.9,1,24.374984833880216
Right ring shape,suit,3.3962199999999996,0.91,1,22.4544572574931
Right ring shape,suit,3.42164,0.92,1,28.812096786975506
Right ring shape,suit,3.4470599999999996,0.93,1,55.76341033217407
Right ring shape,suit,3.47248,0.9400000000000001,1,53.37257951197065
Right ring shape,suit,3.4978999999999996,0.9500000000000001,1,42.86961733009381
Right ring shape,suit,3.52332,0.96,1,32.80715044178904
Right ring shape,suit,3.5487399999999996,0.97,1,19.14663764574227
Right ring shape,suit,3.57416,0.98,1,91.02689299067394
Right ring shape,suit,3.5995799999999996,0.99,1,121.23800867331492
Right ring shape,suit,3.625,1.0,1,95.93617664915341
Right pinky shape,suit,1.083,0.0,1,20.034834848189877
Right pinky shape,suit,1.10842,0.01,1,20.717207456069605
Right pinky shape,suit,1.13384,0.02,1,18.13055581638626
Right pinky shape,suit,1.15926,0.03,1,20.43086631959297
Right pinky shape,suit,1.18468,0.04,1,16.450624621518823
Right pinky shape,suit,1.2101,0.05,1,7.799289930950674
Right pinky shape,suit,1.23552,0.06,1,7.985767589142209
Right pinky shape,suit,1.26094,0.07,1,6.785157445304653
Right pinky shape,suit,1.28636,0.08,1,8.125184778751636
Right pinky shape,suit,1.31178,0.09,1,32.52956574541878
Right pinky shape,suit,1.3372,0.1,1,59.99315570665541
Right pinky shape,suit,1.36262,0.11,1,23.002211818924792
Right pinky shape,suit,1.38804,0.12,1,6.049406158436217
Right pinky shape,suit,1.41346,0.13,1,16.083088266777093
Right pinky shape,suit,1.43888,0.14,1,21.31201343532616
Right pinky shape,suit,1.4643,0.15,1,24.015597204364127
Right pinky shape,suit,1.48972,0.16,1,7.660240479169668
Right pinky shape,suit,1.51514,0.17,1,5.474892274823778
Right pinky shape,suit,1.54056,0.18,1,17.108347140599125
Right pinky shape,suit,1.56598,0.19,1,31.0279176669403
Right pinky shape,suit,1.5914,0.2,1,64.24679730134187
Right pinky shape,suit,1.61682,0.21,1,28.989830743318695
Right pinky shape,suit,1.64224,0.22,1,16.739703739656346
Right pinky shape,suit,1.66766,0.23,1,4.437948161270431
Right pinky shape,suit,1.69308,0.24,1,9.049910646195835
Right pinky shape,suit,1.7185,0.25,1,10.556945626390453
Right pinky shape,suit,1.74392,0.26,1,3.8690860364774173
Right pinky shape,suit,1.76934,0.27,1,12.610475866589875
Right pinky shape,suit,1.7947600000000001,0.28,1,5.623600815879115
Right pinky shape,suit,1.82018,0.29,1,4.746752229486883
Right pinky shape,suit,1.8456,0.3,1,5.002705083959417
Right pinky shape,suit,1.87102,0.31,1,6.323861912196065
Right pinky shape,suit,1.89644,0.32,1,4.82433286607386
Right pinky shape,suit,1.92186,0.33,1,4.595134725830415
Right pinky shape,suit,1.9472800000000001,0.34,1,6.846962103497494
Right pinky shape,suit,1.9727000000000001,0.35000000000000003,1,8.650897376254846
Right pinky shape,suit,1.99812,0.36,1,13.313604499695893
Right pinky shape,suit,2.0235399999999997,0.37,0,
Right pinky shape,suit,2.04896,0.38,1,38.85556083273797
Right pinky shape,suit,2.0743799999999997,0.39,1,57.7377522684308
Right pinky shape,suit,2.0998,0.4,0,
Right pinky shape,suit,2.1252199999999997,0.41000000000000003,1,41.696248525698905
Right pinky shape,suit,2.15064,0.42,1,48.2906238923747
Right pinky shape,suit,2.1760599999999997,0.43,1,43.95634726447583
Right pinky shape,suit,2.20148,0.44,1,42.462163270826665
Right pinky shape,suit,2.2268999999999997,0.45,1,30.453264680212897
Right pinky shape,suit,2.25232,0.46,1,23.675715126450246
Right pinky shape,suit,2.2777399999999997,0.47000000000000003,1,38.54693373734306
Right pinky shape,suit,2.30316,0.48,1,40.614301297419914
Right pinky shape,suit,2.3285799999999997,0.49,1,18.62669576695431
Right pinky shape,suit,2.354,0.5,1,32.74431964616834
Right pinky shape,suit,2.3794199999999996,0.51,1,34.07334169795626
Right pinky shape,suit,2.40484,0.52,1,27.822390333074356
Right pinky shape,suit,2.4302599999999996,0.53,0,
Right pinky shape,suit,2.45568,0.54,0,
Right pinky shape,suit,2.4811,0.55,1,41.21352113532276
Right pinky shape,suit,2.50652,0.56,1,49.613450821510924
Right pinky shape,suit,2.53194,0.5700000000000001,1,40.38476286237718
Right pinky shape,suit,2.55736,0.58,1,30.411535130626362
Right pinky shape,suit,2.5827799999999996,0.59,1,29.23706226613651
Right pinky shape,suit,2.6082,0.6,1,22.033649772794735
Right pinky shape,suit,2.6336199999999996,0.61,1,33.34263080941227
Right pinky shape,suit,2.65904,0.62,1,29.30202376049893
Right pinky shape,suit,2.6844599999999996,0.63,1,37.73514726964609
Right pinky shape,suit,2.70988,0.64,1,60.452586576699694
Right pinky shape,suit,2.7352999999999996,0.65,0,
Right pinky shape,suit,2.76072,0.66,1,29.537721557600104
Right pinky shape,suit,2.7861399999999996,0.67,1,14.837134515606607
Right pinky shape,suit,2.81156,0.68,1,16.233752116029233
Right pinky shape,suit,2.83698,0.6900000000000001,0,
Right pinky shape,suit,2.8624,0.7000000000000001,1,32.63290208110716
Right pinky shape,suit,2.8878199999999996,0.71,1,36.59040662448072
Right pinky shape,suit,2.91324,0.72,1,36.93145046570099
Right pinky shape,suit,2.9386599999999996,0.73,1,20.7447897293513
Right pinky shape,suit,2.96408,0.74,1,19.019793864805962
Right pinky shape,suit,2.9894999999999996,0.75,1,25.544700887675322
Right pinky shape,suit,3.01492,0.76,1,26.831736079077825
Right pinky shape,suit,3.0403399999999996,0.77,1,17.5473603813001
Right pinky shape,suit,3.06576,0.78,1,18.645623171838054
Right pinky shape,suit,3.0911799999999996,0.79,1,18.996671015747808
Right pinky shape,suit,3.1166,0.8,1,15.125964339202142
Right pinky shape,suit,3.1420199999999996,0.81,1,11.628096139079494
Right pinky shape,suit,3.16744,0.8200000000000001,1,9.776106072536672
Right pinky shape,suit,3.1928599999999996,0.8300000000000001,1,7.686850242930272
Right pinky shape,suit,3.21828,0.84,1,8.300671784825786
Right pinky shape,suit,3.2436999999999996,0.85,1,3.676574541529883
Right pinky shape,suit,3.26912,0.86,1,4.069694147746712
Right pinky shape,suit,3.2945399999999996,0.87,1,3.6757132060085476
Right pinky shape,suit,3.31996,0.88,1,8.875023898240519
Right pinky shape,suit,3.3453799999999996,0.89,1,9.479276101858574
Right pinky shape,suit,3.3708,0.9,1,22.137024905291923
Right pinky shape,suit,3.3962199999999996,0.91,1,30.00279338687841
Right pinky shape,suit,3.42164,0.92,1,36.550478343557714
Right pinky shape,suit,3.4470599999999996,0.93,1,43.56029656813797
Right pinky shape,suit,3.47248,0.9400000000000001,1,5.132676496036349
Right pinky shape,suit,3.4978999999999996,0.9500000000000001,1,13.311347281282783
Right pinky shape,suit,3.52332,0.96,1,5.079161612285276
Right pinky shape,suit,3.5487399999999996,0.97,1,9.046285515938811
Right pinky shape,suit,3.57416,0.98,1,17.458574831024322
Right pinky shape,suit,3.5995799999999996,0.99,1,18.616001017029845
Right pinky shape,suit,3.625,1.0,1,31.636817203618886
Right palm direction,suit,1.083,0.0,1,17.972146715249266
Right palm direction,suit,1.10842,0.01,1,15.320580937892345
Right palm direction,suit,1.13384,0.02,1,10.8506777812064
Right palm direction,suit,1.15926,0.03,1,8.101281345395648
Right palm direction,suit,1.18468,0.04,1,5.818456257233436
Right palm direction,suit,1.2101,0.05,1,3.5232401822075303
Right palm direction,suit,1.23552,0.06,1,1.9550043457716129
Right palm direction,suit,1.26094,0.07,1,0.2619034628742156
Right palm direction,suit,1.28636,0.08,1,4.296270878989134
Right palm direction,suit,1.31178,0.09,1,14.956270524579935
Right palm direction,suit,1.3372,0.1,1,25.361126770904804
Right palm direction,suit,1.36262,0.11,1,25.83120386280183
Right palm direction,suit,1.38804,0.12,1,25.607321114662284
Right palm direction,suit,1.41346,0.13,1,24.411280437612078
Right palm direction,suit,1.43888,0.14,1,19.269624800816672
Right palm direction,suit,1.4643,0.15,1,13.482752411402402
Right palm direction,suit,1.48972,0.16,1,7.659790527484915
Right palm direction,suit,1.51514,0.17,1,6.250384979182627
Right palm direction,suit,1.54056,0.18,1,5.4519061200550425
Right palm direction,suit,1.56598,0.19,1,11.728438126129333
Right palm direction,suit,1.5914,0.2,1,16.558348420587436
Right palm direction,suit,1.61682,0.21,1,17.94829935597346
Right palm direction,suit,1.64224,0.22,1,18.239024141831464
Right palm direction,suit,1.66766,0.23,1,18.21351575037329
Right palm direction,suit,1.69308,0.24,1,16.42031857456459
Right palm direction,suit,1.7185,0.25,1,14.112764365344646
Right palm direction,suit,1.74392,0.26,1,10.880084665443235
Right palm direction,suit,1.76934,0.27,1,12.70583663373165
Right palm direction,suit,1.7947600000000001,0.28,1,15.397953580151665
Right palm direction,suit,1.82018,0.29,1,10.234168367176949
Right palm direction,suit,1.8456,0.3,1,8.739087300631127
Right palm direction,suit,1.87102,0.31,1,10.882863626679011
Right palm direction,suit,1.89644,0.32,1,8.216081307316017
Right palm direction,suit,1.92186,0.33,1,2.0957039911979223
Right palm direction,suit,1.9472800000000001,0.34,1,15.01057812967332
Right palm direction,suit,1.9727000000000001,0.35000000000000003,1,81.08855073830125
Right palm direction,suit,1.99812,0.36,1,127.22037383024292
Right palm direction,suit,2.0235399999999997,0.37,0,
Right palm direction,suit,2.04896,0.38,1,111.21976401461548
Right palm direction,suit,2.0743799999999997,0.39,1,36.98029753690233
Right palm direction,suit,2.0998,0.4,0,
Right palm direction,suit,2.1252199999999997,0.41000000000000003,1,46.261024177642184
Right palm direction,suit,2.15064,0.42,1,33.55099716376179
Right palm direction,suit,2.1760599999999997,0.43,1,23.15187770883827
Right palm direction,suit,2.20148,0.44,1,23.857536648018282
Right palm direction,suit,2.2268999999999997,0.45,1,25.422210728599964
Right palm direction,suit,2.25232,0.46,1,26.98397580378952
Right palm direction,suit,2.2777399999999997,0.47000000000000003,1,27.28516842926885
Right palm direction,suit,2.30316,0.48,1,26.178149005975627
Right palm direction,suit,2.3285799999999997,0.49,1,22.79158622184758
Right palm direction,suit,2.354,0.5,1,38.57480509452151
Right palm direction,suit,2.3794199999999996,0.51,1,53.291904565663586
Right palm direction,suit,2.40484,0.52,1,43.88971657949571
Right palm direction,suit,2.4302599999999996,0.53,0,
Right palm direction,suit,2.45568,0.54,0,
Right palm direction,suit,2.4811,0.55,1,51.13935938290996
Right palm direction,suit,2.50652,0.56,1,55.8438922238702
Right palm direction,suit,2.53194,0.5700000000000001,1,39.665392849047095
Right palm direction,suit,2.55736,0.58,1,40.16117805285529
Right palm direction,suit,2.5827799999999996,0.59,1,49.868772928290866
Right palm direction,suit,2.6082,0.6,1,32.77614209462723
Right palm direction,suit,2.6336199999999996,0.61,1,25.73858352278077
Right palm direction,suit,2.65904,0.62,1,29.011080055352124
Right palm direction,suit,2.6844599999999996,0.63,1,36.26339213028831
Right palm direction,suit,2.70988,0.64,1,42.01484138669815
Right palm direction,suit,2.7352999999999996,0.65,0,
Right palm direction,suit,2.76072,0.66,1,24.224610241150913
Right palm direction,suit,2.7861399999999996,0.67,1,22.366799074970118
Right palm direction,suit,2.81156,0.68,1,24.48680044736176
Right palm direction,suit,2.83698,0.6900000000000001,0,
Right palm direction,suit,2.8624,0.7000000000000001,1,17.789346201910007
Right palm direction,suit,2.8878199999999996,0.71,1,9.922410898237928
Right palm direction,suit,2.91324,0.72,1,0.7201102165405757
Right palm direction,suit,2.9386599999999996,0.73,1,7.234521844577046
Right palm direction,suit,2.96408,0.74,1,7.85412205301688
Right palm direction,suit,2.9894999999999996,0.75,1,26.04150002718589
Right palm direction,suit,3.01492,0.76,1,51.856974455805016
Right palm direction,suit,3.0403399999999996,0.77,1,63.18112703473639
Right palm direction,suit,3.06576,0.78,1,79.02374147555861
Right palm direction,suit,3.0911799999999996,0.79,1,77.9296973950187
Right palm direction,suit,3.1166,0.8,1,59.10845074350914
Right palm direction,suit,3.1420199999999996,0.81,1,41.74498127650065
Right palm direction,suit,3.16744,0.8200000000000001,1,24.979155198944653
Right palm direction,suit,3.1928599999999996,0.8300000000000001,1,8.189494542852685
Right palm direction,suit,3.21828,0.84,1,4.393776831578094
Right palm direction,suit,3.2436999999999996,0.85,1,12.779490738510958
Right palm direction,suit,3.26912,0.86,1,14.521761567144523
Right palm direction,suit,3.2945399999999996,0.87,1,13.975572511577553
Right palm direction,suit,3.31996,0.88,1,10.378745593087501
Right palm direction,suit,3.3453799999999996,0.89,1,10.659001455084507
Right palm direction,suit,3.3708,0.9,1,14.18430176555907
Right palm direction,suit,3.3962199999999996,0.91,1,13.875412195288476
Right palm direction,suit,3.42164,0.92,1,12.44411799997124
Right palm direction,suit,3.4470599999999996,0.93,1,18.21358968397101
Right palm direction,suit,3.47248,0.9400000000000001,1,23.16970623889256
Right palm direction,suit,3.4978999999999996,0.9500000000000001,1,26.652177104296555
Right palm direction,suit,3.52332,0.96,1,26.391721207390674
Right palm direction,suit,3.5487399999999996,0.97,1,25.542770999245505
Right palm direction,suit,3.57416,0.98,1,20.15136900520514
Right palm direction,suit,3.5995799999999996,0.99,1,4.959636312585104
Right palm direction,suit,3.625,1.0,1,6.941307943463187
Right palm spread,suit,1.083,0.0,1,6.383524691439135
Right palm spread,suit,1.10842,0.01,1,4.594367631464223
Right palm spread,suit,1.13384,0.02,1,2.839683568771221
Right palm spread,suit,1.15926,0.03,1,1.3619455402755989
Right palm spread,suit,1.18468,0.04,1,2.2771612482303
Right palm spread,suit,1.2101,0.05,1,6.483313310230159
Right palm spread,suit,1.23552,0.06,1,5.876461500267169
Right palm spread,suit,1.26094,0.07,1,6.76442679688563
Right palm spread,suit,1.28636,0.08,1,9.052563089395676
Right palm spread,suit,1.31178,0.09,1,7.602367072825061
Right palm spread,suit,1.3372,0.1,1,1.690165951740454
Right palm spread,suit,1.36262,0.11,1,3.9212507419801454
Right palm spread,suit,1.38804,0.12,1,2.3436993840702485
Right palm spread,suit,1.41346,0.13,1,0.6462894024297725
Right palm spread,suit,1.43888,0.14,1,8.099317040658775
Right palm spread,suit,1.4643,0.15,1,18.82903102893411
Right palm spread,suit,1.48972,0.16,1,15.492776954314962
Right palm spread,suit,1.51514,0.17,1,14.031205362436765
Right palm spread,suit,1.54056,0.18,1,12.752772805746048
Right palm spread,suit,1.56598,0.19,1,18.734134614327985
Right palm spread,suit,1.5914,0.2,1,21.89175502125306
Right palm spread,suit,1.61682,0.21,1,20.854992776989718
Right palm spread,suit,1.64224,0.22,1,19.72495684585064
Right palm spread,suit,1.66766,0.23,1,19.33566795699838
Right palm spread,suit,1.69308,0.24,1,19.439946544353518
Right palm spread,suit,1.7185,0.25,1,16.15095980802687
Right palm spread,suit,1.74392,0.26,1,6.824836016820342
Right palm spread,suit,1.76934,0.27,1,3.979034979224082
Right palm spread,suit,1.7947600000000001,0.28,1,4.195927687533299
Right palm spread,suit,1.82018,0.29,1,11.539966191438452
Right palm spread,suit,1.8456,0.3,1,12.39674427168626
Right palm spread,suit,1.87102,0.31,1,5.743636920452161
Right palm spread,suit,1.89644,0.32,1,1.1588003831896287
Right palm spread,suit,1.92186,0.33,1,16.818206155373986
Right palm spread,suit,1.9472800000000001,0.34,1,49.06907116282693
Right palm spread,suit,1.9727000000000001,0.35000000000000003,1,86.02796957667007
Right palm spread,suit,1.99812,0.36,1,45.80365920307469
Right palm spread,suit,2.0235399999999997,0.37,0,
Right palm spread,suit,2.04896,0.38,1,47.008149061472125
Right palm spread,suit,2.0743799999999997,0.39,1,29.58511484963907
Right palm spread,suit,2.0998,0.4,0,
Right palm spread,suit,2.1252199999999997,0.41000000000000003,1,14.816091340819128
Right palm spread,suit,2.15064,0.42,1,15.738284600203741
Right palm spread,suit,2.1760599999999997,0.43,1,13.403187731842081
Right palm spread,suit,2.20148,0.44,1,7.7113485614899275
Right palm spread,suit,2.2268999999999997,0.45,1,1.6255731978775998
Right palm spread,suit,2.25232,0.46,1,9.923607239159338
Right palm spread,suit,2.2777399999999997,0.47000000000000003,1,9.306067522637704
Right palm spread,suit,2.30316,0.48,1,10.997386584298738
Right palm spread,suit,2.3285799999999997,0.49,1,17.695635841246514
Right palm spread,suit,2.354,0.5,1,2.3311234096787814
Right palm spread,suit,2.3794199999999996,0.51,1,2.6603959846039515
Right palm spread,suit,2.40484,0.52,1,33.112588593218305
Right palm spread,suit,2.4302599999999996,0.53,0,
Right palm spread,suit,2.45568,0.54,0,
Right palm spread,suit,2.4811,0.55,1,25.189864870607437
Right palm spread,suit,2.50652,0.56,1,10.283435039961148
Right palm spread,suit,2.53194,0.5700000000000001,1,84.27513142496676
Right palm spread,suit,2.55736,0.58,1,99.29542927034363
Right palm spread,suit,2.5827799999999996,0.59,1,21.78196356296482
Right palm spread,suit,2.6082,0.6,1,74.55607233372012
Right palm spread,suit,2.6336199999999996,0.61,1,49.90143247850747
Right palm spread,suit,2.65904,0.62,1,39.4867833392515
Right palm spread,suit,2.6844599999999996,0.63,1,27.28869958883365
Right palm spread,suit,2.70988,0.64,1,98.13711993500378
Right palm spread,suit,2.7352999999999996,0.65,0,
Right palm spread,suit,2.76072,0.66,1,83.4605596332267
Right palm spread,suit,2.7861399999999996,0.67,1,20.350070273653557
Right palm spread,suit,2.81156,0.68,1,12.764152660750824
Right palm spread,suit,2.83698,0.6900000000000001,0,
Right palm spread,suit,2.8624,0.7000000000000001,1,9.073045155600965
Right palm spread,suit,2.8878199999999996,0.71,1,19.436083085234884
Right palm spread,suit,2.91324,0.72,1,22.570987866806007
Right palm spread,suit,2.9386599999999996,0.73,1,23.17986736467421
Right palm spread,suit,2.96408,0.74,1,25.45082459060808
Right palm spread,suit,2.9894999999999996,0.75,1,40.96336819324219
Right palm spread,suit,3.01492,0.76,1,16.38566173481314
Right palm spread,suit,3.0403399999999996,0.77,1,16.242625461019003
Right palm spread,suit,3.06576,0.78,1,51.028085908320236
Right palm spread,suit,3.0911799999999996,0.79,1,56.56096195534728
Right palm spread,suit,3.1166,0.8,1,34.195129579742456
Right palm spread,suit,3.1420199999999996,0.81,1,25.712807562672992
Right palm spread,suit,3.16744,0.8200000000000001,1,22.14421253867033
Right palm spread,suit,3.1928599999999996,0.8300000000000001,1,18.345380817735588
Right palm spread,suit,3.21828,0.84,1,10.320041189246638
Right palm spread,suit,3.2436999999999996,0.85,1,4.943026481587765
Right palm spread,suit,3.26912,0.86,1,10.791466096432202
Right palm spread,suit,3.2945399999999996,0.87,1,12.179850181613517
Right palm spread,suit,3.31996,0.88,1,9.815660822033493
Right palm spread,suit,3.3453799999999996,0.89,1,5.8862483543869075
Right palm spread,suit,3.3708,0.9,1,3.2729162397476728
Right palm spread,suit,3.3962199999999996,0.91,1,6.989502420291757
Right palm spread,suit,3.42164,0.92,1,7.174207557866964
Right palm spread,suit,3.4470599999999996,0.93,1,2.9606538156560305
Right palm spread,suit,3.47248,0.9400000000000001,1,0.6520787500232359
Right palm spread,suit,3.4978999999999996,0.9500000000000001,1,1.6381815564253088
Right palm spread,suit,3.52332,0.96,1,4.268612810908792
Right palm spread,suit,3.5487399999999996,0.97,1,8.826236983115962
Right palm spread,suit,3.57416,0.98,1,18.611096455719775
Right palm spread,suit,3.5995799999999996,0.99,1,20.88349987089427
Right palm spread,suit,3.625,1.0,1,22.02914422151406
