method,side,native_time_s,bend,angle_degrees
suit,left,1.7,thumb bend 1,133.78920566220066
suit,left,1.7,thumb bend 2,141.1373087594497
suit,left,1.7,thumb bend 3,174.00448950950667
suit,left,1.7,index bend 1,145.20121325456782
suit,left,1.7,index bend 2,153.55134111594893
suit,left,1.7,index bend 3,162.35083815478714
suit,left,1.7,middle bend 1,149.46769046873038
suit,left,1.7,middle bend 2,152.01119944482085
suit,left,1.7,middle bend 3,161.3203838818138
suit,left,1.7,ring bend 1,154.4222357985507
suit,left,1.7,ring bend 2,151.02778366967436
suit,left,1.7,ring bend 3,160.6633059648165
suit,left,1.7,pinky bend 1,157.0301017943133
suit,left,1.7,pinky bend 2,150.71175117321212
suit,left,1.7,pinky bend 3,160.44965789121346
suit,left,1.7333333333333334,thumb bend 1,133.78525371157926
suit,left,1.7333333333333334,thumb bend 2,141.1493354417731
suit,left,1.7333333333333334,thumb bend 3,174.02941148162884
suit,left,1.7333333333333334,index bend 1,145.19390303101665
suit,left,1.7333333333333334,index bend 2,153.57167345223604
suit,left,1.7333333333333334,index bend 3,162.36442610604067
suit,left,1.7333333333333334,middle bend 1,149.46359181845455
suit,left,1.7333333333333334,middle bend 2,152.02440020466253
suit,left,1.7333333333333334,middle bend 3,161.3291958324022
suit,left,1.7333333333333334,ring bend 1,154.4077020542308
suit,left,1.7333333333333334,ring bend 2,151.07531670490508
suit,left,1.7333333333333334,ring bend 3,160.69511863256685
suit,left,1.7333333333333334,pinky bend 1,157.03425415407685
suit,left,1.7333333333333334,pinky bend 2,150.70049400111597
suit,left,1.7333333333333334,pinky bend 3,160.4421410311876
suit,left,1.7666666666666666,thumb bend 1,133.7982835352003
suit,left,1.7666666666666666,thumb bend 2,141.2289726411971
suit,left,1.7666666666666666,thumb bend 3,174.00948938100245
suit,left,1.7666666666666666,index bend 1,145.18965137168067
suit,left,1.7666666666666666,index bend 2,153.58426004602399
suit,left,1.7666666666666666,index bend 3,162.37283369928292
suit,left,1.7666666666666666,middle bend 1,149.47411180695238
suit,left,1.7666666666666666,middle bend 2,151.97013041398884
suit,left,1.7666666666666666,middle bend 3,161.29290661721666
suit,left,1.7666666666666666,ring bend 1,154.41036331492614
suit,left,1.7666666666666666,ring bend 2,151.0599568263339
suit,left,1.7666666666666666,ring bend 3,160.68481513526535
suit,left,1.7666666666666666,pinky bend 1,157.0417396751013
suit,left,1.7666666666666666,pinky bend 2,150.6788112620534
suit,left,1.7666666666666666,pinky bend 3,160.42762420036905
suit,left,1.8,thumb bend 1,133.79746018243975
suit,left,1.8,thumb bend 2,141.2435806439912
suit,left,1.8,thumb bend 3,174.0192283216244
suit,left,1.8,index bend 1,145.19329031941749
suit,left,1.8,index bend 2,153.56510835800873
suit,left,1.8,index bend 3,162.36005636963048
suit,left,1.8,middle bend 1,149.48061847888738
suit,left,1.8,middle bend 2,151.94839999110238
suit,left,1.8,middle bend 3,161.27837262092498
suit,left,1.8,ring bend 1,154.4002114778178
suit,left,1.8,ring bend 2,151.08384064599895
suit,left,1.8,ring bend 3,160.7008101609809
suit,left,1.8,pinky bend 1,157.03367258111177
suit,left,1.8,pinky bend 2,150.6977703072955
suit,left,1.8,pinky bend 3,160.44030043916771
suit,left,1.8333333333333333,thumb bend 1,133.7919346205604
suit,left,1.8333333333333333,thumb bend 2,141.28684393040248
suit,left,1.8333333333333333,thumb bend 3,174.04907284373772
suit,left,1.8333333333333333,index bend 1,145.1940731493903
suit,left,1.8333333333333333,index bend 2,153.54784303852026
suit,left,1.8333333333333333,index bend 3,162.34849974506568
suit,left,1.8333333333333333,middle bend 1,149.4758873877903
suit,left,1.8333333333333333,middle bend 2,151.95363566308967
suit,left,1.8333333333333333,middle bend 3,161.28187451301048
suit,left,1.8333333333333333,ring bend 1,154.40658175504026
suit,left,1.8333333333333333,ring bend 2,151.05446175499935
suit,left,1.8333333333333333,ring bend 3,160.6811473039212
suit,left,1.8333333333333333,pinky bend 1,157.03848052835707
suit,left,1.8333333333333333,pinky bend 2,150.68340225057253
suit,left,1.8333333333333333,pinky bend 3,160.4306931238132
suit,left,1.8666666666666667,thumb bend 1,133.78982451698792
suit,left,1.8666666666666667,thumb bend 2,141.2725189387516
suit,left,1.8666666666666667,thumb bend 3,174.05696313459669
suit,left,1.8666666666666667,index bend 1,145.19503952841873
suit,left,1.8666666666666667,index bend 2,153.53566461753144
suit,left,1.8666666666666667,index bend 3,162.34035155196938
suit,left,1.8666666666666667,middle bend 1,149.48117045327893
suit,left,1.8666666666666667,middle bend 2,151.93238398463632
suit,left,1.8666666666666667,middle bend 3,161.2676647655901
suit,left,1.8666666666666667,ring bend 1,154.4150716983338
suit,left,1.8666666666666667,ring bend 2,151.0135872737656
suit,left,1.8666666666666667,ring bend 3,160.65381309063352
suit,left,1.8666666666666667,pinky bend 1,157.03477677358813
suit,left,1.8666666666666667,pinky bend 2,150.68525810049022
suit,left,1.8666666666666667,pinky bend 3,160.4319271788791
suit,left,1.9,thumb bend 1,133.79728367714029
suit,left,1.9,thumb bend 2,141.33006636393256
suit,left,1.9,thumb bend 3,174.0502440671023
suit,left,1.9,index bend 1,145.18761984763262
suit,left,1.9,index bend 2,153.56559663918054
suit,left,1.9,index bend 3,162.36037298982393
suit,left,1.9,middle bend 1,149.47853565804118
suit,left,1.9,middle bend 2,151.94163462548627
suit,left,1.9,middle bend 3,161.27384076052286
suit,left,1.9,ring bend 1,154.42503738150415
suit,left,1.9,ring bend 2,150.96848801531797
suit,left,1.9,ring bend 3,160.6236216690506
suit,left,1.9,pinky bend 1,157.03770982353862
suit,left,1.9,pinky bend 2,150.6758415201644
suit,left,1.9,pinky bend 3,160.42563292818465
suit,left,1.9333333333333333,thumb bend 1,133.7905342378002
suit,left,1.9333333333333333,thumb bend 2,141.30203723888434
suit,left,1.9333333333333333,thumb bend 3,174.0584230724679
suit,left,1.9333333333333333,index bend 1,145.18725881641404
suit,left,1.9333333333333333,index bend 2,153.55867105650086
suit,left,1.9333333333333333,index bend 3,162.35573813289395
suit,left,1.9333333333333333,middle bend 1,149.48371953028388
suit,left,1.9333333333333333,middle bend 2,151.90297839065283
suit,left,1.9333333333333333,middle bend 3,161.24798664965573
suit,left,1.9333333333333333,ring bend 1,154.42251537531885
suit,left,1.9333333333333333,ring bend 2,150.958106316729
suit,left,1.9333333333333333,ring bend 3,160.61667701270977
suit,left,1.9333333333333333,pinky bend 1,157.01416313476884
suit,left,1.9333333333333333,pinky bend 2,150.73171157586512
suit,left,1.9333333333333333,pinky bend 3,160.46300742520054
suit,left,1.9666666666666666,thumb bend 1,133.78715778656976
suit,left,1.9666666666666666,thumb bend 2,141.28877308117382
suit,left,1.9666666666666666,thumb bend 3,174.05909120838845
suit,left,1.9666666666666666,index bend 1,145.18717527304787
suit,left,1.9666666666666666,index bend 2,153.55510240728398
suit,left,1.9666666666666666,index bend 3,162.3533482255475
suit,left,1.9666666666666666,middle bend 1,149.48366277030004
suit,left,1.9666666666666666,middle bend 2,151.88814494035134
suit,left,1.9666666666666666,middle bend 3,161.23807034415233
suit,left,1.9666666666666666,ring bend 1,154.42044923869005
suit,left,1.9666666666666666,ring bend 2,150.94518975179145
suit,left,1.9666666666666666,ring bend 3,160.60802718669103
suit,left,1.9666666666666666,pinky bend 1,157.01915457327115
suit,left,1.9666666666666666,pinky bend 2,150.71540756010634
suit,left,1.9666666666666666,pinky bend 3,160.4520973907336
suit,left,2.0,thumb bend 1,133.7968878556321
suit,left,2.0,thumb bend 2,141.311469222143
suit,left,2.0,thumb bend 3,174.02838420976477
suit,left,2.0,index bend 1,145.18572281562126
suit,left,2.0,index bend 2,153.55702501442207
suit,left,2.0,index bend 3,162.35463759246744
suit,left,2.0,middle bend 1,149.4717403881025
suit,left,2.0,middle bend 2,151.91250178237289
suit,left,2.0,middle bend 3,161.25435528672156
suit,left,2.0,ring bend 1,154.41962819090784
suit,left,2.0,ring bend 2,150.92832688249771
suit,left,2.0,ring bend 3,160.59676429291008
suit,left,2.0,pinky bend 1,157.02167186842746
suit,left,2.0,pinky bend 2,150.70879096742593
suit,left,2.0,pinky bend 3,160.44768187895215
suit,left,2.033333333333333,thumb bend 1,133.79764171041225
suit,left,2.033333333333333,thumb bend 2,141.27787572231767
suit,left,2.033333333333333,thumb bend 3,174.00015915314938
suit,left,2.033333333333333,index bend 1,145.17694184352044
suit,left,2.033333333333333,index bend 2,153.58829599537694
suit,left,2.033333333333333,index bend 3,162.37554594823243
suit,left,2.033333333333333,middle bend 1,149.48821057286767
suit,left,2.033333333333333,middle bend 2,151.8235792817868
suit,left,2.033333333333333,middle bend 3,161.19486889769283
suit,left,2.033333333333333,ring bend 1,154.3905540519229
suit,left,2.033333333333333,ring bend 2,151.006015099684
suit,left,2.033333333333333,ring bend 3,160.64871474769885
suit,left,2.033333333333333,pinky bend 1,157.00708025167305
suit,left,2.033333333333333,pinky bend 2,150.7459289530173
suit,left,2.033333333333333,pinky bend 3,160.47252700154837
suit,left,2.066666666666667,thumb bend 1,133.79878737383262
suit,left,2.066666666666667,thumb bend 2,141.26426841296868
suit,left,2.066666666666667,thumb bend 3,173.9869050463399
suit,left,2.066666666666667,index bend 1,145.1791837486509
suit,left,2.066666666666667,index bend 2,153.5654001826744
suit,left,2.066666666666667,index bend 3,162.3602223099437
suit,left,2.066666666666667,middle bend 1,149.48308826019775
suit,left,2.066666666666667,middle bend 2,151.82961794762076
suit,left,2.066666666666667,middle bend 3,161.19891056952946
suit,left,2.066666666666667,ring bend 1,154.38008062975933
suit,left,2.066666666666667,ring bend 2,151.02330902972048
suit,left,2.066666666666667,ring bend 3,160.66030379796663
suit,left,2.066666666666667,pinky bend 1,157.00276594881865
suit,left,2.066666666666667,pinky bend 2,150.75323219053848
suit,left,2.066666666666667,pinky bend 3,160.47742125873418
suit,left,2.1,thumb bend 1,133.79106659279506
suit,left,2.1,thumb bend 2,141.27072098008097
suit,left,2.1,thumb bend 3,174.01970037299336
suit,left,2.1,index bend 1,145.1814110909212
suit,left,2.1,index bend 2,153.52568155449018
suit,left,2.1,index bend 3,162.33367964585614
suit,left,2.1,middle bend 1,149.46655241224718
suit,left,2.1,middle bend 2,151.878619641311
suit,left,2.1,middle bend 3,161.2316978924339
suit,left,2.1,ring bend 1,154.37966516596026
suit,left,2.1,ring bend 2,151.00631455345268
suit,left,2.1,ring bend 3,160.6489207414384
suit,left,2.1,pinky bend 1,157.00988562876927
suit,left,2.1,pinky bend 2,150.73308868156184
suit,left,2.1,pinky bend 3,160.46394011881216
suit,left,2.1333333333333333,thumb bend 1,133.78708589675054
suit,left,2.1333333333333333,thumb bend 2,141.25812618530105
suit,left,2.1333333333333333,thumb bend 3,174.02747358083582
suit,left,2.1333333333333333,index bend 1,145.1747140392184
suit,left,2.1333333333333333,index bend 2,153.52194887326266
suit,left,2.1333333333333333,index bend 3,162.3311733900709
suit,left,2.1333333333333333,middle bend 1,149.47697123680996
suit,left,2.1333333333333333,middle bend 2,151.8260569276584
suit,left,2.1333333333333333,middle bend 3,161.1965225689207
suit,left,2.1333333333333333,ring bend 1,154.36764257109132
suit,left,2.1333333333333333,ring bend 2,151.03223732872794
suit,left,2.1333333333333333,ring bend 3,160.6662737992523
suit,left,2.1333333333333333,pinky bend 1,157.0045018941494
suit,left,2.1333333333333333,pinky bend 2,150.7485706305321
suit,left,2.1333333333333333,pinky bend 3,160.4742912999432
suit,left,2.1666666666666665,thumb bend 1,133.77998407269538
suit,left,2.1666666666666665,thumb bend 2,141.23571284298842
suit,left,2.1666666666666665,thumb bend 3,174.04526221570143
suit,left,2.1666666666666665,index bend 1,145.16462817650523
suit,left,2.1666666666666665,index bend 2,153.54283434071337
suit,left,2.1666666666666665,index bend 3,162.34514281130745
suit,left,2.1666666666666665,middle bend 1,149.47241116197443
suit,left,2.1666666666666665,middle bend 2,151.83163782987683
suit,left,2.1666666666666665,middle bend 3,161.2002552504357
suit,left,2.1666666666666665,ring bend 1,154.35148667706804
suit,left,2.1666666666666665,ring bend 2,151.0741532223068
suit,left,2.1666666666666665,ring bend 3,160.6943270830142
suit,left,2.1666666666666665,pinky bend 1,156.9883972942868
suit,left,2.1666666666666665,pinky bend 2,150.78797263862668
suit,left,2.1666666666666665,pinky bend 3,160.50065276509523
suit,left,2.2,thumb bend 1,133.78230912550669
suit,left,2.2,thumb bend 2,141.23442999852634
suit,left,2.2,thumb bend 3,174.037642027201
suit,left,2.2,index bend 1,145.1621745141752
suit,left,2.2,index bend 2,153.52647882633664
suit,left,2.2,index bend 3,162.33420416735598
suit,left,2.2,middle bend 1,149.4686873649007
suit,left,2.2,middle bend 2,151.8226542177508
suit,left,2.2,middle bend 3,161.1942471019995
suit,left,2.2,ring bend 1,154.35243727991767
suit,left,2.2,ring bend 2,151.06552056228867
suit,left,2.2,ring bend 3,160.68853446507592
suit,left,2.2,pinky bend 1,156.9925872454541
suit,left,2.2,pinky bend 2,150.78151626354813
suit,left,2.2,pinky bend 3,160.4963249908073
suit,left,2.2333333333333334,thumb bend 1,133.77850405565462
suit,left,2.2333333333333334,thumb bend 2,141.21643949460898
suit,left,2.2333333333333334,thumb bend 3,174.04580693339315
suit,left,2.2333333333333334,index bend 1,145.14897063446085
suit,left,2.2333333333333334,index bend 2,153.56058031252343
suit,left,2.2333333333333334,index bend 3,162.35700651967446
suit,left,2.2333333333333334,middle bend 1,149.46995488743343
suit,left,2.2333333333333334,middle bend 2,151.79342409989954
suit,left,2.2333333333333334,middle bend 3,161.17471012986007
suit,left,2.2333333333333334,ring bend 1,154.35634925881882
suit,left,2.2333333333333334,ring bend 2,151.04382637895185
suit,left,2.2333333333333334,ring bend 3,160.67402907870724
suit,left,2.2333333333333334,pinky bend 1,156.9999985472295
suit,left,2.2333333333333334,pinky bend 2,150.76746291897342
suit,left,2.2333333333333334,pinky bend 3,160.48692748413293
suit,left,2.2666666666666666,thumb bend 1,133.78540089718243
suit,left,2.2666666666666666,thumb bend 2,141.20645199199382
suit,left,2.2666666666666666,thumb bend 3,174.01332689564813
suit,left,2.2666666666666666,index bend 1,145.1473714090175
suit,left,2.2666666666666666,index bend 2,153.54929071567847
suit,left,2.2666666666666666,index bend 3,162.34944769672703
suit,left,2.2666666666666666,middle bend 1,149.47340953090426
suit,left,2.2666666666666666,middle bend 2,151.75884005448847
suit,left,2.2666666666666666,middle bend 3,161.15157589834558
suit,left,2.2666666666666666,ring bend 1,154.35639542172177
suit,left,2.2666666666666666,ring bend 2,151.03905037804708
suit,left,2.2666666666666666,ring bend 3,160.67083617718785
suit,left,2.2666666666666666,pinky bend 1,157.0103961786606
suit,left,2.2666666666666666,pinky bend 2,150.74335403249623
suit,left,2.2666666666666666,pinky bend 3,160.4708084804633
suit,left,2.3,thumb bend 1,133.77195891747053
suit,left,2.3,thumb bend 2,141.1072097073886
suit,left,2.3,thumb bend 3,174.02691808558322
suit,left,2.3,index bend 1,145.1328925026988
suit,left,2.3,index bend 2,153.59846979334432
suit,left,2.3,index bend 3,162.38233420279983
suit,left,2.3,middle bend 1,149.462677929523
suit,left,2.3,middle bend 2,151.78305956748545
suit,left,2.3,middle bend 3,161.1677692883866
suit,left,2.3,ring bend 1,154.34990053363364
suit,left,2.3,ring bend 2,151.0535710231782
suit,left,2.3,ring bend 3,160.68055793321022
suit,left,2.3,pinky bend 1,156.9993016733024
suit,left,2.3,pinky bend 2,150.77786369144854
suit,left,2.3,pinky bend 3,160.49390265767093
suit,left,2.3333333333333335,thumb bend 1,133.76218387305215
suit,left,2.3333333333333335,thumb bend 2,141.06703264029736
suit,left,2.3333333333333335,thumb bend 3,174.0448956833949
suit,left,2.3333333333333335,index bend 1,145.13361442221975
suit,left,2.3333333333333335,index bend 2,153.5543680778397
suit,left,2.3333333333333335,index bend 3,162.352858036258
suit,left,2.3333333333333335,middle bend 1,149.46738825254985
suit,left,2.3333333333333335,middle bend 2,151.7333388033873
suit,left,2.3333333333333335,middle bend 3,161.1345051283898
suit,left,2.3333333333333335,ring bend 1,154.33259507994867
suit,left,2.3333333333333335,ring bend 2,151.1033432857414
suit,left,2.3333333333333335,ring bend 3,160.7138507035428
suit,left,2.3333333333333335,pinky bend 1,157.01055457451508
suit,left,2.3333333333333335,pinky bend 2,150.74918288999677
suit,left,2.3333333333333335,pinky bend 3,160.4747109158983
suit,left,2.3666666666666667,thumb bend 1,133.7555113898481
suit,left,2.3666666666666667,thumb bend 2,141.0753480702627
suit,left,2.3666666666666667,thumb bend 3,174.09216035986736
suit,left,2.3666666666666667,index bend 1,145.12562809583338
suit,left,2.3666666666666667,index bend 2,153.5520716300863
suit,left,2.3666666666666667,index bend 3,162.3513130840165
suit,left,2.3666666666666667,middle bend 1,149.462442316507
suit,left,2.3666666666666667,middle bend 2,151.7136854830076
suit,left,2.3666666666666667,middle bend 3,161.12137112540665
suit,left,2.3666666666666667,ring bend 1,154.3554588088817
suit,left,2.3666666666666667,ring bend 2,151.01968125260623
suit,left,2.3666666666666667,ring bend 3,160.6578681137321
suit,left,2.3666666666666667,pinky bend 1,157.00563291866047
suit,left,2.3666666666666667,pinky bend 2,150.76319236516548
suit,left,2.3666666666666667,pinky bend 3,160.48407599819942
suit,left,2.4,thumb bend 1,133.74726516697962
suit,left,2.4,thumb bend 2,141.07341783104002
suit,left,2.4,thumb bend 3,174.14099041484064
suit,left,2.4,index bend 1,145.1256195556887
suit,left,2.4,index bend 2,153.50925356076417
suit,left,2.4,index bend 3,162.32269713248684
suit,left,2.4,middle bend 1,149.44941861865956
suit,left,2.4,middle bend 2,151.74053713707494
suit,left,2.4,middle bend 3,161.1393459790894
suit,left,2.4,ring bend 1,154.34164586917066
suit,left,2.4,ring bend 2,151.0562012568614
suit,left,2.4,ring bend 3,160.6823088791549
suit,left,2.4,pinky bend 1,157.0173952674304
suit,left,2.4,pinky bend 2,150.7346698735768
suit,left,2.4,pinky bend 3,160.46499297521913
suit,left,2.433333333333333,thumb bend 1,133.74525108523343
suit,left,2.433333333333333,thumb bend 2,141.0885809367855
suit,left,2.433333333333333,thumb bend 3,174.16547688681288
suit,left,2.433333333333333,index bend 1,145.10592650226417
suit,left,2.433333333333333,index bend 2,153.53944688952313
suit,left,2.433333333333333,index bend 3,162.34288069561106
suit,left,2.433333333333333,middle bend 1,149.44278487952874
suit,left,2.433333333333333,middle bend 2,151.75247904681214
suit,left,2.433333333333333,middle bend 3,161.14731869627644
suit,left,2.433333333333333,ring bend 1,154.33871789010183
suit,left,2.433333333333333,ring bend 2,151.06287888443075
suit,left,2.433333333333333,ring bend 3,160.6867797042857
suit,left,2.433333333333333,pinky bend 1,157.02372648685196
suit,left,2.433333333333333,pinky bend 2,150.71890563734559
suit,left,2.433333333333333,pinky bend 3,160.45444342986292
suit,left,2.466666666666667,thumb bend 1,133.75370824830097
suit,left,2.466666666666667,thumb bend 2,141.16241261993383
suit,left,2.466666666666667,thumb bend 3,174.17964192065588
suit,left,2.466666666666667,index bend 1,145.09163430136
suit,left,2.466666666666667,index bend 2,153.55495935629344
suit,left,2.466666666666667,index bend 3,162.35324332141232
suit,left,2.466666666666667,middle bend 1,149.42736704798156
suit,left,2.466666666666667,middle bend 2,151.781283825909
suit,left,2.466666666666667,middle bend 3,161.16658482473935
suit,left,2.466666666666667,ring bend 1,154.3437228389456
suit,left,2.466666666666667,ring bend 2,151.04154328259753
suit,left,2.466666666666667,ring bend 3,160.67248984830388
suit,left,2.466666666666667,pinky bend 1,157.00956420258973
suit,left,2.466666666666667,pinky bend 2,150.7535068488933
suit,left,2.466666666666667,pinky bend 3,160.4776005496994
suit,left,2.5,thumb bend 1,133.75806193861357
suit,left,2.5,thumb bend 2,141.19848022487528
suit,left,2.5,thumb bend 3,174.1926984619214
suit,left,2.5,index bend 1,145.0667606547571
suit,left,2.5,index bend 2,153.6035414333189
suit,left,2.5,index bend 3,162.3857330979618
suit,left,2.5,middle bend 1,149.4050740417254
suit,left,2.5,middle bend 2,151.83350130941798
suit,left,2.5,middle bend 3,161.20150647084935
suit,left,2.5,ring bend 1,154.35744111275898
suit,left,2.5,ring bend 2,150.99227456015322
suit,left,2.5,ring bend 3,160.63953467876328
suit,left,2.5,pinky bend 1,157.0013456993157
suit,left,2.5,pinky bend 2,150.77383727776174
suit,left,2.5,pinky bend 3,160.4912152042082
suit,left,2.533333333333333,thumb bend 1,133.7598610578244
suit,left,2.533333333333333,thumb bend 2,141.17112776363535
suit,left,2.533333333333333,thumb bend 3,174.18976020154884
suit,left,2.533333333333333,index bend 1,145.04953266343696
suit,left,2.533333333333333,index bend 2,153.6374502772868
suit,left,2.533333333333333,index bend 3,162.40840765844698
suit,left,2.533333333333333,middle bend 1,149.3762471453545
suit,left,2.533333333333333,middle bend 2,151.9220041933822
suit,left,2.533333333333333,middle bend 3,161.26071057266677
suit,left,2.533333333333333,ring bend 1,154.3459825152921
suit,left,2.533333333333333,ring bend 2,151.02949074665287
suit,left,2.533333333333333,ring bend 3,160.66442939307905
suit,left,2.533333333333333,pinky bend 1,156.98665494531542
suit,left,2.533333333333333,pinky bend 2,150.81758804131402
suit,left,2.533333333333333,pinky bend 3,160.5204643946838
suit,left,2.566666666666667,thumb bend 1,133.76569645610627
suit,left,2.566666666666667,thumb bend 2,141.15738558208452
suit,left,2.566666666666667,thumb bend 3,174.16686153406775
suit,left,2.566666666666667,index bend 1,145.02413064457554
suit,left,2.566666666666667,index bend 2,153.72328668760724
suit,left,2.566666666666667,index bend 3,162.4657959640065
suit,left,2.566666666666667,middle bend 1,149.36049467076487
suit,left,2.566666666666667,middle bend 2,151.9847616854427
suit,left,2.566666666666667,middle bend 3,161.3026932232968
suit,left,2.566666666666667,ring bend 1,154.3370246812027
suit,left,2.566666666666667,ring bend 2,151.0579560176126
suit,left,2.566666666666667,ring bend 3,160.68347808386125
suit,left,2.566666666666667,pinky bend 1,156.99129760250923
suit,left,2.566666666666667,pinky bend 2,150.80793304210658
suit,left,2.566666666666667,pinky bend 3,160.514017557134
suit,left,2.6,thumb bend 1,133.75457389028583
suit,left,2.6,thumb bend 2,141.1444913119756
suit,left,2.6,thumb bend 3,174.20791615812965
suit,left,2.6,index bend 1,145.0066851327225
suit,left,2.6,index bend 2,153.7550345056253
suit,left,2.6,index bend 3,162.48702856886555
suit,left,2.6,middle bend 1,149.347698595881
suit,left,2.6,middle bend 2,152.0479387941973
suit,left,2.6,middle bend 3,161.34494671759515
suit,left,2.6,ring bend 1,154.29750797752553
suit,left,2.6,ring bend 2,151.18752221033662
suit,left,2.6,ring bend 3,160.770170894089
suit,left,2.6,pinky bend 1,156.98459086531247
suit,left,2.6,pinky bend 2,150.8284713721095
suit,left,2.6,pinky bend 3,160.52776381848892
suit,left,2.6333333333333333,thumb bend 1,133.7640044072795
suit,left,2.6333333333333333,thumb bend 2,141.16013921959282
suit,left,2.6333333333333333,thumb bend 3,174.20349267590092
suit,left,2.6333333333333333,index bend 1,144.98758177535257
suit,left,2.6333333333333333,index bend 2,153.81407648259923
suit,left,2.6333333333333333,index bend 3,162.5265106855107
suit,left,2.6333333333333333,middle bend 1,149.3465192910975
suit,left,2.6333333333333333,middle bend 2,152.06656596092807
suit,left,2.6333333333333333,middle bend 3,161.35739216734535
suit,left,2.6333333333333333,ring bend 1,154.28407390707684
suit,left,2.6333333333333333,ring bend 2,151.24260834609865
suit,left,2.6333333333333333,ring bend 3,160.80701705480354
suit,left,2.6333333333333333,pinky bend 1,156.96223788157548
suit,left,2.6333333333333333,pinky bend 2,150.89142913588475
suit,left,2.6333333333333333,pinky bend 3,160.569870446552
suit,left,2.6666666666666665,thumb bend 1,133.76737665031118
suit,left,2.6666666666666665,thumb bend 2,141.13803387295326
suit,left,2.6666666666666665,thumb bend 3,174.20041176325054
suit,left,2.6666666666666665,index bend 1,144.98680007791526
suit,left,2.6666666666666665,index bend 2,153.78318887853533
suit,left,2.6666666666666665,index bend 3,162.505850284562
suit,left,2.6666666666666665,middle bend 1,149.361534586256
suit,left,2.6666666666666665,middle bend 2,152.0082163515635
suit,left,2.6666666666666665,middle bend 3,161.31836972176603
suit,left,2.6666666666666665,ring bend 1,154.30915337648932
suit,left,2.6666666666666665,ring bend 2,151.16993454850305
suit,left,2.6666666666666665,ring bend 3,160.758393016078
suit,left,2.6666666666666665,pinky bend 1,156.9638064937931
suit,left,2.6666666666666665,pinky bend 2,150.8984195684392
suit,left,2.6666666666666665,pinky bend 3,160.57454535843462
suit,left,2.7,thumb bend 1,133.78206255196116
suit,left,2.7,thumb bend 2,141.17917662585108
suit,left,2.7,thumb bend 3,174.17825733341462
suit,left,2.7,index bend 1,144.9803747688843
suit,left,2.7,index bend 2,153.78564935837312
suit,left,2.7,index bend 3,162.5074848827574
suit,left,2.7,middle bend 1,149.3634327630652
suit,left,2.7,middle bend 2,152.0000815096203
suit,left,2.7,middle bend 3,161.31293187081192
suit,left,2.7,ring bend 1,154.32126652269181
suit,left,2.7,ring bend 2,151.13437584800644
suit,left,2.7,ring bend 3,160.7346217301599
suit,left,2.7,pinky bend 1,156.97504226072044
suit,left,2.7,pinky bend 2,150.8788959479231
suit,left,2.7,pinky bend 3,160.56148764952397
suit,left,2.7333333333333334,thumb bend 1,133.77967925312254
suit,left,2.7333333333333334,thumb bend 2,141.15403776139877
suit,left,2.7333333333333334,thumb bend 3,174.1878267067908
suit,left,2.7333333333333334,index bend 1,144.9681928229758
suit,left,2.7333333333333334,index bend 2,153.80029207398405
suit,left,2.7333333333333334,index bend 3,162.51728484019628
suit,left,2.7333333333333334,middle bend 1,149.3514015061906
suit,left,2.7333333333333334,middle bend 2,152.04671236899628
suit,left,2.7333333333333334,middle bend 3,161.3441208356092
suit,left,2.7333333333333334,ring bend 1,154.3042284408399
suit,left,2.7333333333333334,ring bend 2,151.18924645349762
suit,left,2.7333333333333334,ring bend 3,160.77131148851296
suit,left,2.7333333333333334,pinky bend 1,156.99360403998443
suit,left,2.7333333333333334,pinky bend 2,150.8389732337648
suit,left,2.7333333333333334,pinky bend 3,160.53479049088304
suit,left,2.7666666666666666,thumb bend 1,133.7855815312953
suit,left,2.7666666666666666,thumb bend 2,141.1478970771738
suit,left,2.7666666666666666,thumb bend 3,174.18608281180056
suit,left,2.7666666666666666,index bend 1,144.9638303515498
suit,left,2.7666666666666666,index bend 2,153.8085013026159
suit,left,2.7666666666666666,index bend 3,162.52276465329587
suit,left,2.7666666666666666,middle bend 1,149.34961225551888
suit,left,2.7666666666666666,middle bend 2,152.05799815083182
suit,left,2.7666666666666666,middle bend 3,161.35167965818442
suit,left,2.7666666666666666,ring bend 1,154.27752446973992
suit,left,2.7666666666666666,ring bend 2,151.2898476497348
suit,left,2.7666666666666666,ring bend 3,160.83862945107398
suit,left,2.7666666666666666,pinky bend 1,156.97453914618896
suit,left,2.7666666666666666,pinky bend 2,150.89129371456124
suit,left,2.7666666666666666,pinky bend 3,160.56978461553288
suit,left,2.8,thumb bend 1,133.7906437931191
suit,left,2.8,thumb bend 2,141.1672134591358
suit,left,2.8,thumb bend 3,174.1857527453621
suit,left,2.8,index bend 1,144.95289279161804
suit,left,2.8,index bend 2,153.85466486148084
suit,left,2.8,index bend 3,162.55363318293846
suit,left,2.8,middle bend 1,149.33521651652597
suit,left,2.8,middle bend 2,152.11774012469826
suit,left,2.8,middle bend 3,161.39164814866183
suit,left,2.8,ring bend 1,154.2531736974308
suit,left,2.8,ring bend 2,151.38326767836685
suit,left,2.8,ring bend 3,160.90112563626963
suit,left,2.8,pinky bend 1,156.96156364197455
suit,left,2.8,pinky bend 2,150.93225211853053
suit,left,2.8,pinky bend 3,160.59718367911975
suit,left,2.8333333333333335,thumb bend 1,133.79249589709883
suit,left,2.8333333333333335,thumb bend 2,141.19286639929152
suit,left,2.8333333333333335,thumb bend 3,174.20440317534639
suit,left,2.8333333333333335,index bend 1,144.94832299472648
suit,left,2.8333333333333335,index bend 2,153.884078084659
suit,left,2.8333333333333335,index bend 3,162.57330176212798
suit,left,2.8333333333333335,middle bend 1,149.33658325944685
suit,left,2.8333333333333335,middle bend 2,152.11950060751917
suit,left,2.8333333333333335,middle bend 3,161.39282307556397
suit,left,2.8333333333333335,ring bend 1,154.2408762316918
suit,left,2.8333333333333335,ring bend 2,151.442071236804
suit,left,2.8333333333333335,ring bend 3,160.94046279457996
suit,left,2.8333333333333335,pinky bend 1,156.97977508190803
suit,left,2.8333333333333335,pinky bend 2,150.89478797703663
suit,left,2.8333333333333335,pinky bend 3,160.57212302520637
suit,left,2.8666666666666667,thumb bend 1,133.80648216494998
suit,left,2.8666666666666667,thumb bend 2,141.2209972236249
suit,left,2.8666666666666667,thumb bend 3,174.1715278290081
suit,left,2.8666666666666667,index bend 1,144.95180447568552
suit,left,2.8666666666666667,index bend 2,153.87665468387527
suit,left,2.8666666666666667,index bend 3,162.5683312120359
suit,left,2.8666666666666667,middle bend 1,149.35719245840903
suit,left,2.8666666666666667,middle bend 2,152.05491396812945
suit,left,2.8666666666666667,middle bend 3,161.34962735110722
suit,left,2.8666666666666667,ring bend 1,154.2597865178831
suit,left,2.8666666666666667,ring bend 2,151.40515641132362
suit,left,2.8666666666666667,ring bend 3,160.91576835181291
suit,left,2.8666666666666667,pinky bend 1,156.98325226200782
suit,left,2.8666666666666667,pinky bend 2,150.8956710792174
suit,left,2.8666666666666667,pinky bend 3,160.57270858188113
suit,left,2.9,thumb bend 1,133.81939916676956
suit,left,2.9,thumb bend 2,141.24898258914095
suit,left,2.9,thumb bend 3,174.1356259917587
suit,left,2.9,index bend 1,144.95295662450667
suit,left,2.9,index bend 2,153.87722879579863
suit,left,2.9,index bend 3,162.56874129163313
suit,left,2.9,middle bend 1,149.3805739860668
suit,left,2.9,middle bend 2,151.96725603961875
suit,left,2.9,middle bend 3,161.29098401004615
suit,left,2.9,ring bend 1,154.27443062104103
suit,left,2.9,ring bend 2,151.3780434505182
suit,left,2.9,ring bend 3,160.89762565163815
suit,left,2.9,pinky bend 1,157.0155860373528
suit,left,2.9,pinky bend 2,150.82276267808757
suit,left,2.9,pinky bend 3,160.52393386244609
suit,left,2.933333333333333,thumb bend 1,133.8149062960697
suit,left,2.933333333333333,thumb bend 2,141.24117802226695
suit,left,2.933333333333333,thumb bend 3,174.15130000795884
suit,left,2.933333333333333,index bend 1,144.95274467179996
suit,left,2.933333333333333,index bend 2,153.86213976070283
suit,left,2.933333333333333,index bend 3,162.5586399730482
suit,left,2.933333333333333,middle bend 1,149.38994051639693
suit,left,2.933333333333333,middle bend 2,151.9324030581163
suit,left,2.933333333333333,middle bend 3,161.267664765702
suit,left,2.933333333333333,ring bend 1,154.29901615296626
suit,left,2.933333333333333,ring bend 2,151.31698159144278
suit,left,2.933333333333333,ring bend 3,160.85677405875546
suit,left,2.933333333333333,pinky bend 1,157.04321100317873
suit,left,2.933333333333333,pinky bend 2,150.75581283343396
suit,left,2.933333333333333,pinky bend 3,160.4791474090174
suit,left,2.966666666666667,thumb bend 1,133.8177551803895
suit,left,2.966666666666667,thumb bend 2,141.22213926601066
suit,left,2.966666666666667,thumb bend 3,174.13434644447824
suit,left,2.966666666666667,index bend 1,144.94410349649317
suit,left,2.966666666666667,index bend 2,153.89651209018115
suit,left,2.966666666666667,index bend 3,162.58162352371016
suit,left,2.966666666666667,middle bend 1,149.41056832003537
suit,left,2.966666666666667,middle bend 2,151.85430285353044
suit,left,2.966666666666667,middle bend 3,161.21543202309095
suit,left,2.966666666666667,ring bend 1,154.3039437579807
suit,left,2.966666666666667,ring bend 2,151.31119660302346
suit,left,2.966666666666667,ring bend 3,160.85290595564194
suit,left,2.966666666666667,pinky bend 1,157.04385284911106
suit,left,2.966666666666667,pinky bend 2,150.75514144710928
suit,left,2.966666666666667,pinky bend 3,160.47870681143846
suit,left,3.0,thumb bend 1,133.813681489273
suit,left,3.0,thumb bend 2,141.17005692737126
suit,left,3.0,thumb bend 3,174.1315050217069
suit,left,3.0,index bend 1,144.94721619941328
suit,left,3.0,index bend 2,153.88823229024783
suit,left,3.0,index bend 3,162.5760769546339
suit,left,3.0,middle bend 1,149.40860577324517
suit,left,3.0,middle bend 2,151.86688563259696
suit,left,3.0,middle bend 3,161.22384533837194
suit,left,3.0,ring bend 1,154.32420946668583
suit,left,3.0,ring bend 2,151.26312378809374
suit,left,3.0,ring bend 3,160.82075759450655
suit,left,3.0,pinky bend 1,157.04510773302238
suit,left,3.0,pinky bend 2,150.75504226476608
suit,left,3.0,pinky bend 3,160.4786457765777
suit,left,3.033333333333333,thumb bend 1,133.82300701916898
suit,left,3.033333333333333,thumb bend 2,141.16475052768777
suit,left,3.033333333333333,thumb bend 3,174.10464709485004
suit,left,3.033333333333333,index bend 1,144.9457172296774
suit,left,3.033333333333333,index bend 2,153.92747408100183
suit,left,3.033333333333333,index bend 3,162.6023087207375
suit,left,3.033333333333333,middle bend 1,149.38821615736418
suit,left,3.033333333333333,middle bend 2,151.95385882282113
suit,left,3.033333333333333,middle bend 3,161.2820232860017
suit,left,3.033333333333333,ring bend 1,154.33374926547066
suit,left,3.033333333333333,ring bend 2,151.2577622309707
suit,left,3.033333333333333,ring bend 3,160.81715652009044
suit,left,3.033333333333333,pinky bend 1,157.01532928670125
suit,left,3.033333333333333,pinky bend 2,150.83252258131583
suit,left,3.033333333333333,pinky bend 3,160.53046271604651
suit,left,3.066666666666667,thumb bend 1,133.83440462422908
suit,left,3.066666666666667,thumb bend 2,141.14152277250594
suit,left,3.066666666666667,thumb bend 3,174.0501497458957
suit,left,3.066666666666667,index bend 1,144.94659970705405
suit,left,3.066666666666667,index bend 2,153.94052034527365
suit,left,3.066666666666667,index bend 3,162.61102911787518
suit,left,3.066666666666667,middle bend 1,149.39062586815768
suit,left,3.066666666666667,middle bend 2,151.9577154817759
suit,left,3.066666666666667,middle bend 3,161.28460202141576
suit,left,3.066666666666667,ring bend 1,154.32266392539378
suit,left,3.066666666666667,ring bend 2,151.3112843409977
suit,left,3.066666666666667,ring bend 3,160.85294982459845
suit,left,3.066666666666667,pinky bend 1,157.0207520547493
suit,left,3.066666666666667,pinky bend 2,150.81986350762853
suit,left,3.066666666666667,pinky bend 3,160.52200553310172
suit,left,3.1,thumb bend 1,133.824629374301
suit,left,3.1,thumb bend 2,141.15176424612665
suit,left,3.1,thumb bend 3,174.09211147857536
suit,left,3.1,index bend 1,144.94024795757718
suit,left,3.1,index bend 2,153.96904474444608
suit,left,3.1,index bend 3,162.63011595619665
suit,left,3.1,middle bend 1,149.3800468705471
suit,left,3.1,middle bend 2,151.99894663719752
suit,left,3.1,middle bend 3,161.31217656076063
suit,left,3.1,ring bend 1,154.3206586918328
suit,left,3.1,ring bend 2,151.32991341513164
suit,left,3.1,ring bend 3,160.865437236158
suit,left,3.1,pinky bend 1,157.0116908601829
suit,left,3.1,pinky bend 2,150.84448356384036
suit,left,3.1,pinky bend 3,160.5384659518148
suit,left,3.1333333333333333,thumb bend 1,133.82034043165768
suit,left,3.1333333333333333,thumb bend 2,141.14633093688894
suit,left,3.1333333333333333,thumb bend 3,174.1152741706374
suit,left,3.1333333333333333,index bend 1,144.94601480869463
suit,left,3.1333333333333333,index bend 2,153.93507677244799
suit,left,3.1333333333333333,index bend 3,162.60740134113118
suit,left,3.1333333333333333,middle bend 1,149.3857518449911
suit,left,3.1333333333333333,middle bend 2,151.99046084311286
suit,left,3.1333333333333333,middle bend 3,161.3065041059008
suit,left,3.1333333333333333,ring bend 1,154.33887694599758
suit,left,3.1333333333333333,ring bend 2,151.2859204189557
suit,left,3.1333333333333333,ring bend 3,160.83599731006754
suit,left,3.1333333333333333,pinky bend 1,157.03974541381
suit,left,3.1333333333333333,pinky bend 2,150.77718467507495
suit,left,3.1333333333333333,pinky bend 3,160.4934334502114
suit,left,3.1666666666666665,thumb bend 1,133.8190810403286
suit,left,3.1666666666666665,thumb bend 2,141.1694271710041
suit,left,3.1666666666666665,thumb bend 3,174.13776047087248
suit,left,3.1666666666666665,index bend 1,144.94964431300923
suit,left,3.1666666666666665,index bend 2,153.90911394286448
suit,left,3.1666666666666665,index bend 3,162.59004637575362
suit,left,3.1666666666666665,middle bend 1,149.3815808725339
suit,left,3.1666666666666665,middle bend 2,152.01206538109437
suit,left,3.1666666666666665,middle bend 3,161.32095608645383
suit,left,3.1666666666666665,ring bend 1,154.3576914487435
suit,left,3.1666666666666665,ring bend 2,151.24216393397236
suit,left,3.1666666666666665,ring bend 3,160.8067156938447
suit,left,3.1666666666666665,pinky bend 1,157.05698099249423
suit,left,3.1666666666666665,pinky bend 2,150.7319633462693
suit,left,3.1666666666666665,pinky bend 3,160.46318671569782
suit,left,3.2,thumb bend 1,133.81733248246607
suit,left,3.2,thumb bend 2,141.18387410242198
suit,left,3.2,thumb bend 3,174.16714355694344
suit,left,3.2,index bend 1,144.95509650063207
suit,left,3.2,index bend 2,153.88422113572494
suit,left,3.2,index bend 3,162.5733933145493
suit,left,3.2,middle bend 1,149.36808075071028
suit,left,3.2,middle bend 2,152.07908961203086
suit,left,3.2,middle bend 3,161.36579403809426
suit,left,3.2,ring bend 1,154.36526147300216
suit,left,3.2,ring bend 2,151.2275402919223
suit,left,3.2,ring bend 3,160.79693671729294
suit,left,3.2,pinky bend 1,157.03942061723873
suit,left,3.2,pinky bend 2,150.77411956565197
suit,left,3.2,pinky bend 3,160.4913849575902
suit,left,3.2333333333333334,thumb bend 1,133.82160844229176
suit,left,3.2333333333333334,thumb bend 2,141.22863505922572
suit,left,3.2333333333333334,thumb bend 3,174.17573539741102
suit,left,3.2333333333333334,index bend 1,144.95759565948683
suit,left,3.2333333333333334,index bend 2,153.86359506751114
suit,left,3.2333333333333334,index bend 3,162.55960890586772
suit,left,3.2333333333333334,middle bend 1,149.37167626932467
suit,left,3.2333333333333334,middle bend 2,152.07423350241947
suit,left,3.2333333333333334,middle bend 3,161.36253056452358
suit,left,3.2333333333333334,ring bend 1,154.39810361788983
suit,left,3.2333333333333334,ring bend 2,151.12782792013465
suit,left,3.2333333333333334,ring bend 3,160.7302271989225
suit,left,3.2333333333333334,pinky bend 1,157.0467236680533
suit,left,3.2333333333333334,pinky bend 2,150.7552368145149
suit,left,3.2333333333333334,pinky bend 3,160.47874305080023
suit,left,3.2666666666666666,thumb bend 1,133.8193372713066
suit,left,3.2666666666666666,thumb bend 2,141.25695390367952
suit,left,3.2666666666666666,thumb bend 3,174.20401716937516
suit,left,3.2666666666666666,index bend 1,144.95018910458222
suit,left,3.2666666666666666,index bend 2,153.90684610553063
suit,left,3.2666666666666666,index bend 3,162.5885319414294
suit,left,3.2666666666666666,middle bend 1,149.37294662140027
suit,left,3.2666666666666666,middle bend 2,152.07703539750477
suit,left,3.2666666666666666,middle bend 3,161.36441883958398
suit,left,3.2666666666666666,ring bend 1,154.40026699950258
suit,left,3.2666666666666666,ring bend 2,151.12312630565526
suit,left,3.2666666666666666,ring bend 3,160.7270743515129
suit,left,3.2666666666666666,pinky bend 1,157.04705126608775
suit,left,3.2666666666666666,pinky bend 2,150.7510597206079
suit,left,3.2666666666666666,pinky bend 3,160.4759506929956
suit,left,3.3,thumb bend 1,133.8220976659531
suit,left,3.3,thumb bend 2,141.2723166228863
suit,left,3.3,thumb bend 3,174.20247669144112
suit,left,3.3,index bend 1,144.9497346010548
suit,left,3.3,index bend 2,153.9079886070315
suit,left,3.3,index bend 3,162.58930060203014
suit,left,3.3,middle bend 1,149.37749965167544
suit,left,3.3,middle bend 2,152.07283160117217
suit,left,3.3,middle bend 3,161.36160359308238
suit,left,3.3,ring bend 1,154.40071035413555
suit,left,3.3,ring bend 2,151.12829712788803
suit,left,3.3,ring bend 3,160.73055526281425
suit,left,3.3,pinky bend 1,157.04046436833104
suit,left,3.3,pinky bend 2,150.76825637605282
suit,left,3.3,pinky bend 3,160.48745772665546
suit,left,3.3333333333333335,thumb bend 1,133.83236569791885
suit,left,3.3333333333333335,thumb bend 2,141.28014498060224
suit,left,3.3333333333333335,thumb bend 3,174.1705934058552
suit,left,3.3333333333333335,index bend 1,144.9535758874719
suit,left,3.3333333333333335,index bend 2,153.90031534342637
suit,left,3.3333333333333335,index bend 3,162.58416220485532
suit,left,3.3333333333333335,middle bend 1,149.39825815357233
suit,left,3.3333333333333335,middle bend 2,152.00925394922945
suit,left,3.3333333333333335,middle bend 3,161.3190716261403
suit,left,3.3333333333333335,ring bend 1,154.39803948229243
suit,left,3.3333333333333335,ring bend 2,151.14079979821634
suit,left,3.3333333333333335,ring bend 3,160.73890372784325
suit,left,3.3333333333333335,pinky bend 1,157.07255106539324
suit,left,3.3333333333333335,pinky bend 2,150.68684882921744
suit,left,3.3333333333333335,pinky bend 3,160.4329933866391
suit,left,3.3666666666666667,thumb bend 1,133.8271029171249
suit,left,3.3666666666666667,thumb bend 2,141.27334627534293
suit,left,3.3666666666666667,thumb bend 3,174.1822048281258
suit,left,3.3666666666666667,index bend 1,144.95532847993707
suit,left,3.3666666666666667,index bend 2,153.9197435968551
suit,left,3.3666666666666667,index bend 3,162.59714743476724
suit,left,3.3666666666666667,middle bend 1,149.39786071745186
suit,left,3.3666666666666667,middle bend 2,152.0211825075164
suit,left,3.3666666666666667,middle bend 3,161.32704434319427
suit,left,3.3666666666666667,ring bend 1,154.39727901052
suit,left,3.3666666666666667,ring bend 2,151.1442959681994
suit,left,3.3666666666666667,ring bend 3,160.7412440445437
suit,left,3.3666666666666667,pinky bend 1,157.0776304976871
suit,left,3.3666666666666667,pinky bend 2,150.6711418128191
suit,left,3.3666666666666667,pinky bend 3,160.42248580362278
suit,left,3.4,thumb bend 1,133.83241351358512
suit,left,3.4,thumb bend 2,141.27004945939078
suit,left,3.4,thumb bend 3,174.1668142137528
suit,left,3.4,index bend 1,144.9536288377021
suit,left,3.4,index bend 2,153.94258028184692
suit,left,3.4,index bend 3,162.61242148215587
suit,left,3.4,middle bend 1,149.39999129252752
suit,left,3.4,middle bend 2,152.02270838642295
suit,left,3.4,middle bend 3,161.32807049677447
suit,left,3.4,ring bend 1,154.38566100631095
suit,left,3.4,ring bend 2,151.17927102015005
suit,left,3.4,ring bend 3,160.76463767563354
suit,left,3.4,pinky bend 1,157.0629835651371
suit,left,3.4,pinky bend 2,150.70800323313534
suit,left,3.4,pinky bend 3,160.4471573572997
suit,left,3.433333333333333,thumb bend 1,133.83220693853028
suit,left,3.433333333333333,thumb bend 2,141.27804811456429
suit,left,3.433333333333333,thumb bend 3,174.16993033150464
suit,left,3.433333333333333,index bend 1,144.9554663541113
suit,left,3.433333333333333,index bend 2,153.94031625919885
suit,left,3.433333333333333,index bend 3,162.61090323312305
suit,left,3.433333333333333,middle bend 1,149.4061408908114
suit,left,3.433333333333333,middle bend 2,151.99841257950663
suit,left,3.433333333333333,middle bend 3,161.311817979074
suit,left,3.433333333333333,ring bend 1,154.39055031337017
suit,left,3.433333333333333,ring bend 2,151.16957596701482
suit,left,3.433333333333333,ring bend 3,160.75815841233427
suit,left,3.433333333333333,pinky bend 1,157.06191045375837
suit,left,3.433333333333333,pinky bend 2,150.71101493638585
suit,left,3.433333333333333,pinky bend 3,160.4491619808961
suit,left,3.466666666666667,thumb bend 1,133.82783230488562
suit,left,3.466666666666667,thumb bend 2,141.23330950350083
suit,left,3.466666666666667,thumb bend 3,174.1681482522099
suit,left,3.466666666666667,index bend 1,144.96483429272755
suit,left,3.466666666666667,index bend 2,153.90465074698753
suit,left,3.466666666666667,index bend 3,162.58706518964394
suit,left,3.466666666666667,middle bend 1,149.4133270186224
suit,left,3.466666666666667,middle bend 2,151.97281596093626
suit,left,3.466666666666667,middle bend 3,161.29470715467332
suit,left,3.466666666666667,ring bend 1,154.40099250338352
suit,left,3.466666666666667,ring bend 2,151.14197663219736
suit,left,3.466666666666667,ring bend 3,160.73970099946817
suit,left,3.466666666666667,pinky bend 1,157.06357862961306
suit,left,3.466666666666667,pinky bend 2,150.70413512983194
suit,left,3.466666666666667,pinky bend 3,160.44455764137385
suit,left,3.5,thumb bend 1,133.82377079349394
suit,left,3.5,thumb bend 2,141.22426081427957
suit,left,3.5,thumb bend 3,174.18980494250786
suit,left,3.5,index bend 1,144.9630273476316
suit,left,3.5,index bend 2,153.91822344010072
suit,left,3.5,index bend 3,162.59614226241214
suit,left,3.5,middle bend 1,149.4193431122556
suit,left,3.5,middle bend 2,151.94696757217292
suit,left,3.5,middle bend 3,161.27741703909166
suit,left,3.5,ring bend 1,154.41026179711338
suit,left,3.5,ring bend 2,151.11296013755887
suit,left,3.5,ring bend 3,160.72026511699463
suit,left,3.5,pinky bend 1,157.0463715704076
suit,left,3.5,pinky bend 2,150.7479736304502
suit,left,3.5,pinky bend 3,160.47387931228155
suit,left,3.533333333333333,thumb bend 1,133.82207026260315
suit,left,3.533333333333333,thumb bend 2,141.2017666882797
suit,left,3.533333333333333,thumb bend 3,174.19205709618316
suit,left,3.533333333333333,index bend 1,144.95700307665817
suit,left,3.533333333333333,index bend 2,153.9597483269981
suit,left,3.533333333333333,index bend 3,162.62389418420292
suit,left,3.533333333333333,middle bend 1,149.4157307155889
suit,left,3.533333333333333,middle bend 2,151.96468493367954
suit,left,3.533333333333333,middle bend 3,161.28926739621164
suit,left,3.533333333333333,ring bend 1,154.4155380292723
suit,left,3.533333333333333,ring bend 2,151.09927300374366
suit,left,3.533333333333333,ring bend 3,160.71113654644373
suit,left,3.533333333333333,pinky bend 1,157.05412217415181
suit,left,3.533333333333333,pinky bend 2,150.7321331004667
suit,left,3.533333333333333,pinky bend 3,160.4632878050856
suit,left,3.566666666666667,thumb bend 1,133.81136168082006
suit,left,3.566666666666667,thumb bend 2,141.15025293599982
suit,left,3.566666666666667,thumb bend 3,174.22879051271136
suit,left,3.566666666666667,index bend 1,144.95360867641787
suit,left,3.566666666666667,index bend 2,153.99107271380367
suit,left,3.566666666666667,index bend 3,162.64483496563267
suit,left,3.566666666666667,middle bend 1,149.39661320177527
suit,left,3.566666666666667,middle bend 2,152.04290148648343
suit,left,3.566666666666667,middle bend 3,161.3415745252089
suit,left,3.566666666666667,ring bend 1,154.42554023485616
suit,left,3.566666666666667,ring bend 2,151.0683968440014
suit,left,3.566666666666667,ring bend 3,160.69045897982653
suit,left,3.566666666666667,pinky bend 1,157.04382090492192
suit,left,3.566666666666667,pinky bend 2,150.75675506420458
suit,left,3.566666666666667,pinky bend 3,160.47976920424117
suit,left,3.6,thumb bend 1,133.82008691228518
suit,left,3.6,thumb bend 2,141.15157164728052
suit,left,3.6,thumb bend 3,174.2076149856457
suit,left,3.6,index bend 1,144.94870256052306
suit,left,3.6,index bend 2,154.02562814871064
suit,left,3.6,index bend 3,162.6679444007913
suit,left,3.6,middle bend 1,149.40250113962585
suit,left,3.6,middle bend 2,152.01947543055343
suit,left,3.6,middle bend 3,161.32590756349734
suit,left,3.6,ring bend 1,154.41751359873524
suit,left,3.6,ring bend 2,151.09807518879205
suit,left,3.6,ring bend 3,160.7103202011647
suit,left,3.6,pinky bend 1,157.03618472980844
suit,left,3.6,pinky bend 2,150.77793235558514
suit,left,3.6,pinky bend 3,160.49394652703194
suit,left,3.6333333333333333,thumb bend 1,133.81997886372358
suit,left,3.6333333333333333,thumb bend 2,141.0857120816222
suit,left,3.6333333333333333,thumb bend 3,174.19436053729117
suit,left,3.6333333333333333,index bend 1,144.95111706079044
suit,left,3.6333333333333333,index bend 2,154.0393019312088
suit,left,3.6333333333333333,index bend 3,162.6770920454832
suit,left,3.6333333333333333,middle bend 1,149.41405058583325
suit,left,3.6333333333333333,middle bend 2,151.9927248658564
suit,left,3.6333333333333333,middle bend 3,161.3080147258091
suit,left,3.6333333333333333,ring bend 1,154.42204751870563
suit,left,3.6333333333333333,ring bend 2,151.08844307823895
suit,left,3.6333333333333333,ring bend 3,160.70388671430257
suit,left,3.6333333333333333,pinky bend 1,157.04282522122048
suit,left,3.6333333333333333,pinky bend 2,150.7634613012308
suit,left,3.6333333333333333,pinky bend 3,160.48425719641867
suit,left,3.6666666666666665,thumb bend 1,133.8185015725877
suit,left,3.6666666666666665,thumb bend 2,141.1087102095009
suit,left,3.6666666666666665,thumb bend 3,174.22306057776152
suit,left,3.6666666666666665,index bend 1,144.95754648681984
suit,left,3.6666666666666665,index bend 2,154.01988893688988
suit,left,3.6666666666666665,index bend 3,162.6641087233918
suit,left,3.6666666666666665,middle bend 1,149.43304832546477
suit,left,3.6666666666666665,middle bend 2,151.91686961086398
suit,left,3.6666666666666665,middle bend 3,161.25727734508212
suit,left,3.6666666666666665,ring bend 1,154.41802366770978
suit,left,3.6666666666666665,ring bend 2,151.10312775538125
suit,left,3.6666666666666665,ring bend 3,160.71369430104505
suit,left,3.6666666666666665,pinky bend 1,157.04974934318247
suit,left,3.6666666666666665,pinky bend 2,150.7441226941819
suit,left,3.6666666666666665,pinky bend 3,160.4713139276599
suit,left,3.7,thumb bend 1,133.82310207470556
suit,left,3.7,thumb bend 2,141.10293587291218
suit,left,3.7,thumb bend 3,174.2262992367443
suit,left,3.7,index bend 1,144.9736677301775
suit,left,3.7,index bend 2,153.95264726787101
suit,left,3.7,index bend 3,162.61915633041914
suit,left,3.7,middle bend 1,149.4127349856544
suit,left,3.7,middle bend 2,152.01020380885342
suit,left,3.7,middle bend 3,161.31970105106967
suit,left,3.7,ring bend 1,154.4309049698192
suit,left,3.7,ring bend 2,151.06103638568615
suit,left,3.7,ring bend 3,160.68554564982009
suit,left,3.7,pinky bend 1,157.0287433482251
suit,left,3.7,pinky bend 2,150.79571456724724
suit,left,3.7,pinky bend 3,160.50583312330673
suit,left,3.7333333333333334,thumb bend 1,133.82403577556897
suit,left,3.7333333333333334,thumb bend 2,141.11182066065908
suit,left,3.7333333333333334,thumb bend 3,174.23829917971096
suit,left,3.7333333333333334,index bend 1,144.98387194389832
suit,left,3.7333333333333334,index bend 2,153.91065698802313
suit,left,3.7333333333333334,index bend 3,162.59106871475439
suit,left,3.7333333333333334,middle bend 1,149.4124195311348
suit,left,3.7333333333333334,middle bend 2,152.01331087970922
suit,left,3.7333333333333334,middle bend 3,161.32179150513818
suit,left,3.7333333333333334,ring bend 1,154.4296793895531
suit,left,3.7333333333333334,ring bend 2,151.06208542747848
suit,left,3.7333333333333334,ring bend 3,160.68623611005864
suit,left,3.7333333333333334,pinky bend 1,157.04993753971863
suit,left,3.7333333333333334,pinky bend 2,150.74101562273913
suit,left,3.7333333333333334,pinky bend 3,160.46923110373427
suit,left,3.7666666666666666,thumb bend 1,133.83954897661638
suit,left,3.7666666666666666,thumb bend 2,141.12533498251614
suit,left,3.7666666666666666,thumb bend 3,174.1944471772128
suit,left,3.7666666666666666,index bend 1,144.98495498032992
suit,left,3.7666666666666666,index bend 2,153.91193681896854
suit,left,3.7666666666666666,index bend 3,162.59193083641355
suit,left,3.7666666666666666,middle bend 1,149.42665007218645
suit,left,3.7666666666666666,middle bend 2,151.96483179955663
suit,left,3.7666666666666666,middle bend 3,161.28935513428544
suit,left,3.7666666666666666,ring bend 1,154.43585757720462
suit,left,3.7666666666666666,ring bend 2,151.042788781332
suit,left,3.7666666666666666,ring bend 3,160.67333480387651
suit,left,3.7666666666666666,pinky bend 1,157.0502741372431
suit,left,3.7666666666666666,pinky bend 2,150.74275512497343
suit,left,3.7666666666666666,pinky bend 3,160.4703907713223
suit,left,3.8,thumb bend 1,133.846481125406
suit,left,3.8,thumb bend 2,141.1023072364949
suit,left,3.8,thumb bend 3,174.1734539839243
suit,left,3.8,index bend 1,144.99324122307434
suit,left,3.8,index bend 2,153.8703985805154
suit,left,3.8,index bend 3,162.56415411835704
suit,left,3.8,middle bend 1,149.43377761407328
suit,left,3.8,middle bend 2,151.9392733279169
suit,left,3.8,middle bend 3,161.2722595686042
suit,left,3.8,ring bend 1,154.434388036053
suit,left,3.8,ring bend 2,151.04675034443903
suit,left,3.8,ring bend 3,160.67599364784624
suit,left,3.8,pinky bend 1,157.0449494512884
suit,left,3.8,pinky bend 2,150.75822944481538
suit,left,3.8,pinky bend 3,160.4807533959363
suit,left,3.8333333333333335,thumb bend 1,133.8562522255657
suit,left,3.8333333333333335,thumb bend 2,141.14914317582645
suit,left,3.8333333333333335,thumb bend 3,174.16916687954213
suit,left,3.8333333333333335,index bend 1,144.99299350687053
suit,left,3.8333333333333335,index bend 2,153.8893499964192
suit,left,3.8333333333333335,index bend 3,162.57683607938264
suit,left,3.8333333333333335,middle bend 1,149.4345517262356
suit,left,3.8333333333333335,middle bend 2,151.94422671230527
suit,left,3.8333333333333335,middle bend 3,161.27557835519514
suit,left,3.8333333333333335,ring bend 1,154.43559750838753
suit,left,3.8333333333333335,ring bend 2,151.03813866537337
suit,left,3.8333333333333335,ring bend 3,160.67023154766807
suit,left,3.8333333333333335,pinky bend 1,157.0291872927006
suit,left,3.8333333333333335,pinky bend 2,150.79884071145634
suit,left,3.8333333333333335,pinky bend 3,160.5079388363986
suit,left,3.8666666666666667,thumb bend 1,133.86866085797453
suit,left,3.8666666666666667,thumb bend 2,141.16132133622324
suit,left,3.8666666666666667,thumb bend 3,174.142321743204
suit,left,3.8666666666666667,index bend 1,144.98831920489278
suit,left,3.8666666666666667,index bend 2,153.92612749254397
suit,left,3.8666666666666667,index bend 3,162.60141035897618
suit,left,3.8666666666666667,middle bend 1,149.45562471646016
suit,left,3.8666666666666667,middle bend 2,151.85780665305137
suit,left,3.8666666666666667,middle bend 3,161.21777424750096
suit,left,3.8666666666666667,ring bend 1,154.45113533093516
suit,left,3.8666666666666667,ring bend 2,150.97931031152407
suit,left,3.8666666666666667,ring bend 3,160.63087340865465
suit,left,3.8666666666666667,pinky bend 1,157.03668703816678
suit,left,3.8666666666666667,pinky bend 2,150.77961082212818
suit,left,3.8666666666666667,pinky bend 3,160.49507186313542
suit,left,3.9,thumb bend 1,133.89392662413897
suit,left,3.9,thumb bend 2,141.2273349189696
suit,left,3.9,thumb bend 3,174.06934488512138
suit,left,3.9,index bend 1,144.9896423499206
suit,left,3.9,index bend 2,153.9369898430867
suit,left,3.9,index bend 3,162.6087021526663
suit,left,3.9,middle bend 1,149.445188479477
suit,left,3.9,middle bend 2,151.88792178065057
suit,left,3.9,middle bend 3,161.2379215710708
suit,left,3.9,ring bend 1,154.45150381984996
suit,left,3.9,ring bend 2,150.97014550129762
suit,left,3.9,ring bend 3,160.62475081953048
suit,left,3.9,pinky bend 1,157.01703122297215
suit,left,3.9,pinky bend 2,150.83243484230658
suit,left,3.9,pinky bend 3,160.53040740361217
suit,left,3.933333333333333,thumb bend 1,133.89409635955707
suit,left,3.933333333333333,thumb bend 2,141.21397630636866
suit,left,3.933333333333333,thumb bend 3,174.0565225061967
suit,left,3.933333333333333,index bend 1,144.98909428654974
suit,left,3.933333333333333,index bend 2,153.95058351697605
suit,left,3.933333333333333,index bend 3,162.6177658739865
suit,left,3.933333333333333,middle bend 1,149.43014965220382
suit,left,3.933333333333333,middle bend 2,151.94189783959325
suit,left,3.933333333333333,middle bend 3,161.27402577322593
suit,left,3.933333333333333,ring bend 1,154.44765318886132
suit,left,3.933333333333333,ring bend 2,150.97268799698927
suit,left,3.933333333333333,ring bend 3,160.62644073032007
suit,left,3.933333333333333,pinky bend 1,157.01952611849072
suit,left,3.933333333333333,pinky bend 2,150.83415908603638
suit,left,3.933333333333333,pinky bend 3,160.53156325684057
suit,left,3.966666666666667,thumb bend 1,133.9069656010077
suit,left,3.966666666666667,thumb bend 2,141.2134054210408
suit,left,3.966666666666667,thumb bend 3,174.01119848100709
suit,left,3.966666666666667,index bend 1,144.98089034152406
suit,left,3.966666666666667,index bend 2,153.99895006330172
suit,left,3.966666666666667,index bend 3,162.65011069124313
suit,left,3.966666666666667,middle bend 1,149.420833917133
suit,left,3.966666666666667,middle bend 2,151.9759669009009
suit,left,3.966666666666667,middle bend 3,161.2968109601487
suit,left,3.966666666666667,ring bend 1,154.44618868058953
suit,left,3.966666666666667,ring bend 2,150.9667580501759
suit,left,3.966666666666667,ring bend 3,160.6224715379456
suit,left,3.966666666666667,pinky bend 1,157.04038772702953
suit,left,3.966666666666667,pinky bend 2,150.787196348237
suit,left,3.966666666666667,pinky bend 3,160.5001473169484
suit,left,4.0,thumb bend 1,133.91634607685316
suit,left,4.0,thumb bend 2,141.21913070514978
suit,left,4.0,thumb bend 3,173.97170704300157
suit,left,4.0,index bend 1,144.98448108737898
suit,left,4.0,index bend 2,153.99095255039384
suit,left,4.0,index bend 3,162.64477011500915
suit,left,4.0,middle bend 1,149.42092785694012
suit,left,4.0,middle bend 2,151.97540232569645
suit,left,4.0,middle bend 3,161.29642376841528
suit,left,4.0,ring bend 1,154.447959383774
suit,left,4.0,ring bend 2,150.94977120317256
suit,left,4.0,ring bend 3,160.61109801791372
suit,left,4.0,pinky bend 1,157.0663980941831
suit,left,4.0,pinky bend 2,150.72276229678354
suit,left,4.0,pinky bend 3,160.45702216436746
suit,left,4.033333333333333,thumb bend 1,133.93683944906329
suit,left,4.033333333333333,thumb bend 2,141.19938426278136
suit,left,4.033333333333333,thumb bend 3,173.86703663234564
suit,left,4.033333333333333,index bend 1,144.97871891226566
suit,left,4.033333333333333,index bend 2,154.03633409640375
suit,left,4.033333333333333,index bend 3,162.67509886570764
suit,left,4.033333333333333,middle bend 1,149.40656156560232
suit,left,4.033333333333333,middle bend 2,152.0287108126592
suit,left,4.033333333333333,middle bend 3,161.33207020699928
suit,left,4.033333333333333,ring bend 1,154.43100844109256
suit,left,4.033333333333333,ring bend 2,150.9924996272499
suit,left,4.033333333333333,ring bend 3,160.63969108127208
suit,left,4.033333333333333,pinky bend 1,157.07124939775335
suit,left,4.033333333333333,pinky bend 2,150.71069450164163
suit,left,4.033333333333333,pinky bend 3,160.44894263632554
suit,left,4.066666666666666,thumb bend 1,133.9393095211411
suit,left,4.066666666666666,thumb bend 2,141.22606079460192
suit,left,4.066666666666666,thumb bend 3,173.85175624202057
suit,left,4.066666666666666,index bend 1,144.9784999609095
suit,left,4.066666666666666,index bend 2,154.04655748506138
suit,left,4.066666666666666,index bend 3,162.6819405249337
suit,left,4.066666666666666,middle bend 1,149.4191431839968
suit,left,4.066666666666666,middle bend 2,151.98405787382677
suit,left,4.066666666666666,middle bend 3,161.30221447894502
suit,left,4.066666666666666,ring bend 1,154.42077835751746
suit,left,4.066666666666666,ring bend 2,151.01858643450106
suit,left,4.066666666666666,ring bend 3,160.65714522862672
suit,left,4.066666666666666,pinky bend 1,157.07410446654723
suit,left,4.066666666666666,pinky bend 2,150.70424194127636
suit,left,4.066666666666666,pinky bend 3,160.44462630598224
suit,left,4.1,thumb bend 1,133.9389233057619
suit,left,4.1,thumb bend 2,141.23841837934188
suit,left,4.1,thumb bend 3,173.84740787576106
suit,left,4.1,index bend 1,144.98515691325179
suit,left,4.1,index bend 2,154.02686983258099
suit,left,4.1,index bend 3,162.66877791229498
suit,left,4.1,middle bend 1,149.42486076640714
suit,left,4.1,middle bend 2,151.96445032979244
suit,left,4.1,middle bend 3,161.28909764206165
suit,left,4.1,ring bend 1,154.41556914852143
suit,left,4.1,ring bend 2,151.0364430324099
suit,left,4.1,ring bend 3,160.66909476783616
suit,left,4.1,pinky bend 1,157.06697396153396
suit,left,4.1,pinky bend 2,150.7251636482348
suit,left,4.1,pinky bend 3,160.45863959658698
suit,left,4.133333333333334,thumb bend 1,133.94636598505565
suit,left,4.133333333333334,thumb bend 2,141.24598523904393
suit,left,4.133333333333334,thumb bend 3,173.80019886407354
suit,left,4.133333333333334,index bend 1,144.98149276655158
suit,left,4.133333333333334,index bend 2,154.0472193354874
suit,left,4.133333333333334,index bend 3,162.68237540129837
suit,left,4.133333333333334,middle bend 1,149.42770880316084
suit,left,4.133333333333334,middle bend 2,151.9467177095639
suit,left,4.133333333333334,middle bend 3,161.27723774844284
suit,left,4.133333333333334,ring bend 1,154.41643573853722
suit,left,4.133333333333334,ring bend 2,151.0273049250798
suit,left,4.133333333333334,ring bend 3,160.66297027129576
suit,left,4.133333333333334,pinky bend 1,157.05725309687588
suit,left,4.133333333333334,pinky bend 2,150.75496215615487
suit,left,4.133333333333334,pinky bend 3,160.47856757494324
suit,left,4.166666666666667,thumb bend 1,133.94238536940188
suit,left,4.166666666666667,thumb bend 2,141.25578814006047
suit,left,4.166666666666667,thumb bend 3,173.79456398404236
suit,left,4.166666666666667,index bend 1,144.98323114840179
suit,left,4.166666666666667,index bend 2,154.04790598104586
suit,left,4.166666666666667,index bend 3,162.68283316507902
suit,left,4.166666666666667,middle bend 1,149.42555479701508
suit,left,4.166666666666667,middle bend 2,151.94416758449108
suit,left,4.166666666666667,middle bend 3,161.27554020815495
suit,left,4.166666666666667,ring bend 1,154.41624947009208
suit,left,4.166666666666667,ring bend 2,151.0215084926603
suit,left,4.166666666666667,ring bend 3,160.65909453902887
suit,left,4.166666666666667,pinky bend 1,157.0632699457543
suit,left,4.166666666666667,pinky bend 2,150.74679107478482
suit,left,4.166666666666667,pinky bend 3,160.4730934839716
suit,left,4.2,thumb bend 1,133.9564786498547
suit,left,4.2,thumb bend 2,141.29539782774336
suit,left,4.2,thumb bend 3,173.72721859058797
suit,left,4.2,index bend 1,144.98771426843055
suit,left,4.2,index bend 2,154.02126032037597
suit,left,4.2,index bend 3,162.66502615782838
suit,left,4.2,middle bend 1,149.43121139308417
suit,left,4.2,middle bend 2,151.9189047518107
suit,left,4.2,middle bend 3,161.258627747785
suit,left,4.2,ring bend 1,154.41730493405296
suit,left,4.2,ring bend 2,151.01602105066343
suit,left,4.2,ring bend 3,160.65543624437495
suit,left,4.2,pinky bend 1,157.03959530514152
suit,left,4.2,pinky bend 2,150.81306762443666
suit,left,4.2,pinky bend 3,160.51745650659203
suit,right,1.7,thumb bend 1,129.6462006029751
suit,right,1.7,thumb bend 2,145.12017345980308
suit,right,1.7,thumb bend 3,173.8422158144166
suit,right,1.7,index bend 1,144.14586581549526
suit,right,1.7,index bend 2,162.03064529140232
suit,right,1.7,index bend 3,168.01615521880873
suit,right,1.7,middle bend 1,148.22949282984143
suit,right,1.7,middle bend 2,157.24768392001658
suit,right,1.7,middle bend 3,164.820508947117
suit,right,1.7,ring bend 1,157.42712042023425
suit,right,1.7,ring bend 2,151.6857384578505
suit,right,1.7,ring bend 3,161.10344396407157
suit,right,1.7,pinky bend 1,152.6250846925749
suit,right,1.7,pinky bend 2,158.30528646700222
suit,right,1.7,pinky bend 3,165.52760804575504
suit,right,1.7333333333333334,thumb bend 1,129.64181297702459
suit,right,1.7333333333333334,thumb bend 2,145.41208645956513
suit,right,1.7333333333333334,thumb bend 3,174.12176482893477
suit,right,1.7333333333333334,index bend 1,144.25134312663033
suit,right,1.7333333333333334,index bend 2,161.89964858747962
suit,right,1.7333333333333334,index bend 3,167.92870519110122
suit,right,1.7333333333333334,middle bend 1,148.70315964841544
suit,right,1.7333333333333334,middle bend 2,157.07491246558652
suit,right,1.7333333333333334,middle bend 3,164.7050676234833
suit,right,1.7333333333333334,ring bend 1,157.64553541555807
suit,right,1.7333333333333334,ring bend 2,151.53009690209987
suit,right,1.7333333333333334,ring bend 3,160.99934087559316
suit,right,1.7333333333333334,pinky bend 1,152.775289261247
suit,right,1.7333333333333334,pinky bend 2,158.50551229744156
suit,right,1.7333333333333334,pinky bend 3,165.66135610107366
suit,right,1.7666666666666666,thumb bend 1,129.60909043500538
suit,right,1.7666666666666666,thumb bend 2,145.80337889411186
suit,right,1.7666666666666666,thumb bend 3,174.64827883180513
suit,right,1.7666666666666666,index bend 1,144.33703528487683
suit,right,1.7666666666666666,index bend 2,161.6698130771088
suit,right,1.7666666666666666,index bend 3,167.77526090127105
suit,right,1.7666666666666666,middle bend 1,149.11021758541034
suit,right,1.7666666666666666,middle bend 2,156.63096753538747
suit,right,1.7666666666666666,middle bend 3,164.4084215075825
suit,right,1.7666666666666666,ring bend 1,157.80655267093948
suit,right,1.7666666666666666,ring bend 2,151.24520768090719
suit,right,1.7666666666666666,ring bend 3,160.80875669295594
suit,right,1.7666666666666666,pinky bend 1,152.9427748588304
suit,right,1.7666666666666666,pinky bend 2,158.46152120864517
suit,right,1.7666666666666666,pinky bend 3,165.63198388569765
suit,right,1.8,thumb bend 1,129.39429055695047
suit,right,1.8,thumb bend 2,147.59605338588833
suit,right,1.8,thumb bend 3,176.44731571189456
suit,right,1.8,index bend 1,144.40495789280862
suit,right,1.8,index bend 2,161.3246554539057
suit,right,1.8,index bend 3,167.5448102709435
suit,right,1.8,middle bend 1,149.29379634148611
suit,right,1.8,middle bend 2,156.4991335052384
suit,right,1.8,middle bend 3,164.32035254519366
suit,right,1.8,ring bend 1,157.8203939683505
suit,right,1.8,ring bend 2,151.23069085039916
suit,right,1.8,ring bend 3,160.7990368443251
suit,right,1.8,pinky bend 1,153.01501641239682
suit,right,1.8,pinky bend 2,158.47732931423855
suit,right,1.8,pinky bend 3,165.64253152372885
suit,right,1.8333333333333333,thumb bend 1,129.1509904471281
suit,right,1.8333333333333333,thumb bend 2,152.70003923421444
suit,right,1.8333333333333333,thumb bend 3,179.31247143423815
suit,right,1.8333333333333333,index bend 1,144.47511790749797
suit,right,1.8333333333333333,index bend 2,160.77128974660218
suit,right,1.8333333333333333,index bend 3,167.17535111814246
suit,right,1.8333333333333333,middle bend 1,149.4181642175194
suit,right,1.8333333333333333,middle bend 2,156.3219122067179
suit,right,1.8333333333333333,middle bend 3,164.2019214530896
suit,right,1.8333333333333333,ring bend 1,157.82051340224464
suit,right,1.8333333333333333,ring bend 2,151.20881737634124
suit,right,1.8333333333333333,ring bend 3,160.7843998508376
suit,right,1.8333333333333333,pinky bend 1,153.003049850601
suit,right,1.8333333333333333,pinky bend 2,158.5968514090859
suit,right,1.8333333333333333,pinky bend 3,165.7223712305283
suit,right,1.8666666666666667,thumb bend 1,129.77475494705178
suit,right,1.8666666666666667,thumb bend 2,159.27979026612067
suit,right,1.8666666666666667,thumb bend 3,179.69142485003138
suit,right,1.8666666666666667,index bend 1,144.55869961379892
suit,right,1.8666666666666667,index bend 2,160.10177413686537
suit,right,1.8666666666666667,index bend 3,166.72828862597407
suit,right,1.8666666666666667,middle bend 1,149.59990307374954
suit,right,1.8666666666666667,middle bend 2,155.69982472823412
suit,right,1.8666666666666667,middle bend 3,163.78616236941286
suit,right,1.8666666666666667,ring bend 1,157.87351427161727
suit,right,1.8666666666666667,ring bend 2,151.00029457972138
suit,right,1.8666666666666667,ring bend 3,160.64490209383683
suit,right,1.8666666666666667,pinky bend 1,152.99585764891165
suit,right,1.8666666666666667,pinky bend 2,158.6051617270452
suit,right,1.8666666666666667,pinky bend 3,165.72791684694954
suit,right,1.9,thumb bend 1,131.3408368000759
suit,right,1.9,thumb bend 2,154.55699753039556
suit,right,1.9,thumb bend 3,175.40492685663673
suit,right,1.9,index bend 1,144.62923122438252
suit,right,1.9,index bend 2,159.61721603139446
suit,right,1.9,index bend 3,166.40469071804924
suit,right,1.9,middle bend 1,149.72635661501812
suit,right,1.9,middle bend 2,155.16584912724414
suit,right,1.9,middle bend 3,163.42927645906738
suit,right,1.9,ring bend 1,157.9540283936629
suit,right,1.9,ring bend 2,150.72837342187452
suit,right,1.9,ring bend 3,160.46295438577005
suit,right,1.9,pinky bend 1,153.04050640223286
suit,right,1.9,pinky bend 2,158.5481930380576
suit,right,1.9,pinky bend 3,165.6898776393552
suit,right,1.9333333333333333,thumb bend 1,131.58231574790724
suit,right,1.9333333333333333,thumb bend 2,146.5305891730454
suit,right,1.9333333333333333,thumb bend 3,171.6110176798825
suit,right,1.9333333333333333,index bend 1,144.70445482102784
suit,right,1.9333333333333333,index bend 2,159.10456840261807
suit,right,1.9333333333333333,index bend 3,166.0623016112563
suit,right,1.9333333333333333,middle bend 1,149.7389849520915
suit,right,1.9333333333333333,middle bend 2,154.90862027584294
suit,right,1.9333333333333333,middle bend 3,163.25732135046476
suit,right,1.9333333333333333,ring bend 1,158.02179351206195
suit,right,1.9333333333333333,ring bend 2,150.45209206506345
suit,right,1.9333333333333333,ring bend 3,160.27807317542337
suit,right,1.9333333333333333,pinky bend 1,153.06706121351624
suit,right,1.9333333333333333,pinky bend 2,158.53754431062447
suit,right,1.9333333333333333,pinky bend 3,165.68275369192088
suit,right,1.9666666666666666,thumb bend 1,130.75316822027844
suit,right,1.9666666666666666,thumb bend 2,148.18976194465245
suit,right,1.9666666666666666,thumb bend 3,174.8174303949799
suit,right,1.9666666666666666,index bend 1,144.57703084540978
suit,right,1.9666666666666666,index bend 2,159.81080810283817
suit,right,1.9666666666666666,index bend 3,166.53396985504017
suit,right,1.9666666666666666,middle bend 1,149.43710654509474
suit,right,1.9666666666666666,middle bend 2,156.24181500864591
suit,right,1.9666666666666666,middle bend 3,164.148375502997
suit,right,1.9666666666666666,ring bend 1,157.6254682101323
suit,right,1.9666666666666666,ring bend 2,151.8402794734997
suit,right,1.9666666666666666,ring bend 3,161.20682607466142
suit,right,1.9666666666666666,pinky bend 1,152.68462426287255
suit,right,1.9666666666666666,pinky bend 2,159.85590177829414
suit,right,1.9666666666666666,pinky bend 3,166.56328023451798
suit,right,2.0,thumb bend 1,130.93054130055592
suit,right,2.0,thumb bend 2,146.18489720828518
suit,right,2.0,thumb bend 3,173.78568562723444
suit,right,2.0,index bend 1,144.42732789512144
suit,right,2.0,index bend 2,160.54725066885896
suit,right,2.0,index bend 3,167.02575490383785
suit,right,2.0,middle bend 1,149.33362947024614
suit,right,2.0,middle bend 2,156.69075719299823
suit,right,2.0,middle bend 3,164.44838141500534
suit,right,2.0,ring bend 1,157.5404981830898
suit,right,2.0,ring bend 2,152.16419114033448
suit,right,2.0,ring bend 3,161.42350087933517
suit,right,2.0,pinky bend 1,152.64649517230507
suit,right,2.0,pinky bend 2,160.32829481409942
suit,right,2.0,pinky bend 3,166.87873757852043
suit,right,2.033333333333333,thumb bend 1,130.9271339022882
suit,right,2.033333333333333,thumb bend 2,146.02991207745248
suit,right,2.033333333333333,thumb bend 3,173.83027358109734
suit,right,2.033333333333333,index bend 1,144.27260242729278
suit,right,2.033333333333333,index bend 2,161.66927520493965
suit,right,2.033333333333333,index bend 3,167.774904226589
suit,right,2.033333333333333,middle bend 1,149.31665494487632
suit,right,2.033333333333333,middle bend 2,157.0095171113113
suit,right,2.033333333333333,middle bend 3,164.66138648171724
suit,right,2.033333333333333,ring bend 1,157.47500114752367
suit,right,2.033333333333333,ring bend 2,152.45165337485028
suit,right,2.033333333333333,ring bend 3,161.61576162144965
suit,right,2.033333333333333,pinky bend 1,152.6259017774639
suit,right,2.033333333333333,pinky bend 2,160.7906647329025
suit,right,2.033333333333333,pinky bend 3,167.18749822136976
suit,right,2.066666666666667,thumb bend 1,130.95413005946094
suit,right,2.066666666666667,thumb bend 2,146.48438340762306
suit,right,2.066666666666667,thumb bend 3,173.92273528907506
suit,right,2.066666666666667,index bend 1,144.11746919272335
suit,right,2.066666666666667,index bend 2,163.46891013843532
suit,right,2.066666666666667,index bend 3,168.97621343024332
suit,right,2.066666666666667,middle bend 1,149.3256159310063
suit,right,2.066666666666667,middle bend 2,157.58614102794093
suit,right,2.066666666666667,middle bend 3,165.04663848086386
suit,right,2.066666666666667,ring bend 1,157.47658466097172
suit,right,2.066666666666667,ring bend 2,152.70490349692943
suit,right,2.066666666666667,ring bend 3,161.7851475316066
suit,right,2.066666666666667,pinky bend 1,152.72961325427482
suit,right,2.066666666666667,pinky bend 2,161.0832901603122
suit,right,2.066666666666667,pinky bend 3,167.3828584055067
suit,right,2.1,thumb bend 1,130.9519886902569
suit,right,2.1,thumb bend 2,146.85482491150873
suit,right,2.1,thumb bend 3,174.17912660743517
suit,right,2.1,index bend 1,144.31574537033725
suit,right,2.1,index bend 2,164.25552551005023
suit,right,2.1,index bend 3,169.50121209547905
suit,right,2.1,middle bend 1,149.5930535488697
suit,right,2.1,middle bend 2,157.34531537479486
suit,right,2.1,middle bend 3,164.88573073468743
suit,right,2.1,ring bend 1,157.63647757032294
suit,right,2.1,ring bend 2,152.50038994714433
suit,right,2.1,ring bend 3,161.64836202428134
suit,right,2.1,pinky bend 1,153.05566848161746
suit,right,2.1,pinky bend 2,160.86549383459504
suit,right,2.1,pinky bend 3,167.23744596054595
suit,right,2.1333333333333333,thumb bend 1,130.9900889000502
suit,right,2.1333333333333333,thumb bend 2,147.21928301170067
suit,right,2.1333333333333333,thumb bend 3,174.33632993985688
suit,right,2.1333333333333333,index bend 1,144.75715956868913
suit,right,2.1333333333333333,index bend 2,164.35081474040908
suit,right,2.1333333333333333,index bend 3,169.56479070113667
suit,right,2.1333333333333333,middle bend 1,149.80320525215197
suit,right,2.1333333333333333,middle bend 2,157.0666154999613
suit,right,2.1333333333333333,middle bend 3,164.69952677815152
suit,right,2.1333333333333333,ring bend 1,157.76105071831364
suit,right,2.1333333333333333,ring bend 2,152.1169289486174
suit,right,2.1333333333333333,ring bend 3,161.3918865754747
suit,right,2.1333333333333333,pinky bend 1,153.43281883161578
suit,right,2.1333333333333333,pinky bend 2,160.39776998801327
suit,right,2.1333333333333333,pinky bend 3,166.92513097249451
suit,right,2.1666666666666665,thumb bend 1,131.07114947631956
suit,right,2.1666666666666665,thumb bend 2,147.80164770658
suit,right,2.1666666666666665,thumb bend 3,174.2281036913635
suit,right,2.1666666666666665,index bend 1,145.28943356578787
suit,right,2.1666666666666665,index bend 2,163.96337691998764
suit,right,2.1666666666666665,index bend 3,169.30622765930903
suit,right,2.1666666666666665,middle bend 1,149.94677191539853
suit,right,2.1666666666666665,middle bend 2,156.94525090648364
suit,right,2.1666666666666665,middle bend 3,164.6184406202544
suit,right,2.1666666666666665,ring bend 1,157.80328256279998
suit,right,2.1666666666666665,ring bend 2,152.0026749508046
suit,right,2.1666666666666665,ring bend 3,161.3154400425899
suit,right,2.1666666666666665,pinky bend 1,153.72449071672716
suit,right,2.1666666666666665,pinky bend 2,160.19800764353718
suit,right,2.1666666666666665,pinky bend 3,166.79173673145652
suit,right,2.2,thumb bend 1,131.06250883463952
suit,right,2.2,thumb bend 2,148.04442948435576
suit,right,2.2,thumb bend 3,174.255381537619
suit,right,2.2,index bend 1,145.76159642904378
suit,right,2.2,index bend 2,163.37627021538648
suit,right,2.2,index bend 3,168.91438386295442
suit,right,2.2,middle bend 1,150.14727237421477
suit,right,2.2,middle bend 2,156.39304677439856
suit,right,2.2,middle bend 3,164.24943732430623
suit,right,2.2,ring bend 1,157.87482990205268
suit,right,2.2,ring bend 2,151.63531960414429
suit,right,2.2,ring bend 3,161.06973157694844
suit,right,2.2,pinky bend 1,154.09505335830056
suit,right,2.2,pinky bend 2,159.73296362213335
suit,right,2.2,pinky bend 3,166.48117269090187
suit,right,2.2333333333333334,thumb bend 1,131.01394623759032
suit,right,2.2333333333333334,thumb bend 2,148.205280745208
suit,right,2.2333333333333334,thumb bend 3,174.36674068892685
suit,right,2.2333333333333334,index bend 1,146.10815049120345
suit,right,2.2333333333333334,index bend 2,163.1952094243572
suit,right,2.2333333333333334,index bend 3,168.79352662482722
suit,right,2.2333333333333334,middle bend 1,150.28137909939696
suit,right,2.2333333333333334,middle bend 2,155.7813772339865
suit,right,2.2333333333333334,middle bend 3,163.84066676261108
suit,right,2.2333333333333334,ring bend 1,157.88840326532178
suit,right,2.2333333333333334,ring bend 2,151.11404313016243
suit,right,2.2333333333333334,ring bend 3,160.7209938602773
suit,right,2.2333333333333334,pinky bend 1,154.4936072161412
suit,right,2.2333333333333334,pinky bend 2,159.03565412819583
suit,right,2.2333333333333334,pinky bend 3,166.01546014389456
suit,right,2.2666666666666666,thumb bend 1,130.94350106731972
suit,right,2.2666666666666666,thumb bend 2,148.9120662575486
suit,right,2.2666666666666666,thumb bend 3,174.7165542412031
suit,right,2.2666666666666666,index bend 1,146.45437238608463
suit,right,2.2666666666666666,index bend 2,162.49467460373262
suit,right,2.2666666666666666,index bend 3,168.32593343178965
suit,right,2.2666666666666666,middle bend 1,150.45562508971136
suit,right,2.2666666666666666,middle bend 2,154.67313519907935
suit,right,2.2666666666666666,middle bend 3,163.09990786703048
suit,right,2.2666666666666666,ring bend 1,157.85917284750903
suit,right,2.2666666666666666,ring bend 2,150.4582260982411
suit,right,2.2666666666666666,ring bend 3,160.28220067790377
suit,right,2.2666666666666666,pinky bend 1,154.7653884430539
suit,right,2.2666666666666666,pinky bend 2,158.406999648118
suit,right,2.2666666666666666,pinky bend 3,165.59556211033973
suit,right,2.3,thumb bend 1,130.93645330761913
suit,right,2.3,thumb bend 2,149.51110498561948
suit,right,2.3,thumb bend 3,174.70002250141607
suit,right,2.3,index bend 1,146.5274369097794
suit,right,2.3,index bend 2,161.89924422964205
suit,right,2.3,index bend 3,167.92844197681092
suit,right,2.3,middle bend 1,150.49152358297556
suit,right,2.3,middle bend 2,153.6493734498137
suit,right,2.3,middle bend 3,162.41546153219684
suit,right,2.3,ring bend 1,157.6976045051697
suit,right,2.3,ring bend 2,150.21504868433095
suit,right,2.3,ring bend 3,160.11947904391013
suit,right,2.3,pinky bend 1,154.89991800105713
suit,right,2.3,pinky bend 2,158.18500524820857
suit,right,2.3,pinky bend 3,165.44726384701556
suit,right,2.3333333333333335,thumb bend 1,130.8401208752772
suit,right,2.3333333333333335,thumb bend 2,149.8684876766434
suit,right,2.3333333333333335,thumb bend 3,174.79349409335836
suit,right,2.3333333333333335,index bend 1,146.61508263258605
suit,right,2.3333333333333335,index bend 2,160.39817229966047
suit,right,2.3333333333333335,index bend 3,166.92621610105508
suit,right,2.3333333333333335,middle bend 1,150.37839458614013
suit,right,2.3333333333333335,middle bend 2,152.78429929209025
suit,right,2.3333333333333335,middle bend 3,161.83699320990837
suit,right,2.3333333333333335,ring bend 1,157.55587652733655
suit,right,2.3333333333333335,ring bend 2,149.64059723776077
suit,right,2.3333333333333335,ring bend 3,159.73500715080002
suit,right,2.3333333333333335,pinky bend 1,155.00068674732003
suit,right,2.3333333333333335,pinky bend 2,158.02554136573133
suit,right,2.3333333333333335,pinky bend 3,165.34073365758002
suit,right,2.3666666666666667,thumb bend 1,130.7341133245603
suit,right,2.3666666666666667,thumb bend 2,150.64148134878837
suit,right,2.3666666666666667,thumb bend 3,175.11759056440994
suit,right,2.3666666666666667,index bend 1,146.55998786400966
suit,right,2.3666666666666667,index bend 2,159.8283003972599
suit,right,2.3666666666666667,index bend 3,166.54565236504504
suit,right,2.3666666666666667,middle bend 1,150.05203079417495
suit,right,2.3666666666666667,middle bend 2,152.82262746284601
suit,right,2.3666666666666667,middle bend 3,161.8626012721081
suit,right,2.3666666666666667,ring bend 1,157.2878608075336
suit,right,2.3666666666666667,ring bend 2,149.48360527917487
suit,right,2.3666666666666667,ring bend 3,159.62993131449724
suit,right,2.3666666666666667,pinky bend 1,155.16947737153768
suit,right,2.3666666666666667,pinky bend 2,157.6791935568524
suit,right,2.3666666666666667,pinky bend 3,165.10935128745282
suit,right,2.4,thumb bend 1,130.63301208846235
suit,right,2.4,thumb bend 2,151.64502143631813
suit,right,2.4,thumb bend 3,175.56711000257417
suit,right,2.4,index bend 1,146.40467109156475
suit,right,2.4,index bend 2,160.11288062797703
suit,right,2.4,index bend 3,166.7357034436595
suit,right,2.4,middle bend 1,149.56557353110108
suit,right,2.4,middle bend 2,153.95748082587568
suit,right,2.4,middle bend 3,162.62146662822025
suit,right,2.4,ring bend 1,156.87980637787433
suit,right,2.4,ring bend 2,150.2257622615488
suit,right,2.4,ring bend 3,160.1266335087672
suit,right,2.4,pinky bend 1,155.16494198584783
suit,right,2.4,pinky bend 2,157.90646940528862
suit,right,2.4,pinky bend 3,165.26120103409596
suit,right,2.433333333333333,thumb bend 1,130.62836102819716
suit,right,2.433333333333333,thumb bend 2,152.39046465021352
suit,right,2.433333333333333,thumb bend 3,175.82016280371778
suit,right,2.433333333333333,index bend 1,146.08371846528155
suit,right,2.433333333333333,index bend 2,161.75710479473813
suit,right,2.433333333333333,index bend 3,167.83355042883983
suit,right,2.433333333333333,middle bend 1,149.10722903351524
suit,right,2.433333333333333,middle bend 2,155.74628011176023
suit,right,2.433333333333333,middle bend 3,163.81722354033658
suit,right,2.433333333333333,ring bend 1,156.45247282643996
suit,right,2.433333333333333,ring bend 2,151.79455079002923
suit,right,2.433333333333333,ring bend 3,161.17623983198808
suit,right,2.433333333333333,pinky bend 1,155.03119310093714
suit,right,2.433333333333333,pinky bend 2,158.8637314444665
suit,right,2.433333333333333,pinky bend 3,165.90064633875514
suit,right,2.466666666666667,thumb bend 1,130.55643062363654
suit,right,2.466666666666667,thumb bend 2,152.26796509861572
suit,right,2.466666666666667,thumb bend 3,176.15086608068407
suit,right,2.466666666666667,index bend 1,145.91165180216223
suit,right,2.466666666666667,index bend 2,162.49543945060194
suit,right,2.466666666666667,index bend 3,168.32643601802135
suit,right,2.466666666666667,middle bend 1,148.71554752457803
suit,right,2.466666666666667,middle bend 2,157.68090764473823
suit,right,2.466666666666667,middle bend 3,165.10994242769516
suit,right,2.466666666666667,ring bend 1,155.74912536980423
suit,right,2.466666666666667,ring bend 2,155.0394181148583
suit,right,2.466666666666667,ring bend 3,163.34600911895967
suit,right,2.466666666666667,pinky bend 1,154.89441758482997
suit,right,2.466666666666667,pinky bend 2,160.8261509543657
suit,right,2.466666666666667,pinky bend 3,167.21117414034853
suit,right,2.5,thumb bend 1,130.294437825741
suit,right,2.5,thumb bend 2,150.23132586154568
suit,right,2.5,thumb bend 3,177.1031412535955
suit,right,2.5,index bend 1,145.5546571979473
suit,right,2.5,index bend 2,164.09195796715676
suit,right,2.5,index bend 3,169.39204594931138
suit,right,2.5,middle bend 1,148.09628051236257
suit,right,2.5,middle bend 2,161.75433484507604
suit,right,2.5,middle bend 3,167.83033179378106
suit,right,2.5,ring bend 1,155.36864441853555
suit,right,2.5,ring bend 2,159.75105751896788
suit,right,2.5,ring bend 3,166.49394689377579
suit,right,2.5,pinky bend 1,155.57089717034773
suit,right,2.5,pinky bend 2,162.29657369886436
suit,right,2.5,pinky bend 3,168.19287026827715
suit,right,2.533333333333333,thumb bend 1,130.64829479965314
suit,right,2.533333333333333,thumb bend 2,149.8731410448869
suit,right,2.533333333333333,thumb bend 3,176.56924976776105
suit,right,2.533333333333333,index bend 1,145.3040588307984
suit,right,2.533333333333333,index bend 2,165.39343158469953
suit,right,2.533333333333333,index bend 3,170.26055524224057
suit,right,2.533333333333333,middle bend 1,149.04446122019044
suit,right,2.533333333333333,middle bend 2,160.85820905162083
suit,right,2.533333333333333,middle bend 3,167.23201846206547
suit,right,2.533333333333333,ring bend 1,157.79931952239255
suit,right,2.533333333333333,ring bend 2,158.3093346492531
suit,right,2.533333333333333,ring bend 3,165.53100286284652
suit,right,2.533333333333333,pinky bend 1,157.17293500624757
suit,right,2.533333333333333,pinky bend 2,161.77966505319466
suit,right,2.533333333333333,pinky bend 3,167.84779656846285
suit,right,2.566666666666667,thumb bend 1,130.90248395273707
suit,right,2.566666666666667,thumb bend 2,149.92778175008579
suit,right,2.566666666666667,thumb bend 3,176.59388235582193
suit,right,2.566666666666667,index bend 1,145.33022062930502
suit,right,2.566666666666667,index bend 2,165.30140200017837
suit,right,2.566666666666667,index bend 3,170.1991366902976
suit,right,2.566666666666667,middle bend 1,150.00659825340125
suit,right,2.566666666666667,middle bend 2,159.40088788463243
suit,right,2.566666666666667,middle bend 3,166.25884818185966
suit,right,2.566666666666667,ring bend 1,160.26096639199957
suit,right,2.566666666666667,ring bend 2,155.9467781917112
suit,right,2.566666666666667,ring bend 3,163.95245252422143
suit,right,2.566666666666667,pinky bend 1,158.54783586665727
suit,right,2.566666666666667,pinky bend 2,161.24857336321304
suit,right,2.566666666666667,pinky bend 3,167.49321950424724
suit,right,2.6,thumb bend 1,131.08143824489255
suit,right,2.6,thumb bend 2,150.46695715911247
suit,right,2.6,thumb bend 3,177.24459982459973
suit,right,2.6,index bend 1,145.37060500951492
suit,right,2.6,index bend 2,165.02361193892955
suit,right,2.6,index bend 3,170.01377674440232
suit,right,2.6,middle bend 1,150.90193821501597
suit,right,2.6,middle bend 2,157.0558885712625
suit,right,2.6,middle bend 3,164.69235991597435
suit,right,2.6,ring bend 1,162.27859989511896
suit,right,2.6,ring bend 2,153.2068241970043
suit,right,2.6,ring bend 3,162.12080274389947
suit,right,2.6,pinky bend 1,160.01538294114266
suit,right,2.6,pinky bend 2,159.93014341655262
suit,right,2.6,pinky bend 3,166.61285890164433
suit,right,2.6333333333333333,thumb bend 1,131.370438248785
suit,right,2.6333333333333333,thumb bend 2,150.86733993881558
suit,right,2.6333333333333333,thumb bend 3,177.76684198163983
suit,right,2.6333333333333333,index bend 1,145.4991575984431
suit,right,2.6333333333333333,index bend 2,164.05885027946528
suit,right,2.6333333333333333,index bend 3,169.36994308011856
suit,right,2.6333333333333333,middle bend 1,151.21626025280577
suit,right,2.6333333333333333,middle bend 2,155.71444074106435
suit,right,2.6333333333333333,middle bend 3,163.79593180827774
suit,right,2.6333333333333333,ring bend 1,163.29344801439726
suit,right,2.6333333333333333,ring bend 2,151.38470734523708
suit,right,2.6333333333333333,ring bend 3,160.9020660953596
suit,right,2.6333333333333333,pinky bend 1,161.04921591146385
suit,right,2.6333333333333333,pinky bend 2,158.6242504722383
suit,right,2.6333333333333333,pinky bend 3,165.7406703335741
suit,right,2.6666666666666665,thumb bend 1,131.73955518571438
suit,right,2.6666666666666665,thumb bend 2,150.67572588100944
suit,right,2.6666666666666665,thumb bend 3,178.15704868129276
suit,right,2.6666666666666665,index bend 1,145.48916798812022
suit,right,2.6666666666666665,index bend 2,163.61088363307744
suit,right,2.6666666666666665,index bend 3,169.07097623392062
suit,right,2.6666666666666665,middle bend 1,151.27156151243733
suit,right,2.6666666666666665,middle bend 2,155.8180593627974
suit,right,2.6666666666666665,middle bend 3,163.8651819139647
suit,right,2.6666666666666665,ring bend 1,163.86135812942356
suit,right,2.6666666666666665,ring bend 2,151.02154053609695
suit,right,2.6666666666666665,ring bend 3,160.65910611922806
suit,right,2.6666666666666665,pinky bend 1,161.68971692646502
suit,right,2.6666666666666665,pinky bend 2,158.07294660853412
suit,right,2.6666666666666665,pinky bend 3,165.3724109033449
suit,right,2.7,thumb bend 1,132.16719294776559
suit,right,2.7,thumb bend 2,150.0592535215903
suit,right,2.7,thumb bend 3,178.2462375399731
suit,right,2.7,index bend 1,145.3121795852848
suit,right,2.7,index bend 2,164.08670226629476
suit,right,2.7,index bend 3,169.3885364301151
suit,right,2.7,middle bend 1,151.32542231310364
suit,right,2.7,middle bend 2,156.12450353093016
suit,right,2.7,middle bend 3,164.0699787052929
suit,right,2.7,ring bend 1,164.33748344683517
suit,right,2.7,ring bend 2,150.92451371115
suit,right,2.7,ring bend 3,160.5941933232473
suit,right,2.7,pinky bend 1,162.1648973575369
suit,right,2.7,pinky bend 2,157.62484175008476
suit,right,2.7,pinky bend 3,165.07303536873965
suit,right,2.7333333333333334,thumb bend 1,132.55826970549765
suit,right,2.7333333333333334,thumb bend 2,149.55343832830872
suit,right,2.7333333333333334,thumb bend 3,178.18639903710937
suit,right,2.7333333333333334,index bend 1,145.1312515247816
suit,right,2.7333333333333334,index bend 2,164.7152060674353
suit,right,2.7333333333333334,index bend 3,169.80797669716006
suit,right,2.7333333333333334,middle bend 1,151.38031407709317
suit,right,2.7333333333333334,middle bend 2,156.62827054453132
suit,right,2.7333333333333334,middle bend 3,164.406638137119
suit,right,2.7333333333333334,ring bend 1,164.7349831994464
suit,right,2.7333333333333334,ring bend 2,151.02702797812807
suit,right,2.7333333333333334,ring bend 3,160.66277395057392
suit,right,2.7333333333333334,pinky bend 1,162.42889544380023
suit,right,2.7333333333333334,pinky bend 2,157.41801077190374
suit,right,2.7333333333333334,pinky bend 3,164.9348451000627
suit,right,2.7666666666666666,thumb bend 1,132.83680467912524
suit,right,2.7666666666666666,thumb bend 2,149.32270599542647
suit,right,2.7666666666666666,thumb bend 3,178.63217406094446
suit,right,2.7666666666666666,index bend 1,145.01537301453274
suit,right,2.7666666666666666,index bend 2,165.24590007530938
suit,right,2.7666666666666666,index bend 3,170.1620979054854
suit,right,2.7666666666666666,middle bend 1,151.534232660658
suit,right,2.7666666666666666,middle bend 2,156.97368947459594
suit,right,2.7666666666666666,middle bend 3,164.6374387659918
suit,right,2.7666666666666666,ring bend 1,165.11457561277777
suit,right,2.7666666666666666,ring bend 2,151.05805863302504
suit,right,2.7666666666666666,ring bend 3,160.68354306989326
suit,right,2.7666666666666666,pinky bend 1,162.6932703941194
suit,right,2.7666666666666666,pinky bend 2,156.99364477450231
suit,right,2.7666666666666666,pinky bend 3,164.65133489194463
suit,right,2.8,thumb bend 1,133.15676542542852
suit,right,2.8,thumb bend 2,149.16757762737856
suit,right,2.8,thumb bend 3,178.8802756784939
suit,right,2.8,index bend 1,144.9700778559227
suit,right,2.8,index bend 2,165.59722892482347
suit,right,2.8,index bend 3,170.39653489523894
suit,right,2.8,middle bend 1,151.74371990499824
suit,right,2.8,middle bend 2,157.24692669918343
suit,right,2.8,middle bend 3,164.8200044486084
suit,right,2.8,ring bend 1,165.48260790603055
suit,right,2.8,ring bend 2,151.24516190455793
suit,right,2.8,ring bend 3,160.80873380471436
suit,right,2.8,pinky bend 1,162.8881257461391
suit,right,2.8,pinky bend 2,156.58250433271317
suit,right,2.8,pinky bend 3,164.37661088559645
suit,right,2.8333333333333335,thumb bend 1,133.48272411740015
suit,right,2.8333333333333335,thumb bend 2,149.10035634593245
suit,right,2.8333333333333335,thumb bend 3,178.77301494899973
suit,right,2.8333333333333335,index bend 1,144.9815466402091
suit,right,2.8333333333333335,index bend 2,165.71600429250879
suit,right,2.8333333333333335,index bend 3,170.47578141662555
suit,right,2.8333333333333335,middle bend 1,152.03648736259012
suit,right,2.8333333333333335,middle bend 2,157.153895773375
suit,right,2.8333333333333335,middle bend 3,164.75785445311885
suit,right,2.8333333333333335,ring bend 1,165.87189192260007
suit,right,2.8333333333333335,ring bend 2,151.37794579430664
suit,right,2.8333333333333335,ring bend 3,160.8975571232105
suit,right,2.8333333333333335,pinky bend 1,162.93667801437937
suit,right,2.8333333333333335,pinky bend 2,156.46042448348928
suit,right,2.8333333333333335,pinky bend 3,164.29500974249788
suit,right,2.8666666666666667,thumb bend 1,133.6931601534203
suit,right,2.8666666666666667,thumb bend 2,149.0931142872215
suit,right,2.8666666666666667,thumb bend 3,178.8498160359366
suit,right,2.8666666666666667,index bend 1,144.98937930433496
suit,right,2.8666666666666667,index bend 2,165.83419124351903
suit,right,2.8666666666666667,index bend 3,170.55464646636088
suit,right,2.8666666666666667,middle bend 1,152.30939313339388
suit,right,2.8666666666666667,middle bend 2,157.00556889964295
suit,right,2.8666666666666667,middle bend 3,164.65873622104115
suit,right,2.8666666666666667,ring bend 1,166.30665725103034
suit,right,2.8666666666666667,ring bend 2,151.16031731532502
suit,right,2.8666666666666667,ring bend 3,160.75195394327687
suit,right,2.8666666666666667,pinky bend 1,162.9612707487079
suit,right,2.8666666666666667,pinky bend 2,156.35266310012162
suit,right,2.8666666666666667,pinky bend 3,164.2230101918899
suit,right,2.9,thumb bend 1,133.90384721346317
suit,right,2.9,thumb bend 2,149.3314800202206
suit,right,2.9,thumb bend 3,178.6796784520958
suit,right,2.9,index bend 1,145.00579403401218
suit,right,2.9,index bend 2,165.99812022851793
suit,right,2.9,index bend 3,170.66402242165753
suit,right,2.9,middle bend 1,152.53774537927936
suit,right,2.9,middle bend 2,156.96873227362724
suit,right,2.9,middle bend 3,164.63412569746342
suit,right,2.9,ring bend 1,166.64484064138819
suit,right,2.9,ring bend 2,151.0382946865225
suit,right,2.9,ring bend 3,160.6703232365222
suit,right,2.9,pinky bend 1,162.98029683613674
suit,right,2.9,pinky bend 2,156.19087225239505
suit,right,2.9,pinky bend 3,164.11488259833
suit,right,2.933333333333333,thumb bend 1,134.01022252583925
suit,right,2.933333333333333,thumb bend 2,149.34724407638777
suit,right,2.933333333333333,thumb bend 3,178.59606800764382
suit,right,2.933333333333333,index bend 1,145.03189631503372
suit,right,2.933333333333333,index bend 2,166.07590286003315
suit,right,2.933333333333333,index bend 3,170.71593854271651
suit,right,2.933333333333333,middle bend 1,152.74423221693598
suit,right,2.933333333333333,middle bend 2,156.77352849427862
suit,right,2.933333333333333,middle bend 3,164.5036744996341
suit,right,2.933333333333333,ring bend 1,166.92052628516123
suit,right,2.933333333333333,ring bend 2,150.83577050129284
suit,right,2.933333333333333,ring bend 3,160.5348003942672
suit,right,2.933333333333333,pinky bend 1,162.98505045631774
suit,right,2.933333333333333,pinky bend 2,156.0581379539173
suit,right,2.933333333333333,pinky bend 3,164.02619374836095
suit,right,2.966666666666667,thumb bend 1,134.07005164628117
suit,right,2.966666666666667,thumb bend 2,149.29197072159485
suit,right,2.966666666666667,thumb bend 3,178.61493095386683
suit,right,2.966666666666667,index bend 1,145.07754842954267
suit,right,2.966666666666667,index bend 2,166.10358707132525
suit,right,2.966666666666667,index bend 3,170.73439023470422
suit,right,2.966666666666667,middle bend 1,152.90962681179792
suit,right,2.966666666666667,middle bend 2,156.6952585358007
suit,right,2.966666666666667,middle bend 3,164.45138549069858
suit,right,2.966666666666667,ring bend 1,167.12980578085487
suit,right,2.966666666666667,ring bend 2,150.75646866724773
suit,right,2.966666666666667,ring bend 3,160.48173795508276
suit,right,2.966666666666667,pinky bend 1,162.9887906926209
suit,right,2.966666666666667,pinky bend 2,155.94415670692683
suit,right,2.966666666666667,pinky bend 3,163.95003141005137
suit,right,3.0,thumb bend 1,134.13319127103173
suit,right,3.0,thumb bend 2,149.23175614578167
suit,right,3.0,thumb bend 3,178.5627449392621
suit,right,3.0,index bend 1,145.11167436017183
suit,right,3.0,index bend 2,166.182723920131
suit,right,3.0,index bend 3,170.78718278292592
suit,right,3.0,middle bend 1,153.03107786852954
suit,right,3.0,middle bend 2,156.7909425827157
suit,right,3.0,middle bend 3,164.5153236234726
suit,right,3.0,ring bend 1,167.29270481853268
suit,right,3.0,ring bend 2,150.86369790004292
suit,right,3.0,ring bend 3,160.55350194743167
suit,right,3.0,pinky bend 1,162.91543080079254
suit,right,3.0,pinky bend 2,156.0578308705323
suit,right,3.0,pinky bend 3,164.02598012469582
suit,right,3.033333333333333,thumb bend 1,134.21234449320565
suit,right,3.033333333333333,thumb bend 2,149.44521289192068
suit,right,3.033333333333333,thumb bend 3,178.44839742545886
suit,right,3.033333333333333,index bend 1,145.15732114141116
suit,right,3.033333333333333,index bend 2,166.2139033480183
suit,right,3.033333333333333,index bend 3,170.80800340103858
suit,right,3.033333333333333,middle bend 1,153.18624673420376
suit,right,3.033333333333333,middle bend 2,156.62264958530767
suit,right,3.033333333333333,middle bend 3,164.40286921074076
suit,right,3.033333333333333,ring bend 1,167.50251663486017
suit,right,3.033333333333333,ring bend 2,150.7369812862664
suit,right,3.033333333333333,ring bend 3,160.46870885660772
suit,right,3.033333333333333,pinky bend 1,162.82192185381749
suit,right,3.033333333333333,pinky bend 2,156.22998434365266
suit,right,3.033333333333333,pinky bend 3,164.1410371168907
suit,right,3.066666666666667,thumb bend 1,134.26334823201992
suit,right,3.066666666666667,thumb bend 2,149.66170977544962
suit,right,3.066666666666667,thumb bend 3,178.33652162667346
suit,right,3.066666666666667,index bend 1,145.2299179363156
suit,right,3.066666666666667,index bend 2,166.06328956335636
suit,right,3.066666666666667,index bend 3,170.70750710881688
suit,right,3.066666666666667,middle bend 1,153.32643726388267
suit,right,3.066666666666667,middle bend 2,156.48570386310476
suit,right,3.066666666666667,middle bend 3,164.31136607126763
suit,right,3.066666666666667,ring bend 1,167.67580218918184
suit,right,3.066666666666667,ring bend 2,150.5728672878117
suit,right,3.066666666666667,ring bend 3,160.35888562972528
suit,right,3.066666666666667,pinky bend 1,162.7928532679701
suit,right,3.066666666666667,pinky bend 2,156.23011976534934
suit,right,3.066666666666667,pinky bend 3,164.14112008632685
suit,right,3.1,thumb bend 1,134.26055430652048
suit,right,3.1,thumb bend 2,149.61253324126204
suit,right,3.1,thumb bend 3,178.32698934761513
suit,right,3.1,index bend 1,145.28756871969927
suit,right,3.1,index bend 2,165.90257255280116
suit,right,3.1,index bend 3,170.6002826446104
suit,right,3.1,middle bend 1,153.4341447130077
suit,right,3.1,middle bend 2,156.35830631365874
suit,right,3.1,middle bend 3,164.22622106016016
suit,right,3.1,ring bend 1,167.8184959403029
suit,right,3.1,ring bend 2,150.42665375637395
suit,right,3.1,ring bend 3,160.26105581084678
suit,right,3.1,pinky bend 1,162.79245310611486
suit,right,3.1,pinky bend 2,156.1233997946164
suit,right,3.1,pinky bend 3,164.06979859866206
suit,right,3.1333333333333333,thumb bend 1,134.28099766826216
suit,right,3.1333333333333333,thumb bend 2,149.66424981856034
suit,right,3.1333333333333333,thumb bend 3,178.26231685743952
suit,right,3.1333333333333333,index bend 1,145.33031369476004
suit,right,3.1333333333333333,index bend 2,165.77189532954515
suit,right,3.1333333333333333,index bend 3,170.51308152623182
suit,right,3.1333333333333333,middle bend 1,153.55444060010132
suit,right,3.1333333333333333,middle bend 2,156.11014119356054
suit,right,3.1333333333333333,middle bend 3,164.06038951255726
suit,right,3.1333333333333333,ring bend 1,167.94266342120358
suit,right,3.1333333333333333,ring bend 2,150.23038567470428
suit,right,3.1333333333333333,ring bend 3,160.1297176913618
suit,right,3.1333333333333333,pinky bend 1,162.7953398744924
suit,right,3.1333333333333333,pinky bend 2,155.9761295919388
suit,right,3.1333333333333333,pinky bend 3,163.97138989953626
suit,right,3.1666666666666665,thumb bend 1,134.2921895974423
suit,right,3.1666666666666665,thumb bend 2,149.79217984379
suit,right,3.1666666666666665,thumb bend 3,178.2400637784221
suit,right,3.1666666666666665,index bend 1,145.36433831514196
suit,right,3.1666666666666665,index bend 2,165.64526359277374
suit,right,3.1666666666666665,index bend 3,170.42860696265473
suit,right,3.1666666666666665,middle bend 1,153.61616124169137
suit,right,3.1666666666666665,middle bend 2,156.02551022226137
suit,right,3.1666666666666665,middle bend 3,164.00383184425715
suit,right,3.1666666666666665,ring bend 1,168.02436166678723
suit,right,3.1666666666666665,ring bend 2,150.0855969325569
suit,right,3.1666666666666665,ring bend 3,160.03282819570907
suit,right,3.1666666666666665,pinky bend 1,162.7483751562492
suit,right,3.1666666666666665,pinky bend 2,155.93104940701983
suit,right,3.1666666666666665,pinky bend 3,163.941255698608
suit,right,3.2,thumb bend 1,134.27059699123038
suit,right,3.2,thumb bend 2,149.82029747823026
suit,right,3.2,thumb bend 3,178.33100220219626
suit,right,3.2,index bend 1,145.37354406200507
suit,right,3.2,index bend 2,165.63120547994112
suit,right,3.2,index bend 3,170.41921040900894
suit,right,3.2,middle bend 1,153.62623099798677
suit,right,3.2,middle bend 2,156.09291399748057
suit,right,3.2,middle bend 3,164.0488872170414
suit,right,3.2,ring bend 1,168.05667377769785
suit,right,3.2,ring bend 2,150.0678299801141
suit,right,3.2,ring bend 3,160.02093587693543
suit,right,3.2,pinky bend 1,162.6138304785518
suit,right,3.2,pinky bend 2,156.08646780308052
suit,right,3.2,pinky bend 3,164.04514039588494
suit,right,3.2333333333333334,thumb bend 1,134.24407542179375
suit,right,3.2333333333333334,thumb bend 2,149.7387840408174
suit,right,3.2333333333333334,thumb bend 3,178.44785743753852
suit,right,3.2333333333333334,index bend 1,145.38086985641763
suit,right,3.2333333333333334,index bend 2,165.63205520379148
suit,right,3.2333333333333334,index bend 3,170.4197759372108
suit,right,3.2333333333333334,middle bend 1,153.66244318786283
suit,right,3.2333333333333334,middle bend 2,156.05297414161157
suit,right,3.2333333333333334,middle bend 3,164.02217005586448
suit,right,3.2333333333333334,ring bend 1,168.0889835143803
suit,right,3.2333333333333334,ring bend 2,150.0513352291278
suit,right,3.2333333333333334,ring bend 3,160.0099190312051
suit,right,3.2333333333333334,pinky bend 1,162.49590916555977
suit,right,3.2333333333333334,pinky bend 2,156.2024155264485
suit,right,3.2333333333333334,pinky bend 3,164.12260259212215
suit,right,3.2666666666666666,thumb bend 1,134.24591781440964
suit,right,3.2666666666666666,thumb bend 2,149.7136479937088
suit,right,3.2666666666666666,thumb bend 3,178.46895302381745
suit,right,3.2666666666666666,index bend 1,145.39491429256293
suit,right,3.2666666666666666,index bend 2,165.58093063097166
suit,right,3.2666666666666666,index bend 3,170.38565156343472
suit,right,3.2666666666666666,middle bend 1,153.70670808495308
suit,right,3.2666666666666666,middle bend 2,155.96150151102134
suit,right,3.2666666666666666,middle bend 3,163.96106432156589
suit,right,3.2666666666666666,ring bend 1,168.1273597213924
suit,right,3.2666666666666666,ring bend 2,149.98846901818683
suit,right,3.2666666666666666,ring bend 3,159.9678352910089
suit,right,3.2666666666666666,pinky bend 1,162.3911817971773
suit,right,3.2666666666666666,pinky bend 2,156.26974493327748
suit,right,3.2666666666666666,pinky bend 3,164.16761888096607
suit,right,3.3,thumb bend 1,134.2553151674585
suit,right,3.3,thumb bend 2,149.7514983349708
suit,right,3.3,thumb bend 3,178.47321480297495
suit,right,3.3,index bend 1,145.40627409282084
suit,right,3.3,index bend 2,165.53716174793126
suit,right,3.3,index bend 3,170.35646054676144
suit,right,3.3,middle bend 1,153.73705657927187
suit,right,3.3,middle bend 2,155.92173901561222
suit,right,3.3,middle bend 3,163.93449304953177
suit,right,3.3,ring bend 1,168.15639756765384
suit,right,3.3,ring bend 2,149.92922486231748
suit,right,3.3,ring bend 3,159.92819677162137
suit,right,3.3,pinky bend 1,162.2896440610243
suit,right,3.3,pinky bend 2,156.34089094452887
suit,right,3.3,pinky bend 3,164.21514237949503
suit,right,3.3333333333333335,thumb bend 1,134.2815933923758
suit,right,3.3333333333333335,thumb bend 2,149.95085429723832
suit,right,3.3333333333333335,thumb bend 3,178.45988022791983
suit,right,3.3333333333333335,index bend 1,145.41502794790858
suit,right,3.3333333333333335,index bend 2,165.4983319448145
suit,right,3.3333333333333335,index bend 3,170.33054349238932
suit,right,3.3333333333333335,middle bend 1,153.7660937042492
suit,right,3.3333333333333335,middle bend 2,155.85730496834935
suit,right,3.3333333333333335,middle bend 3,163.89141368094982
suit,right,3.3333333333333335,ring bend 1,168.1825383277802
suit,right,3.3333333333333335,ring bend 2,149.86033142965036
suit,right,3.3333333333333335,ring bend 3,159.88207135977166
suit,right,3.3333333333333335,pinky bend 1,162.21205372109188
suit,right,3.3333333333333335,pinky bend 2,156.36894041348975
suit,right,3.3333333333333335,pinky bend 3,164.2338982919991
suit,right,3.3666666666666667,thumb bend 1,134.32469288805083
suit,right,3.3666666666666667,thumb bend 2,150.15574352910906
suit,right,3.3666666666666667,thumb bend 3,178.3604521092243
suit,right,3.3666666666666667,index bend 1,145.4309541573581
suit,right,3.3666666666666667,index bend 2,165.42531482419275
suit,right,3.3666666666666667,index bend 3,170.28184316085995
suit,right,3.3666666666666667,middle bend 1,153.82441603192746
suit,right,3.3666666666666667,middle bend 2,155.6467260468071
suit,right,3.3666666666666667,middle bend 3,163.750679956026
suit,right,3.3666666666666667,ring bend 1,168.220371508188
suit,right,3.3666666666666667,ring bend 2,149.7359875576193
suit,right,3.3666666666666667,ring bend 3,159.79883657271114
suit,right,3.3666666666666667,pinky bend 1,162.1535792288921
suit,right,3.3666666666666667,pinky bend 2,156.32577520663605
suit,right,3.3666666666666667,pinky bend 3,164.20504201476712
suit,right,3.4,thumb bend 1,134.31474571798367
suit,right,3.4,thumb bend 2,150.20097359763307
suit,right,3.4,thumb bend 3,178.40591796175548
suit,right,3.4,index bend 1,145.4477723261109
suit,right,3.4,index bend 2,165.32690803217992
suit,right,3.4,index bend 3,170.21616647224513
suit,right,3.4,middle bend 1,153.876835068409
suit,right,3.4,middle bend 2,155.43699017680353
suit,right,3.4,middle bend 3,163.61048983180527
suit,right,3.4,ring bend 1,168.2878902218503
suit,right,3.4,ring bend 2,149.4962510006091
suit,right,3.4,ring bend 3,159.6383980351081
suit,right,3.4,pinky bend 1,162.1252910864085
suit,right,3.4,pinky bend 2,156.2214356071368
suit,right,3.4,pinky bend 3,164.135309348777
suit,right,3.433333333333333,thumb bend 1,134.28650263921566
suit,right,3.433333333333333,thumb bend 2,150.17181297646422
suit,right,3.433333333333333,thumb bend 3,178.5467939025909
suit,right,3.433333333333333,index bend 1,145.46657583549606
suit,right,3.433333333333333,index bend 2,165.1992224856482
suit,right,3.433333333333333,index bend 3,170.13095090321767
suit,right,3.433333333333333,middle bend 1,153.8810120971444
suit,right,3.433333333333333,middle bend 2,155.39087430428614
suit,right,3.433333333333333,middle bend 3,163.57968615723595
suit,right,3.433333333333333,ring bend 1,168.33890349402574
suit,right,3.433333333333333,ring bend 2,149.31513489646758
suit,right,3.433333333333333,ring bend 3,159.51716504868998
suit,right,3.433333333333333,pinky bend 1,162.07588637150704
suit,right,3.433333333333333,pinky bend 2,156.18805319134708
suit,right,3.433333333333333,pinky bend 3,164.11300672120407
suit,right,3.466666666666667,thumb bend 1,134.26340898043762
suit,right,3.466666666666667,thumb bend 2,150.31272848380078
suit,right,3.466666666666667,thumb bend 3,178.7534049304458
suit,right,3.466666666666667,index bend 1,145.4853184290732
suit,right,3.466666666666667,index bend 2,165.05951492044252
suit,right,3.466666666666667,index bend 3,170.03773114611232
suit,right,3.466666666666667,middle bend 1,153.88675190696648
suit,right,3.466666666666667,middle bend 2,155.33386174617044
suit,right,3.466666666666667,middle bend 3,163.5415830539187
suit,right,3.466666666666667,ring bend 1,168.34967505363943
suit,right,3.466666666666667,ring bend 2,149.25965393941772
suit,right,3.466666666666667,ring bend 3,159.48003087823565
suit,right,3.466666666666667,pinky bend 1,162.0048638405902
suit,right,3.466666666666667,pinky bend 2,156.20533376985165
suit,right,3.466666666666667,pinky bend 3,164.124549994967
suit,right,3.5,thumb bend 1,134.28801123605638
suit,right,3.5,thumb bend 2,150.3879661013421
suit,right,3.5,thumb bend 3,178.7900527506174
suit,right,3.5,index bend 1,145.48922685936935
suit,right,3.5,index bend 2,165.0070943040445
suit,right,3.5,index bend 3,170.00276086314148
suit,right,3.5,middle bend 1,153.88847380897246
suit,right,3.5,middle bend 2,155.29110470742944
suit,right,3.5,middle bend 3,163.51299189000926
suit,right,3.5,ring bend 1,168.34478933217406
suit,right,3.5,ring bend 2,149.23378456990014
suit,right,3.5,ring bend 3,159.46272931879534
suit,right,3.5,pinky bend 1,161.9543471934028
suit,right,3.5,pinky bend 2,156.19743353172575
suit,right,3.5,pinky bend 3,164.1192666390157
suit,right,3.533333333333333,thumb bend 1,134.33504144926803
suit,right,3.533333333333333,thumb bend 2,150.54227879203685
suit,right,3.533333333333333,thumb bend 3,178.7327686959106
suit,right,3.533333333333333,index bend 1,145.4878808176538
suit,right,3.533333333333333,index bend 2,164.983883778913
suit,right,3.533333333333333,index bend 3,169.987268422311
suit,right,3.533333333333333,middle bend 1,153.8890158399896
suit,right,3.533333333333333,middle bend 2,155.27094212831923
suit,right,3.533333333333333,middle bend 3,163.49952219779013
suit,right,3.533333333333333,ring bend 1,168.35099188490668
suit,right,3.533333333333333,ring bend 2,149.17643250390682
suit,right,3.533333333333333,ring bend 3,159.42433820541305
suit,right,3.533333333333333,pinky bend 1,161.87782534157515
suit,right,3.533333333333333,pinky bend 2,156.23845678615893
suit,right,3.533333333333333,pinky bend 3,164.14669240520647
suit,right,3.566666666666667,thumb bend 1,134.3305562251798
suit,right,3.566666666666667,thumb bend 2,150.4013329343935
suit,right,3.566666666666667,thumb bend 3,178.84398261397521
suit,right,3.566666666666667,index bend 1,145.47022067224066
suit,right,3.566666666666667,index bend 2,165.07577316033047
suit,right,3.566666666666667,index bend 3,170.04857537555873
suit,right,3.566666666666667,middle bend 1,153.81712592421948
suit,right,3.566666666666667,middle bend 2,155.58091679679183
suit,right,3.566666666666667,middle bend 3,163.70669840393737
suit,right,3.566666666666667,ring bend 1,168.3083494195525
suit,right,3.566666666666667,ring bend 2,149.3034085171134
suit,right,3.566666666666667,ring bend 3,159.50932203100146
suit,right,3.566666666666667,pinky bend 1,161.71183715941308
suit,right,3.566666666666667,pinky bend 2,156.48597723298602
suit,right,3.566666666666667,pinky bend 3,164.31210912282208
suit,right,3.6,thumb bend 1,134.3284572966697
suit,right,3.6,thumb bend 2,150.38957141349684
suit,right,3.6,thumb bend 3,179.06795625049594
suit,right,3.6,index bend 1,145.43519004359192
suit,right,3.6,index bend 2,165.33305541741177
suit,right,3.6,index bend 3,170.22025773300578
suit,right,3.6,middle bend 1,153.7032272420293
suit,right,3.6,middle bend 2,156.13767186575828
suit,right,3.6,middle bend 3,164.0787706303429
suit,right,3.6,ring bend 1,168.24524243537897
suit,right,3.6,ring bend 2,149.56301392479944
suit,right,3.6,ring bend 3,159.68308912092823
suit,right,3.6,pinky bend 1,161.58058862890897
suit,right,3.6,pinky bend 2,156.69820410075135
suit,right,3.6,pinky bend 3,164.45390618886208
suit,right,3.6333333333333333,thumb bend 1,134.3507593526257
suit,right,3.6333333333333333,thumb bend 2,150.2277149258581
suit,right,3.6333333333333333,thumb bend 3,179.2944697724688
suit,right,3.6333333333333333,index bend 1,145.3427934481829
suit,right,3.6333333333333333,index bend 2,166.08988944723512
suit,right,3.6333333333333333,index bend 3,170.7252626174278
suit,right,3.6333333333333333,middle bend 1,153.61302775151842
suit,right,3.6333333333333333,middle bend 2,156.6751131188478
suit,right,3.6333333333333333,middle bend 3,164.43792437851602
suit,right,3.6333333333333333,ring bend 1,168.13125243625862
suit,right,3.6333333333333333,ring bend 2,150.0616768734037
suit,right,3.6333333333333333,ring bend 3,160.01683889201954
suit,right,3.6333333333333333,pinky bend 1,161.56882917973405
suit,right,3.6333333333333333,pinky bend 2,156.6373940115184
suit,right,3.6333333333333333,pinky bend 3,164.41329110651637
suit,right,3.6666666666666665,thumb bend 1,134.43739515498632
suit,right,3.6666666666666665,thumb bend 2,149.98700190311234
suit,right,3.6666666666666665,thumb bend 3,179.25911562778973
suit,right,3.6666666666666665,index bend 1,145.43429822839047
suit,right,3.6666666666666665,index bend 2,166.1626452611559
suit,right,3.6666666666666665,index bend 3,170.77379224150283
suit,right,3.6666666666666665,middle bend 1,153.7298610864083
suit,right,3.6666666666666665,middle bend 2,156.41035405471683
suit,right,3.6666666666666665,middle bend 3,164.26102732966265
suit,right,3.6666666666666665,ring bend 1,168.20695564386892
suit,right,3.6666666666666665,ring bend 2,149.91692055626172
suit,right,3.6666666666666665,ring bend 3,159.91996846963062
suit,right,3.6666666666666665,pinky bend 1,161.75711177665016
suit,right,3.6666666666666665,pinky bend 2,155.98562055877548
suit,right,3.6666666666666665,pinky bend 3,163.9777318340628
suit,right,3.7,thumb bend 1,134.4567002952883
suit,right,3.7,thumb bend 2,149.3689642230704
suit,right,3.7,thumb bend 3,179.57244223270422
suit,right,3.7,index bend 1,145.56833675089905
suit,right,3.7,index bend 2,166.39705077869192
suit,right,3.7,index bend 3,170.930190061457
suit,right,3.7,middle bend 1,153.82532769291433
suit,right,3.7,middle bend 2,156.48314801631992
suit,right,3.7,middle bend 3,164.30965804332484
suit,right,3.7,ring bend 1,168.35039487959986
suit,right,3.7,ring bend 2,149.59658898275566
suit,right,3.7,ring bend 3,159.7055595952143
suit,right,3.7,pinky bend 1,162.08980491807606
suit,right,3.7,pinky bend 2,154.95693594262409
suit,right,3.7,pinky bend 3,163.29019559432095
suit,right,3.7333333333333334,thumb bend 1,134.5907057513908
suit,right,3.7333333333333334,thumb bend 2,148.85154492787044
suit,right,3.7333333333333334,thumb bend 3,179.72443163294375
suit,right,3.7333333333333334,index bend 1,145.81072919818757
suit,right,3.7333333333333334,index bend 2,166.82132808424313
suit,right,3.7333333333333334,index bend 3,171.2132549036348
suit,right,3.7333333333333334,middle bend 1,154.03897809390622
suit,right,3.7333333333333334,middle bend 2,156.38613645030506
suit,right,3.7333333333333334,middle bend 3,164.2448253552552
suit,right,3.7333333333333334,ring bend 1,168.56260911282445
suit,right,3.7333333333333334,ring bend 2,149.05115403102562
suit,right,3.7333333333333334,ring bend 3,159.3404797154411
suit,right,3.7333333333333334,pinky bend 1,162.5820975598372
suit,right,3.7333333333333334,pinky bend 2,153.38814359952494
suit,right,3.7333333333333334,pinky bend 3,162.24133695176695
suit,right,3.7666666666666666,thumb bend 1,135.0110199678875
suit,right,3.7666666666666666,thumb bend 2,148.82030765435377
suit,right,3.7666666666666666,thumb bend 3,178.71110042250749
suit,right,3.7666666666666666,index bend 1,146.3863170934625
suit,right,3.7666666666666666,index bend 2,165.81145660145458
suit,right,3.7666666666666666,index bend 3,170.53948590639274
suit,right,3.7666666666666666,middle bend 1,154.61315697507453
suit,right,3.7666666666666666,middle bend 2,154.4875654357439
suit,right,3.7666666666666666,middle bend 3,162.97585582021406
suit,right,3.7666666666666666,ring bend 1,169.1075988126153
suit,right,3.7666666666666666,ring bend 2,146.83280648161275
suit,right,3.7666666666666666,ring bend 3,157.85507474710278
suit,right,3.7666666666666666,pinky bend 1,163.16430458099614
suit,right,3.7666666666666666,pinky bend 2,150.94794470128312
suit,right,3.7666666666666666,pinky bend 3,160.60916341392414
suit,right,3.8,thumb bend 1,135.5008818442586
suit,right,3.8,thumb bend 2,148.74280661482706
suit,right,3.8,thumb bend 3,176.91555634153443
suit,right,3.8,index bend 1,146.94872438866187
suit,right,3.8,index bend 2,163.8938006566685
suit,right,3.8,index bend 3,169.25979230249712
suit,right,3.8,middle bend 1,155.2781245629361
suit,right,3.8,middle bend 2,151.13727513737624
suit,right,3.8,middle bend 3,160.7352838443858
suit,right,3.8,ring bend 1,169.71399928656535
suit,right,3.8,ring bend 2,142.87493599820675
suit,right,3.8,ring bend 3,155.20249257857026
suit,right,3.8,pinky bend 1,163.3631268992988
suit,right,3.8,pinky bend 2,148.32013326947452
suit,right,3.8,pinky bend 3,158.8503838885238
suit,right,3.8333333333333335,thumb bend 1,135.92987508814824
suit,right,3.8333333333333335,thumb bend 2,148.1495462457435
suit,right,3.8333333333333335,thumb bend 3,174.5611765200037
suit,right,3.8333333333333335,index bend 1,147.42191567258416
suit,right,3.8333333333333335,index bend 2,161.50269309736834
suit,right,3.8333333333333335,index bend 3,167.66370484795482
suit,right,3.8333333333333335,middle bend 1,155.59462680691163
suit,right,3.8333333333333335,middle bend 2,146.80758611145873
suit,right,3.8333333333333335,middle bend 3,157.8369188239618
suit,right,3.8333333333333335,ring bend 1,169.259132433092
suit,right,3.8333333333333335,ring bend 2,138.415589226953
suit,right,3.8333333333333335,ring bend 3,152.20977483575746
suit,right,3.8333333333333335,pinky bend 1,162.7855321089065
suit,right,3.8333333333333335,pinky bend 2,145.81732183758527
suit,right,3.8333333333333335,pinky bend 3,157.17409337639936
suit,right,3.8666666666666667,thumb bend 1,136.0595520902311
suit,right,3.8666666666666667,thumb bend 2,147.07432554935258
suit,right,3.8666666666666667,thumb bend 3,172.20327596829765
suit,right,3.8666666666666667,index bend 1,147.8607893521649
suit,right,3.8666666666666667,index bend 2,158.39350120290848
suit,right,3.8666666666666667,index bend 3,165.58735082080645
suit,right,3.8666666666666667,middle bend 1,154.37245802414878
suit,right,3.8666666666666667,middle bend 2,144.32164327095524
suit,right,3.8666666666666667,middle bend 3,156.17121218921554
suit,right,3.8666666666666667,ring bend 1,166.03170503142326
suit,right,3.8666666666666667,ring bend 2,136.8229912655357
suit,right,3.8666666666666667,ring bend 3,151.13982282465363
suit,right,3.8666666666666667,pinky bend 1,160.83788453095985
suit,right,3.8666666666666667,pinky bend 2,145.1195068961959
suit,right,3.8666666666666667,pinky bend 3,156.70651067374533
suit,right,3.9,thumb bend 1,135.39455363172638
suit,right,3.9,thumb bend 2,146.31928098403338
suit,right,3.9,thumb bend 3,171.48020413107625
suit,right,3.9,index bend 1,147.81988957115334
suit,right,3.9,index bend 2,156.7384070560033
suit,right,3.9,index bend 3,164.48159024705666
suit,right,3.9,middle bend 1,151.45952627900382
suit,right,3.9,middle bend 2,145.45846120187946
suit,right,3.9,middle bend 3,156.93308925009038
suit,right,3.9,ring bend 1,160.98558408733552
suit,right,3.9,ring bend 2,138.89594353602686
suit,right,3.9,ring bend 3,152.53238187617129
suit,right,3.9,pinky bend 1,158.3228629294435
suit,right,3.9,pinky bend 2,145.69227224656495
suit,right,3.9,pinky bend 3,157.09029592160044
suit,right,3.933333333333333,thumb bend 1,134.3838538023212
suit,right,3.933333333333333,thumb bend 2,146.5734302978631
suit,right,3.933333333333333,thumb bend 3,171.51750511010133
suit,right,3.933333333333333,index bend 1,147.17646801103982
suit,right,3.933333333333333,index bend 2,157.0755500004991
suit,right,3.933333333333333,index bend 3,164.70686528648753
suit,right,3.933333333333333,middle bend 1,148.47860276498048
suit,right,3.933333333333333,middle bend 2,148.36823787247505
suit,right,3.933333333333333,middle bend 3,158.88204667105333
suit,right,3.933333333333333,ring bend 1,156.67940681147715
suit,right,3.933333333333333,ring bend 2,142.29176796838817
suit,right,3.933333333333333,ring bend 3,154.81139455609696
suit,right,3.933333333333333,pinky bend 1,155.83761283536361
suit,right,3.933333333333333,pinky bend 2,147.95618826213334
suit,right,3.933333333333333,pinky bend 3,158.6067010270961
suit,right,3.966666666666667,thumb bend 1,133.28918968478098
suit,right,3.966666666666667,thumb bend 2,147.66943870859168
suit,right,3.966666666666667,thumb bend 3,172.47983268828074
suit,right,3.966666666666667,index bend 1,146.3301676898447
suit,right,3.966666666666667,index bend 2,159.06961814627184
suit,right,3.966666666666667,index bend 3,166.03895184897357
suit,right,3.966666666666667,middle bend 1,146.8368414109541
suit,right,3.966666666666667,middle bend 2,151.29986134958733
suit,right,3.966666666666667,middle bend 3,160.84405230735084
suit,right,3.966666666666667,ring bend 1,154.60001955531993
suit,right,3.966666666666667,ring bend 2,145.156132592403
suit,right,3.966666666666667,ring bend 3,156.7317493993875
suit,right,3.966666666666667,pinky bend 1,154.35973277817425
suit,right,3.966666666666667,pinky bend 2,150.3106575614565
suit,right,3.966666666666667,pinky bend 3,160.18273938778975
suit,right,4.0,thumb bend 1,132.4977050453465
suit,right,4.0,thumb bend 2,148.459342933113
suit,right,4.0,thumb bend 3,172.9153998789079
suit,right,4.0,index bend 1,145.84180700599111
suit,right,4.0,index bend 2,160.59601585125014
suit,right,4.0,index bend 3,167.0583286042662
suit,right,4.0,middle bend 1,146.4446475065256
suit,right,4.0,middle bend 2,153.59807912299428
suit,right,4.0,middle bend 3,162.3811597750387
suit,right,4.0,ring bend 1,154.19548212568256
suit,right,4.0,ring bend 2,147.3421105281508
suit,right,4.0,ring bend 3,158.19618879134606
suit,right,4.0,pinky bend 1,153.80561407914175
suit,right,4.0,pinky bend 2,152.77388006513166
suit,right,4.0,pinky bend 3,161.83056462896263
suit,right,4.033333333333333,thumb bend 1,131.81443982803583
suit,right,4.033333333333333,thumb bend 2,147.99053400625962
suit,right,4.033333333333333,thumb bend 3,173.67384586644658
suit,right,4.033333333333333,index bend 1,145.5109936884872
suit,right,4.033333333333333,index bend 2,162.22707168327588
suit,right,4.033333333333333,index bend 3,168.14728257550837
suit,right,4.033333333333333,middle bend 1,146.51832603768878
suit,right,4.033333333333333,middle bend 2,155.83075276804317
suit,right,4.033333333333333,middle bend 3,163.87367915286274
suit,right,4.033333333333333,ring bend 1,154.48934231648872
suit,right,4.033333333333333,ring bend 2,149.46881760524968
suit,right,4.033333333333333,ring bend 3,159.62003408239883
suit,right,4.033333333333333,pinky bend 1,153.71840439614985
suit,right,4.033333333333333,pinky bend 2,154.8711968069492
suit,right,4.033333333333333,pinky bend 3,163.2328778604536
suit,right,4.066666666666666,thumb bend 1,131.48640172329715
suit,right,4.066666666666666,thumb bend 2,147.3919897508942
suit,right,4.066666666666666,thumb bend 3,174.35912347225002
suit,right,4.066666666666666,index bend 1,145.26177147381952
suit,right,4.066666666666666,index bend 2,164.02858726200753
suit,right,4.066666666666666,index bend 3,169.34976002822407
suit,right,4.066666666666666,middle bend 1,146.55523158522433
suit,right,4.066666666666666,middle bend 2,157.7173513550785
suit,right,4.066666666666666,middle bend 3,165.13429164057953
suit,right,4.066666666666666,ring bend 1,154.5834995842348
suit,right,4.066666666666666,ring bend 2,151.73268021508014
suit,right,4.066666666666666,ring bend 3,161.1348541813188
suit,right,4.066666666666666,pinky bend 1,153.13527245561372
suit,right,4.066666666666666,pinky bend 2,157.70918089205097
suit,right,4.066666666666666,pinky bend 3,165.1293813090805
suit,right,4.1,thumb bend 1,131.43308682676334
suit,right,4.1,thumb bend 2,146.8675415297702
suit,right,4.1,thumb bend 3,174.59143638763302
suit,right,4.1,index bend 1,145.185617258716
suit,right,4.1,index bend 2,164.8608979390508
suit,right,4.1,index bend 3,169.90519234929096
suit,right,4.1,middle bend 1,146.8093188630501
suit,right,4.1,middle bend 2,158.22519437265177
suit,right,4.1,middle bend 3,165.473545065866
suit,right,4.1,ring bend 1,154.84929532678365
suit,right,4.1,ring bend 2,152.58429802821652
suit,right,4.1,ring bend 3,161.70448957248956
suit,right,4.1,pinky bend 1,152.82420557655274
suit,right,4.1,pinky bend 2,159.5101299887253
suit,right,4.1,pinky bend 3,166.33236135055597
suit,right,4.133333333333334,thumb bend 1,131.53920830938975
suit,right,4.133333333333334,thumb bend 2,146.39428552172515
suit,right,4.133333333333334,thumb bend 3,174.31363329803202
suit,right,4.133333333333334,index bend 1,145.27557510796677
suit,right,4.133333333333334,index bend 2,164.20871631369354
suit,right,4.133333333333334,index bend 3,169.469969723627
suit,right,4.133333333333334,middle bend 1,147.4126243029541
suit,right,4.133333333333334,middle bend 2,157.64132253123068
suit,right,4.133333333333334,middle bend 3,165.0834884562256
suit,right,4.133333333333334,ring bend 1,155.3584815413386
suit,right,4.133333333333334,ring bend 2,152.53028572963788
suit,right,4.133333333333334,ring bend 3,161.6683548526972
suit,right,4.133333333333334,pinky bend 1,153.31308060300825
suit,right,4.133333333333334,pinky bend 2,159.78171926786683
suit,right,4.133333333333334,pinky bend 3,166.51375020532853
suit,right,4.166666666666667,thumb bend 1,131.6603073346375
suit,right,4.166666666666667,thumb bend 2,146.69572882535664
suit,right,4.166666666666667,thumb bend 3,173.75483119079743
suit,right,4.166666666666667,index bend 1,145.2610850448749
suit,right,4.166666666666667,index bend 2,163.73211280561614
suit,right,4.166666666666667,index bend 3,169.15187928446375
suit,right,4.166666666666667,middle bend 1,147.99077991862345
suit,right,4.166666666666667,middle bend 2,157.31868306590124
suit,right,4.166666666666667,middle bend 3,164.86794470918608
suit,right,4.166666666666667,ring bend 1,155.9372640259932
suit,right,4.166666666666667,ring bend 2,152.52580918237217
suit,right,4.166666666666667,ring bend 3,161.66535840801947
suit,right,4.166666666666667,pinky bend 1,154.03122401158103
suit,right,4.166666666666667,pinky bend 2,159.80484014798154
suit,right,4.166666666666667,pinky bend 3,166.52918542385564
suit,right,4.2,thumb bend 1,131.65941966186418
suit,right,4.2,thumb bend 2,147.53415694750836
suit,right,4.2,thumb bend 3,173.35140107859655
suit,right,4.2,index bend 1,145.28006682019662
suit,right,4.2,index bend 2,163.1494979060736
suit,right,4.2,index bend 3,168.76301762607645
suit,right,4.2,middle bend 1,148.7185515441496
suit,right,4.2,middle bend 2,156.44941464854682
suit,right,4.2,middle bend 3,164.28711508903856
suit,right,4.2,ring bend 1,156.68609811071215
suit,right,4.2,ring bend 2,152.1624955074377
suit,right,4.2,ring bend 3,161.42236791415087
suit,right,4.2,pinky bend 1,154.9549468732276
suit,right,4.2,pinky bend 2,159.4383049613114
suit,right,4.2,pinky bend 3,166.28438104189834
